material,n_disks,n_bearings,cs1_pred,rel_err_pct,L,OD,ID,d0_OD,d0_W,d0_pos,d1_OD,d1_W,d1_pos,d2_OD,d2_W,d2_pos,d3_OD,d3_W,d3_pos,d4_OD,d4_W,d4_pos,d5_OD,d5_W,d5_pos,b0_K,b0_C,b0_pos,b1_K,b1_C,b1_pos,b2_K,b2_C,b2_pos,b3_K,b3_C,b3_pos
Steel,1,2,5100.6,0.012,1.0018940776586533,0.11856209468841554,0.022209433685696937,0.3680351623328791,0.027948439829051496,0.4121349399055806,0.0,0.0,0.0,0.0,0.0,0.0,0.0,0.0,0.0,0.0,0.0,0.0,0.0,0.0,0.0,15180661.663961211,302.142657324566,0.1867712363625904,17034374.40436495,434.92485290766973,0.7068324790337445,0.0,0.0,0.0,0.0,0.0,0.0
Steel,2,4,5100.6,0.012,1.7356001228094102,0.08332543921470643,0.026655661984209607,0.2144051956310448,0.09725020945072174,0.20257085058796584,0.26938703671017245,0.05830531597137452,0.7221392809771089,0.0,0.0,0.0,0.0,0.0,0.0,0.0,0.0,0.0,0.0,0.0,0.0,16235910.286066754,455.8753582090306,0.26952440765221286,16866083.98551157,450.0098079373483,0.9935644054242254,25976075.735378005,405.7920238499458,1.0632190924029525,16865149.289438583,243.71451817046807,1.4262925025875806
Steel,1,3,5100.93,0.018,0.25,0.08524957495927811,0.031777006853615154,0.3467398540957049,0.05411819517612458,0.0936969413203001,0.0,0.0,0.0,0.0,0.0,0.0,0.0,0.0,0.0,0.0,0.0,0.0,0.0,0.0,0.0,4995076.9665483385,503.47791500733086,0.03899354598177418,5279078.266907874,252.9432175328346,0.1406161594234865,8291630.966517214,617.9143886104638,0.21383846976315146,0.0,0.0,0.0
Steel,1,2,5101.77,0.035,0.8231482475996018,0.10010426211357118,0.009822130776708834,0.27583956190048364,0.11237336099147797,0.35667947192387395,0.0,0.0,0.0,0.0,0.0,0.0,0.0,0.0,0.0,0.0,0.0,0.0,0.0,0.0,0.0,16864858.794116728,401.6997394096463,0.10763641513062844,17898146.237295523,429.27193749422105,0.5313793357975101,0.0,0.0,0.0,0.0,0.0,0.0
Steel,3,3,5101.91,0.037,1.5779778957366943,0.04942126607894898,0.016959015637505705,0.2560249829912679,0.05375496774911881,0.2987248799630514,0.24216686207759183,0.10503497600555421,0.6640877136130939,0.1890134420683981,0.11613289058208466,1.1432018410000897,0.0,0.0,0.0,0.0,0.0,0.0,0.0,0.0,0.0,50307791.30968875,268.3853820525627,0.15779779115164733,64153990.703082904,585.5266466419083,0.5490757260923188,67378424.00582598,995.6595157049805,1.3176987752260314,0.0,0.0,0.0
Steel,4,4,5102.14,0.042,1.2590232342481613,0.10363405549526215,0.019572343407694363,0.30017307783211966,0.09123359680175781,0.14908718480197505,0.24948434621374224,0.02656442441046238,0.4027718362537146,0.27096195914382354,0.1061157512664795,0.609697340117229,0.39970547599977563,0.12981454610824586,0.9429189557041899,0.0,0.0,0.0,0.0,0.0,0.0,26430534.29415719,795.9827580875312,0.13365546990511293,31166199.00484958,335.1004027737648,0.5173736634703094,24718269.207538377,647.926166097063,0.827746024703014,22547250.857685067,625.0877430897729,1.097353790176336
Steel,4,3,5102.58,0.051,1.1475861251354218,0.0869514201283455,0.01946555448913883,0.4647685343322436,0.051672199219465254,0.16248343662400563,0.20950581883082944,0.03832048699259758,0.37149399060524835,0.34401760705381323,0.09370347201824189,0.7145143257823487,0.4291122190031099,0.06555235266685486,0.9537377748803119,0.0,0.0,0.0,0.0,0.0,0.0,37298605.32981944,186.67180958807305,0.11908896170276886,32041292.467559334,646.9132431850144,0.5695438527013048,24993778.074801035,214.68451628934446,0.9843189478461212,0.0,0.0,0.0
Steel,2,3,5102.64,0.052,1.1137201592326165,0.06108283525705338,0.04612751930856215,0.4171614129642733,0.04306633442640305,0.5047458317374681,0.2242803951984457,0.07992877513170242,0.6251381175171713,0.0,0.0,0.0,0.0,0.0,0.0,0.0,0.0,0.0,0.0,0.0,0.0,21526456.111834954,255.04089337616406,0.27126451490768966,21413636.538564377,395.8970779414328,0.7515159507516356,21986078.069000587,266.61539842887134,0.9813633319937058,0.0,0.0,0.0
Steel,3,2,5102.9,0.057,1.3461349815130235,0.09934584951400757,0.01865029922340787,0.21203515273961812,0.06351823180913925,0.4950005655067942,0.28789786258780575,0.08238523751497269,0.8103818002043125,0.3785304767933994,0.11456857919692993,0.9860645027428455,0.0,0.0,0.0,0.0,0.0,0.0,0.0,0.0,0.0,74904999.99029681,388.8174252703295,0.1990880343806231,83228641.84934066,969.4447918431339,1.1768029799800588,0.0,0.0,0.0,0.0,0.0,0.0
Steel,2,4,5103.83,0.075,0.9127988189458848,0.07976426607370377,0.004637175920055697,0.2349831093315769,0.07678860306739807,0.22927981158789595,0.3353936657353092,0.09749778509140015,0.5788699488425064,0.0,0.0,0.0,0.0,0.0,0.0,0.0,0.0,0.0,0.0,0.0,0.0,11433789.003742935,632.4167822284943,0.1258231214923207,8809479.934087351,351.1764152314441,0.39124819442128306,9022048.736216307,868.0876799878423,0.5890765117292884,9046311.599939462,241.59319778782512,0.788988059658077
Steel,2,3,5104.78,0.094,1.5294731676578521,0.07901571387052536,0.010408254523191995,0.17804226138187879,0.10377485930919648,0.3452446961927586,0.21511700926013616,0.09357573628425599,1.0774099212082304,0.0,0.0,0.0,0.0,0.0,0.0,0.0,0.0,0.0,0.0,0.0,0.0,12058915.99423929,753.3298675290833,0.22939283858304516,9883423.22744578,879.8455017817869,0.9500323520917537,9589474.505647333,536.2340283322707,1.2975337755776186,0.0,0.0,0.0
Steel,6,2,5104.88,0.096,1.003899146616459,0.07859508121013642,0.002794415170780542,0.17084108320569585,0.13516546845436098,0.2403174659631931,0.35309625600950306,0.11239602565765382,0.428887387657189,0.22065142745143781,0.0516660138964653,0.5730815722784864,0.3314554370515685,0.08569263994693757,0.6711024888810639,0.1969725640242616,0.07209212392568588,0.7676484568368658,0.23299883373069089,0.06364174842834473,0.8494323657761356,169118441.36232713,568.3224510774538,0.14741506860250328,160314887.38488653,701.9778454029754,0.8730471923493796,0.0,0.0,0.0,0.0,0.0,0.0
Steel,3,2,5105.27,0.103,0.28499563317745924,0.058337688207626345,0.008674622623447653,0.24295077648535066,0.07670850962400437,0.038724317055649674,0.24998432411693322,0.0371057790517807,0.12948236186492842,0.3763044988362405,0.06854423969984055,0.22844956731603033,0.0,0.0,0.0,0.0,0.0,0.0,0.0,0.0,0.0,15066448.531470776,312.31922948824496,0.05343403037815298,16366675.495550055,375.6345507680863,0.23972712598428528,0.0,0.0,0.0,0.0,0.0,0.0
Steel,1,2,5105.6,0.11,1.5649508744478227,0.07740278154611588,0.004603806680906435,0.3027967378834656,0.06241994082927704,0.6229705298471591,0.0,0.0,0.0,0.0,0.0,0.0,0.0,0.0,0.0,0.0,0.0,0.0,0.0,0.0,0.0,35571470.760458276,783.1569936463554,0.22225617049738905,29138609.119039536,405.27892162214033,1.1674273975318334,0.0,0.0,0.0,0.0,0.0,0.0
Steel,4,3,5105.96,0.117,0.3865920629352331,0.09943716609477998,0.012354850683128818,0.3410957838323141,0.10878655552864075,0.04767738680926299,0.3072347307202485,0.08618570685386659,0.16707310178490223,0.42348285953517123,0.07753961324691773,0.26681585246046474,0.25232480524068385,0.06883388638496399,0.3479228566417099,0.0,0.0,0.0,0.0,0.0,0.0,25047249.998788748,432.7380042274862,0.06925859674934434,25160293.107927725,525.6451851193818,0.19916485078762114,36197256.12793949,392.5921090262855,0.3371157671239558,0.0,0.0,0.0
Steel,4,2,5106.12,0.12,1.1463822677731514,0.11280506205558778,0.03472196863504402,0.21373866212399154,0.08989397168159485,0.17287332294963093,0.42736052767014937,0.03510913915932179,0.5001046710882366,0.28602990313861826,0.1194131225347519,0.6996071087925205,0.311834420050936,0.054448262453079224,0.9795020304388894,0.0,0.0,0.0,0.0,0.0,0.0,42155913.62760754,442.37257104625695,0.1314439167575899,50725055.80178542,436.7083774248462,1.031744039849454,0.0,0.0,0.0,0.0,0.0,0.0
Steel,1,2,5106.58,0.129,0.6272850930690765,0.09438265919685365,0.006500826516376347,0.21844255906946616,0.06570701867341995,0.08417789502496198,0.0,0.0,0.0,0.0,0.0,0.0,0.0,0.0,0.0,0.0,0.0,0.0,0.0,0.0,0.0,10081888.910578255,186.75629510015585,0.09916458200478877,10287281.559226448,562.4323798291608,0.44181073145795313,0.0,0.0,0.0,0.0,0.0,0.0
Steel,4,2,5106.8,0.133,1.4778157502412796,0.1321234829425812,0.012456653967157855,0.2482012306810726,0.02,0.23012178696262575,0.31309213081245585,0.04617021590471268,0.49472816906782835,0.37065573075781105,0.03308126367628574,1.1440395518800197,0.13940179843465667,0.11453180432319642,1.3300241752171518,0.0,0.0,0.0,0.0,0.0,0.0,34229521.843523584,597.0048018088872,0.18780915295268974,39380061.55241608,661.8253377653859,1.2984493199586464,0.0,0.0,0.0,0.0,0.0,0.0
Steel,5,4,5106.88,0.135,1.4754005372524261,0.08881748110055925,0.02084026054284475,0.30902323112429536,0.09126390159130097,0.24520257162528827,0.26779427145214696,0.12445465862751008,0.5647612822578825,0.3328147713963154,0.09846199035644532,0.847320311044636,0.2173460171052891,0.03998853474855423,1.06701799157875,0.35856785043472955,0.08878442585468292,1.1876559703849756,0.0,0.0,0.0,37085252.14013733,723.8978729122131,0.16150625023687548,29970050.19403685,441.4361898922598,0.4498897897166681,28179536.1577526,309.1553344373662,0.8357579651300568,27339644.225191582,477.77288331787133,1.3278604820517828
Steel,4,3,5107.52,0.147,1.4873690903186798,0.07481984013319017,0.02089501942224713,0.39261404021099805,0.02,0.3055180762905543,0.26395521660230414,0.11776422739028931,0.5927448266669404,0.30322718015287986,0.08905112504959108,1.026671675542141,0.2847085848604658,0.07586668580770493,1.138341484798155,0.0,0.0,0.0,0.0,0.0,0.0,28156301.84596533,792.1672936189993,0.1773734146989696,24888020.18339723,804.3482606074482,0.7912140056777744,30240454.031421363,504.9619138802945,1.2941305635061577,0.0,0.0,0.0
Steel,5,2,5107.64,0.15,1.604865348339081,0.11547348845005037,0.005599774815964168,0.44696452663860514,0.12389480650424958,0.5142062295328957,0.4130250787094716,0.07332493841648102,0.7977635581961668,0.32061395946788124,0.09538655400276184,1.0851022126247087,0.2673696934721103,0.04315070703625679,1.2027583430366369,0.42108896230000964,0.08159466683864594,1.43310391625365,0.0,0.0,0.0,718309122.4659367,323.4817695352906,0.3302259910349986,563265556.2621346,317.42954665499326,1.4443788119003074,0.0,0.0,0.0,0.0,0.0,0.0
Steel,6,4,5108.14,0.16,2.0521239131689075,0.1010629804134369,0.01502201121417605,0.24758475206223837,0.03561878323554993,0.20522239131689077,0.31000761419064304,0.10838412404060364,0.49041599245918616,0.18775808726718202,0.07588582873344421,0.8995544908821318,0.41718288710926815,0.11572178840637208,1.367303001402124,0.28471012269749074,0.08718077480793,1.7572152013488544,0.3748688240847083,0.0781940370798111,1.846901521852017,43221426.589549944,753.799483319795,0.21770121199358522,50732363.977058165,332.80628711499065,0.7691045049682617,51210740.70333388,978.7565038496433,1.1073992092821467,56091824.446907245,561.6133490975899,1.8235181145401211
Steel,6,2,5108.6,0.169,0.8399250075221062,0.09508842658996583,0.034953371575259594,0.24488531091491006,0.061356623172760014,0.1176279579635616,0.46781200766063896,0.09101448178291321,0.2205236769641184,0.3684531360455335,0.08009440541267396,0.341240235164193,0.48896353665202885,0.11620367407798768,0.46450678442687826,0.3528977103324106,0.108945192694664,0.6032543171787068,0.37069681369694474,0.08114053279161454,0.7212029091172123,164614283.200623,749.2681980744584,0.0920409229768642,216807114.0765001,736.412834168801,0.7535687053332755,0.0,0.0,0.0,0.0,0.0,0.0
Steel,3,2,5108.67,0.17,0.33198822736740113,0.07918284124135971,0.006864335851082806,0.3627639186917092,0.08581979453563691,0.05191795126015515,0.23531937742941872,0.07959362864494324,0.14968632265796677,0.38963119334514573,0.15,0.27917617130913236,0.0,0.0,0.0,0.0,0.0,0.0,0.0,0.0,0.0,45356528.5732163,301.0034817197898,0.066025241774092,34300479.30807748,268.17975317973514,0.2987894042986728,0.0,0.0,0.0,0.0,0.0,0.0
Steel,1,2,5109.52,0.187,1.447681549191475,0.09835540020465852,0.021372952031606798,0.4238246693382944,0.11181784808635713,0.6056150157415484,0.0,0.0,0.0,0.0,0.0,0.0,0.0,0.0,0.0,0.0,0.0,0.0,0.0,0.0,0.0,98342329.63223988,318.63361999500086,0.19667883277584108,88406615.15346335,418.0399554899744,1.1327181988109252,0.0,0.0,0.0,0.0,0.0,0.0
Steel,1,2,5109.77,0.192,0.89539435505867,0.07001531332731248,0.01817113683847769,0.3040148306644038,0.08838203310966493,0.37628400931207534,0.0,0.0,0.0,0.0,0.0,0.0,0.0,0.0,0.0,0.0,0.0,0.0,0.0,0.0,0.0,14466704.584362628,647.7352276162479,0.1648218562888184,10583675.486394636,859.2481593325932,0.7156494614362947,0.0,0.0,0.0,0.0,0.0,0.0
Steel,3,3,5110.18,0.2,1.1277943462133408,0.10539893949031831,0.0412082044203639,0.37124248023068807,0.09366975784301758,0.5309872654391797,0.2900530408748705,0.09293764650821687,0.8085422806095043,0.29371433891739157,0.08369082301855088,0.9279845261337419,0.0,0.0,0.0,0.0,0.0,0.0,0.0,0.0,0.0,25088367.113230914,496.0407617646189,0.15277724925494002,26619695.577896323,543.2654692213102,0.5206840808003287,29542284.401576582,364.7042061837304,1.0031260741957921,0.0,0.0,0.0
Steel,3,3,5110.69,0.21,2.0191660642623903,0.10210809779167176,0.009045611086455548,0.421022127459643,0.06286730647087098,0.5702325936698424,0.2048324519491684,0.09376659989356995,0.7047995822950167,0.3358317233232819,0.11503876447677613,0.9727052545370324,0.0,0.0,0.0,0.0,0.0,0.0,0.0,0.0,0.0,101320329.51820089,270.5579193008613,0.2573662349581493,96026295.28763166,404.57711486808466,0.4807052963451672,114238713.53669596,546.8596552906441,1.4604707805135746,0.0,0.0,0.0
Steel,3,4,5111.53,0.226,0.6484093852341175,0.08000627744197845,0.04186928535861231,0.40470884344322244,0.02,0.20954742920268582,0.4357191934287783,0.08737241327762604,0.3145582807440618,0.2461996569847111,0.10612374782562256,0.5464023939109829,0.0,0.0,0.0,0.0,0.0,0.0,0.0,0.0,0.0,16804365.532048117,714.5916896598408,0.0888729751068868,12310738.637087183,364.82332054629575,0.43142824368990124,16273236.185810076,353.5353227526558,0.49811578847106713,13107565.406221174,322.34030710828716,0.5835684460622963
Steel,3,4,5112.7,0.249,1.704685440659523,0.0855180951356888,0.0454340682461573,0.33458099280875975,0.09755195558071138,0.28507986120944184,0.3215097662077446,0.0543573597073555,0.8934005870570922,0.2867595693465255,0.13296347796916963,1.4135304092318108,0.0,0.0,0.0,0.0,0.0,0.0,0.0,0.0,0.0,24692518.177842792,237.69530591651522,0.17992020074066165,20667774.432932664,553.37068371672,0.600320540127924,17751680.50865662,746.5968199979021,0.9770374497558255,19353589.961764634,864.3093574798493,1.5108623277426465
Steel,3,4,5113.79,0.27,1.285160419344902,0.0913667575120926,0.024229829623521205,0.2628708413478117,0.08933460772037506,0.1799677330093701,0.3226288169375437,0.09183649241924287,0.6650374113926094,0.1995598942476968,0.03767988860607147,0.7926676054685112,0.0,0.0,0.0,0.0,0.0,0.0,0.0,0.0,0.0,15214075.284778774,517.46960515851,0.13792902177893093,13057087.874681698,112.03815788053733,0.493767270444767,12955271.77209477,892.5402043716813,0.8467457374574153,13640462.950477567,559.6262663909367,1.0886626993177826
Steel,6,3,5113.81,0.271,1.207810750603676,0.14194167852401735,0.014905860384849094,0.35815281784442027,0.06363840878009797,0.21313659406472324,0.16826655161537618,0.08644994974136354,0.34346244644662577,0.2994456729323172,0.13881343364715576,0.5316476774246801,0.20793114720508019,0.027861843369901183,0.7389275317912389,0.5724557154180995,0.05247970640659333,0.927214403538545,0.23489154733713846,0.09804349601268769,1.0173307313180096,33850417.29832244,429.7272310023346,0.12699165394653272,46547346.583305955,549.9559982024119,0.6304475398981815,53975455.62601429,417.0846694893825,1.0834806410746387,0.0,0.0,0.0
Steel,4,3,5113.94,0.273,1.1661112487316132,0.1259638329744339,0.03787117053149271,0.3772222101645647,0.04352581888437271,0.19220991319389852,0.37952200542300113,0.07841715812683106,0.4965053868690576,0.345361892893692,0.1048331868648529,0.6362289500635102,0.21251822347772378,0.06176670640707016,0.9350754229307847,0.0,0.0,0.0,0.0,0.0,0.0,34558372.470409505,840.079820576818,0.13319874749775668,35749127.09964205,1010.9489248162886,0.7669263974852643,36668812.97169413,231.1190651354884,1.0257437817831017,0.0,0.0,0.0
Steel,6,2,5114.37,0.282,1.0224529400467874,0.11750841188430787,0.005678515821781316,0.19394482736528304,0.07515216380357742,0.13747458861197454,0.32820017234427595,0.0785025554895401,0.22116048278624537,0.3120965491989331,0.06271094352006912,0.4635491368478898,0.2894816455603698,0.08777536392211914,0.6653370897182007,0.27995513939098754,0.06084715247154236,0.7713579383352085,0.3842913077399721,0.07705418258905411,0.8724760314628713,47745066.51800755,589.6593199723407,0.1245090588178717,63426181.70659485,258.5581460778947,0.906605271555092,0.0,0.0,0.0,0.0,0.0,0.0
Steel,1,4,5114.82,0.291,0.8472166284918785,0.12158836460113527,0.025841993080834236,0.45519155903700986,0.13274649381637574,0.3694227019711537,0.0,0.0,0.0,0.0,0.0,0.0,0.0,0.0,0.0,0.0,0.0,0.0,0.0,0.0,0.0,20013055.35438722,157.14425790014946,0.17830719691479746,21546619.135392893,370.9189964685099,0.4819764750687184,19648316.115815148,382.82001500119674,0.4479199628051161,26815567.416487135,188.41964702934564,0.6483333443728851
Steel,1,4,5115.33,0.3,1.3007496416568756,0.10457091164588929,0.028535005794473815,0.2789656558099116,0.07334243476390839,0.8625209065456702,0.0,0.0,0.0,0.0,0.0,0.0,0.0,0.0,0.0,0.0,0.0,0.0,0.0,0.0,0.0,13926671.205259953,774.006857462282,0.37297821929144526,12890112.884935103,477.55010482180256,0.7614366331884965,13183710.337640062,498.37619118325557,0.9500698732505137,21013690.48189341,439.0765439464649,1.1345491235354221
Steel,4,2,5116.84,0.33,1.2160269737243654,0.08985818457603456,0.02096050780208964,0.184387041691515,0.11302771508693696,0.3043827192613888,0.3339092635356878,0.10313892364501953,0.47787730284646435,0.24894207688488096,0.0456292200088501,0.7013527523255959,0.3574241305555136,0.0799856150150299,0.893130535111183,0.0,0.0,0.0,0.0,0.0,0.0,117498194.16210946,202.9433153215773,0.14000822727804543,105604735.81786866,403.33018665936515,1.036150283838269,0.0,0.0,0.0,0.0,0.0,0.0
Steel,4,4,5116.91,0.332,1.3668636023998262,0.12811973035335542,0.03172164070708946,0.20754168490842634,0.14456575691699983,0.26039048634965223,0.3392201302921804,0.053106529712677,0.6206344108006148,0.29147236793878756,0.10741981804370881,0.9152368070274433,0.2568283022133035,0.056259215772151955,1.067684236825146,0.0,0.0,0.0,0.0,0.0,0.0,24237885.683472708,185.55687073656551,0.15346514117317267,20471033.3933884,369.05664795898474,0.762521008713268,21213339.658172727,589.4126681747366,0.8742879141628946,21408931.191065002,464.7650984090134,1.203530874655721
Steel,6,4,5116.95,0.332,1.4516086548566818,0.06053192687034607,0.009351528181614756,0.41013509086573363,0.13737238705158233,0.3543773354496782,0.2772117783706159,0.05439260423183441,0.5810399557275472,0.19947500348201352,0.05327129602432251,0.6553393277391416,0.20239236458130636,0.042427634447813035,0.8285181940525681,0.18213108650571905,0.0653806009888649,1.0777256372597366,0.1822827584137696,0.05176525607705117,1.274150259699527,76337896.50407171,351.5885989855841,0.16110414959688762,65648491.34195269,428.2692801059148,0.2512655798806529,74273555.46551691,340.56744944530095,0.3981376542615031,71301360.18652469,419.83213874825896,1.2482887785709893
Steel,1,4,5116.99,0.333,1.8266519874334337,0.1206081396341324,0.03562719649417003,0.3747530171181994,0.08053639739751817,1.0639159002957994,0.0,0.0,0.0,0.0,0.0,0.0,0.0,0.0,0.0,0.0,0.0,0.0,0.0,0.0,0.0,21409299.557248387,1013.7820836006796,0.43525617678974393,21201410.867977872,351.91355847273724,0.9844270164243587,22356449.04242807,774.7104335544464,1.2691539282425137,21262968.607015464,840.5564317113758,1.603772052638554
Steel,5,3,5118.14,0.356,1.4166958540678025,0.08573649656772614,0.025642629060994796,0.2213663553509982,0.052666819691658026,0.34728852123953136,0.3406956096839238,0.08364909291267396,0.5936243242304489,0.47898341958330864,0.07779518932104111,0.7133083577351981,0.17172388554712414,0.12556026816368104,1.0266492730567685,0.26854338197736427,0.05555870711803436,1.1509667883663528,0.0,0.0,0.0,71679181.30441977,616.0473833406653,0.20354415501988754,53115547.35965332,440.0853859958935,0.8302983663709624,46219201.619321115,432.74773289937076,1.2750262672443264,0.0,0.0,0.0
Steel,5,2,5118.78,0.368,1.603054627776146,0.10605364441871644,0.05004540507093587,0.2884321862360642,0.03752929642796517,0.3432443979442743,0.17784705025422984,0.10634290158748627,0.7047452521281341,0.20430797626110742,0.09125952363014221,0.8239844685895361,0.33147769625065904,0.04208670750260353,1.1354173505423069,0.20477820356825205,0.05799178808927537,1.2343488196214663,0.0,0.0,0.0,107550934.95128506,561.5717280928803,0.20065812667977434,100716371.7482242,460.1196391412162,1.3928347816352507,0.0,0.0,0.0,0.0,0.0,0.0
Steel,4,3,5119.28,0.378,1.309478172659874,0.0822590013742447,0.016278983917771047,0.19666274040946172,0.08242665767669678,0.2745672990711875,0.3168374432476048,0.10523420035839082,0.45824747493060475,0.19306873142276013,0.03386958725750446,0.7168537771961121,0.3445121366196312,0.05468978255987167,1.0343384657882555,0.0,0.0,0.0,0.0,0.0,0.0,29879462.416369453,350.2164201515131,0.16034268708965896,26865163.053121883,124.1807638837733,0.8600207686889503,23629496.101432562,556.3122314773107,1.177046269872448,0.0,0.0,0.0
Steel,5,4,5119.45,0.381,1.4480713486671448,0.08647947531938553,0.026384930312027027,0.3480477424785275,0.0390079702436924,0.3360763277950861,0.41066153163156,0.1272830307483673,0.5320068081292121,0.33481768956744223,0.0905151230096817,0.7738444110889957,0.2138324657764303,0.049773903638124464,0.9995871235562667,0.26070037362805404,0.043417594134807586,1.2160827033032742,0.0,0.0,0.0,22542536.463991124,310.7148145520161,0.19131655669910355,32390872.63387503,447.69030097267785,0.6111293191376779,23958678.25696185,310.31631574719916,0.6696620241606495,27046474.394847848,307.50272187405693,1.2749958167511868
Steel,6,3,5121.35,0.419,1.4102762371301651,0.08493838423490525,0.034582370936887916,0.3087751616096144,0.06876693844795227,0.2721016072608917,0.21159301475205772,0.039132846742868425,0.334215781940564,0.23403366633095343,0.05087981343269349,0.42878886616396295,0.27669950879312644,0.05630170911550522,0.6196915112061836,0.39838748841965826,0.09839394211769105,0.7249356150641612,0.25025681479913736,0.09718286633491517,0.9612356022075705,39862671.43715155,672.5443660088204,0.16702110939335682,44126628.97853151,251.63231694544723,0.5664902272959447,38082685.27164614,209.03762242854063,1.1866131146375378,0.0,0.0,0.0
Steel,4,2,5122.31,0.437,0.9839549213647842,0.11714006471633913,0.030018015556723846,0.34274623261627507,0.09554728329181672,0.20062101029162133,0.22252568311294793,0.06904724806547165,0.4005859842018564,0.3085095729426608,0.03599167123436928,0.5981605576794159,0.3217049523340263,0.07567990958690643,0.8075612792176572,0.0,0.0,0.0,0.0,0.0,0.0,35003381.13715167,1015.9193718432209,0.12443046492908763,37984830.88064915,202.84833800565104,0.855859726211109,0.0,0.0,0.0,0.0,0.0,0.0
Steel,1,2,5122.45,0.44,1.5547773838043213,0.07201977956295014,0.017215918912219044,0.3398973418948683,0.08376926600933075,1.1759980135445707,0.0,0.0,0.0,0.0,0.0,0.0,0.0,0.0,0.0,0.0,0.0,0.0,0.0,0.0,0.0,44994000.34682146,590.6833081755284,0.3137159951944499,69458104.74893823,503.9873310108947,0.9634081232166707,0.0,0.0,0.0,0.0,0.0,0.0
Steel,4,2,5122.67,0.444,1.0912526026368141,0.11339161598682405,0.024341724981750593,0.5271603616181217,0.04594954535365105,0.1295518334520743,0.27913365099651277,0.07104908823966981,0.3785300461905098,0.28781566004125825,0.10211296975612641,0.6674950086397683,0.3556904123191874,0.09587608754634858,0.821603504750696,0.0,0.0,0.0,0.0,0.0,0.0,49939979.959269516,292.5118230896067,0.14957099805618676,55953265.21957617,666.1959069502934,0.9373160451834653,0.0,0.0,0.0,0.0,0.0,0.0
Steel,5,3,5122.99,0.451,0.8784542322158814,0.10292148315906526,0.007998382182329112,0.2676596294742023,0.07399894297122955,0.12424015961535805,0.23540810047266872,0.11685083746910097,0.29671972868597096,0.32036898985407514,0.058406012952327724,0.45799356666685287,0.2125911650268043,0.09868697106838227,0.5983227878011338,0.36434279566989697,0.0488989332318306,0.7633967284648185,0.0,0.0,0.0,29753174.32599013,105.0509027588086,0.09639735127893442,21498940.599115126,402.08855706300693,0.40546502861057476,22413771.83282466,550.2915993033205,0.7491520803433608,0.0,0.0,0.0
Steel,5,4,5123.21,0.455,1.9319786727428436,0.11976024711132051,0.023494513207026838,0.4218756543113545,0.08316760241985321,0.22744889673956492,0.22998872970124576,0.09413401544094087,0.45888036890333667,0.1982069051406694,0.08667169153690339,0.8549664724688069,0.2256216927491419,0.10089746952056886,1.1602132262546723,0.34451566544292256,0.0891599464416504,1.3393216842427274,0.0,0.0,0.0,44474775.83651734,707.6009251439349,0.25932404898641165,50232544.146342196,396.25174123423284,1.0454625011703886,53855750.97923271,830.7438904836067,1.3632858849465916,57592378.06743273,499.81915543511633,1.7121722354722952
Steel,5,2,5123.34,0.458,1.2973210602998735,0.10446390306949617,0.038711235084324794,0.3079140459247512,0.058513524830341335,0.2761576236838251,0.2799927709453261,0.0847453847527504,0.5143909003128727,0.2949437783316332,0.08314764589071275,0.8322609379730092,0.26878727074351133,0.06672000139951706,1.0888837020206454,0.29407934309929945,0.0846505030989647,1.1675789542698864,0.0,0.0,0.0,56428290.08687946,150.76900317976458,0.17806374705515274,58895740.462255865,299.6498117680307,1.1534001656150252,0.0,0.0,0.0,0.0,0.0,0.0
Steel,1,4,5123.87,0.468,1.1849933117628098,0.06002606737613678,0.044910633922592466,0.20027681042891,0.08222657322883606,0.33216561254751575,0.0,0.0,0.0,0.0,0.0,0.0,0.0,0.0,0.0,0.0,0.0,0.0,0.0,0.0,0.0,3653367.5728594116,201.7836796325292,0.1663273073597524,5156112.231908744,153.33056304108655,0.5355575583642157,4019863.9426630056,443.59346204411344,0.7508711166315624,4656055.666287481,284.61369969387505,1.018527556486458
Steel,5,2,5124.26,0.476,1.3302196949720384,0.09461006617546082,0.024032380590848983,0.2619492822171502,0.02,0.2403476121418587,0.24714318560121265,0.10609770476818085,0.3939368434973959,0.20869066740226766,0.08743506073951722,0.613651757206929,0.3214007827242627,0.11517850279808045,0.8450038947132096,0.23626534134127425,0.10086425125598908,1.1407162414086343,0.0,0.0,0.0,679417710.9103417,453.3357377274643,0.1417151470815145,550000000.000001,738.1792433609008,1.1757567704770728,0.0,0.0,0.0,0.0,0.0,0.0
Steel,2,3,5124.39,0.478,0.9644039139151573,0.04238578650355339,0.019842711934729064,0.28110977419252875,0.08815712988376619,0.24723744888472293,0.3296547605516015,0.103881294131279,0.6559894820054806,0.0,0.0,0.0,0.0,0.0,0.0,0.0,0.0,0.0,0.0,0.0,0.0,25465249.644819118,374.9751479306008,0.11503803268429026,25526497.34637017,656.1216053102347,0.3911506280259422,27206518.56290561,238.5287547844278,0.7968502033687116,0.0,0.0,0.0
Steel,4,3,5124.6,0.482,1.214493027329445,0.05947959405183792,0.026749852056636714,0.44085300256784665,0.02,0.18110476410836468,0.315153343748954,0.09292434215545654,0.5555998095639834,0.31786069859747657,0.0879213321208954,0.8095550686962656,0.3586839528565823,0.05528194636106491,1.0232856258802656,0.0,0.0,0.0,0.0,0.0,0.0,56143083.35103697,512.7225873781189,0.14465314589082043,61610195.0411625,387.46062092084344,0.46530903489933045,53723867.08000944,391.0458206521709,1.0624706178847994,0.0,0.0,0.0
Steel,1,4,5125.26,0.495,1.7756936728954316,0.0983168981075287,0.025901532958718925,0.24380943498299548,0.13300323605537415,0.7103960100515464,0.0,0.0,0.0,0.0,0.0,0.0,0.0,0.0,0.0,0.0,0.0,0.0,0.0,0.0,0.0,29202127.10947963,641.4125649251921,0.26952442143532657,27048967.504278243,182.04942559335336,0.6116083357320331,30329687.694325842,511.403792084239,0.4031990196949607,25772451.154562417,273.06728905783586,1.225639923290991
Steel,1,3,5125.7,0.504,0.750243230164051,0.059673856556415564,0.010785175284947253,0.3751003499259899,0.08725990355014801,0.4016122725616165,0.0,0.0,0.0,0.0,0.0,0.0,0.0,0.0,0.0,0.0,0.0,0.0,0.0,0.0,0.0,15450305.515142383,442.6006099808502,0.3225715630073023,16049952.293885306,486.3371389090752,0.5618134729056737,13783101.907743625,204.04590884872917,0.6334164543110989,0.0,0.0,0.0
Steel,3,3,5126.36,0.517,1.2450683027505876,0.06431667286157608,0.014381621936432715,0.1929932498739261,0.10997434675693513,0.3643747882455275,0.25825398235364544,0.1175568437576294,0.7197602474386146,0.24477058387745704,0.09492924690246583,0.9680015566674597,0.0,0.0,0.0,0.0,0.0,0.0,0.0,0.0,0.0,18723460.804326933,679.5418814115704,0.1532261497945112,24619082.05847119,814.1188634263265,0.4907618006602512,23448483.99968374,878.5384678074282,1.0921000744782847,0.0,0.0,0.0
Steel,5,2,5126.59,0.521,0.9012807682156563,0.07838298958539963,0.03593101901133428,0.16331376118408544,0.12045109450817108,0.14117099648491066,0.19636906975423116,0.10165880084037782,0.29119469428614414,0.22559034902201555,0.10359554886817933,0.43031194968592057,0.19818269607160566,0.12298048675060273,0.626388169406447,0.26651536679470234,0.06706954091787339,0.7770986513645604,0.0,0.0,0.0,36534414.810217276,415.9907069450793,0.11423486878955058,33250494.554858383,675.6777145995906,0.8111526904928099,0.0,0.0,0.0,0.0,0.0,0.0
Steel,6,3,5126.91,0.528,1.1490204989910127,0.06687630903720856,0.02169508522039522,0.4076917507897663,0.10465017259120941,0.17692107664044487,0.12188604631407178,0.12634500801563264,0.4412039429482156,0.3232986590524481,0.06161083549261093,0.6987107858224682,0.1172212360107564,0.09236464500427247,0.8352446664713273,0.28987231263216173,0.03591903097927571,0.9810749637915747,0.31079737491235765,0.02,1.0341084490919115,28251441.776180096,456.2455046675345,0.13772282796917565,32489081.16156125,513.4661115748943,0.5024680510738371,34364182.04777462,328.469388361093,1.0241074490919115,0.0,0.0,0.0
Steel,6,3,5128.41,0.557,0.9058472111821175,0.08926769495010377,0.013499344071968625,0.28231968395523166,0.07304101407527924,0.14139968680485787,0.2556154422480062,0.07506690204143525,0.30167394906814604,0.31017593835587043,0.10845992863178254,0.43234930224995044,0.4098701668632168,0.1027880746126175,0.5435129781724953,0.23485370374882064,0.04821162238717079,0.6961727979983434,0.46098910023357936,0.08242386043071748,0.8090442240134691,59134140.670024686,714.3097903496754,0.0940949942615256,51699215.44254886,473.8355943949975,0.34666020952563376,57249961.48139847,459.0254276809191,0.7906447113899354,0.0,0.0,0.0
Steel,3,4,5129.33,0.575,2.0349414199590683,0.09218296134471894,0.029203269834254555,0.34684953776356087,0.04720458090305328,0.5809332540967269,0.36818960180531213,0.08787237644195557,1.0417976564936775,0.22278893018464724,0.11392134606838226,1.477201221325843,0.0,0.0,0.0,0.0,0.0,0.0,0.0,0.0,0.0,40976968.1526981,1099.9999999999995,0.23848057542549678,54423429.145360954,282.74714181745406,0.5343065002751959,65267869.83821882,896.4345938729817,0.7289826134807453,39992456.86270107,533.8009210022814,1.73333515926132
Steel,6,3,5129.92,0.587,1.0086560785770415,0.04686793971061706,0.012879881198582395,0.24474164585791153,0.035556962937116625,0.19720093769277952,0.2785483375972525,0.08533254683017731,0.2768229491009461,0.20281400515868134,0.0740670919418335,0.3656116956093883,0.292208291499784,0.08526972889900208,0.5016610857484481,0.1335811135396374,0.10258706033229828,0.6976087728952702,0.298565010140596,0.039635122865438466,0.8442181750897392,45367254.32536733,641.8220730285033,0.15636953978187695,39280594.69423905,533.3199950818884,0.6149351157161358,36589522.082522854,969.0965119710149,0.9077904697106813,0.0,0.0,0.0
Steel,5,4,5130.22,0.593,0.9382356882095337,0.11882233297824861,0.03196053600829275,0.34458628667287117,0.1314249849319458,0.13226400107150577,0.2380624473606774,0.08523554980754854,0.29012327870189886,0.44211759144269636,0.08250012993812561,0.43846345077982807,0.2903350000440419,0.11888141334056855,0.5914635357025144,0.35331726848129585,0.09161394476890565,0.8054695839650918,0.0,0.0,0.0,35607629.59009473,190.28661876986675,0.1005511349528204,36416511.33727678,242.87192622220593,0.4860442330964219,49699059.55952509,768.512032966427,0.6138656913017012,34801141.903241,484.4795833572717,0.8398980374624119
Steel,1,3,5131.57,0.619,1.2459568470716476,0.08800828534364702,0.021107026256571376,0.25429846024283764,0.06607363224029542,0.4428563821181413,0.0,0.0,0.0,0.0,0.0,0.0,0.0,0.0,0.0,0.0,0.0,0.0,0.0,0.0,0.0,9808051.849744378,78.29047397148854,0.14556173286596183,10543424.9976095,566.1552058106978,0.31636382945122316,9405644.022142524,706.3830002668005,0.9872171304403934,0.0,0.0,0.0
Steel,3,4,5131.73,0.622,0.8878937751054764,0.08125721895694733,0.028595443505212176,0.32491516129162307,0.03152280054986477,0.27493905429550297,0.2588274714784147,0.07979169845581055,0.5208315496389935,0.2857890285915975,0.05805581480264664,0.7364495513772935,0.0,0.0,0.0,0.0,0.0,0.0,0.0,0.0,0.0,10719525.99352732,264.46434085751315,0.11016902337553429,10088723.166104905,813.2432941925198,0.34301844010971283,10916080.553797502,802.2529199511642,0.4470708563267543,10557273.086576104,138.98239945865157,0.7719432700150869
Steel,2,2,5131.92,0.626,0.9375595211982727,0.07422715836763383,0.013538045444378394,0.47137639255021396,0.05584062069654465,0.2167043911945155,0.3175504602339916,0.051498812586069115,0.4211351721218934,0.0,0.0,0.0,0.0,0.0,0.0,0.0,0.0,0.0,0.0,0.0,0.0,32707612.385474317,406.4129246528562,0.09612430788143055,26130727.86481282,794.6463194158744,0.7679568834272623,0.0,0.0,0.0,0.0,0.0,0.0
Steel,2,2,5134.1,0.669,1.3830697774887086,0.07885457468032837,0.020721097494544944,0.25059267300063204,0.049733324199914934,0.5147400671255206,0.3741695152218961,0.07852444916963577,0.9034438290228535,0.0,0.0,0.0,0.0,0.0,0.0,0.0,0.0,0.0,0.0,0.0,0.0,50128104.98734919,532.7144483935587,0.26425076570715283,59089206.515810184,235.94496422113616,1.1394977748866182,0.0,0.0,0.0,0.0,0.0,0.0
Steel,5,2,5134.16,0.67,0.9895763590931893,0.13247286260128022,0.005012425539334408,0.2689481335438846,0.05702041536569595,0.11640501013124561,0.2697019712805097,0.029575573503971102,0.2580748429294381,0.2839559428088818,0.09457446932792664,0.39944616910294384,0.2283410793357611,0.06475330114364625,0.5683526145264493,0.3857951464037322,0.09450509607791902,0.7277411835721529,0.0,0.0,0.0,56927854.10525827,737.5806485192512,0.15707185340945495,42159507.138904296,817.4885224502402,0.8306856611298049,0.0,0.0,0.0,0.0,0.0,0.0
Steel,6,2,5134.43,0.675,1.3622693717479706,0.12523942816257477,0.00971377813728199,0.38766132249070695,0.09938538372516632,0.29018510897727634,0.41842222425074543,0.07407922238111496,0.46599849322483855,0.27805915537003373,0.09429844856262208,0.6568073330934292,0.3549500073471837,0.07252853691577911,0.8130475701449325,0.6754693920179121,0.045962433218955996,0.9307550983548893,0.323011692500038,0.02828782334923744,1.1482821203628584,223893789.08587354,315.0454766328378,0.18158486138872207,180396001.23321503,318.1480370434227,1.202180261679176,0.0,0.0,0.0,0.0,0.0,0.0
Steel,1,3,5134.71,0.681,0.4747937325388193,0.018,0.0144,0.1932534793492254,0.08396869570016861,0.17519195495294027,0.0,0.0,0.0,0.0,0.0,0.0,0.0,0.0,0.0,0.0,0.0,0.0,0.0,0.0,0.0,20856268.671922315,508.1354690036673,0.11723219905808852,29077514.87323919,825.2606304973513,0.3314614039142127,24863937.38112374,191.84799280245568,0.4052202990339583,0.0,0.0,0.0
Steel,3,2,5098.18,-0.036,1.4151226520538331,0.10464227044582368,0.025217827288876594,0.2917739454699923,0.0724417370557785,0.39050014084589857,0.29526315391609764,0.11025775969028474,0.5017008945945379,0.2684621483669823,0.08419301390647889,0.7735462921290335,0.0,0.0,0.0,0.0,0.0,0.0,0.0,0.0,0.0,50099240.70551842,483.1755271250778,0.2387359425134341,52980721.29190645,279.7016340218671,1.170280040082957,0.0,0.0,0.0,0.0,0.0,0.0
Steel,6,2,5098.17,-0.036,1.5334995150566102,0.11197177815437317,0.022092776211309898,0.26670210281114975,0.09486515045166016,0.22859415633022245,0.2775290911120024,0.10958317399024964,0.5300513090627705,0.15514425987097308,0.08083521068096161,0.699425039490883,0.22979321346091128,0.06800875693559646,0.8747217058627459,0.22737819340462556,0.09357272207736969,1.0468177044229368,0.19434781280324975,0.0595254847407341,1.3006987189402726,152502992.37628585,552.2654229302641,0.17422160556267324,148082330.82935336,821.0621679947072,1.3801495620174495,0.0,0.0,0.0,0.0,0.0,0.0
Steel,4,3,5098.15,-0.036,1.1642769306898118,0.08029360008239747,0.03815916178115673,0.441799241535374,0.10153774440288545,0.2946617013546069,0.21658016250302106,0.07688934266567231,0.5312236137048696,0.23894954671496238,0.06216310948133469,0.6819593241343774,0.3832659073271888,0.10071166574954987,0.8981628691222696,0.0,0.0,0.0,0.0,0.0,0.0,65651798.00585211,419.4855399267262,0.13550930046196535,48137677.37605609,853.4442310121416,0.2339666833142,54372227.08587105,185.2939470909523,0.9693630556223728,0.0,0.0,0.0
Steel,3,4,5137.19,0.729,1.704376357793808,0.10352619206905365,0.0037348140706070913,0.45582468124962816,0.06441567897796631,0.647393878070114,0.36009743440075753,0.12526138126850128,0.9507498038628059,0.2805636902737516,0.06348666399717331,1.259791246972622,0.0,0.0,0.0,0.0,0.0,0.0,0.0,0.0,0.0,34118923.79239931,305.3155123459188,0.20831123207783184,33885126.190974556,714.0499045301925,0.5840072094641431,45029217.6419608,458.3913891103852,0.7065049963290826,28318936.474147886,189.3448795889585,1.4439847069813025
Steel,6,3,5137.36,0.733,1.4536441028118134,0.1073198632001877,0.016709245102006203,0.32030591222993837,0.034592435136437415,0.1804469650692639,0.29835176485930276,0.08939655780792237,0.3397632411189027,0.2802142122807306,0.12003690838813783,0.6559084180947404,0.3130560398445817,0.055668163895607,1.077206519367618,0.4020544086975974,0.04073807656764984,1.1731066310824798,0.1810896462140769,0.06917253136634827,1.3082696925306323,38551216.92478348,373.59382568919125,0.14536441173482545,31697772.38259302,235.61712998117287,0.7648287880597795,29613940.25836131,294.760637380354,1.2644544653503234,0.0,0.0,0.0
Steel,6,2,5137.65,0.738,1.7452133387327196,0.13214155328273774,0.007406461049838359,0.3249850382515453,0.049550435841083526,0.3286168223507318,0.32610337125703676,0.11718091249465944,0.6347858189969238,0.15789464256385122,0.06836796283721924,0.922558353775585,0.32402580851883217,0.11092684388160706,1.1859538368995057,0.4183668560469804,0.11070455193519593,1.3148783406083724,0.36995924524320084,0.112155299782753,1.4384671802599749,285886649.9554005,888.6456333169671,0.18800287786834027,286235779.48345983,695.4448213029557,1.4762989581482018,0.0,0.0,0.0,0.0,0.0,0.0
Steel,3,3,5139.23,0.769,0.8630725353956222,0.09193556272983552,0.01577498280053612,0.37610799231363823,0.08050320237874985,0.17846415869490534,0.3472284512837255,0.1459716558456421,0.3892194796624467,0.37065115981856817,0.048542046099901204,0.5460326972559476,0.0,0.0,0.0,0.0,0.0,0.0,0.0,0.0,0.0,30833917.197210323,557.9339946339262,0.11543768907628355,32364490.724925376,491.30935111634983,0.5022677927173154,32992052.656290483,324.4895056658438,0.7184451507821513,0.0,0.0,0.0
Steel,4,2,5139.29,0.77,0.6348437294363976,0.11126827907562258,0.03646484966243568,0.5066369841536772,0.07500614136457444,0.12977977619521872,0.1498654966961345,0.09493404328823091,0.312539738055322,0.3241612011647801,0.03242426246404648,0.42075128785668,0.2904908689408875,0.11801387190818788,0.5694463504287518,0.0,0.0,0.0,0.0,0.0,0.0,35594729.510076426,372.3768303015208,0.08312076049460174,41676571.54748682,320.17526900220685,0.4870984082750025,0.0,0.0,0.0,0.0,0.0,0.0
Steel,1,4,5140.0,0.784,0.6198956914246083,0.12065563035011292,0.027677772094282727,0.2657199344116126,0.0771071094274521,0.10537717148458028,0.0,0.0,0.0,0.0,0.0,0.0,0.0,0.0,0.0,0.0,0.0,0.0,0.0,0.0,0.0,7768433.258465735,780.5857543100014,0.06587009190052538,7979297.742186121,437.0936055454127,0.18850420608395585,7600961.882546235,385.39551598075775,0.27560284877288366,9036819.415075997,478.82319614917105,0.4857757794961561
Steel,6,2,5140.52,0.794,0.9714163899421693,0.11494242358207704,0.016200001710125218,0.3210315123026627,0.06547359973192216,0.13433487790326468,0.2854442614487385,0.07859981209039689,0.23227205025442613,0.25416502877715197,0.10294340312480928,0.3463502138986419,0.13732896000696157,0.06761218339204789,0.5264736907923887,0.4285570601784465,0.1270370900630951,0.6728976395067111,0.224914131533281,0.0900707870721817,0.8335893034437252,57125901.738539875,278.00756240659905,0.11534896614221288,59818625.78698443,88.43575407430038,0.776928785532729,0.0,0.0,0.0,0.0,0.0,0.0
Steel,1,2,5141.46,0.813,1.2853106051683427,0.13040500628948212,0.019843624625602015,0.22663530926162037,0.0950162172317505,0.2816786049372708,0.0,0.0,0.0,0.0,0.0,0.0,0.0,0.0,0.0,0.0,0.0,0.0,0.0,0.0,0.0,32258391.8074646,635.233305492013,0.14531374402746836,29667752.3029442,379.9826871172034,0.8605734508687994,0.0,0.0,0.0,0.0,0.0,0.0
Steel,5,4,5141.51,0.814,1.3312321811914445,0.0874004448056221,0.011968449603001266,0.312182611095964,0.12122245252132416,0.2903525032871105,0.23105284896050357,0.08280840039253236,0.54700673096358,0.21488751298806283,0.04761716693639755,0.6556576241977462,0.3986124873883541,0.12086320400238038,0.8841996586670527,0.42686078456120236,0.10933729529380799,1.0706291952505091,0.0,0.0,0.0,30291519.255951785,750.0820345063394,0.15761190144960835,31275302.038066626,598.8809545848975,0.608778102123432,33778634.47262599,247.2540875756936,0.8572690824331554,36231952.77215549,994.8483374776417,1.191805776961161
Steel,5,2,5141.76,0.819,1.2324217081069948,0.10581816291809083,0.01204906315632272,0.23438887823346244,0.02,0.251903233714158,0.37827616262123365,0.10844278872013093,0.3598948690672576,0.24504637813514468,0.14350257098674774,0.5846561953754109,0.30930871442105834,0.08430109530687332,0.7302873462677479,0.2727174568317332,0.13720959663391114,0.9663904016928307,0.0,0.0,0.0,120887754.51835522,327.34637191092133,0.14417665800727153,137566418.07825637,97.82179035713214,1.0642113348540538,0.0,0.0,0.0,0.0,0.0,0.0
Steel,6,3,5142.27,0.829,1.2114214956760407,0.12921161901950837,0.013315291480131245,0.19889322725239328,0.08682626068592073,0.21740401937526377,0.3358852874202236,0.08009709030389786,0.35985570529363775,0.4040744547739183,0.06938642382621765,0.5902081590736402,0.30991924305045737,0.05289021193981171,0.6978067861879629,0.43241398351939075,0.08797379791736604,0.7922776005056318,0.3296525478552661,0.08467925041913987,0.9659836685335452,59747321.21803597,359.04336902619013,0.13594244284295914,59298779.28715248,267.0428308441885,0.48561545357957636,48352891.99280238,687.7128345254698,1.0721490289135671,0.0,0.0,0.0
Steel,6,4,5142.93,0.842,1.4386202275753022,0.11327358746528626,0.022969084529215342,0.3124144320617832,0.14806277930736542,0.3168599841824786,0.17873040226258935,0.15,0.5000701133560076,0.2913543478335824,0.02065550984814763,0.6124069289157918,0.20678435956440383,0.03259448185563087,0.6612602677584181,0.30246453450065347,0.0727023109793663,0.9396027123437658,0.3160195940834659,0.10621264755725861,1.1839740909014118,35209227.78196564,45.29166281394992,0.16756145315494209,35413955.78519529,368.5075619592556,0.8164113315421658,41894337.835636295,454.26386562877195,1.0835266898111442,46718070.827192865,710.1714684282094,1.2838561112447033
Steel,4,4,5143.53,0.854,0.9093954890966416,0.07523155611753464,0.018396017541845406,0.1910928776510957,0.10302502691745759,0.1677071297344047,0.307623029606826,0.15,0.3607376536160667,0.41304262671288394,0.07756077855825425,0.4876689851000027,0.3837952055413444,0.15,0.7390301831759958,0.0,0.0,0.0,0.0,0.0,0.0,48501901.26549588,157.68818934612344,0.11496400614030697,36706526.564716004,437.6406497756161,0.3737076750314522,33339687.88866378,294.9203938198768,0.4350079343421396,40293968.62434824,244.58510200085496,0.7732722507342298
Steel,4,3,5144.42,0.871,1.0015094056725502,0.0619861575961113,0.0038967161196735876,0.27327397400555126,0.0657949498295784,0.44440899416493024,0.2531692641359081,0.09223666906356812,0.5307769609744061,0.2533314014164133,0.07043520122766495,0.6305281200435224,0.21620339607155586,0.045744331330060964,0.8138838714096248,0.0,0.0,0.0,0.0,0.0,0.0,19909134.034637604,711.0537804839498,0.17226814844319882,17969631.109445397,711.7789160636909,0.6004296984347468,17871570.6723522,316.8557779134484,0.8758587308519998,0.0,0.0,0.0
Steel,3,4,5144.91,0.881,1.6161125242710115,0.09866888463497163,0.016755208915839412,0.2981884306876253,0.142708021402359,0.5379731868974148,0.20779174807346706,0.08156106889247895,0.8279802736515165,0.2414998803943326,0.0791278600692749,1.0011191665858552,0.0,0.0,0.0,0.0,0.0,0.0,0.0,0.0,0.0,27403057.168238882,994.0772128951005,0.23186291040743895,31612354.777280632,416.96374408626707,0.9273003603386862,28346384.51166817,267.17499142761255,1.2787918298183563,32629402.1617785,320.301990949939,1.4545012702277977
Steel,3,4,5144.97,0.882,1.0854428261518478,0.0808490704894066,0.0331580189366691,0.21181004677068382,0.07282260417938233,0.19088788059941336,0.4586161399674631,0.12659098744392394,0.5126320734168281,0.17669369024484988,0.06780567765235901,0.8514876455235474,0.0,0.0,0.0,0.0,0.0,0.0,0.0,0.0,0.0,24949006.047033984,661.4078552091187,0.13965969200188874,26647631.733615816,420.4661910230039,0.5971428877526033,36035066.9961528,764.384089361287,0.7200872320366304,29029031.97365488,561.0959272313222,0.9202280831139829
Steel,5,4,5144.98,0.882,1.550928458571434,0.09868536376953126,0.019250133642209635,0.24494022422399075,0.09026141822338105,0.32690579705683437,0.24010239735594396,0.09682606637477875,0.4983323755800283,0.17852465227863512,0.09822481334209443,0.70260147084554,0.1545421881776745,0.09020810008049011,0.8916855923127132,0.31161980172766,0.06961685955524445,1.1824847569965131,0.0,0.0,0.0,15642778.858239722,492.0131051641458,0.16610102825036424,15642778.858239722,488.50792340354985,0.4370853036297939,21917637.668936815,339.7898474804342,0.9310392367914723,24989214.74957143,151.93932347913332,1.377865863258714
Steel,3,2,5145.26,0.888,1.598279446363449,0.11912668490409853,0.022891020633919436,0.19348226556277082,0.05121824532747268,0.5009178151095077,0.30070860005828465,0.11357434809207917,0.8430113391651171,0.2517291057232311,0.06501634687185287,1.1196872310160972,0.0,0.0,0.0,0.0,0.0,0.0,0.0,0.0,0.0,52314481.39401576,586.2683977744442,0.19435595973397346,56271133.045826204,886.1351734972083,1.3082154630383998,0.0,0.0,0.0,0.0,0.0,0.0
Steel,4,3,5145.54,0.893,1.4622081130743028,0.10306401455402375,0.009470496361284757,0.20112406602695768,0.050272913724184035,0.4011552959689997,0.19017049679785206,0.032273343876004223,0.5323284345533269,0.2612940941927654,0.1089296954870224,0.7500688664088315,0.31102325760059,0.06346823781728744,0.9976367728089891,0.0,0.0,0.0,0.0,0.0,0.0,20318247.833021812,292.5603675014605,0.19234356085423487,24939616.94651034,638.199754426225,0.5754437298065074,25032878.646393314,485.8799054960343,1.2233293714462454,0.0,0.0,0.0
Steel,2,4,5146.82,0.918,0.7912847593426705,0.06634865510463715,0.008233796511880184,0.26309533290111775,0.1110730290412903,0.267229729229991,0.6593446541543941,0.02176238180138171,0.5692133325295625,0.0,0.0,0.0,0.0,0.0,0.0,0.0,0.0,0.0,0.0,0.0,0.0,12201405.345029177,500.97090301655066,0.09107061394291058,9842431.464437587,333.64150811788187,0.30654329935846536,11941657.645404615,501.7903970004112,0.5280056341339415,10797375.687164119,87.77137746581437,0.6963110819813022
Steel,5,2,5147.29,0.927,1.3082566171884538,0.13334828805923463,0.018380399967973724,0.2260665242782818,0.07084231674671174,0.17740378241949467,0.3074449375482418,0.02,0.3283959249411593,0.2625071680508638,0.07479288041591645,0.5491872172125503,0.32592710180287465,0.038813515156507494,0.7684540829479527,0.30125196329754167,0.08507069051265717,1.0375422385731214,0.0,0.0,0.0,38196525.31954779,523.6340015082596,0.14524417104159795,51179856.34018393,530.5819957099716,1.1354028861256826,0.0,0.0,0.0,0.0,0.0,0.0
Steel,3,4,5147.52,0.932,1.0289867401123047,0.10853300511837007,0.0037064330343550907,0.14199564252432456,0.05183131486177445,0.2480754845881403,0.2710736202277429,0.11151749670505524,0.4625969183039873,0.18829717229227158,0.03328830346465111,0.6962164572013579,0.0,0.0,0.0,0.0,0.0,0.0,0.0,0.0,0.0,9081013.360310983,512.660561698063,0.13175537595439094,14783049.71442331,808.6595162100906,0.47930014801225523,9206170.064956198,567.0196412034481,0.5818334157258447,9325998.289546503,652.2889518650362,0.8944805492192514
Steel,3,3,5148.05,0.942,1.0467960000038148,0.07865366804599762,0.01326633372897565,0.320981890485086,0.13275018990039825,0.28305060796349135,0.15712923322879707,0.11614357590675355,0.5658968814543485,0.4125882258922875,0.05056426510214806,0.8064381601054795,0.0,0.0,0.0,0.0,0.0,0.0,0.0,0.0,0.0,23488783.629522424,102.87515415096452,0.1621510629170861,19920457.292572036,72.04120326325668,0.4575657863293902,17074640.226893224,368.40205409421293,0.8832264008041415,0.0,0.0,0.0
Steel,5,3,5148.64,0.954,1.8463493764400483,0.11768839585781099,0.023785670577687126,0.35173062258213567,0.09071708261966706,0.38999973598595594,0.1980804289470094,0.056897681355476376,0.6622831346378479,0.39935590709029095,0.15,0.996253813403251,0.20943513113801265,0.07167620986700059,1.1283254936877634,0.1742157433902781,0.07804069608449936,1.3829874905881399,0.0,0.0,0.0,47314424.44006777,145.87396929049805,0.23282500142518936,56771274.464536674,285.12669364053596,0.9439315848380013,60229782.27118571,486.20780668957974,1.549586954708643,0.0,0.0,0.0
Steel,1,3,5149.12,0.963,0.6877517305314541,0.05884810972213746,0.015702517315833234,0.21630831967261138,0.10925856173038484,0.48909453107784057,0.0,0.0,0.0,0.0,0.0,0.0,0.0,0.0,0.0,0.0,0.0,0.0,0.0,0.0,0.0,5681638.32156179,156.55679900405062,0.22595704964358088,4326498.951094979,629.5284248863506,0.34652355102676574,6206848.048895742,526.9858461165535,0.6015247590930051,0.0,0.0,0.0
Steel,2,2,5150.15,0.983,1.0190836831927301,0.08768739080429078,0.05147419231119987,0.2443752706084914,0.15,0.22282421175311518,0.2466787184253737,0.07856919348239899,0.62824068288784,0.0,0.0,0.0,0.0,0.0,0.0,0.0,0.0,0.0,0.0,0.0,0.0,21537566.590982527,355.23209800303863,0.16298873613948497,21567612.20977801,249.29945337458244,0.8426072110596238,0.0,0.0,0.0,0.0,0.0,0.0
Steel,5,2,5151.17,1.003,0.7646284848451614,0.09928116869926454,0.012766881657044678,0.15806407089287128,0.05269345164299011,0.14525370847265515,0.356297670517775,0.07418620347976684,0.2627610543833987,0.3433086097199739,0.04741512984037399,0.3648312635564893,0.3151928469386086,0.059659651815891265,0.48289325676329264,0.20358827779837962,0.13407019555568694,0.6481334996781255,0.0,0.0,0.0,34586277.7493092,649.466961528992,0.09274977980258556,36669630.20904404,385.3501415494507,0.6830955824012548,0.0,0.0,0.0,0.0,0.0,0.0
Steel,3,4,5151.27,1.005,2.1,0.12654396283626557,0.025400933041396456,0.2823929260710556,0.023271868061274292,0.7054804614148019,0.30064985528573934,0.11173099398612976,1.134947207406107,0.1573441485580827,0.11422234833240509,1.7496107403280303,0.0,0.0,0.0,0.0,0.0,0.0,0.0,0.0,0.0,40472953.475981936,304.6301810483931,0.21281191144094816,31060520.301103514,534.9233418933472,0.5425090969067321,34165266.48369651,518.2492385919616,0.7910991418854185,33565703.54152663,269.54835584298894,1.808670517701232
Steel,5,4,5152.09,1.021,0.5961031749844552,0.09374483966827393,0.018325733802896895,0.22461488956463674,0.06635050147771836,0.07472901019103603,0.3027056261863559,0.0726025515794754,0.1637438374580498,0.19331707185430239,0.08286023080348968,0.2538240276567852,0.3162841135816304,0.127816281914711,0.37975454170347217,0.36296653589842315,0.1071670663356781,0.5098361485748154,0.0,0.0,0.0,25855975.666121908,812.9316156811454,0.06173128192978098,25795941.971854985,917.4224419415634,0.27171739536401107,27103653.733311217,324.7751866637127,0.3039766831498665,29439592.896620672,589.2155108295979,0.4852939573926264
Steel,2,4,5152.24,1.024,1.0603085339069367,0.10495853948593141,0.018784601109810242,0.40864761332673943,0.06884641975164414,0.3057060440321157,0.35263662698060727,0.06484333992004394,0.5541601203692166,0.0,0.0,0.0,0.0,0.0,0.0,0.0,0.0,0.0,0.0,0.0,0.0,21149093.546526875,344.2820520104407,0.13080733447302845,12759614.484443303,306.16899307309484,0.46254902648355456,16881747.339862257,311.818435930502,0.7435684168054731,13254063.739656227,375.17773628179486,0.9213411661770807
Steel,1,4,5152.36,1.027,1.8359363824129105,0.09373629963397981,0.014154177759457107,0.36339636640026474,0.12346221745014191,1.249731589401356,0.0,0.0,0.0,0.0,0.0,0.0,0.0,0.0,0.0,0.0,0.0,0.0,0.0,0.0,0.0,24629925.427904457,286.38141628349877,0.2663692003214796,21677004.311098978,607.0578459952621,0.6049075023877203,22570039.712747123,1099.9999999999995,1.0047007618451682,23522894.511240285,708.7279101049024,1.4833676825261368
Steel,4,3,5152.37,1.027,1.2478482842445375,0.0838832033276558,0.022989457892279675,0.23398793964401754,0.0822594079375267,0.3392980185605682,0.16863136168149545,0.09149904847145081,0.48566286383789414,0.21440284680797617,0.07129026740789414,0.8132770046271395,0.3762142841066947,0.023059916868805885,0.9970035281494936,0.0,0.0,0.0,0.0,0.0,0.0,15174757.17574089,385.31159950604905,0.18171726195543017,24673131.041949276,895.345621164288,0.8948908324458852,15748174.838921294,532.5131243262468,1.119791420971718,0.0,0.0,0.0
Steel,1,3,5152.7,1.033,0.8561246767640114,0.070018923163414,0.016406016671202017,0.22982386898699902,0.1085731202363968,0.44738703062575524,0.0,0.0,0.0,0.0,0.0,0.0,0.0,0.0,0.0,0.0,0.0,0.0,0.0,0.0,0.0,5820430.486897979,318.9262368669431,0.15635821567913144,5436620.403434903,550.4802420469995,0.32166514541484287,7420678.576484991,156.46372084850702,0.7057461718157707,0.0,0.0,0.0
Steel,4,2,5152.8,1.035,1.027273827791214,0.07976315730810166,0.020679713134033478,0.18213335958475071,0.09769134521484375,0.2134679621675708,0.38988618175030315,0.08963996469974518,0.5121106330478646,0.32631227013156416,0.14043712258338928,0.7297965794950645,0.2984653337339812,0.03127643659710884,0.8720631235174143,0.0,0.0,0.0,0.0,0.0,0.0,101398814.25022079,679.9582441435459,0.11497132515422107,85719797.82410358,541.0052238715163,0.8330877309788386,0.0,0.0,0.0,0.0,0.0,0.0
Steel,1,3,5153.2,1.043,1.2556757003068924,0.09869457244873048,0.008945491186024683,0.29528498653196805,0.12192711830139161,1.1300981302762034,0.0,0.0,0.0,0.0,0.0,0.0,0.0,0.0,0.0,0.0,0.0,0.0,0.0,0.0,0.0,61518586.33272285,582.5983173811976,0.2548496480707728,46636909.98599352,549.5486679804387,0.5258853903947166,46583189.57445213,400.58537457562187,0.9819503251710086,0.0,0.0,0.0
Steel,5,2,5153.22,1.044,0.9158791720867158,0.09466335463523866,0.0461922016398627,0.2764359034291703,0.09235704362392426,0.11747828922887905,0.15756045513696143,0.09593362867832185,0.26311066311026443,0.18859914309163608,0.13073742032051086,0.39106324690158356,0.2724517801473921,0.09648078858852387,0.5856323794792747,0.5757280946883829,0.06379886686801911,0.7472342433128689,0.0,0.0,0.0,57158331.27318654,912.0576975978743,0.13543133824597195,52297312.9137928,323.3857644056205,0.7896224840040152,0.0,0.0,0.0,0.0,0.0,0.0
Steel,6,3,5154.26,1.064,1.3111095964908601,0.1437568463087082,0.01990815418905298,0.28177290144513456,0.1105144089460373,0.21937007708031112,0.17525515219668664,0.10752003848552705,0.37989275945508777,0.23349040832817602,0.07878310531377793,0.5196431179136096,0.2711576388087619,0.1076181048154831,0.7036291031523322,0.3652271730549971,0.08350373297929764,0.8897761872235774,0.21083283184950186,0.11473398089408875,1.0943623575589587,40955106.901619665,434.28471767952146,0.13111096096019562,59574549.28413556,563.8505379266303,0.3975805162354432,43185996.04804874,266.4283835258324,1.1535653473918677,0.0,0.0,0.0
Steel,6,2,5155.07,1.08,0.8895834207534791,0.11648039150238039,0.027552376720650036,0.30728637238987916,0.05624158769845963,0.11843698569200561,0.2563743055186493,0.061339239180088045,0.18857328654301006,0.4546644466096603,0.11916646897792817,0.3293550713588145,0.20679577425744156,0.027225772105157378,0.4709055315941722,0.33761598566075884,0.14960790514945985,0.6308130947811184,0.18717687262970478,0.11755097806453706,0.798886028253972,71284466.61869219,454.42625599830143,0.09397628640171755,69238887.189624,172.95496851985658,0.7706421965405502,0.0,0.0,0.0,0.0,0.0,0.0
Steel,5,2,5155.68,1.092,1.42741616666317,0.11827093791961671,0.013904934520783889,0.3285155391035041,0.07147894203662873,0.14999065685381685,0.3424513164542579,0.10569933354854584,0.38645082967107725,0.22656198334120112,0.11751682996749879,0.6611568647632966,0.33927581415968394,0.08914096236228944,0.9135676963457484,0.27114126299685876,0.0754384708404541,1.0389477455029739,0.0,0.0,0.0,122135570.99939859,542.972530700475,0.17866314860499266,132502973.81660992,180.60535171312986,1.2846745485694369,0.0,0.0,0.0,0.0,0.0,0.0
Steel,1,4,5155.95,1.097,1.356500229239464,0.10635311269760132,0.010909007923742579,0.31514150604882524,0.04811056897044182,0.8447378452551912,0.0,0.0,0.0,0.0,0.0,0.0,0.0,0.0,0.0,0.0,0.0,0.0,0.0,0.0,0.0,14255139.636075385,471.51588772807935,0.17889529246974667,14375085.597755471,81.57074360103815,0.6026764814611942,14928183.057741536,77.72780688751718,0.3986679561101858,12435374.628566599,302.1599271258361,1.116951953826799
Steel,3,3,5156.29,1.104,0.8494527652859688,0.10147140395641328,0.02570260642821811,0.3171330106400738,0.07606492221355439,0.1441894993294714,0.3405445452194484,0.11945198953151703,0.3646056069801412,0.2540129766344969,0.08591245234012604,0.6548469923619792,0.0,0.0,0.0,0.0,0.0,0.0,0.0,0.0,0.0,22379882.58644885,296.23339599160727,0.10093788340461597,27256450.514759373,104.16293768175,0.4577327205635563,20628422.258546468,363.90698998802003,0.7645074879079192,0.0,0.0,0.0
Steel,4,3,5156.49,1.108,0.9602016881108284,0.10260160851478578,0.03309001100469583,0.13262482125008268,0.08917490124702454,0.12981851881192952,0.4063311099603848,0.10479534268379212,0.29118965704145355,0.24163233191268513,0.06217503845691681,0.6091787013076395,0.26406383757306456,0.09996271669864655,0.8474559850708162,0.0,0.0,0.0,0.0,0.0,0.0,28449046.01680789,374.14378978367205,0.10826761362900371,26961371.000334263,438.27437546485237,0.6735528843747924,27774503.889310073,268.2053012620163,0.8086073940129324,0.0,0.0,0.0
Steel,4,3,5097.17,-0.056,1.6175669670104982,0.10460623133182527,0.009413462813094206,0.27535744819308994,0.08810363352298738,0.31100112766529076,0.25882337093660407,0.06796691834926605,0.613716409527201,0.4619106349803719,0.14309153079986572,0.7918990190200055,0.2904165958905936,0.04507034033536911,1.0350102717738696,0.0,0.0,0.0,0.0,0.0,0.0,71678221.84588799,277.4589515926378,0.20312748609392156,63437558.06124619,449.8765080839396,0.9223814162245404,89648488.90171519,458.09743339542973,1.3843659775721213,0.0,0.0,0.0
Steel,2,3,5157.0,1.118,1.2305310428142548,0.08462142539024355,0.03389063285263745,0.39224042649958346,0.10520147800445558,0.5063021231077748,0.27778611237825696,0.11306269228458406,0.9088334904223356,0.0,0.0,0.0,0.0,0.0,0.0,0.0,0.0,0.0,0.0,0.0,0.0,33630836.96602336,250.7805061584899,0.20295158146128425,28497888.149335667,483.8917837557947,0.8260594206937977,27227444.379032284,617.3699135050606,1.1074779373022983,0.0,0.0,0.0
Steel,2,2,5157.08,1.119,0.6614656277000904,0.11591201794147493,0.0018697883874615295,0.2925666470064755,0.10615141034126283,0.13801045441478815,0.13544606780258678,0.12310930728912355,0.49502430466350467,0.0,0.0,0.0,0.0,0.0,0.0,0.0,0.0,0.0,0.0,0.0,0.0,17748110.43496059,969.1814467424433,0.06813117677732732,30096830.072746195,430.3898388233516,0.5251242243940857,0.0,0.0,0.0,0.0,0.0,0.0
Steel,6,4,5157.17,1.121,1.7020572990179064,0.06929957127571107,0.02489415069677057,0.48126615130434874,0.13668351292610167,0.3501568586145517,0.35695801935695665,0.08644094586372376,0.6402419265242207,0.19074667429722442,0.03041880950331688,0.8392931171941458,0.20967389658430235,0.12002437889575959,1.0523177896709393,0.22520629902339123,0.11745201289653778,1.1750678203054674,0.2805317839893734,0.0649268388748169,1.3485996459968328,71334178.2241172,523.0130460635613,0.21421993064765113,66440418.010007046,563.0469270893595,0.7354373975631312,67139523.45926431,496.40918807237546,1.0328057166263662,74590928.3137002,838.4797020701579,1.5129968072052216
Steel,3,4,5158.44,1.146,0.8237226366996765,0.10757679212093355,0.029823708691024728,0.3513668721857307,0.06156165510416031,0.17352019604580035,0.3471685156398798,0.0732030799984932,0.512502941651979,0.3392879551397642,0.0855098968744278,0.6214334002519931,0.0,0.0,0.0,0.0,0.0,0.0,0.0,0.0,0.0,16345838.518937675,744.8819319118679,0.1058230560116401,13358300.353588264,370.37645401855673,0.39582632655736655,17235367.981619433,764.3642838275786,0.5313481227760832,18001124.245146994,811.0693053452577,0.7390120063459512
Steel,6,3,5159.38,1.164,1.4095471411943437,0.08187424278259278,0.01662112208036159,0.25829536705796413,0.10887994945049287,0.18536204846454712,0.17872879406677503,0.09385297358036042,0.3619232533753979,0.33576982214290385,0.14304036676883697,0.575195853104688,0.2268203230557118,0.15,0.79930030349236,0.16555752313375638,0.08091849267482758,1.020092508517949,0.2790190004323707,0.08477419406175614,1.2306652096836834,38297656.97992358,289.1039097975849,0.16748096826579467,43773750.85091379,643.5232853059074,0.7192480636108267,34921557.89816989,328.256622243949,1.198009267462632,0.0,0.0,0.0
Steel,2,3,5159.82,1.173,1.4618640750646592,0.09333510422706605,0.023639034381086256,0.3156480249199406,0.057059119641780856,0.6481654524206985,0.2194899633663105,0.06996080458164215,0.8595894048412107,0.0,0.0,0.0,0.0,0.0,0.0,0.0,0.0,0.0,0.0,0.0,0.0,20435619.100713115,714.6977539712556,0.1694860423481646,20830836.851876594,339.89901145803105,0.40389479638943615,17542786.460389536,344.17338193444954,1.1981933046010889,0.0,0.0,0.0
Steel,4,2,5160.09,1.178,1.1764238983392716,0.11579372704029084,0.008121039477108499,0.38156808063162767,0.09491915822029115,0.4957032119666388,0.5458678278615782,0.0625114867091179,0.6389591113100596,0.20183278154866516,0.06558881372213364,0.8303788502662498,0.26373780490964305,0.04936673775315285,0.9373155355081517,0.0,0.0,0.0,0.0,0.0,0.0,71886008.99344774,271.30726027019045,0.2396828699469324,69975530.38943104,430.7897651168268,1.0512424153518019,0.0,0.0,0.0,0.0,0.0,0.0
Steel,2,2,5097.01,-0.059,0.4192426346242428,0.0766819823384285,0.034347567401241,0.2256786346139443,0.04538455203175545,0.08945704986269704,0.2632732438522166,0.09039873123168946,0.23029264161995616,0.0,0.0,0.0,0.0,0.0,0.0,0.0,0.0,0.0,0.0,0.0,0.0,9771336.361855445,432.91026704019606,0.07477014662997264,10209036.580594383,526.3749556017464,0.3749890886988174,0.0,0.0,0.0,0.0,0.0,0.0
Steel,3,4,5160.26,1.182,1.450410145521164,0.09475709187984467,0.02058442297438252,0.0995048959684843,0.10420801401138306,0.3828470787862023,0.16298555381956337,0.03934230506420136,0.7927303387878353,0.3521759600901557,0.05806431889533997,1.1569339650004542,0.0,0.0,0.0,0.0,0.0,0.0,0.0,0.0,0.0,12713583.781625753,656.718523593567,0.20285786725575708,11280898.052054673,586.2467291262759,0.8360879312059516,11003244.61249137,614.8307589606321,0.7704389703069126,13340019.793643959,484.6168577711579,1.2651390360914814
Steel,5,3,5096.99,-0.059,0.5493035852909088,0.07719538736343384,0.018464652522400368,0.23053457224942342,0.12251185894012452,0.06086589185358247,0.14980107137861065,0.09978061676025392,0.18780757090821024,0.3033179876071899,0.05095641031861305,0.2814928648259697,0.260177405101997,0.08268113344907761,0.36772103034972203,0.17912061949033242,0.08036053121089935,0.48914445309858706,0.0,0.0,0.0,13916439.10347314,165.8986578881033,0.07285777755149604,15360942.038070899,787.8797154997693,0.2510382028641553,16175923.242537761,279.329765161003,0.4511443756372442,0.0,0.0,0.0
Steel,6,3,5160.52,1.187,1.2515314757823945,0.13651601445674896,0.011978666527128248,0.2161065621842,0.09218191742897035,0.21740131127701556,0.22646102049586048,0.08006016433238983,0.4694074093065147,0.23775919159775694,0.09510390043258668,0.6829431673092041,0.2523011210850024,0.07965018957853318,0.7750867193118943,0.24634420699695825,0.07913041323423387,0.9860277142991052,0.1814471949813518,0.13957513689994813,1.1030297636526691,34295776.27429248,726.9904991031773,0.15139103693640696,32053131.16050331,491.4009048322745,0.5380443471718503,35858146.262903854,419.14753220579695,1.0848877292036414,0.0,0.0,0.0
Steel,4,3,5161.67,1.209,1.1951110064983368,0.10512507438659668,0.021002853823606234,0.1738908290721578,0.05769720941781997,0.22049625564866815,0.380762040458623,0.08562112033367157,0.5352979902158657,0.3129002485670562,0.07907936155796051,0.7746177996091499,0.2343380113745793,0.09217254936695099,0.9502395198149026,0.0,0.0,0.0,0.0,0.0,0.0,26072660.054042,679.6790004094025,0.17018833477897738,25837663.846058726,322.7763228858813,0.6286038013866571,26760330.35244935,265.86589679128195,1.0642538208343952,0.0,0.0,0.0
Steel,6,2,5161.74,1.211,1.1030985921621324,0.09378025245666505,0.02962011097000426,0.1328147198087412,0.05070290312170983,0.1924351396877036,0.34220790525294065,0.10776547551155091,0.3119308624358762,0.3415279871997993,0.11981771588325502,0.46857877128290043,0.22750283115309403,0.08502866983413697,0.6068758199842987,0.22042769353720296,0.09002334237098694,0.7975003547641757,0.30451133951587117,0.12691435992717742,0.9414153585704721,118467696.30139832,738.1331154556708,0.12463649968117563,112490011.5378029,485.3826885506787,0.9294519758989959,0.0,0.0,0.0,0.0,0.0,0.0
Steel,6,3,5162.25,1.221,1.0893693804740905,0.11804015386104585,0.038584289162347636,0.25684262332804114,0.1184102362394333,0.2008982175749957,0.19937040993881952,0.06119262009859085,0.34830305793629934,0.41458699212969563,0.061406644284725184,0.4437726896927503,0.3961086998801258,0.14708449482917785,0.5761009178296271,0.23188779076583,0.10794711828231812,0.7923355972345284,0.3620258122698216,0.058161114454269414,0.9089341783459798,55588811.837236755,545.113446000164,0.14029799263396014,47241371.16854674,496.23179499610654,0.5364839449357015,42233260.960358,315.55764527272885,0.9320920640091055,0.0,0.0,0.0
Steel,4,4,5163.48,1.245,1.932073172926903,0.1193431819677353,0.02908438358322342,0.30809645002459757,0.11361897230148316,0.22976927766253544,0.24035806093625342,0.026333799324929713,0.644714695679327,0.23517685738780797,0.07532776653766632,0.8761090410752812,0.2811504183849483,0.09831530928611756,1.5727606260731208,0.0,0.0,0.0,0.0,0.0,0.0,36704009.48745296,854.4993345407319,0.19320731922476347,34079259.99186051,299.50854875903826,0.3934611890907365,29934745.062355556,956.2117476123253,0.49252716534554775,40156895.57790451,925.4710360882259,1.6513939765205197
Steel,4,3,5163.93,1.254,1.1163651168346407,0.04901635926961899,0.00875908762478527,0.16673528922180955,0.02,0.1755242009345651,0.3739025350650765,0.0777701884508133,0.3636115707281389,0.19625465465360314,0.04058637052774429,0.6633770655876048,0.11005249574938342,0.08267291605472565,0.8865760201055136,0.0,0.0,0.0,0.0,0.0,0.0,23434926.565353096,818.7081617439391,0.13196851942693918,22204748.906975187,723.8596708120166,0.5842221068294162,29039306.260293555,704.8401082861782,1.0013508525419108,0.0,0.0,0.0
Steel,4,2,5163.95,1.254,1.2980013072490693,0.13688629984855652,0.005502441471981081,0.33047548204386823,0.06502774506807328,0.1951115242211356,0.35252469643072754,0.0910740065574646,0.3795749946854186,0.36670772952617275,0.12417826592922211,0.6204809381910589,0.4512100996848744,0.06384804725646973,0.9229241250497471,0.0,0.0,0.0,0.0,0.0,0.0,87404020.15996978,666.7585444407949,0.15514012544325445,76693045.14601527,559.0417597478597,1.089890472730127,0.0,0.0,0.0,0.0,0.0,0.0
Steel,4,3,5096.81,-0.063,1.5945755243301392,0.08188892334699632,0.030948565532679613,0.3118185675822797,0.06785943746566772,0.329885846303307,0.3134009425589751,0.081518993973732,0.5819355363550579,0.21517561377684266,0.11096871733665467,0.9040247289203855,0.3410534252429953,0.08785999417304993,1.065153913992317,0.0,0.0,0.0,0.0,0.0,0.0,58460165.61948058,290.2358702808281,0.1766486804917771,42462346.16593189,538.381503992883,0.9800176367328414,50147379.48121906,460.9360594349084,1.3425557892313824,0.0,0.0,0.0
Steel,6,2,5164.29,1.261,1.2602467745542527,0.08724964845180512,0.014977060242677365,0.2690301677786048,0.07606449991464614,0.1260346774554253,0.27835082038517955,0.1189736294746399,0.27280336210035155,0.2470739718497384,0.09502183496952057,0.47125758602383605,0.27571776166367884,0.08683584570884705,0.6271849129471468,0.17846812253682817,0.09995367407798768,0.7965173460035507,0.13649653503771308,0.13336665332317352,1.003101947212477,186824440.54618523,805.3534078083009,0.14955257673613684,209358004.8800711,722.2286557474283,1.0847863940132987,0.0,0.0,0.0,0.0,0.0,0.0
Steel,6,4,5164.78,1.27,1.4758821904659272,0.10232134473323823,0.03759241746228899,0.41505660217861146,0.11132021725177765,0.27558148776892755,0.23789922781793713,0.04168766990303993,0.508607493662978,0.2874765443091964,0.1392272013425827,0.6607750930028693,0.22475389119739042,0.08541271388530731,0.8878324558131993,0.39789651432299505,0.10767515003681183,1.034497107524411,0.4510349951844351,0.1009557855129242,1.2985217684152424,38182044.49118739,533.0734485665197,0.154814310865896,43161214.14970212,143.86740717961158,0.6914776351970455,42698434.45639893,363.0969197240497,0.9916099132570753,51521882.72172388,281.6052737137143,1.3277671959957262
Steel,2,2,5165.25,1.279,1.0750229954719543,0.10274094057083132,0.045810949082823516,0.25555625098596607,0.0801406529545784,0.5511592077830657,0.34886338180487336,0.1111458194255829,0.9024954608029339,0.0,0.0,0.0,0.0,0.0,0.0,0.0,0.0,0.0,0.0,0.0,0.0,36750162.89343495,322.4123519324952,0.15897227216555854,35606308.547690965,895.2627223141684,0.8892245747405184,0.0,0.0,0.0,0.0,0.0,0.0
Steel,3,2,5165.77,1.29,1.3243138194084167,0.11244203865528107,0.011621712460631973,0.30607634856687443,0.08431760758161545,0.13244138194084168,0.3303855317276178,0.08892316460609437,0.3279809879876975,0.3632240446398381,0.13671604931354522,0.8638630006614096,0.0,0.0,0.0,0.0,0.0,0.0,0.0,0.0,0.0,71251360.09409389,437.1409917460776,0.14976487403160943,78535157.16660815,387.4897805929968,1.1636396896014167,0.0,0.0,0.0,0.0,0.0,0.0
Steel,2,4,5166.2,1.298,1.3207368165254594,0.11880025923252106,0.06000000000000005,0.2655831315704469,0.04479223519563675,0.31977282445787214,0.267763789106439,0.09251700580120087,0.8155685672202413,0.0,0.0,0.0,0.0,0.0,0.0,0.0,0.0,0.0,0.0,0.0,0.0,10704283.162550699,377.0074004663314,0.16845145485416724,10331844.485468002,464.81149949042566,0.45663155683429113,13323669.219536543,578.7285549239424,0.7764869750478338,11896249.04355728,206.74838978139192,1.0525169156864291
Steel,6,2,5167.48,1.323,1.2794482856988907,0.08989426600933076,0.015201323756337912,0.2238590717546667,0.05437083452939988,0.1819801861164363,0.20662293574008814,0.05383033066987991,0.35682625791698874,0.3163912934874271,0.03337548784911633,0.4943876609346306,0.25416008175948723,0.06757834136486053,0.6470897611948895,0.17081736105946976,0.09382874369621277,0.9295896399829537,0.2984649135966896,0.09531847476959229,1.0857909751897779,81997798.52849706,495.4407288872645,0.14499199359663503,68320485.77486004,255.75778301024963,1.1337902294731261,0.0,0.0,0.0,0.0,0.0,0.0
Steel,2,4,5167.78,1.329,1.4993487805128098,0.11403883039951326,0.01270447597660866,0.19998097874314652,0.07798723846673966,0.7361686476752419,0.1995492831785726,0.1330387634038925,1.037932120030051,0.0,0.0,0.0,0.0,0.0,0.0,0.0,0.0,0.0,0.0,0.0,0.0,27024685.480689257,474.4271768269219,0.1835790131129761,20088101.34308462,103.35428651805796,0.3235475918664814,22818761.067610692,523.7936466278502,0.4390210273679002,22314948.818098303,219.6521559871551,1.2580767835331153
Steel,5,2,5167.79,1.329,0.9677962720394135,0.12961985635757448,0.016023642353246596,0.22299436098027534,0.13966880202293397,0.14704362181284564,0.3631131444897969,0.10618966519832612,0.34723480980093985,0.3019990520532107,0.09758196592330934,0.4925754961903678,0.20194822604867885,0.08318904280662537,0.6990320969776256,0.22692834976093607,0.04914394989609719,0.8332613430356948,0.0,0.0,0.0,48078039.16379505,761.2437672179207,0.11657335700035654,57364724.70207791,272.7475752184553,0.8078375373679266,0.0,0.0,0.0,0.0,0.0,0.0
Steel,4,4,5167.99,1.333,1.3596983492374421,0.10984613060951234,0.003149260269162038,0.16465938076155762,0.09674737930297853,0.3386514250376865,0.38657632382508966,0.08902078926563263,0.606154476516427,0.2930496360772403,0.07794362545013428,0.7661705452613858,0.44248267845248296,0.08008013635873795,1.0097834716041467,0.0,0.0,0.0,0.0,0.0,0.0,46487226.20520403,258.47678034241346,0.1701276597747769,67167946.80206965,830.1055014716072,0.3138544622768041,63409292.326460294,543.014842326672,0.31028598110547545,44000172.33141554,466.5595993522242,1.1377618038551827
Steel,6,2,5168.01,1.334,1.4172565698623658,0.10203640043735505,0.014612245816784308,0.2668682278031938,0.08347746521234513,0.2231821733435283,0.49111079382598777,0.02,0.28692597110868384,0.23103762471740866,0.08517896950244905,0.4769639685420357,0.25927354649750356,0.02009238371276297,0.7573404503081147,0.30028557188739924,0.1217068487405777,0.8391279771973439,0.34247242653919496,0.1019312185049057,1.0627658283944177,116173260.1243202,289.0170062888274,0.1553973269081769,122601838.38888063,717.5459854503812,1.1852889634222687,0.0,0.0,0.0,0.0,0.0,0.0
Steel,4,4,5169.34,1.36,1.0692936047911643,0.12223968398571015,0.019964009936092014,0.20666843765895931,0.1483998280763626,0.13779478234794446,0.28280299015135435,0.11672197043895723,0.35812450487873393,0.19632869599151884,0.11433010041713715,0.5662062805575658,0.3340824039688937,0.0380650968849659,0.7575403400568357,0.0,0.0,0.0,0.0,0.0,0.0,23829059.2786317,709.9172811001064,0.10692936154841004,21876155.600289825,215.87890717575155,0.5091513752817686,19275685.336997785,641.3298393579898,0.7263284724113663,31480451.344343975,275.89912479051327,0.9279139688772422
Steel,5,2,5170.21,1.377,1.1638124242424965,0.1033622809648514,0.05103307259334903,0.22956987503679138,0.06112477332353593,0.24772485804723543,0.17674128637518052,0.14103274226188658,0.38529700813994866,0.2632302206351746,0.08498322427272798,0.5716769839373592,0.3240366890600096,0.09226735353469849,0.7367359342696609,0.3408382570801843,0.12760125041007997,0.9511810693912589,0.0,0.0,0.0,68812947.36203086,519.1597021762202,0.14910840726002828,70544024.97957285,426.2493834257494,1.0143981015916514,0.0,0.0,0.0,0.0,0.0,0.0
Steel,1,3,5170.76,1.388,1.1786054521799088,0.04177159172296524,0.022513052346570767,0.2701632363134568,0.11462570190429688,0.46426013232292507,0.0,0.0,0.0,0.0,0.0,0.0,0.0,0.0,0.0,0.0,0.0,0.0,0.0,0.0,0.0,27087874.812983736,358.8317859857431,0.1355285991360439,21615467.872531682,513.0112275578325,0.3725580854448633,22073558.566511136,361.7849253180638,0.8364933296811947,0.0,0.0,0.0
Steel,6,3,5171.25,1.397,1.729728099703789,0.1186763483285904,0.010494983356598554,0.23792069375756467,0.06555950850248338,0.4238613335664412,0.27307420026336143,0.06762067198753358,0.7087418943324293,0.3743543780441951,0.056153768897056575,0.8534242877657452,0.17954216628657296,0.11283661901950837,0.9608383326452414,0.2873961120436455,0.06954795122146606,1.2447041274882302,0.2399599942417096,0.0864716535806656,1.4860259521479833,32557103.548397925,636.1087975679754,0.21241466204799733,47264243.43055445,850.32172288262,0.8200439286473633,33644246.01215613,337.90490656334316,1.5001006422269267,0.0,0.0,0.0
Steel,2,2,5171.87,1.409,1.4646042495965959,0.07291859912872314,0.013951291544989745,0.29049201218980947,0.06667810082435609,0.19469412684671106,0.21901512773847162,0.10841867506504059,0.6115811250012131,0.0,0.0,0.0,0.0,0.0,0.0,0.0,0.0,0.0,0.0,0.0,0.0,33151691.530619174,452.8996077500912,0.17950035051956542,40764436.22674626,1099.9999999999995,1.0597965854932618,0.0,0.0,0.0,0.0,0.0,0.0
Steel,5,4,5173.77,1.446,1.271305611729622,0.11753667271137239,0.0365401414231707,0.20680114417906584,0.05259185194969178,0.17079363538771583,0.4169500145764385,0.1012187421321869,0.3719756251154728,0.4291775220224637,0.10125125527381898,0.5554636994739311,0.2721792810511079,0.12771560430526732,0.8819944013874663,0.5010423654246602,0.04557803273200989,1.0518515953631944,0.0,0.0,0.0,40384551.723169036,589.348775683536,0.13133649826657956,34116640.08690048,788.5781735368311,0.5659689136011397,29045262.428922907,996.3213865703418,0.8159087204993947,39137668.4845433,560.7050223256633,1.1241358327345723
Steel,4,4,5174.24,1.456,0.9185202151536942,0.05925869154930115,0.029173872955425364,0.23158489788835696,0.08924239933490753,0.15135689275729614,0.2832924562220748,0.027052535116672514,0.3176933379280545,0.22543089945012443,0.1383559560775757,0.5367530517547553,0.38422683280477804,0.08612509727478028,0.6836258941590185,0.0,0.0,0.0,0.0,0.0,0.0,23641419.404631622,592.3429716180322,0.11410885291155727,18497024.098713215,1099.9999999999995,0.3838656724363931,23064775.41966235,738.3265062974816,0.4721764117398893,15311348.025151592,280.12501458930944,0.7739682494782868
Steel,6,2,5174.44,1.46,0.7792415544390678,0.10452092409133912,0.013917632283007885,0.2961455864121403,0.02,0.11097042065289753,0.44009090575006904,0.06647429317235946,0.17393130088610745,0.22631257686982756,0.0964066654443741,0.3325248623598161,0.42742070079974875,0.07908581614494324,0.423780283329661,0.20863872272778827,0.06118868380784989,0.5291508772777606,0.2692996186715584,0.09643331289291382,0.6760858102474946,53932258.03449825,530.9923642653274,0.08324183945573795,50031557.15232294,761.649821486494,0.6572365061418647,0.0,0.0,0.0,0.0,0.0,0.0
Steel,5,3,5174.46,1.46,1.605947083234787,0.11899273586273194,0.015784130183381092,0.252318492513743,0.10163534581661225,0.16060470832347873,0.23854997843627582,0.05226679608225823,0.24056577927291398,0.28475812762446595,0.0628660473227501,0.4079316407585109,0.4260916605137884,0.08501491606235505,0.6488128653410539,0.31823089991591,0.026354756876826285,1.1428384854068991,0.0,0.0,0.0,45710035.945778236,339.14832833198835,0.21005029242647466,42238219.929276235,456.69442761189185,0.9270607789610346,48367562.131178334,628.6837885971855,1.3614953698325523,0.0,0.0,0.0
Steel,5,3,5174.56,1.462,0.5649958536028863,0.0953921014070511,0.030223341665091212,0.2727566270729436,0.09226705133914948,0.06304734418414545,0.20880049280298482,0.06081903666257858,0.1590182979424528,0.30074929854051524,0.09400393962860108,0.24830729048021616,0.22982463627295674,0.1495790958404541,0.3902284285155555,0.5399131043456407,0.042278429269790654,0.4909973481245823,0.0,0.0,0.0,25269942.808915786,545.8535012538166,0.08340670329124927,25678330.09558298,910.7409840017245,0.33057922112942983,26382209.80920405,512.464180269627,0.5084962676776018,0.0,0.0,0.0
Steel,4,2,5174.81,1.467,0.8992231011390687,0.11358163809776307,0.022485057901308766,0.32201866291470516,0.08420659720897675,0.3297088917322529,0.2314485732847962,0.08583325386047364,0.4812644377019561,0.29190489218900084,0.07325881958007813,0.7003860165252074,0.30987394543699787,0.04257551461458206,0.8059035414863976,0.0,0.0,0.0,0.0,0.0,0.0,42274093.40651001,509.89056417512126,0.17635638040568244,31096752.97060959,681.5450877241962,0.7959025414863976,0.0,0.0,0.0,0.0,0.0,0.0
Steel,5,3,5174.84,1.467,1.0076865971088411,0.11528100335597993,0.019218361311862005,0.2602089770933212,0.07078647643327714,0.1688883983309037,0.20955545333293119,0.05218266949057579,0.250675859611067,0.17645127996294824,0.040231252014636995,0.3701707508245743,0.37998639037961707,0.1292659217119217,0.5917760605884859,0.16915464233535402,0.10355012655258179,0.8217575302141655,0.0,0.0,0.0,35755888.12696029,530.1121505792444,0.10640047079916963,24978777.066830568,216.85203446477772,0.39750599819054266,29076255.690015204,366.2371004230592,0.8645318476272463,0.0,0.0,0.0
Steel,4,4,5176.22,1.495,1.5682686358690263,0.11380185079574587,0.02303036842852114,0.27766578809315123,0.06955936878919601,0.4679703946545767,0.18395713669393993,0.0679673445224762,0.884872659825066,0.30492538681687126,0.11084460020065308,1.2530726591700327,0.22568357780346848,0.08105580568313599,1.3763785988191921,0.0,0.0,0.0,0.0,0.0,0.0,45693585.565097995,827.9989046496759,0.182401809388266,32060240.692503776,513.8300546508877,0.262415330695478,45382630.100744314,543.7523592681734,0.57589519853411,29635873.891926736,389.03512640600735,1.3879295414429875
Steel,2,2,5176.49,1.5,1.109149084985256,0.1043002543449402,0.016408150501791677,0.2824103087917769,0.0576774001121521,0.46637931062556404,0.14717658620043617,0.08074703544378281,0.6293507142646683,0.0,0.0,0.0,0.0,0.0,0.0,0.0,0.0,0.0,0.0,0.0,0.0,21329555.773590587,889.149967195377,0.3436104960916889,20178655.87026258,649.0162213073257,0.9267455314513601,0.0,0.0,0.0,0.0,0.0,0.0
Steel,6,4,5176.49,1.5,1.4828801661729814,0.11261651265621186,0.024880473537109437,0.27697845605999516,0.06823565155267716,0.2019060277721487,0.2259803609897515,0.11591816902160645,0.324867327667987,0.3596813135523693,0.07782993793487548,0.5343121629797809,0.1911190016532888,0.08087574750185013,0.7251048625964738,0.5649611018627219,0.08657001435756684,0.9194368625543499,0.3247886634404536,0.06335566997528076,1.1749896283131915,37297342.13122286,632.2681170952325,0.17588160506755987,32243103.550328117,795.8346088451593,0.749669036594412,37041772.151755944,466.894831829978,0.8294055616772511,43734371.36236341,196.48375572791835,1.28798063312539
Steel,3,2,5176.52,1.5,1.2095527738332748,0.0993886935710907,0.025990234418130545,0.28814136362103787,0.1007788771390915,0.19031032651331412,0.24982824653315228,0.10449625432491304,0.4802712963482464,0.3360175599779655,0.10749207377433778,0.8485765193387531,0.0,0.0,0.0,0.0,0.0,0.0,0.0,0.0,0.0,42533571.423356324,733.4157912294534,0.13172690510398477,48838150.548412025,430.6811945469082,0.9921902212723911,0.0,0.0,0.0,0.0,0.0,0.0
Steel,1,2,5176.53,1.501,1.259781551361084,0.08469663524627687,0.020153972317745922,0.3906967544683206,0.11047200858592988,0.774738883291429,0.0,0.0,0.0,0.0,0.0,0.0,0.0,0.0,0.0,0.0,0.0,0.0,0.0,0.0,0.0,32774769.63038609,742.9838253629957,0.27841637540646325,34364320.51112774,483.0010226958684,0.9724952648321716,0.0,0.0,0.0,0.0,0.0,0.0
Steel,4,2,5176.7,1.504,1.2848683178424836,0.11297146153450013,0.04369586702720341,0.20877698217954155,0.0824818316102028,0.3219187267629732,0.24066646022204158,0.051773903518915185,0.4426247299993568,0.3502833763601064,0.06104354858398438,0.6493074886024062,0.4117282983225165,0.09455952227115631,0.8718571013217595,0.0,0.0,0.0,0.0,0.0,0.0,70323051.02279282,486.0970307969994,0.19129540859101019,66650849.38940609,500.11711044014254,1.125763587879653,0.0,0.0,0.0,0.0,0.0,0.0
Steel,6,3,5177.18,1.513,1.3280577689409256,0.09060184466838837,0.02967387990453621,0.19587187669030404,0.03327929764986039,0.2498956164007364,0.2523910996418314,0.12580523252487183,0.41276265074034535,0.3941335465697264,0.07930192083120347,0.6308588864277376,0.25911012292570273,0.08364638477563859,0.7988529726620751,0.19271981480862257,0.07179112553596496,0.9209543095074795,0.31897431064859744,0.07515233427286148,1.0839209668049392,33863916.482180156,945.3789733321813,0.2151724284410385,35911754.08140322,424.9386556227484,0.7763318953454355,31814640.398886994,343.88465812775627,1.148576871440139,0.0,0.0,0.0
Steel,6,2,5178.01,1.53,1.3114155918359758,0.10782319200038912,0.003743861420530516,0.3103074872562708,0.07384232431650162,0.20492963664016028,0.2771675664627117,0.049497735649347306,0.3416237796407272,0.3563978049796646,0.13512125492095947,0.4679432892906371,0.17815232672276254,0.13246625006198884,0.6925164247757098,0.27005097764141006,0.10112726986408234,0.8946973751233985,0.2652790450244309,0.09216995358467103,1.029287535749122,177893026.57076016,627.6887498371849,0.1485497355753306,164482031.4453269,270.9124326536629,1.1404462343217237,0.0,0.0,0.0,0.0,0.0,0.0
Steel,6,2,5178.78,1.545,0.9319670841097832,0.11873698341846467,0.03278147263802209,0.32479734019628337,0.07387462824583053,0.11486025425783626,0.2029419484772153,0.1359533929824829,0.2912721414993815,0.29229315190922545,0.03944410040974617,0.4193337488233694,0.30236544888200256,0.09523746311664583,0.5199157370804217,0.4602282516769698,0.04691075772047043,0.6409375364935767,0.22364249870764788,0.09257632911205292,0.7683228042796301,52674648.9308038,294.22206999667674,0.13391988925196402,48573064.482554995,276.8590930997584,0.7874937195049664,0.0,0.0,0.0,0.0,0.0,0.0
Steel,3,2,5178.83,1.546,1.339291712641716,0.14057164204120637,0.013664023930358985,0.373942284552235,0.12177555561065674,0.34810561899434,0.35682606562257535,0.10168434023857117,0.729827038622519,0.16513603143552208,0.0457012452185154,1.0332363416255277,0.0,0.0,0.0,0.0,0.0,0.0,0.0,0.0,0.0,55952792.90585077,524.2469046992007,0.2390867304143123,75400651.40058866,790.514138450924,1.0975269971270651,0.0,0.0,0.0,0.0,0.0,0.0
Steel,4,2,5179.21,1.553,1.0482463628053664,0.10727778935432435,0.03450908802966501,0.41728163117585537,0.08595898270606996,0.17707545498898852,0.1280655050004858,0.11206883311271668,0.3492681478390235,0.41597204663389076,0.14378348112106323,0.7485597757909815,0.17359249075456104,0.04322814464569092,0.94341172652483,0.0,0.0,0.0,0.0,0.0,0.0,65156228.42616401,936.4506411889931,0.13023742727667284,57367170.707571484,302.84604780848645,0.9292099085461462,0.0,0.0,0.0,0.0,0.0,0.0
Steel,6,2,5179.91,1.567,1.2620840698480607,0.16,0.025960983551661578,0.22253643724876399,0.07753625422716141,0.15830591470012423,0.2023359714144166,0.09383382678031922,0.29220504108086653,0.3523448123596369,0.07717570394277573,0.4458670979196019,0.22704487406066157,0.10482884764671327,0.6321437053332964,0.24418974263826376,0.093010413646698,0.7953114685702477,0.43086854397251667,0.14147261500358582,1.0068080095406884,92741576.05063544,215.3801328260426,0.1847245167960486,83139440.53838442,377.61166722146214,1.0539077492531033,0.0,0.0,0.0,0.0,0.0,0.0
Steel,1,2,5179.97,1.568,0.8445049032568932,0.09288701057434083,0.024740327679677248,0.28289071314154884,0.11161430001258851,0.7600444129312038,0.0,0.0,0.0,0.0,0.0,0.0,0.0,0.0,0.0,0.0,0.0,0.0,0.0,0.0,0.0,31505962.176104918,668.0760140575129,0.39035249959774904,23939512.822489813,442.02151137690873,0.7500434129312038,0.0,0.0,0.0,0.0,0.0,0.0
Steel,1,3,5180.56,1.58,0.9240787997841835,0.08421284103393556,0.006522887271559205,0.6144294037314547,0.09159866452217102,0.26068620241995216,0.0,0.0,0.0,0.0,0.0,0.0,0.0,0.0,0.0,0.0,0.0,0.0,0.0,0.0,0.0,35157129.449166045,743.1140661098622,0.1297743461382403,28304331.87573479,769.6738528132624,0.29594515813339206,24555721.177866697,327.94382319583474,0.7344643088546725,0.0,0.0,0.0
Steel,4,4,5182.42,1.616,1.1484700381755828,0.09507788062095643,0.003107855263112279,0.2820850387248019,0.048078379333019255,0.30610971027268175,0.47376955058325404,0.08046767115592957,0.5223869803697921,0.3542580681773047,0.033898617401719094,0.6742481633637301,0.37843370734651527,0.029051571264863015,1.0336130343580248,0.0,0.0,0.0,0.0,0.0,0.0,28911628.260027736,104.74154707341923,0.178123330615231,32680280.015117723,242.40899943651073,0.7541564852128747,38838647.51289758,706.0295459711219,0.8777123510667479,28792715.59406837,378.4937787962261,1.0236120343580248
Steel,2,3,5182.92,1.626,0.6534680396318435,0.08147063094377519,0.00520743413602992,0.3090597559388355,0.10835811972618103,0.3047714300992205,0.2871840878422198,0.08698358833789827,0.5093356393416746,0.0,0.0,0.0,0.0,0.0,0.0,0.0,0.0,0.0,0.0,0.0,0.0,14087153.109547537,675.8844873045032,0.1062117945012298,12318466.054290604,941.1069837032852,0.37269308195166273,14153328.466261892,466.12087113186743,0.5685301457649112,0.0,0.0,0.0
Steel,1,4,5183.2,1.631,1.4669039011001588,0.06950216645002366,0.016526712827164034,0.3550385695490739,0.14658367931842803,0.7786181241116861,0.0,0.0,0.0,0.0,0.0,0.0,0.0,0.0,0.0,0.0,0.0,0.0,0.0,0.0,0.0,33505961.991270285,362.9385380458774,0.19202380533186,36224108.25662693,885.4805359419867,0.4068834085818883,35743171.57977323,205.07942206454308,0.9878256711652174,34420424.59397317,1099.9999999999995,1.2209565192890801
Steel,4,3,5183.28,1.633,0.8108607977628708,0.06405298554897308,0.006483903137670484,0.24105382108735443,0.06963639378547669,0.09872932763548904,0.41342867619829426,0.11701293826103211,0.33741345218804814,0.42746784458544784,0.02,0.5039988632709831,0.18687032124341013,0.07993973940610886,0.5762305155752889,0.0,0.0,0.0,0.0,0.0,0.0,33272737.14882303,163.27513725031932,0.11911543620592285,39913350.90971757,503.1754652322265,0.5394457994181878,33913613.039968364,713.9438003415869,0.7297747171757228,0.0,0.0,0.0
Steel,3,3,5183.5,1.637,0.9060196161270142,0.13060956084728242,0.048629429116481764,0.2582166866711232,0.10164159893989563,0.24129606459308886,0.3578593063761408,0.10311035454273225,0.43548704767076296,0.22204587075456508,0.09303895175457001,0.6464726548916294,0.0,0.0,0.0,0.0,0.0,0.0,0.0,0.0,0.0,24814693.984366562,356.499884254431,0.14049334632883856,22887334.730628345,474.961218821146,0.5638673148522508,31618417.47896357,621.0764311171404,0.7991634620003208,0.0,0.0,0.0
Steel,4,2,5183.7,1.641,1.1535368800163268,0.13121785843372347,0.012770577599928676,0.26480329556715565,0.12436583638191225,0.21481882253310566,0.18138925805010184,0.03836983010172844,0.5324648434936654,0.20829814223194895,0.1073984706401825,0.7984597739379719,0.29862623872020044,0.08173924416303635,0.9554468516958506,0.0,0.0,0.0,0.0,0.0,0.0,52065122.65014998,565.9638871377048,0.11550184008615105,38970754.36660353,647.3607961943694,1.0381831908611574,0.0,0.0,0.0,0.0,0.0,0.0
Steel,3,2,5184.5,1.657,1.4025923907756805,0.08411627686023714,0.011108337049101065,0.26060261828591286,0.02,0.24774034886363336,0.1414736591195924,0.07256177842617036,0.5677207560173916,0.3359393025984917,0.11693360805511475,0.8724967821727132,0.0,0.0,0.0,0.0,0.0,0.0,0.0,0.0,0.0,259309226.32087952,532.5066312684067,0.14025924048016047,260951445.67895716,498.67642125653924,1.1491363432429047,0.0,0.0,0.0,0.0,0.0,0.0
Steel,5,4,5185.03,1.667,1.4768276333808898,0.11683547580242158,0.016915430204623064,0.34667987035977876,0.08305575519800187,0.27586434456418957,0.3880313602000653,0.09490351378917694,0.5741149325256303,0.19777855813846157,0.050370284616947175,0.9248780489904485,0.33643612752491786,0.0801551041007042,1.0431973150850935,0.1764654827243327,0.07998963266611099,1.1528174431610871,0.0,0.0,0.0,25926470.832696322,103.30873134000839,0.14768276481491663,31023841.878967997,359.4403379475756,0.4442646034095834,24648836.119628444,755.5983839928757,0.7348722094952479,28058125.5041644,452.95664681275014,1.3107906746975886
Steel,1,2,5095.78,-0.083,1.5470129311084748,0.10980271100997926,0.02782767156720643,0.22867607524237807,0.09798950374126435,0.8267992508533909,0.0,0.0,0.0,0.0,0.0,0.0,0.0,0.0,0.0,0.0,0.0,0.0,0.0,0.0,0.0,32629646.141021084,473.4231252757267,0.502533225461996,33673728.77106278,453.3949048566248,1.1561265756757773,0.0,0.0,0.0,0.0,0.0,0.0
Steel,2,2,5185.44,1.675,0.8073784604668618,0.06253509813547135,0.014152045253627501,0.32321645555091905,0.0760254043340683,0.3329161440111391,0.2066835728370303,0.05889133512973786,0.5177455984427748,0.0,0.0,0.0,0.0,0.0,0.0,0.0,0.0,0.0,0.0,0.0,0.0,18259274.711531676,815.603807833801,0.14761145422178532,19748157.465931922,238.2541094709371,0.697591639101399,0.0,0.0,0.0,0.0,0.0,0.0
Steel,5,3,5186.54,1.697,0.8218869954347611,0.12688945758342743,0.027013550561136877,0.22943849112471618,0.04015378728508949,0.11770551152243175,0.38225781113410623,0.06088270306587219,0.27511547904850703,0.3129908188534249,0.0797341611981392,0.42030966551714377,0.3124271366042816,0.08913905620574952,0.5562819352275691,0.21488517849196842,0.12571040511131287,0.7083908032063729,0.0,0.0,0.0,30375200.71979475,940.4636954634802,0.0821887003653631,35161507.63683333,398.7971620036615,0.25548945357212377,31231231.61714664,92.29905038693248,0.7335471928223216,0.0,0.0,0.0
Steel,3,2,5186.73,1.701,1.4006251990795135,0.09425982320308686,0.014411213913964344,0.19775983334187172,0.07106881618499757,0.2773614964505231,0.21346945248806848,0.10036287009716034,0.6040492083095498,0.2381002546303401,0.0832729059457779,1.1109793295695836,0.0,0.0,0.0,0.0,0.0,0.0,0.0,0.0,0.0,27814913.14287364,457.55149263009196,0.2082480202853522,26917439.717829186,535.6874255943754,1.157876648952236,0.0,0.0,0.0,0.0,0.0,0.0
Steel,5,3,5186.88,1.704,1.0269378393888475,0.0990142778158188,0.0017483315505689883,0.34737895433885535,0.07597486019134522,0.10270378393888475,0.31116040834241154,0.05320013672113419,0.1703012823951245,0.2803110963179017,0.07359065353870392,0.2708013318796554,0.29450924020834746,0.1001965618133545,0.5905488533611725,0.16463935123796442,0.09919889807701111,0.8310462552414678,0.0,0.0,0.0,43888249.49624121,656.6255672630992,0.14095231740277417,28324803.94769747,449.0912273115639,0.710279632216064,36030687.58786004,729.089960170969,0.8879093351492482,0.0,0.0,0.0
Steel,6,3,5187.95,1.724,0.8613185480237008,0.09780948126316072,0.020009086614193854,0.2797223893183554,0.07572310417890549,0.09551415815371976,0.2549165432373215,0.12634680569171905,0.22354665309230126,0.31691730549400204,0.1210838532447815,0.3626829310769036,0.31635095474456265,0.11594118237495422,0.4935292165490365,0.1828137687883209,0.10966500699520111,0.6123112041364598,0.24814089299481,0.13980898201465608,0.7599027375007654,33408068.5121153,1072.6674854604032,0.12675394449064584,44378222.828527436,522.3352043048437,0.4212977162138596,35938963.78390797,450.4101161520941,0.7751866923600121,0.0,0.0,0.0
Steel,4,4,5188.63,1.738,2.027414485812187,0.09406029617786409,0.023862621898283,0.29055354415494455,0.1179217952489853,0.7469808688110919,0.38132938410824746,0.06892949253320695,0.9448689982912052,0.2180720101164283,0.1263510286808014,1.2551209143560564,0.3333289458141196,0.08683178544044495,1.7234696028828513,0.0,0.0,0.0,0.0,0.0,0.0,38603649.02766543,347.4612299676026,0.27189956248937414,33121607.09120293,289.54444614703544,0.8518436893102991,39238287.28489878,416.541812880827,1.4748711019075946,33539803.83490721,333.9917472205448,1.824673035203554
Steel,6,2,5189.08,1.747,0.7724074929952621,0.08924669611454011,0.006662113967769143,0.2938659606715146,0.08137321174144745,0.1212822885342309,0.24978298204361898,0.07908182948827744,0.2528727062016568,0.35899611060912656,0.07458736419677735,0.3762333069447046,0.2609916813182356,0.06547948867082597,0.4697440652510765,0.3579258524036271,0.08977331042289735,0.5719665160551417,0.3813363356565048,0.10543071269989014,0.6790936731588225,54445348.17771125,528.4257612625948,0.09811471045249012,73015007.77991672,463.1089461711957,0.6656910160077535,0.0,0.0,0.0,0.0,0.0,0.0
Steel,5,3,5189.6,1.757,0.78136086165905,0.102795591711998,0.030872404722842462,0.2462708923040471,0.0821183717250824,0.1742469400661308,0.2656548795255998,0.09669586658477784,0.2934952310754341,0.5322121564161156,0.07111321568489075,0.4027101505895081,0.2549165230242934,0.07480106294155121,0.5319646763127249,0.33930086520257746,0.10204072952270508,0.6417082242255311,0.0,0.0,0.0,46951371.411207765,660.4917548858102,0.07820870598205068,41193974.89674408,576.8161809685001,0.28277835967477616,41217322.38568157,404.7406350500824,0.6780007490546334,0.0,0.0,0.0
Steel,4,4,5189.68,1.758,0.9453773990273476,0.06835996013879776,0.020145854830914415,0.2542624001258584,0.059380554854869844,0.2206782651212344,0.24311419678625712,0.09402799129486085,0.43450704345499636,0.2529657774632286,0.06587624818086624,0.5792138881472575,0.2752976825898665,0.10662123918533326,0.7323436905568516,0.0,0.0,0.0,0.0,0.0,0.0,18292478.53919813,522.5984892545821,0.11009474334389474,10522124.567262707,435.2104894058243,0.5316913618856607,16476665.944732245,534.9821494130921,0.758282299230156,13544683.35138972,1099.9999999999995,0.8409434935355282
Steel,5,4,5190.03,1.765,1.2942601144313812,0.0882182736992836,0.04471422015159873,0.18750377494428164,0.06213958472013474,0.3456693597218803,0.2634125799777884,0.11399473309516907,0.5394555806646537,0.2619869455106634,0.11566165924072266,0.8370624263279733,0.347841025448205,0.060878805518150336,0.9969772040858944,0.5650203726336649,0.046122298538684846,1.100210707528955,0.0,0.0,0.0,37228644.461678855,81.19314506901914,0.17145296066618487,32708916.073885124,276.8106225535887,0.4160105684300546,37409159.778286934,588.7003614599279,0.6575551103646862,44021727.78260723,565.6271336217087,1.1278708204869625
Steel,5,2,5190.62,1.777,0.90830537378788,0.10471569442749025,0.03359535025831781,0.29106174037500687,0.05153166666626931,0.1070654454029655,0.3878311858340967,0.1233993297815323,0.2216322195509631,0.3648143597254111,0.08648357868194581,0.3958535749876148,0.33883307293273424,0.12136048614978791,0.5592838899798459,0.4186287428769501,0.0891970545053482,0.7543975821790054,0.0,0.0,0.0,91034801.69138631,707.6533691327694,0.12845346833484686,74334326.42551158,418.45208330523127,0.793279699895166,0.0,0.0,0.0,0.0,0.0,0.0
Steel,1,3,5191.48,1.794,1.5475155353546144,0.08960298228263856,0.010678419937960756,0.3522184333577326,0.0869408005475998,0.546101144802486,0.0,0.0,0.0,0.0,0.0,0.0,0.0,0.0,0.0,0.0,0.0,0.0,0.0,0.0,0.0,14456164.92107721,133.5979963463918,0.19825932422842796,16003903.348549552,463.15121109889174,0.665665335044088,14256192.586569235,1085.019588778677,1.1969452854460425,0.0,0.0,0.0
Steel,6,3,5191.66,1.797,1.8766419231891633,0.140095050573349,0.04478814294609933,0.1847048946072441,0.15,0.2634329267998953,0.24264617311272077,0.08016953587532044,0.6010264413091078,0.3377574157779497,0.13128180623054506,0.7797784529250841,0.18272377590228575,0.08777482151985169,1.039438847357331,0.2226965685962803,0.11860918164253235,1.3366578940539007,0.209565511553555,0.10574117600917816,1.680385891207979,65715974.2577823,538.4715703507509,0.2001013757443147,65267844.24602482,414.60013424304225,1.2297574268969074,59207440.99415766,186.29003895394771,1.670384891207979,0.0,0.0,0.0
Steel,2,2,5192.54,1.814,1.1848358482122423,0.08195488643646241,0.04915880622771452,0.23366618765339583,0.050084118992090226,0.2851533008862154,0.37128307864244037,0.0926608431339264,0.8402192653578132,0.0,0.0,0.0,0.0,0.0,0.0,0.0,0.0,0.0,0.0,0.0,0.0,30702263.648617145,331.2949500857883,0.13793946261227089,31466295.529539235,1024.4086716317984,0.9779699466494062,0.0,0.0,0.0,0.0,0.0,0.0
Steel,6,2,5192.91,1.822,0.879252852499485,0.11838137435913088,0.024025196729804573,0.321119840171607,0.1237182003259659,0.10398059657344252,0.30322078587547546,0.12120575428009034,0.24581701551416196,0.15674673058671162,0.08544006645679475,0.36434484975650305,0.21883924228831164,0.06938276648521424,0.4679171540016342,0.3308175648685853,0.0812851294875145,0.628420637407164,0.29789168645003794,0.06059789538383484,0.7575386088836971,57455650.769647874,683.3505482044155,0.12322110144637241,52188421.140272796,380.42730434148365,0.7713986035421001,0.0,0.0,0.0,0.0,0.0,0.0
Steel,5,2,5193.41,1.832,0.9196336522698403,0.12306128776073458,0.014345126929166395,0.37522808865228263,0.08492209941148758,0.14869596028050158,0.3289979025528002,0.146687068939209,0.3096442311421556,0.14766911671017732,0.07509439021348953,0.4786019375615612,0.3461602461762312,0.08172280937433243,0.5679298256202436,0.22455125469612558,0.11606699645519257,0.7424199399990293,0.0,0.0,0.0,62157691.624707356,746.8962993978425,0.09932881111570421,58245684.57638299,230.68174822501774,0.7887417430654492,0.0,0.0,0.0,0.0,0.0,0.0
Steel,1,3,5193.73,1.838,1.4122996658086777,0.10513597583770753,0.021930265326187103,0.3278789418234209,0.02,0.26255310995822223,0.0,0.0,0.0,0.0,0.0,0.0,0.0,0.0,0.0,0.0,0.0,0.0,0.0,0.0,0.0,43057653.78007442,565.068009596551,0.15355508966921008,29347786.648265596,587.2263035971363,0.2307048978024254,38905340.476637974,435.6365569936214,0.8492217863884539,0.0,0.0,0.0
Steel,3,4,5193.95,1.842,1.1345883801579477,0.047827631354331976,0.015386241558068874,0.32682922492275956,0.05597822427749634,0.5832553765414284,0.3664266816405892,0.12188283503055573,0.6978925637161179,0.16947479424087478,0.040621448457241055,0.9633819742768339,0.0,0.0,0.0,0.0,0.0,0.0,0.0,0.0,0.0,17935635.734637912,223.3408659336388,0.21243377393275514,23797946.450644325,178.52977552720196,0.5507133059035751,19479337.9296859,835.6357581212797,0.7516828235421721,18127003.80159755,1018.9324256555349,0.9962042405886098
Steel,1,2,5195.01,1.863,1.7198297291994096,0.10510768961906435,0.023629625635932038,0.2678505029191554,0.11351389348506928,1.0197525264092788,0.0,0.0,0.0,0.0,0.0,0.0,0.0,0.0,0.0,0.0,0.0,0.0,0.0,0.0,0.0,38010364.99499431,189.80704657225982,0.2696275788682714,32923726.50319101,420.0456773076488,1.3629561729940194,0.0,0.0,0.0,0.0,0.0,0.0
Steel,2,2,5195.27,1.868,1.1691066950559617,0.0722859171628952,0.01730321568550152,0.42615041269544585,0.043652706146240235,0.2843146109367837,0.2825693635125725,0.0789839917421341,0.7240388155995345,0.0,0.0,0.0,0.0,0.0,0.0,0.0,0.0,0.0,0.0,0.0,0.0,27739038.926657703,606.8004482267779,0.14796770947004048,43091329.40921839,553.2185713894033,0.9315645865756541,0.0,0.0,0.0,0.0,0.0,0.0
