material,n_disks,n_bearings,cs1_pred,rel_err_pct,L,OD,ID,d0_OD,d0_W,d0_pos,d1_OD,d1_W,d1_pos,d2_OD,d2_W,d2_pos,d3_OD,d3_W,d3_pos,d4_OD,d4_W,d4_pos,d5_OD,d5_W,d5_pos,b0_K,b0_C,b0_pos,b1_K,b1_C,b1_pos,b2_K,b2_C,b2_pos,b3_K,b3_C,b3_pos
Steel,6,2,5000.17,0.003,1.2700935393571855,0.12219863426685335,0.0089902664594978,0.3286984072338144,0.0799433696269989,0.26506014177047316,0.21316157280348247,0.08963319242000581,0.4119435173898952,0.32351776254149106,0.05932972013950348,0.6235281533475232,0.26511113096848793,0.14616626203060148,0.8614621380804133,0.46995556052836135,0.05261546194553375,0.9660764587957869,0.259181849287299,0.0821273484826088,1.039194221110715,89043556.51269515,350.3367430969489,0.1653630986680205,74054400.37321112,594.5351337379192,1.1255657381979753,0.0,0.0,0.0,0.0,0.0,0.0
Steel,6,3,5000.61,0.012,1.768454760313034,0.09331558656692505,0.024692541304801887,0.2726205665461048,0.11163144767284394,0.31954971284757105,0.2883024528327363,0.048815678358078006,0.5358340524580114,0.2466345523134421,0.07726955890655518,0.6617050253594738,0.5241115238514356,0.12163909494876862,0.81271309052764,0.2485634541903417,0.060357146263122566,1.1582951348715036,0.25176276012907745,0.09693797171115875,1.3558488224230207,80184643.00939105,188.16844030258355,0.1983535597179174,67796991.2518707,409.9194378275353,0.9229183673951019,80865592.85770097,327.40612416654955,1.53811701723903,0.0,0.0,0.0
Steel,5,2,5000.81,0.016,1.2812236100435257,0.1260174345970154,0.014060405495735085,0.2769136829297833,0.04548469692468643,0.24739408984615024,0.2549663589847556,0.11102023780345917,0.43703317731161484,0.2822621965652667,0.14541216790676117,0.7692528012794166,0.16233044635318788,0.08085724771022797,0.9093450070975465,0.32169311874628637,0.09976810276508331,1.1205872376686659,0.0,0.0,0.0,69356129.73507,527.5396508599364,0.1752407173519719,51036462.39999648,242.93940027412373,1.0900999040548291,0.0,0.0,0.0,0.0,0.0,0.0
Steel,1,4,5001.35,0.027,0.9396462991833687,0.08723468858003618,0.0061284219404191455,0.6364028719168746,0.09225508749485016,0.24740008247689688,0.0,0.0,0.0,0.0,0.0,0.0,0.0,0.0,0.0,0.0,0.0,0.0,0.0,0.0,0.0,27430667.60240125,741.1738640678607,0.12114544865320065,22628739.211343005,779.0280070976132,0.2343461848260891,18888917.02480206,328.9615740652898,0.534647488738843,24744573.35361447,494.72132698240716,0.7359966161768337
Steel,5,3,5001.83,0.037,1.0657751545310021,0.09299620282649995,0.023662891643196484,0.31246862171809087,0.02375831063836813,0.22448740991199578,0.20961583872754325,0.02,0.3090880734813175,0.37002717834181253,0.10600940167903901,0.38024490650969617,0.2335398599803963,0.07741636008024216,0.5316735110598871,0.2917881369206161,0.07484845340251922,0.7126204367726536,0.0,0.0,0.0,32327307.494938415,366.9290206973913,0.1662017905067479,25824580.269555874,455.7466593667171,0.6765984139157936,21437495.64849675,642.0479643719365,0.9221204602660695,0.0,0.0,0.0
Steel,6,4,5002.41,0.048,1.630417338013649,0.08481763458251954,0.010252417758349211,0.41594451940927973,0.04583348289132118,0.2381478037520282,0.3193230162015803,0.09566094756126405,0.4214140351731702,0.2862406868260633,0.11397546231746675,0.724403482241585,0.24879235934031702,0.06207670480012893,0.850847815585753,0.42421154802705763,0.14893929362297056,0.9836868235608335,0.42935578871590774,0.10743701219558717,1.3303672844313286,73028865.86660324,300.6529497568157,0.16304173543178224,63941895.04891641,506.2431670061354,0.33070979995914535,72328022.53590342,302.23713520609533,0.8872084944580296,83524759.60443826,721.4965857434768,1.4350092625354423
Steel,3,2,5002.78,0.056,0.7499007359147072,0.09445896089076997,0.02116137847433223,0.26653516093459406,0.039994332641363144,0.26286050680875855,0.3900109826858275,0.09372615993022919,0.44811702789088453,0.27092447842149403,0.07327833831310272,0.6273111253554744,0.0,0.0,0.0,0.0,0.0,0.0,0.0,0.0,0.0,31666200.1770694,236.00997426496986,0.12282904288920374,29208890.175595094,479.5853535338028,0.6069001199158319,0.0,0.0,0.0,0.0,0.0,0.0
Steel,1,2,5003.11,0.062,1.0048661470413207,0.0646009231209755,0.013685984171084895,0.24984269027369665,0.02,0.3045667368782597,0.0,0.0,0.0,0.0,0.0,0.0,0.0,0.0,0.0,0.0,0.0,0.0,0.0,0.0,0.0,9091920.692847306,309.0378504327801,0.14753470605185184,6538947.358693441,763.8806638683283,0.6430628918366448,0.0,0.0,0.0,0.0,0.0,0.0
Steel,3,3,5004.02,0.08,0.8757985785603524,0.09651968216896058,0.00956020859893851,0.3333640134615208,0.06742586433887482,0.13793668573888213,0.2771758945784396,0.07836218565702438,0.3874225458741538,0.31476343727318795,0.08091752022504807,0.5430606692606369,0.0,0.0,0.0,0.0,0.0,0.0,0.0,0.0,0.0,17137151.083881214,407.2369169421499,0.11267540169813939,20655265.46785869,404.8885616901608,0.42600199498691466,17071772.389373023,302.8546449875539,0.7381740401574292,0.0,0.0,0.0
Steel,6,3,5004.56,0.091,0.8410530552268028,0.12127166390419007,0.015498230901078373,0.18908040947998375,0.08979227125644684,0.0977270238855122,0.3353294775463386,0.07558571368455887,0.2108975063118335,0.26520342334462826,0.12014733374118805,0.3785730512987976,0.23938081061106486,0.08488337576389314,0.5227993326336213,0.1273479806241095,0.05418776988983154,0.6018144661377882,0.4063780643930741,0.07924541413784027,0.73170496220233,33377380.3912303,607.40896631916,0.11273241516911642,30710919.456013635,595.9163778444985,0.453695460834548,27619978.730835833,289.41456373212947,0.7151172944981312,0.0,0.0,0.0
Steel,1,4,5004.75,0.095,0.564986315369606,0.11473819065093996,0.056694390915021986,0.30606177067330553,0.08684210658073425,0.13266325775923815,0.0,0.0,0.0,0.0,0.0,0.0,0.0,0.0,0.0,0.0,0.0,0.0,0.0,0.0,0.0,8283110.035600809,477.24922765770737,0.06152608674454453,7161319.389040686,198.57564796468142,0.2286708864921856,7598105.92758362,136.87268354822874,0.2805317441968991,8304764.456986044,262.8592017191622,0.41395542077155423
Steel,3,2,4999.74,-0.005,1.1045053988695144,0.09841492652893068,0.0458057179989534,0.16663943391094121,0.09711236953735353,0.22963453881393536,0.38000264968292724,0.09777176797389985,0.33608269326700635,0.3109748240134718,0.06529320061206818,0.618381664346598,0.0,0.0,0.0,0.0,0.0,0.0,0.0,0.0,0.0,38908149.189469814,336.1481767588783,0.13105086621045936,34581302.18511262,515.7610334255643,0.9331072049207867,0.0,0.0,0.0,0.0,0.0,0.0
Steel,3,3,5005.78,0.116,1.324129229784012,0.09440524077415467,0.03613154777350005,0.3896072415567788,0.08173021703958512,0.26378661547386095,0.36979300173005214,0.1371471118927002,0.6212293885592257,0.28617905110678143,0.10237039387226106,1.0666656195034903,0.0,0.0,0.0,0.0,0.0,0.0,0.0,0.0,0.0,36775678.03136321,736.0280871085993,0.1918119658473045,59505091.63086271,428.6412657012626,0.8796944547343672,39934462.396246016,404.11636064075515,1.1436914528066473,0.0,0.0,0.0
Steel,6,2,5006.52,0.13,1.6018431067466736,0.10828645288944246,0.01091507401156017,0.3236777809443371,0.08129843771457672,0.17712119943291502,0.27670697856047954,0.05489923119544983,0.28427839384387577,0.22763005336578998,0.1410103487968445,0.41839411499294804,0.30898558364733136,0.07853487104177476,0.8216265518673254,0.2034210904524294,0.02,1.0030952413063237,0.15530511768068664,0.09021741390228272,1.422523567926493,105511080.13294095,454.9660407413574,0.22437118142870918,98556427.71416402,605.1662229583862,1.412456354774891,0.0,0.0,0.0,0.0,0.0,0.0
Steel,2,2,5006.7,0.134,1.138840226829052,0.06543043637275696,0.01836623751270142,0.1392072512416837,0.08692513287067415,0.2286806655891822,0.35025858824406725,0.14607865631580352,0.8407481347848429,0.0,0.0,0.0,0.0,0.0,0.0,0.0,0.0,0.0,0.0,0.0,0.0,82162362.23627485,501.0272188547484,0.17365423529534785,53626661.13706124,651.4117921296272,0.9575594379493266,0.0,0.0,0.0,0.0,0.0,0.0
Steel,6,4,5006.9,0.138,1.3572391390800476,0.143394406914711,0.024463136924849364,0.22776146240705075,0.10416720986366272,0.19812580154951964,0.40278989417296296,0.07091880321502686,0.3722958948707368,0.3092739163298944,0.09627777516841889,0.6038325377162282,0.3314075928400088,0.07080369383096695,0.8484547405035201,0.3906540595785582,0.107089022397995,1.0987813076059103,0.3362662629238591,0.0688419759273529,1.1933098096882262,41279517.43927869,170.47328039188486,0.13572391526524388,47805645.944420144,279.1169741080598,0.527101319858847,34429280.46244124,366.3385682893015,0.7793456951283804,43691249.98275374,502.54669495915346,1.2215152238148037
Steel,5,2,5007.21,0.144,0.3627448808401823,0.11531273436546327,0.010119878600073443,0.5783286668052452,0.06580074965953828,0.0377694684752158,0.2979156289912359,0.09724126756191254,0.12548770303577053,0.19548216924130726,0.05370666295289993,0.2077882497021611,0.40928278043361427,0.04824751198291779,0.2664971442619872,0.3136676972760975,0.053337550461292266,0.32304293179044796,0.0,0.0,0.0,43548073.05366894,82.9055024991429,0.051792057583044476,55527807.98120634,163.9097109175655,0.2880844128092144,0.0,0.0,0.0,0.0,0.0,0.0
Steel,5,4,5008.6,0.172,0.8229136511683465,0.09689733958244325,0.02006333208850852,0.2799965568586259,0.07584232419729232,0.0999675793435687,0.25455381398417193,0.1256286495923996,0.25823515974470945,0.31223641161912324,0.1229838651418686,0.4170292296307158,0.30730912466358634,0.11774787008762361,0.5658301004085863,0.18623908868391867,0.11070095658302308,0.6896738618409608,0.0,0.0,0.0,20768773.315273173,1081.2112990626524,0.12639352866967618,27132081.255703736,518.362206127879,0.38271737194144184,22343804.642346844,454.58463384022684,0.5516005997037294,19840186.84107369,692.3709591960263,0.7282048486339779
Steel,3,3,5010.19,0.204,1.2542751789093018,0.12276535737514498,0.021014899350841602,0.40173601940343207,0.0785629054903984,0.43293632149762873,0.33359890864838976,0.0721191704273224,0.6454469821001233,0.26121694183988536,0.09104188859462739,0.8972124739258082,0.0,0.0,0.0,0.0,0.0,0.0,0.0,0.0,0.0,30129043.731983047,374.0607554127981,0.23344246976892707,29154536.07440052,525.0104416966287,0.7584031079832595,26063089.880923774,344.3928560361354,1.0931986238473574,0.0,0.0,0.0
Steel,6,2,5010.38,0.208,0.765689930319786,0.11451772403717042,0.0073412720820124,0.3178031057340014,0.09044805109500885,0.08517436785408881,0.34034244768407773,0.06562658041715622,0.19021376797547962,0.34649478642744597,0.05660662442445755,0.29326541193829203,0.24441517071640337,0.11320291101932527,0.41355869363840864,0.3569786270541157,0.0816359242796898,0.5501903558318467,0.3396821220390819,0.02868288978934288,0.6146527017057923,54063961.21514789,242.93736374586518,0.09801937684642634,45445223.45624957,429.51973602103277,0.6605412386324332,0.0,0.0,0.0,0.0,0.0,0.0
Steel,6,3,5011.35,0.227,1.0053673177957534,0.07208529829978944,0.013087658162018708,0.3287046984717756,0.0415438461303711,0.2560626326135271,0.3941472039203458,0.0709544312953949,0.3842239721635193,0.3033357100967606,0.06414787560701371,0.45657333868028827,0.33440020929274833,0.02697897858917713,0.5235318535455488,0.24291786750645517,0.09275194346904755,0.6712644721148322,0.23057243935730778,0.09300505936145784,0.7909535962065214,37679750.97129121,766.8442491410906,0.15629875970526197,56744577.914210275,911.0424290761092,0.6827587688982069,36607029.156365395,317.5458043957745,0.9015887045786538,0.0,0.0,0.0
Steel,5,2,4999.39,-0.012,1.594397881627083,0.10768760943412782,0.04326345334413349,0.39569035431367616,0.04832584649324417,0.32615317951331185,0.24644311097829222,0.06782245725393296,0.5827687898226313,0.27968320698883836,0.1046345591545105,0.8606660797747034,0.3691283789696907,0.04861122757196426,0.9947580628040917,0.2943454001942261,0.07777304381132126,1.2034239666346829,0.0,0.0,0.0,362720446.72819424,660.0302195461798,0.2462658715660109,304742479.97741437,456.4046035132317,1.3835799782701566,0.0,0.0,0.0,0.0,0.0,0.0
Steel,1,4,5012.61,0.252,0.5729389414191246,0.09855432629585267,0.021852577808146655,0.39211413784149673,0.07390701740980149,0.295828927490569,0.0,0.0,0.0,0.0,0.0,0.0,0.0,0.0,0.0,0.0,0.0,0.0,0.0,0.0,0.0,7997218.471073513,437.47533945745704,0.11712056447386496,6365106.801096823,478.0983192802418,0.3168214578736897,8128312.603274867,521.4777862591085,0.36858662138820286,6063277.21403304,367.3416367859201,0.45845643855967055
Steel,5,4,5012.98,0.26,1.1804918169975283,0.06957279735803605,0.03459169654004697,0.2816734000809272,0.02,0.1757821038987632,0.3115169239379117,0.08639422953128816,0.38949866710758596,0.3734265611214501,0.09582159161567688,0.6775083118191142,0.29347028618023163,0.06057211577892303,0.8598881828233458,0.2827635355089168,0.06293523460626603,1.0520971291618966,0.0,0.0,0.0,30984877.964935917,346.44709583173244,0.12930524915971658,28508034.489631142,843.1147613129122,0.24432513877083364,33021872.597274657,457.78273363399154,0.49393201089575106,30237938.394103438,471.24035931201115,1.0166412276386212
Steel,1,4,5013.27,0.265,0.5921248771250248,0.047954403042793275,0.013087969529363,0.30923063042742976,0.09813910603523256,0.4649046614239255,0.0,0.0,0.0,0.0,0.0,0.0,0.0,0.0,0.0,0.0,0.0,0.0,0.0,0.0,0.0,8476653.609287607,776.794069876378,0.11206676450933334,8099523.478445813,680.073290687533,0.2901128823965342,8673953.114191124,643.3967700498927,0.34678934918929416,7893748.848212591,546.2740160401437,0.5329123888203974
Steel,3,3,5013.77,0.275,0.9569421485066414,0.05234619185328483,0.006168589414307753,0.1924142844687232,0.09522992372512817,0.32807017817018186,0.4443206994922251,0.15,0.6523753099505384,0.2549713792880045,0.11235099852085115,0.8612379336559773,0.0,0.0,0.0,0.0,0.0,0.0,0.0,0.0,0.0,53199634.72664543,543.436483400635,0.1443095384738734,44256154.85512077,600.8802194388784,0.5772111996271511,46317357.35565419,504.95873910620435,0.8512369336559773,0.0,0.0,0.0
Steel,3,3,5014.5,0.29,1.3252162575721742,0.11031414818763734,0.023725180021229742,0.17506450470838666,0.10981830537319184,0.32172987537297837,0.34454187852084256,0.06502699732780456,0.810525178080427,0.3543491813741789,0.04921539008617401,0.8910959764061386,0.0,0.0,0.0,0.0,0.0,0.0,0.0,0.0,0.0,16354623.447665844,405.40765768217557,0.1771918331547611,21572472.171234757,85.03035951710747,0.6534850647974089,21521411.74550493,363.1214785292298,1.1477285591138313,0.0,0.0,0.0
Steel,1,3,5015.17,0.303,0.9756714895367623,0.09328867995738985,0.013505543842822898,0.39683518913045707,0.037946969419717785,0.2435481163130971,0.0,0.0,0.0,0.0,0.0,0.0,0.0,0.0,0.0,0.0,0.0,0.0,0.0,0.0,0.0,8582257.25509991,739.7952555116467,0.10711684633351891,9522113.552919483,548.6373803614572,0.4042073287617126,10012888.917290283,431.16936159252174,0.781405844442741,0.0,0.0,0.0
Steel,1,2,5015.4,0.308,0.8266940996050834,0.07039394408464432,0.016910735854032702,0.22296640458399136,0.10660211563110353,0.40299052759800474,0.0,0.0,0.0,0.0,0.0,0.0,0.0,0.0,0.0,0.0,0.0,0.0,0.0,0.0,0.0,8138444.475681633,331.7319547310094,0.17811820514331902,7699793.689584681,531.6083097200476,0.6097990948299666,0.0,0.0,0.0,0.0,0.0,0.0
Steel,3,3,5015.63,0.313,1.3585515558719636,0.0821055008172989,0.020828728053188916,0.28339480545386103,0.13040985584259032,0.42012463747016127,0.23921889067858182,0.09005679309368134,0.8150115597509698,0.34636828931986785,0.070952005982399,1.013674514978966,0.0,0.0,0.0,0.0,0.0,0.0,0.0,0.0,0.0,27611805.705931205,485.84343425937266,0.13585515694574793,34698090.39962596,319.7427668049197,0.48220594518554794,25839322.364746444,622.3709825990995,1.2048202760207398,0.0,0.0,0.0
Steel,6,2,5017.36,0.347,1.1510303646326066,0.08928948092460633,0.008341772737312557,0.22134864071802457,0.14856487333774565,0.2004511624608947,0.23365668978377158,0.04783202797174454,0.34864939322799005,0.16510176792327144,0.0522542878985405,0.4230880792301349,0.19711521040014746,0.06964152723550797,0.5636914007245474,0.3150084913445606,0.10261722564697266,0.6672541421342564,0.2320252349977965,0.11819608807563782,0.9106713824788251,64205536.37950037,441.6818378876871,0.15017834801274682,65270597.03268254,173.42001049283638,0.9953981778364706,0.0,0.0,0.0,0.0,0.0,0.0
Steel,2,2,5017.87,0.357,1.6368219584226609,0.08686287969350816,0.012435354635323647,0.26059861619745744,0.12177816689014435,0.1636921958422661,0.27273845344898334,0.062099737524986265,1.1419466659595927,0.0,0.0,0.0,0.0,0.0,0.0,0.0,0.0,0.0,0.0,0.0,0.0,32926987.316191383,587.4929708968689,0.17896331329221601,41610129.7423765,298.62123130446736,1.3714166384907835,0.0,0.0,0.0,0.0,0.0,0.0
Steel,3,3,5018.52,0.37,0.9318425357341766,0.08674980676174164,0.028153387819937103,0.4807277032603871,0.055357894301414495,0.4457072807693072,0.6382011612610567,0.08764177024364472,0.623128879974219,0.268170511470238,0.12243292391300202,0.8062802008385561,0.0,0.0,0.0,0.0,0.0,0.0,0.0,0.0,0.0,38069708.605309434,324.1744289111029,0.1858836785120494,44574211.97806248,375.82381912045537,0.6553685561991474,55223560.39724862,45.98396676023909,0.8386582812289165,0.0,0.0,0.0
Steel,3,2,4999.04,-0.019,0.7807069137692452,0.06644468182325364,0.023305791445312765,0.40919052900842434,0.07999301105737687,0.14533447002210514,0.2927302193714371,0.07349094837903977,0.37607957429264416,0.35338113454801073,0.1242053782939911,0.5787360674580402,0.0,0.0,0.0,0.0,0.0,0.0,0.0,0.0,0.0,45527348.03392118,574.1035502980722,0.08330951160382727,50187296.855027065,251.08685979466134,0.6650856772764907,0.0,0.0,0.0,0.0,0.0,0.0
Steel,3,3,5019.56,0.391,1.1848206311464309,0.13292628848552704,0.02969447755917674,0.2726983861191576,0.10752530753612519,0.522755663074997,0.3727979318969531,0.049419693648815155,0.7503196739566248,0.27957163618484726,0.12963326752185822,0.8798645147092871,0.0,0.0,0.0,0.0,0.0,0.0,0.0,0.0,0.0,35293513.54296652,335.92493261044893,0.18386101574157815,22268903.445116326,777.6619540128974,0.6294463650772715,30675271.208560463,538.7572562604893,1.0128205127259928,0.0,0.0,0.0
Steel,5,3,5020.16,0.403,0.9645413085818291,0.1194855102300644,0.025432759508624447,0.23130293160897636,0.04425388544797897,0.10201382579651384,0.2680683293459425,0.10449083805084229,0.26014897650575164,0.24437088162124967,0.07935857862234116,0.43479678761644264,0.2818531695735678,0.04272480890154839,0.6375569944769923,0.25843627100813504,0.04990968823432922,0.7637669886658512,0.0,0.0,0.0,20996995.070049036,270.7612447746364,0.13551351981024995,28663093.708114643,359.79092475769636,0.56468466138505,17221538.379374515,590.2029694948965,0.8680871767591049,0.0,0.0,0.0
Steel,4,4,5020.54,0.411,1.2169665724039078,0.08673499077558518,0.025289242039120127,0.25912982778758825,0.11863923072814943,0.2544209470901662,0.3111722021131713,0.02801491171121597,0.3641541974649474,0.28587649785700414,0.08476624011993408,0.7019924041738624,0.22761295527809383,0.048641960471868514,0.8701537649064583,0.0,0.0,0.0,0.0,0.0,0.0,16600999.366676105,268.7766803693922,0.14616280642287827,17577964.583931867,112.64385799523745,0.5940612943441804,15205587.546680233,976.1069566934499,0.900939220672926,17452385.529148497,570.5895181904519,1.0852558653493
Steel,3,2,5020.54,0.411,0.919309738278389,0.08174555402994156,0.01429684902898077,0.3134526537927036,0.13168487310409546,0.24450579875946424,0.15172196016624762,0.11565942764282228,0.49375328217730163,0.41124461346587204,0.05040182143449783,0.7139468504238546,0.0,0.0,0.0,0.0,0.0,0.0,0.0,0.0,0.0,30187080.599530518,106.00549500869437,0.17930524353898328,25727938.742534798,69.58565900666082,0.7700850461009556,0.0,0.0,0.0,0.0,0.0,0.0
Steel,4,2,5020.85,0.417,1.2222423732280732,0.11423195028305055,0.024534340548843306,0.20674278083770511,0.11034295558929444,0.12223423732280732,0.26039218656196367,0.08390483170747758,0.3142972115226823,0.276015390582659,0.14638398230075836,0.5312364779682471,0.32162323718689245,0.08092209577560425,0.9327940063583097,0.0,0.0,0.0,0.0,0.0,0.0,44673832.207097806,575.2666544384127,0.16159087068553477,41422938.69884808,498.75899009817795,0.9849473342352127,0.0,0.0,0.0,0.0,0.0,0.0
Steel,1,4,5021.0,0.42,1.1227948784828188,0.0983467162847519,0.017604379500850153,0.34915559080465014,0.1104149866104126,0.26432573675163573,0.0,0.0,0.0,0.0,0.0,0.0,0.0,0.0,0.0,0.0,0.0,0.0,0.0,0.0,0.0,19144784.650821637,413.9817107674159,0.1450532530675606,19144784.650821637,599.7531920016219,0.5849504281462004,24671282.40458233,417.3308395282023,0.7989827181682179,22046988.925987046,737.1016165975568,0.9548875538897322
Steel,3,2,5021.49,0.43,1.2070867270231247,0.09473335921764375,0.022347910754924052,0.49011930906160933,0.09074299395084381,0.18543567635096286,0.18820038566938116,0.08894074618816376,0.44208841858977405,0.2694955206169013,0.12423710107803346,0.7531139503212028,0.0,0.0,0.0,0.0,0.0,0.0,0.0,0.0,0.0,59745370.754947975,340.29607849377254,0.12565889884142217,49796010.89645102,588.832500138167,1.0171753200526121,0.0,0.0,0.0,0.0,0.0,0.0
Steel,2,2,5021.51,0.43,0.38139393255114556,0.0640316904783249,0.03872683322814474,0.34119627857797735,0.11790318310260774,0.09870560459916586,0.30166806872557267,0.07027819126844406,0.34324453929603105,0.0,0.0,0.0,0.0,0.0,0.0,0.0,0.0,0.0,0.0,0.0,0.0,18169310.51687763,227.0871088728553,0.0426249198956103,19422150.887434233,908.6888842305369,0.29319088049429776,0.0,0.0,0.0,0.0,0.0,0.0
Steel,5,3,4998.92,-0.022,0.8307361602783203,0.10424831163883211,0.013327725585325296,0.30334821510845333,0.02059084066655487,0.12770217533562256,0.30334073359837355,0.10492632508277894,0.2165374132567722,0.28191186847478306,0.06483731925487518,0.3556979664444703,0.32388470389455326,0.09365350127220154,0.493293709269184,0.3927272253722671,0.059397973716259,0.6624786151320298,0.0,0.0,0.0,21554476.266469363,767.3541598292928,0.09922017230547074,29977218.902440693,335.3514016215316,0.43812095575258014,24631001.847015712,747.459873771366,0.7089991488511231,0.0,0.0,0.0
Steel,6,4,5021.74,0.435,1.2523250788450242,0.10407868742942811,0.021809227661082273,0.39887344630145616,0.04796762853860855,0.18224906281394132,0.2537669582391478,0.03701661199331284,0.29067560367176315,0.35824481897526983,0.0872510313987732,0.4479440396413076,0.23321214156214534,0.11745545327663422,0.6039027106359526,0.4225189866800274,0.07345298022031785,0.8260587763213141,0.47178560946339637,0.1274194139242172,1.0640967511060988,55393322.01491668,1026.6892401568766,0.12855307509927424,56273307.58072147,510.01929700036095,0.512975362987983,52140877.590712905,398.4314907725986,0.6235615197512819,57511539.99778241,240.63339103014948,1.0401542238779364
Steel,1,4,5021.95,0.439,1.4838241755962371,0.12661702287197113,0.034450901372234055,0.2854420376499447,0.07386964976787568,0.8634231069790019,0.0,0.0,0.0,0.0,0.0,0.0,0.0,0.0,0.0,0.0,0.0,0.0,0.0,0.0,0.0,18586174.95894093,239.09972145521297,0.18372019708844328,14260422.704755913,674.7023850829595,0.19835602497479024,18099389.968946442,412.7578527077298,0.7206095589269486,17007436.47688243,332.7169594762388,1.1767094003050578
Steel,2,2,5022.49,0.45,1.0652009859681129,0.11996923673152925,0.004828306038978728,0.2180182268808639,0.10911868393421174,0.3898891165768068,0.22596299976113057,0.10019695699214937,0.6073506426733228,0.0,0.0,0.0,0.0,0.0,0.0,0.0,0.0,0.0,0.0,0.0,0.0,31130388.253355842,433.26374816054704,0.1454439757089714,24731076.20826511,351.43557197712204,0.7562617229995907,0.0,0.0,0.0,0.0,0.0,0.0
Steel,5,4,5022.54,0.451,0.6763990826904773,0.15913409638404846,0.016888863961916238,0.1690931395652316,0.10417092144489289,0.08373247416719903,0.25088713689594794,0.05048761010169983,0.20525024379753906,0.23058485475792487,0.15,0.3368232142762498,0.2079218644602705,0.05593471974134445,0.4716673704496253,0.31644686285298407,0.09024577379226685,0.5583556528540564,0.0,0.0,0.0,19418128.767856393,303.53534570643876,0.09693988143542016,26204228.663082283,1044.1335480547302,0.2911949441251662,23615570.96082267,574.2692826041745,0.3181132584836208,19436161.329715017,565.399367361045,0.5889095619570326
Steel,5,4,5024.1,0.482,1.4556978553533555,0.06666277432441711,0.021751796950821484,0.1955731360246551,0.04597076490521431,0.3717631773775424,0.2111323826853591,0.05764595240354538,0.6426754047183836,0.22298807223975636,0.10167290329933167,0.831782183299147,0.3415761342853566,0.08720281958580017,1.0255796073412857,0.20146538740589137,0.10261640429496766,1.2139156374226723,0.0,0.0,0.0,22612496.004519425,130.81057293910163,0.1710970846259504,18744882.051073257,412.5088786932667,0.5833001368749299,18533671.861777037,787.4739301403685,0.9405276309752976,16881581.32984012,235.34767552612374,1.307032849646339
Steel,1,2,5024.1,0.482,1.233033147454262,0.08985785448551178,0.01610360357709951,0.37532395627712994,0.1019808328151703,0.7958281772333642,0.0,0.0,0.0,0.0,0.0,0.0,0.0,0.0,0.0,0.0,0.0,0.0,0.0,0.0,0.0,43339869.597912356,535.5484387024815,0.24101390520938698,32680483.497938674,504.5700282943325,1.0839769730331437,0.0,0.0,0.0,0.0,0.0,0.0
Steel,4,2,5024.47,0.489,0.8316486328840256,0.1363380618095398,0.02348296442782731,0.25941666421006976,0.07064184486865997,0.19079227297637327,0.38566529260740906,0.07951346546411514,0.27812812050565383,0.23479394130542228,0.13328874886035919,0.5574391925206152,0.24469735511198787,0.04262548342347145,0.6833193326360169,0.0,0.0,0.0,0.0,0.0,0.0,36840672.81426957,575.3564238989242,0.12953889339064031,39860786.03741412,140.1800780547231,0.7316186585446851,0.0,0.0,0.0,0.0,0.0,0.0
Steel,1,4,5024.71,0.494,1.493195903301239,0.09834695327281953,0.008359911465472752,0.3479238611395619,0.02,1.0769895114216974,0.0,0.0,0.0,0.0,0.0,0.0,0.0,0.0,0.0,0.0,0.0,0.0,0.0,0.0,0.0,11334309.266399994,492.94368317522344,0.3060264529270227,11384905.536945945,770.7131952690396,0.7393785705441976,9442727.739127351,269.2194771473694,0.8448075582294208,12451517.288067041,291.83588210816833,1.2323650087502673
Steel,5,4,5025.41,0.508,1.4325729876756668,0.0769334689974785,0.021600734177952226,0.3015854537089289,0.08400960445404053,0.16432730460520348,0.29729839887361437,0.06445830792188645,0.408655153030538,0.3457430172540601,0.09883696854114533,0.674905038357277,0.2978124144913833,0.10415285170078278,1.0228473132923965,0.3917088935687914,0.12765439808368684,1.2130696147387274,0.0,0.0,0.0,62676677.25154212,394.7323239569719,0.18097059041577523,38281942.06171951,546.5193791517103,0.4731235675687538,41283356.177608736,234.36565841876524,0.6962558017918336,41823652.871487476,429.54657785384455,1.2624175498690897
Steel,6,4,5026.23,0.525,1.1361743181943895,0.11141800475120546,0.016227774884460783,0.1288323340392022,0.0500829528272152,0.21974693844966808,0.20594285764943907,0.09053250312805176,0.35180087531407905,0.3786356827649558,0.12143579483032227,0.5200167734084977,0.16955021160853506,0.07903840631246567,0.6880945556203716,0.22243670436857244,0.12230557560920716,0.8645480275132866,0.35167388621770845,0.08118157714605331,1.0225468863749507,25730288.99396358,430.1593220005042,0.12088266663637146,34768819.71241273,918.3032704093321,0.2638349714336774,32646747.23645503,252.15416890722338,0.58654583100528,32089742.12439886,274.7257606920248,1.0000930427673493
Steel,3,2,5026.29,0.526,1.7718826800584795,0.10395503890514375,0.03525239831859525,0.16608458533967949,0.08774714350700379,0.6889693974826921,0.23164970210130456,0.031213567331433295,0.9076004603624077,0.2900689891428346,0.09924644351005554,1.456648900774461,0.0,0.0,0.0,0.0,0.0,0.0,0.0,0.0,0.0,55590334.60413862,599.9915966968714,0.2279081095153032,40374241.27115128,332.6209384097394,1.5024110735613587,0.0,0.0,0.0,0.0,0.0,0.0
Steel,2,3,5026.81,0.536,1.6940919369459153,0.083406984269619,0.026633560280909064,0.21498816959163608,0.09640889704227448,0.19503213942342204,0.2622014066347508,0.05735735565423966,0.6922265899323126,0.0,0.0,0.0,0.0,0.0,0.0,0.0,0.0,0.0,0.0,0.0,0.0,18396836.774336725,462.3857465506959,0.2795853352384366,19122937.528041657,463.0433064155026,1.0995331168287903,29410761.0819021,410.52420615065773,1.3792543389062222,0.0,0.0,0.0
Steel,1,4,5026.94,0.539,0.7650804206728935,0.050651754677295685,0.01879889236701899,0.2575547626428779,0.06255215525627136,0.2609117633844771,0.0,0.0,0.0,0.0,0.0,0.0,0.0,0.0,0.0,0.0,0.0,0.0,0.0,0.0,0.0,4397183.119031316,630.9613939759454,0.13376751334426956,5064597.865211498,682.3611529872878,0.43877282749588237,4335523.196366482,344.011129312763,0.5123486400929091,4043806.780745002,541.6911940304389,0.623226213538695
Steel,4,2,5027.19,0.544,1.585556545853615,0.1226069223880768,0.018507092292935894,0.1898874043681206,0.11037565469741822,0.3944090659569454,0.2714410648749259,0.03157378055155277,0.6850790400478272,0.2033625625158499,0.046285083144903184,1.1213656204054856,0.3735694208945505,0.10215177476406098,1.3042440441696606,0.0,0.0,0.0,0.0,0.0,0.0,50369475.759206116,713.6794246663184,0.27052111680827057,48197222.93956323,269.29796507023576,1.3888467423155704,0.0,0.0,0.0,0.0,0.0,0.0
Steel,6,4,5027.37,0.547,1.0161255076527596,0.08460065084695817,0.009648015882021747,0.14329932227508985,0.09299144506454468,0.15425668685351387,0.25773089160871177,0.06980117172002792,0.3317425611901883,0.2526968050843306,0.06275596290826797,0.45881117899229723,0.18556064789782514,0.1145399171113968,0.6416110549507182,0.3381130609590465,0.07091113984584808,0.7558431448208086,0.2313983908460581,0.13187108755111696,0.8865946994308215,25151142.14502944,136.4263349824226,0.1124445231623426,33405740.526396155,209.12432157165176,0.24707010134188218,27437346.14144427,457.73075526587456,0.4774833467783758,25353535.548765417,634.8088918324655,0.8706973872265208
Steel,6,2,5027.48,0.55,1.2271650940179826,0.09311475610733033,0.015366499822608693,0.3283137662031903,0.13821408689022063,0.19285258584050585,0.2624289082215708,0.05602993458509445,0.3622745425805807,0.2693714281482031,0.08653834581375122,0.49836375371318603,0.2997610345704518,0.09799695014953613,0.6191756200980001,0.19643517568494612,0.10192461669445038,0.8112903008979281,0.3356487087633786,0.0679356488585472,1.0532151903526874,226615582.08026895,365.9811829747657,0.14320303509392948,243693850.50435996,831.0348485049586,1.0981961882666695,0.0,0.0,0.0,0.0,0.0,0.0
Steel,5,4,5028.16,0.563,0.5553565040230751,0.11989353597164155,0.025963598309246497,0.36122614364954386,0.11698329985141755,0.07662825573058123,0.2269896896346953,0.06042107224464417,0.18241524885079252,0.28303042164290126,0.08395478695631028,0.2768687211477775,0.34869719022785384,0.09413441061973572,0.38251984860527155,0.31946115316347307,0.06654912143945695,0.47627039631438883,0.0,0.0,0.0,22467670.014075276,82.40361912624225,0.06161065746184203,22020066.054450918,592.3982723934799,0.20472067404548636,26985934.382108636,435.4014050610848,0.3343750533806509,18100921.56989638,1058.5645885867639,0.46553050261703
Steel,3,2,5028.87,0.577,0.6465653911232949,0.1220183963775635,0.02137015559653133,0.39024970617238425,0.06651657730340958,0.10942763434979254,0.2961527632635762,0.14979141533374785,0.26143093644482196,0.34226820045183426,0.15,0.4880539622473828,0.0,0.0,0.0,0.0,0.0,0.0,0.0,0.0,0.0,43478203.87313618,669.3119199857592,0.06465653975889488,45250618.46218252,856.6077443838101,0.5586285844960026,0.0,0.0,0.0,0.0,0.0,0.0
Steel,1,2,5028.89,0.578,0.7782340854406357,0.047129629552364355,0.02310117531880203,0.23700959501053426,0.11908301651477815,0.296412414889019,0.0,0.0,0.0,0.0,0.0,0.0,0.0,0.0,0.0,0.0,0.0,0.0,0.0,0.0,0.0,11414152.334666545,646.1075656748174,0.16847912947953114,11518049.95494647,661.792680932153,0.6174916124463115,0.0,0.0,0.0,0.0,0.0,0.0
Steel,4,4,5028.94,0.579,1.6465538233518602,0.08098853796720505,0.011634059590072281,0.24320000372297298,0.02605194579809904,0.45311683631502664,0.20459500212062512,0.10946020364761354,0.9778805480118253,0.35965939020432025,0.056847365796566005,1.1401043413298733,0.34107515942667044,0.08580369293689728,1.315536846011057,0.0,0.0,0.0,0.0,0.0,0.0,16069302.917526029,574.7077465661584,0.216878507213002,25389123.651591364,539.989059312422,0.7043172147968595,18937791.25171901,234.08670832044365,1.1889889373796465,17377954.59862115,708.0396059891704,1.4818984393701204
Steel,2,4,5029.12,0.582,1.0252409160137177,0.12700728297233582,0.0199397702241768,0.20934054699247143,0.14987359702587127,0.206934438588699,0.27969342541515707,0.11827261328697206,0.5931804792964431,0.0,0.0,0.0,0.0,0.0,0.0,0.0,0.0,0.0,0.0,0.0,0.0,15982667.297563165,713.8204400406286,0.1095744539254114,14724328.217753856,226.427416343768,0.47472844467617603,13018859.51780348,644.3736173947547,0.6974729619208496,21316883.112316556,270.9584765771242,0.8653452848292508
Steel,2,3,5031.16,0.623,0.513005866110325,0.10737925410270692,0.02192929144277557,0.2352683886140943,0.0847356989979744,0.09692002160823927,0.4214343255485958,0.06512422293424606,0.3347593418418887,0.0,0.0,0.0,0.0,0.0,0.0,0.0,0.0,0.0,0.0,0.0,0.0,11530807.493246842,190.42011468952796,0.06462189909395147,15953400.46852771,491.52047457929194,0.35456516391395676,13183789.19670331,343.39971548364207,0.4465141795613488,0.0,0.0,0.0
Steel,6,3,5031.36,0.627,1.1105551198124886,0.07941532653570176,0.008043250272848582,0.1743290084493656,0.062495303750038145,0.14561532341666247,0.19014084885424026,0.0753600162267685,0.2740122297125735,0.31866779928917915,0.08960001289844513,0.4644749833453303,0.14040941854269232,0.056244660019874576,0.6396011983414029,0.343769778854999,0.048080676794052125,0.7764678127276435,0.18725953418062907,0.12484151542186737,0.9093092917061606,24876282.446772803,258.29670446495464,0.13472501809197301,19170876.53397603,731.8598657015023,0.6277745196888602,20567874.656036917,814.6418947135027,0.9994996067206846,0.0,0.0,0.0
Steel,3,2,5031.62,0.632,0.7588601693511009,0.09334934890270234,0.011935437254146083,0.27360374624326145,0.14652125656604767,0.22055538826436677,0.17907490885154115,0.02534860260784626,0.38025009319828973,0.36342324609298177,0.11640057384967804,0.6132224735643899,0.0,0.0,0.0,0.0,0.0,0.0,0.0,0.0,0.0,33382409.185807727,755.5074086749511,0.12254257891383528,29462790.198631108,306.1597185116735,0.6829741516571306,0.0,0.0,0.0,0.0,0.0,0.0
Steel,6,2,5032.11,0.642,0.7083410270512105,0.07499344235658646,0.014940795850904834,0.22797335949891723,0.1079356348514557,0.11748901521540894,0.23295192122806357,0.02,0.2355300408170332,0.25834103975870987,0.07060410916805268,0.3016020811411103,0.23125139632102176,0.08567676305770874,0.40006284784005636,0.36164183715869597,0.11360982894897462,0.5032806300566887,0.21397827849751777,0.09647130429744721,0.6307473433080706,45056404.67564559,164.596980475442,0.14919742654189472,36607603.07111318,651.0287856079444,0.6078064100493594,0.0,0.0,0.0,0.0,0.0,0.0
Steel,3,2,5032.29,0.646,1.2659469991922379,0.1158243238925934,0.026242989761946375,0.27118138634151795,0.06851374506950379,0.34191574392887325,0.21553355131534552,0.11467367351055147,0.43928616727911574,0.343188257012345,0.07765673339366913,0.845731792709784,0.0,0.0,0.0,0.0,0.0,0.0,0.0,0.0,0.0,39967206.2251092,631.6812674988589,0.17553079449964026,35903699.7300879,784.9957431427106,1.1194730454950244,0.0,0.0,0.0,0.0,0.0,0.0
Steel,2,4,4998.38,-0.032,1.1663184985518456,0.09527923583984375,0.04086614333878506,0.33804707147445107,0.08313117623329164,0.4151097667353069,0.17695119661183015,0.03968649610877037,0.7596215706106633,0.0,0.0,0.0,0.0,0.0,0.0,0.0,0.0,0.0,0.0,0.0,0.0,12119934.32215296,236.4543738769763,0.17897631515638524,11580858.597706547,564.7925824312345,0.6533415297203433,10302134.828435408,881.1051255406574,0.8563525943183685,16405358.782711891,529.4555706564388,1.010757316118982
Steel,4,4,5033.03,0.661,0.9890777245163918,0.07379590779542923,0.039292478515183756,0.5223941515150856,0.08641852915287018,0.22356261549892628,0.3750116381940412,0.08446265369653702,0.5522926282035994,0.2994972166045929,0.02,0.6150273975925793,0.21843792025293468,0.077057386636734,0.736174102302781,0.0,0.0,0.0,0.0,0.0,0.0,26936796.967444886,301.0966281813738,0.12811432659789015,30825851.041738644,977.1757436015054,0.4707259618721472,36981671.486228324,445.8100272152895,0.702240005436308,37344790.6863405,307.9491747034373,0.8890105878790764
Steel,6,3,5033.31,0.666,0.8204745098948479,0.07687528842687608,0.014289617404803475,0.4732763151118438,0.06857749283313752,0.12406389787726566,0.1275525387572036,0.06563840866088867,0.23991904547697804,0.22480280196449248,0.11036909937858583,0.40202912256810747,0.38170892220737074,0.06445483654737473,0.5142600713447844,0.21016158861695527,0.03777547344565392,0.5942338988823308,0.219324168397755,0.14714656114578248,0.7132073837110829,27541149.634621274,1099.9999999999995,0.09549595942814691,29636178.458668813,244.58631356399775,0.46857019193407734,32390455.196079604,356.35863755483507,0.6956191493641251,0.0,0.0,0.0
Steel,4,2,5033.9,0.678,1.321437132358551,0.10174162113666535,0.026255604405767997,0.18019212028468723,0.07285078972578049,0.2871131393248454,0.3603154207457193,0.1020890885591507,0.5722161112090598,0.23888046248947742,0.058301368057727815,0.9296999063942839,0.39049608832659083,0.06465231359004975,1.1527476468132452,0.0,0.0,0.0,0.0,0.0,0.0,49216465.271182284,544.6070753470942,0.17028010982904682,68126704.66050601,830.3334299122763,1.1354649737084808,0.0,0.0,0.0,0.0,0.0,0.0
Steel,6,3,5033.94,0.679,1.1375144124031067,0.12503655791282656,0.009616743155925563,0.2566155481832519,0.04661023586988449,0.18891015901834768,0.43672897780400066,0.09043349921703339,0.30454312650791854,0.285472020577215,0.06609408468008042,0.4990403357822515,0.32537092107495097,0.09062190651893616,0.6686516667669602,0.36063800024632253,0.10048043966293335,0.8140065553675037,0.28739951810933634,0.07632827401161194,0.9555859427139197,47813472.46863999,255.00634786392678,0.11935121768841178,52363309.612089805,139.72633801387926,0.40414045819860556,42737584.12854986,553.164609498512,1.0036002537550832,0.0,0.0,0.0
Steel,5,4,5034.11,0.682,1.0099758833646775,0.06857605093717575,0.025075423258447256,0.26246969394362607,0.09260026454925538,0.19890935978624477,0.2589798997961896,0.09043373942375184,0.34081071924839995,0.4031525532798854,0.07853296875953675,0.582835096246809,0.2113882456332628,0.11051254928112031,0.6911216528023579,0.22532578375619025,0.060109427273273466,0.8242050655983145,0.0,0.0,0.0,31772874.91568387,399.74833619774216,0.1053509280991261,27326707.286381286,917.4455142145343,0.2437570757607313,26024649.04770615,1059.3952235235274,0.4297512313291417,24801771.162199084,668.3813063915464,0.8927249930992565
Steel,2,3,5034.12,0.682,1.270419603586197,0.10352180778980256,0.030442502580645278,0.20821380570434206,0.06058661341667175,0.5955299209486113,0.42652705196181656,0.08651118695735932,0.7973168719877995,0.0,0.0,0.0,0.0,0.0,0.0,0.0,0.0,0.0,0.0,0.0,0.0,23421769.11778109,903.2829634412426,0.22138655100397414,19304294.983089823,850.4121257462638,0.9589079167212508,26089569.590010148,410.7463136637876,1.1433776419571577,0.0,0.0,0.0
Steel,2,4,5034.18,0.684,1.4765376269817352,0.11873193895816804,0.025914024569656753,0.47207561313867236,0.11133663654327393,0.5639709995742387,0.19809687032799972,0.059050611555576324,0.9801002287335128,0.0,0.0,0.0,0.0,0.0,0.0,0.0,0.0,0.0,0.0,0.0,0.0,18637061.922844876,613.6958050084146,0.17850928132623275,17430502.86490856,862.6109894887853,0.37823478258925947,23192906.13240669,285.6531291807535,0.5898189121913127,25439123.904340267,730.5286439016282,1.160032278812778
Steel,6,2,5034.63,0.693,0.9634408831596375,0.08404342842102051,0.01082375770911219,0.20018856658825043,0.06542051017284393,0.15751628800999112,0.1992264771808616,0.028433527126908303,0.25387708508060475,0.14620126023536814,0.05653427571058274,0.34851341047496764,0.20557592814856768,0.14187877357006073,0.47968584684487864,0.23460595359096367,0.05221741423010827,0.6373058715949375,0.23644491880653914,0.03213033854961395,0.7155049928640119,23231700.861635763,1099.9999999999995,0.11547798993089758,23142011.652884603,235.28598577028535,0.7906504518918428,0.0,0.0,0.0,0.0,0.0,0.0
Steel,6,4,5034.72,0.694,1.223012599349022,0.09007129609584809,0.025706989083865026,0.3822351404436544,0.022017094269394875,0.2372552672242284,0.18312504360421633,0.06546069830656052,0.33380415716760764,0.25853678330107155,0.0635912236571312,0.5515277151097975,0.5760893238311072,0.05343247473239898,0.7694436907419276,0.1900339352958383,0.10241862893104554,0.8866878336566262,0.21458044631557946,0.06481401145458221,0.9859700220352913,27871383.34835577,696.3620362016948,0.14737427574213458,21659620.3274817,376.60652828506744,0.709767072888563,18879381.344301797,380.2388326795888,0.8727801265046796,20288289.221347164,492.58777669823655,1.081550062742977
Steel,2,3,5034.81,0.696,1.2258945792913436,0.0910148048400879,0.022657770355355544,0.1679709737191825,0.13937585830688476,0.2185986036544827,0.36402128348279167,0.0805718395113945,0.7791882691704021,0.0,0.0,0.0,0.0,0.0,0.0,0.0,0.0,0.0,0.0,0.0,0.0,14611153.441418517,424.34870877261153,0.15186377219670427,16179330.989822527,210.981709774741,0.5179124570183251,15276966.552749887,866.0485235173086,1.0191218807659594,0.0,0.0,0.0
Steel,6,4,5035.0,0.7,1.7552977323532106,0.08879950809478761,0.010528919991754178,0.2117746014282288,0.041084404289722445,0.21187263919662971,0.43440234200091093,0.11256627798080444,0.3412284585395551,0.2817071672662887,0.11078135609626771,0.4893487593985849,0.3730336950627672,0.09300198316574097,0.6087574834840929,0.20447477871190228,0.09199939131736756,1.0028916624415725,0.4140082902820401,0.1319030660390854,1.3100103939613232,78027478.15853043,658.2735806114267,0.19320003661553473,75495587.77833618,800.8478195177946,0.8552624329520726,65269203.622996524,429.6795023754613,1.2292377650976007,49201172.759645835,697.6408327833004,1.5568106487131874
Steel,4,4,5035.37,0.707,1.5792509466409683,0.08629132372140885,0.036987746163434324,0.3800434979857269,0.11248681604862214,0.29551946485732716,0.2814546425405367,0.08547445476055146,0.6277151642073431,0.3334740736991178,0.13667377293109895,1.098170960209298,0.2783705406268126,0.1300366985797882,1.3455084422445613,0.0,0.0,0.0,0.0,0.0,0.0,86376339.08929425,472.68949239787963,0.19772559959259223,63680437.40994662,496.14983358138005,1.1826550115545724,57323537.716083,341.0825068888235,1.2868133221248852,80064647.27754606,766.5217292388048,1.4130432803481523
Steel,4,3,5036.03,0.721,0.5641564339399339,0.11808714520931245,0.022807596329906928,0.3386421355014238,0.0992947018146515,0.07581074859417392,0.2838119744852212,0.15,0.20846313707796682,0.3493317894079898,0.02,0.33298745532355045,0.20312298926819208,0.10920222938060761,0.47114903765246446,0.0,0.0,0.0,0.0,0.0,0.0,30296704.65368301,595.0369098353087,0.06423375723385172,34423388.44718736,851.4125447785801,0.391733040013036,30421447.364643067,655.0130021695225,0.4561919934771889,0.0,0.0,0.0
Steel,5,3,5036.43,0.729,1.2052410513162615,0.07897785502672196,0.04109444284077242,0.30991144312389024,0.047125126719474796,0.2898682063427493,0.2600439661897549,0.07181834638118745,0.4921117409538474,0.18242919966043558,0.04531499668955803,0.7152419941035254,0.35700200387274245,0.07485432684421539,0.942775702085362,0.1271622374855579,0.10929016828536987,1.0636239384833241,0.0,0.0,0.0,16095325.241609406,418.1481276184388,0.16075129953307626,18933095.433934033,696.3784876270447,0.6017563743027734,17989141.54189305,443.08278680148453,1.0452140063791506,0.0,0.0,0.0
Steel,1,3,5036.58,0.732,1.0067445173859597,0.09396500158309938,0.01349224834773746,0.24819442959834398,0.057363368570804596,0.39471474835889675,0.0,0.0,0.0,0.0,0.0,0.0,0.0,0.0,0.0,0.0,0.0,0.0,0.0,0.0,0.0,10485382.596365774,587.4648772808845,0.16844917909380694,7304911.877751882,541.4993731463082,0.4894431630449294,8959033.878700314,242.44821271765653,0.716755504326859,0.0,0.0,0.0
Steel,4,4,5036.59,0.732,1.2720908343791961,0.08308488363027573,0.032157771541585105,0.40968556266511935,0.10541088402271272,0.3257489871435246,0.27626837979644553,0.1147241246700287,0.584034140897702,0.4537095236923142,0.09365078926086426,0.8345731837482078,0.21325549751191716,0.11128844022750856,1.0665862033605387,0.0,0.0,0.0,0.0,0.0,0.0,49414866.24232316,248.65116108638532,0.1671924327443653,40893517.16685857,487.07886871359415,0.7958235199452995,38998727.56028562,639.0139543897616,1.030866366678325,45947591.741368845,213.61124548076918,1.1448817496691857
Steel,6,2,5037.3,0.746,1.4447346210479737,0.1103938777446747,0.014928928504581954,0.41881749139580426,0.026901601031422615,0.1813476085337938,0.26990998646917247,0.0335299039632082,0.415907919294815,0.24385815002991307,0.06629714846611023,0.5689508162427624,0.16162715690238155,0.02,0.6246716724014376,0.31722049035902217,0.12210415840148926,0.8493143916057957,0.5138679726758285,0.08835671842098236,1.0009084439790936,126361957.88525212,158.0147922092274,0.1975009490023715,112758825.46053787,187.99427233103063,1.2085466934921305,0.0,0.0,0.0,0.0,0.0,0.0
Steel,5,4,5037.49,0.75,0.9996012076735497,0.11014646220207215,0.022761593530307885,0.2533921773452372,0.06489910662174225,0.20762097290455256,0.3137581973181098,0.03220449559390545,0.4704800126776991,0.39008167489553836,0.05718075335025788,0.6056280325856188,0.31470015488983033,0.0743314626812935,0.7587809273198219,0.27201823200075415,0.15,0.8996310869061948,0.0,0.0,0.0,24593557.277367912,628.4709806684461,0.1266127334266629,22437828.767975446,406.2996603797788,0.49785920137920603,22365326.783668607,315.3626155536126,0.5863478598574166,27324224.260287818,220.94459700950574,0.8896300869061947
Steel,1,3,5038.04,0.761,1.843189850449562,0.15277880430221558,0.03760082526715558,0.26342516359446355,0.0517997296154499,1.365309490836256,0.0,0.0,0.0,0.0,0.0,0.0,0.0,0.0,0.0,0.0,0.0,0.0,0.0,0.0,0.0,28926021.831600077,138.66035172197178,0.3359884218661784,22722143.228375137,192.42948441170054,0.899065410037938,29052461.97341193,800.1491650961625,1.631567394123268,0.0,0.0,0.0
Steel,5,2,5039.13,0.783,0.9521867051720619,0.10647919881343842,0.018449415597846602,0.2435658941848248,0.0786224690079689,0.13914081655996663,0.4437839906977121,0.08196978837251663,0.3371384267477805,0.37807735619916544,0.10769628822803498,0.5823047034234057,0.19945925576145676,0.08882957696914673,0.7085055728105962,0.361669116100129,0.02,0.7749035655814838,0.0,0.0,0.0,55191545.1047009,319.4417931461118,0.11277880136686157,78167078.33405343,183.92476560958067,0.856968033702669,0.0,0.0,0.0,0.0,0.0,0.0
Steel,4,3,5039.77,0.795,0.6905372530221939,0.0658130493760109,0.01637093938061653,0.3787772366544235,0.09334900438785554,0.07890955379107513,0.26218213278880387,0.02110928237438202,0.19263705358763578,0.3518405370537758,0.1422750449180603,0.3136195167127984,0.37663656192023526,0.11924179315567017,0.5398305165842627,0.0,0.0,0.0,0.0,0.0,0.0,31806888.782822043,286.40613371875173,0.09875196681660639,32728570.820353128,583.1321238877948,0.33988924410126786,33063825.99117837,318.7393270630287,0.5905503152124827,0.0,0.0,0.0
Steel,1,4,5040.54,0.811,1.4698577761650087,0.07325578236579895,0.03372791438789239,0.20471439522112486,0.02,0.6250413046154316,0.0,0.0,0.0,0.0,0.0,0.0,0.0,0.0,0.0,0.0,0.0,0.0,0.0,0.0,0.0,5480878.147761091,418.9666171521843,0.315830285672533,7359797.269076093,752.0452692812269,0.9388054464455133,5268769.913605,182.79732569895862,1.2890835154649491,5972086.455844525,146.06029442686162,1.3078593111503545
Steel,3,2,5040.66,0.813,0.7796511471271516,0.09198908817768098,0.0072933355232287726,0.28106883580670966,0.05539390206336975,0.10532394841392226,0.29730346604682023,0.07121204137802124,0.311740672044766,0.35779444037540964,0.07805391907691955,0.4763128956403185,0.0,0.0,0.0,0.0,0.0,0.0,0.0,0.0,0.0,28090720.30390171,628.0994281905586,0.0860322172170346,25337045.489943784,365.51451966929994,0.6731487542836095,0.0,0.0,0.0,0.0,0.0,0.0
Steel,3,2,5041.07,0.821,0.6443309634923935,0.08554207748174668,0.019654748135090938,0.1939303090728173,0.13963419675827027,0.09312178512041366,0.4821978101326854,0.08732749462127685,0.28449511616847595,0.3644104714464419,0.03989154934883118,0.41838267663734463,0.0,0.0,0.0,0.0,0.0,0.0,0.0,0.0,0.0,34302242.94448083,192.37055966489055,0.12490042189633975,33083634.45092436,272.35791601159735,0.5213776818515298,0.0,0.0,0.0,0.0,0.0,0.0
Steel,3,4,5041.38,0.828,0.4444343078881502,0.07748369604349137,0.003954355995777798,0.2953861147712427,0.0902545839548111,0.06858315102897569,0.32719103976751174,0.06910747408866882,0.2167006229704659,0.3985598458655323,0.09166975796222687,0.3478969583032849,0.0,0.0,0.0,0.0,0.0,0.0,0.0,0.0,0.0,12819890.384603715,385.18337402275745,0.049001521266768856,13899605.897796892,855.3684749726569,0.1872748966540692,14257920.673615877,434.0514531933539,0.30214217678734573,14771993.281176085,494.49846521590314,0.3970063033864207
Steel,3,4,5041.44,0.829,1.746942350268364,0.08431881278753281,0.02200692009386575,0.2801710422472788,0.118336438536644,0.5936046160140168,0.1976769107290251,0.12653619706630706,1.022247562945779,0.24670112804319635,0.10026947617530824,1.2508207111071916,0.0,0.0,0.0,0.0,0.0,0.0,0.0,0.0,0.0,20516245.471706055,301.3007448876272,0.2462723889543772,23006059.47614094,92.407419094838,1.0516252120610856,21775734.71895292,357.9107971684334,1.1632230617200756,21085172.80613581,600.242789822213,1.5178107622350783
Steel,4,2,5041.49,0.83,0.7444963619112969,0.0761037991642952,0.02595342899977876,0.25830462687625044,0.05394875258207321,0.17436146049026766,0.30758880534365557,0.11898962259292603,0.3710897644022261,0.31061207302182425,0.043898507356643676,0.5284552636308848,0.26140626908695586,0.0613357600569725,0.6249424427569923,0.0,0.0,0.0,0.0,0.0,0.0,37736025.38157935,148.43797127517223,0.08741138112745542,31700690.451693486,602.5035592748843,0.6700467249756707,0.0,0.0,0.0,0.0,0.0,0.0
Steel,4,2,5042.37,0.847,1.5866348624229432,0.1100660640001297,0.029357962073184852,0.3018383890745657,0.025010401234030723,0.3799146858347848,0.31612402311312293,0.04044537305831909,0.5631316933294208,0.4078516381074167,0.10439162492752076,1.082043823995299,0.2108884905235156,0.0530832451581955,1.4279613761806487,0.0,0.0,0.0,0.0,0.0,0.0,104113526.94292925,430.32883658163996,0.23531871143675304,102471897.95059165,305.90923667771426,1.403418083891435,0.0,0.0,0.0,0.0,0.0,0.0
Steel,1,2,5042.68,0.854,0.9665059641003609,0.0445483512878418,0.013910360816725137,0.295558601829333,0.09406178295612336,0.6032422754385309,0.0,0.0,0.0,0.0,0.0,0.0,0.0,0.0,0.0,0.0,0.0,0.0,0.0,0.0,0.0,26200800.23616201,654.2242840688797,0.2333006082157872,25176339.565628335,380.2575959516913,0.7372221456083186,0.0,0.0,0.0,0.0,0.0,0.0
Steel,4,2,5042.95,0.859,0.9571527063846589,0.07516208052635193,0.02203889782525038,0.34661937785905833,0.06567765533924103,0.1596801081200104,0.23264334543956994,0.03164446912705898,0.32646754520866866,0.32977296293293396,0.06154021471738816,0.5447316848183166,0.3728207888717482,0.07629433512687683,0.7871503122082696,0.0,0.0,0.0,0.0,0.0,0.0,30866405.841282044,234.53052489619327,0.11214951212490783,37720820.16779215,526.701685861561,0.8131745294517836,0.0,0.0,0.0,0.0,0.0,0.0
Steel,5,3,5043.02,0.86,1.1196913689374925,0.08301212829351426,0.016244448756435617,0.25605051065397283,0.1036396074295044,0.23306629630846706,0.2230547643855233,0.07285524129867554,0.5448471059707259,0.6315829053327613,0.05804595470428467,0.684458894154829,0.28981769786208483,0.04290179088711739,0.8547906397633542,0.2251182180970284,0.0932139539718628,0.9665467780229526,0.0,0.0,0.0,33365400.88794298,354.95201748133496,0.1542319995934477,36812978.509514965,303.38577714852937,0.6395808802134451,42953580.2459081,767.0254339493152,0.9951397516859284,0.0,0.0,0.0
Steel,6,2,5043.48,0.87,0.7554756954312325,0.10062067604064942,0.007668020556536896,0.3615629074576315,0.15,0.07824988682355186,0.2800728013588047,0.08923623919487,0.20322446723577262,0.3090547689057758,0.11649870216846467,0.3260319406542355,0.22087207402559686,0.025367849171161652,0.4198873368388047,0.16864567566290942,0.09332351922988892,0.505400336190713,0.2566457628977632,0.10803198099136353,0.6318216416166429,68081984.02644852,230.19907207184417,0.13243715217970858,74042675.84753895,429.38334323842264,0.6673516752716148,0.0,0.0,0.0,0.0,0.0,0.0
Steel,2,4,4997.8,-0.044,1.25377676486969,0.11312206745147706,0.019833728891065605,0.2004657321368318,0.12600520849227906,0.5172043108125044,0.3552686675536215,0.0885575157403946,0.8574537728506915,0.0,0.0,0.0,0.0,0.0,0.0,0.0,0.0,0.0,0.0,0.0,0.0,16977150.34047833,832.4521515836875,0.1615955765907301,18948681.069737576,530.349547168973,0.4341408274603735,18768538.590615008,196.28777331910825,0.6224884581509929,18627423.343050674,945.7142249906724,1.0075831003631204
Steel,2,4,5044.43,0.889,1.0354453369975092,0.0635148025751114,0.017443067963933315,0.20778574891888454,0.04153209924697876,0.3718228339423985,0.3663380015842923,0.07051340788602829,0.6689342147625437,0.0,0.0,0.0,0.0,0.0,0.0,0.0,0.0,0.0,0.0,0.0,0.0,7307239.757627162,518.762728179535,0.13792947920657372,6464583.955469892,643.0824285196816,0.4887290867156041,7985039.831561611,272.0346791220913,0.6291623960572139,8041829.311524216,396.94129936530885,0.8998512926361664
Steel,6,2,5045.68,0.914,1.1850785493850708,0.13476878607273102,0.05774642672021375,0.28617407347591295,0.05060954213142395,0.16569340428244106,0.5406019590017972,0.045699627697467805,0.27308720090378885,0.3063528862044224,0.10654968857765199,0.4538031078997099,0.2604045058131776,0.07617289125919342,0.6970734183218324,0.2497595505789342,0.0696595349907875,0.8393256308604429,0.3909467326378135,0.10554886341094971,0.9419623585923678,63766548.668300815,261.16546574383153,0.15216297368683493,104952285.68220454,494.9506071291474,1.0645039930902844,0.0,0.0,0.0,0.0,0.0,0.0
Steel,3,4,5046.45,0.929,0.8556238919496536,0.09783722579479219,0.022132617614121913,0.5003097542459416,0.09117469966411591,0.2018603610651287,0.27990770203154536,0.0914149683713913,0.32093973249700497,0.24343910697040047,0.10522250771522523,0.4586072015543845,0.0,0.0,0.0,0.0,0.0,0.0,0.0,0.0,0.0,32230800.29986383,163.79843595053254,0.11073177275028945,21773717.86644406,481.2242334024061,0.37725981837745853,26797468.09254112,721.3462203231469,0.5664151011526997,25656311.15582717,247.6366090670751,0.7470763815984676
Steel,6,3,5047.2,0.944,0.9079364702105522,0.10793958699703218,0.02870930296781051,0.23451515982699472,0.1288401049375534,0.11891329979213017,0.24401596412412777,0.08048465996980668,0.2777535535816893,0.19498096677784868,0.07199761807918549,0.3748034081506088,0.22296841689015837,0.07510342121124268,0.46133975210387396,0.20320206619275938,0.09483706951141357,0.6102213397225584,0.32306536798754804,0.13973380506038666,0.8165756362961829,30303800.29987637,546.5112576082712,0.10722641506562397,35460699.24925581,412.0574611948141,0.5831438460791254,26460807.6070732,465.06988943416036,0.7965810988030536,0.0,0.0,0.0
Steel,2,4,5048.96,0.979,1.410098484158516,0.07545086318254471,0.03968825554471989,0.2816017307913597,0.06160008043050766,0.552402300152848,0.2640092139820863,0.08397685497999192,0.7072768587735913,0.0,0.0,0.0,0.0,0.0,0.0,0.0,0.0,0.0,0.0,0.0,0.0,19858204.762810823,539.9356677688546,0.2330875990135297,22268138.99379998,668.3669170906963,0.9534151464154412,20028456.45722114,391.4484888799168,1.1091021241965024,23141343.761574734,526.8218154558464,1.230391610901104
Steel,4,3,5049.23,0.985,1.7393799096345903,0.10494613146781923,0.045581164829635014,0.29709342001623096,0.060613090395927424,0.300269015336418,0.3079535596711694,0.05071845263242722,0.6550934517268932,0.45645465387323997,0.060527727901935585,0.9513339375206322,0.45507493872961413,0.12125695705413819,1.1562210090699363,0.0,0.0,0.0,0.0,0.0,0.0,56714750.69176054,455.7512613303854,0.19868268078709658,60395284.72576456,348.5033634969567,0.7957526744062114,61759267.35692308,501.0908920109937,1.4713774105769306,0.0,0.0,0.0
Steel,1,2,5050.47,1.009,0.5981375753879548,0.06851449751853943,0.013593675048134751,0.2205551660207955,0.11912444055080415,0.2912901944038857,0.0,0.0,0.0,0.0,0.0,0.0,0.0,0.0,0.0,0.0,0.0,0.0,0.0,0.0,0.0,8164768.264437028,271.29811136790926,0.13081249948217322,6873634.8112278795,400.5672872124118,0.4421954160902828,0.0,0.0,0.0,0.0,0.0,0.0
Steel,2,2,5050.67,1.013,0.7606425508856773,0.10897007882595064,0.007143766390423741,0.4157183479340598,0.07654218584299088,0.07607425508856773,0.32470428204240415,0.10761109232902527,0.3391959909928717,0.0,0.0,0.0,0.0,0.0,0.0,0.0,0.0,0.0,0.0,0.0,0.0,36373749.453753494,874.2951319096542,0.09445588209165602,33903199.50943756,104.93882220718011,0.6213992053870939,0.0,0.0,0.0,0.0,0.0,0.0
Steel,2,3,5050.77,1.015,1.1940866112709045,0.11743883049488069,0.004470805910714422,0.23159134982949836,0.09015405356884003,0.25771149745634825,0.30905301817586345,0.1345340657234192,0.7860703583997213,0.0,0.0,0.0,0.0,0.0,0.0,0.0,0.0,0.0,0.0,0.0,0.0,18128186.50173669,624.1314519634547,0.18047603732256426,23228046.90343319,745.6155690574919,0.5867297332560386,19143206.971999485,103.088140191676,0.9997273772881567,0.0,0.0,0.0
Steel,5,2,4997.46,-0.051,1.5706021398305894,0.0898553068637848,0.018162723292307094,0.3364309635037723,0.08560497224330903,0.15707021398305895,0.22746311224965787,0.09968840837478639,0.2791849029436868,0.24434797534857874,0.09307760179042816,0.4074318781684477,0.20358189820009864,0.10299625635147096,0.7060467828433421,0.3032465535910963,0.1102991682291031,1.0777735530671797,0.0,0.0,0.0,108561065.87004393,131.01340894133315,0.21485674190472173,102892145.46347399,332.289735956629,1.2568030867689926,0.0,0.0,0.0,0.0,0.0,0.0
Steel,2,2,4997.45,-0.051,1.3951795846223831,0.09382606732845307,0.01680087281133458,0.2013261254595577,0.08522744476795197,0.39690352608098256,0.36377977981180376,0.09917290925979615,0.9781315776857274,0.0,0.0,0.0,0.0,0.0,0.0,0.0,0.0,0.0,0.0,0.0,0.0,47710383.54171394,707.3817540399242,0.2837686323787224,36610262.793506406,454.2755495649313,1.2556616247649652,0.0,0.0,0.0,0.0,0.0,0.0
Steel,1,3,5051.43,1.029,0.6034678488969802,0.03127047376334667,0.02501637901067734,0.2950980953702701,0.056862227618694305,0.3018812205883743,0.0,0.0,0.0,0.0,0.0,0.0,0.0,0.0,0.0,0.0,0.0,0.0,0.0,0.0,0.0,24156112.57774108,653.093378533156,0.07027529953794365,29467642.66317405,356.0061725518812,0.13000055486412143,23915862.67677433,642.842210965788,0.44122431751252444,0.0,0.0,0.0
Steel,5,2,5053.32,1.066,1.3193323254585267,0.10717304062843323,0.039596835707627225,0.24086319618151153,0.08928201019763947,0.16994823910089746,0.21785807335257432,0.08225146174430847,0.4059028710849695,0.34459909199034405,0.07463851273059845,0.6560900332734847,0.2456847206714466,0.15,0.8323006416639663,0.3763363878105727,0.08824880361557007,1.0713903557062836,0.0,0.0,0.0,91453208.17358452,721.0376158434483,0.18884223333206235,95851951.6695802,585.2508365814508,1.1768102264407974,0.0,0.0,0.0,0.0,0.0,0.0
Steel,2,4,5053.67,1.073,1.1761402875185012,0.10447066569328309,0.01795894321122313,0.240458360129098,0.14054595172405243,0.278030778326119,0.8155574237447786,0.03882200181484223,0.6386217186456563,0.0,0.0,0.0,0.0,0.0,0.0,0.0,0.0,0.0,0.0,0.0,0.0,36004237.56092769,228.19178328178515,0.15868798622674565,31150926.032631833,353.7847615593671,0.20628980044553755,31419100.90322157,210.20708478739724,0.3064122774479459,34353447.61295727,374.15590792811844,0.8971349334451298
Steel,4,3,5054.23,1.085,1.3367750525474549,0.08279891520738603,0.0323409606565494,0.2462806444616127,0.02,0.2195862432315458,0.11346133372186121,0.1472313618659973,0.41639480848921784,0.38140663553510873,0.09939581334590912,0.5665806695510972,0.45492102738985746,0.09556826651096345,0.9667349126687423,0.0,0.0,0.0,0.0,0.0,0.0,39358092.09789461,588.3393187370593,0.1482262514310347,36746656.9206033,221.2288963684025,0.6256608903050882,33596640.6262639,766.1773028244246,1.1073417673216386,0.0,0.0,0.0
Steel,6,2,5054.45,1.089,0.7521063283085824,0.08358713328838349,0.01579355840980597,0.3624188350869563,0.06196034014225006,0.0785713360459219,0.20387164760242096,0.046166180819273,0.15021005315374025,0.23460528007858578,0.09698650896549225,0.2394827554652302,0.23380345662734137,0.09521527111530305,0.37030219635020634,0.3116858372065123,0.07645341008901596,0.49255260917895777,0.2588607247191321,0.060980219244956974,0.6298456403322072,39537901.79993643,296.56498845169887,0.10998202384822359,35304216.39914491,472.80225723687215,0.6657663387955494,0.0,0.0,0.0,0.0,0.0,0.0
Steel,6,2,5055.14,1.103,1.0847691401839257,0.07778590661287309,0.019024027452534543,0.1993319478233484,0.02,0.17469334443419055,0.2512706566411873,0.09341452658176423,0.23789468816326126,0.1152235444217214,0.07903247475624085,0.45971760206677675,0.19384513987531296,0.062409003674983976,0.6384329630319133,0.19077636981937524,0.12978619396686555,0.7616300709704831,0.10011845435491079,0.03498932346701622,0.8535695550472117,33282926.243879464,187.66783562751888,0.13468881193078372,32484468.81219071,236.86440820125992,0.9629937911968695,0.0,0.0,0.0,0.0,0.0,0.0
Steel,6,2,5055.42,1.108,1.7059906899929047,0.16,0.020308779213643935,0.2696292613648738,0.11059165477752686,0.2015236396976252,0.23733903167259032,0.08054599404335022,0.6104586264628415,0.22433569262579262,0.1127991157770157,0.8433431310146678,0.2172272219316309,0.05872521668672562,1.03808925540406,0.16801680000000002,0.10435462534427643,1.2137511736960938,0.211786060977609,0.08946139812469484,1.4459447582877096,74671857.87099053,744.0801168580944,0.18493851534228253,95354387.89437471,736.3025652777328,1.5278558133003928,0.0,0.0,0.0,0.0,0.0,0.0
Steel,4,2,5055.91,1.118,1.009902995824814,0.11801475381851198,0.01934630310558552,0.3261211837147673,0.09099818646907808,0.15875768450641983,0.21555886785744136,0.06261567443609238,0.4375962178259155,0.14927676159390266,0.10798654317855835,0.6811215512904616,0.3665890513246327,0.0417841400206089,0.8183223137781949,0.0,0.0,0.0,0.0,0.0,0.0,32853777.869780585,749.8738493942141,0.12388759232119056,28121466.67943584,758.6713307924568,0.8060009852340745,0.0,0.0,0.0,0.0,0.0,0.0
Steel,4,2,5056.35,1.127,1.003305184841156,0.10863099968433382,0.013530285573993509,0.3798920079477482,0.08324387192726136,0.22647991300511788,0.216191568772111,0.03589810878038406,0.4372987858238858,0.3991291200487123,0.08899148404598237,0.6577780721351627,0.37574886736491603,0.05546301573514939,0.8153431412894124,0.0,0.0,0.0,0.0,0.0,0.0,47936893.003287815,937.1552807262057,0.13108437256627872,49170756.50734769,228.50179798572813,0.8753789477144823,0.0,0.0,0.0,0.0,0.0,0.0
Steel,2,4,5057.21,1.144,0.9447339817881585,0.07685833531618119,0.006157499852385756,0.35935043175403764,0.11611158192157746,0.5293164062651143,0.2680077185263373,0.07565999567508698,0.7036118541558916,0.0,0.0,0.0,0.0,0.0,0.0,0.0,0.0,0.0,0.0,0.0,0.0,13410648.034600293,358.51833364209864,0.14225300241092853,15798575.311796445,394.4221517651057,0.4080766878743554,13491617.18635806,642.1837575661622,0.47849273740361054,15253889.056212822,755.1910956213355,0.8358508633238407
Steel,5,4,5057.23,1.145,1.0489574298262596,0.055880312383174896,0.019128879554811164,0.34561836173336913,0.08182657480239869,0.13940958134529052,0.47333486485771914,0.08758138537406922,0.35286029569569366,0.3280816174547953,0.03730477094650268,0.5171217495702729,0.3284453707406218,0.04943005546927452,0.5726017086861835,0.291541236792126,0.07305550396442413,0.7649976393740922,0.0,0.0,0.0,26022793.393853616,699.4500191463665,0.11949436016873154,30722332.349778607,930.6761616504155,0.39447340679209547,29002072.374288287,437.6940992984241,0.6533429244660215,30178675.68585337,340.5366304323825,0.9054960219725813
Steel,2,2,5058.67,1.173,0.8438293978571892,0.07737376320362091,0.00933826303327597,0.30529613281802853,0.040342277884483344,0.37201943823617617,0.2552765668840416,0.03189411170780659,0.5046215284110719,0.0,0.0,0.0,0.0,0.0,0.0,0.0,0.0,0.0,0.0,0.0,0.0,13351766.813220097,539.6811275218865,0.1160120853479593,9461679.89684855,803.9153073567218,0.6651066149362742,0.0,0.0,0.0,0.0,0.0,0.0
Steel,5,4,5058.77,1.175,0.8813936069607735,0.052387235224246986,0.008440468697736117,0.31667747301420596,0.11809899032115936,0.16151244968828493,0.3109376373837182,0.02,0.32607942176667815,0.2665897852986463,0.07646981775760651,0.4323606886082276,0.19503768532858026,0.09393552720546723,0.5340903429118128,0.16509619435563155,0.10015458762645722,0.6792154543839942,0.0,0.0,0.0,14714223.124479512,211.6786770684934,0.09293804846847087,14126212.739684166,852.2673416262036,0.34359732348166766,16747420.185036013,354.5541286159069,0.5024174639420942,16085124.771451643,299.0296640116219,0.7681512998964396
Steel,5,4,5061.31,1.226,0.9938798666000367,0.07249461054801941,0.021000655385672723,0.24723122256424984,0.05996482282876968,0.19319248797381772,0.24074266280413073,0.0941035556793213,0.36624506411217916,0.25393034089828853,0.06626862585544586,0.5044769531720972,0.2819480424756019,0.10515344440937043,0.6459734233941928,0.273718584090376,0.09812689423561097,0.8544947930842491,0.0,0.0,0.0,22507826.938254833,512.4368432231041,0.1124354204159196,12967381.398628363,452.75061523004746,0.5580124868094845,20380498.025895935,537.4271938529839,0.7789958520183484,16805413.206324518,1099.9999999999995,0.8853362393448367
Steel,5,4,5061.78,1.236,0.7247160509228707,0.09575592041015626,0.009229932661961197,0.1925090214053073,0.1185004609823227,0.09053765378937068,0.24793421203402663,0.10654416382312776,0.2597146197795751,0.25052207511216135,0.10316354870796204,0.42636031876993086,0.2975769348634768,0.07626839280128479,0.5751264371807586,0.20672547981977035,0.025348221957683565,0.6446231824728915,0.0,0.0,0.0,14733229.579066006,545.0697246864539,0.11221091189778493,14809916.211775763,618.541947660799,0.34849465321912954,13730143.981886946,695.3079659172776,0.49044682513874294,15476828.862071274,324.1189715027802,0.6274510940837005
Steel,4,3,4996.93,-0.061,1.0450075536966326,0.09292409074306489,0.0032842991969681905,0.2471827484812199,0.08701586902141571,0.17455155971687009,0.3325160676848596,0.15,0.4041218201681533,0.209918673150305,0.13397019982337952,0.6964453127312167,0.4325184716350885,0.13871642112731933,0.897674456130187,0.0,0.0,0.0,0.0,0.0,0.0,53325519.33692077,900.5214723520559,0.10898295937868227,49756599.61929299,52.082360032090975,0.44900908007746704,60832369.19125804,274.1906260022864,0.8438256912066827,0.0,0.0,0.0
Steel,2,3,5061.83,1.237,2.1,0.07007360392808915,0.027730587951271386,0.2113114225532279,0.0827717649936676,0.4122161601779605,0.33796715739670613,0.07690054714679719,1.139026230774577,0.0,0.0,0.0,0.0,0.0,0.0,0.0,0.0,0.0,0.0,0.0,0.0,83377976.07035004,287.2494388683581,0.262512586294168,69683446.2078863,934.1286248480294,0.873614049409545,117689572.95038812,563.0253658379335,1.460428658916046,0.0,0.0,0.0
Steel,3,3,5061.84,1.237,0.7718545511364937,0.0763741729259491,0.019628237588507746,0.18691107839232576,0.09446125447750092,0.14037260218263478,0.26116587803500657,0.08883015811443329,0.4573312896184928,0.2573502874709066,0.06438802421092987,0.5661459450023614,0.0,0.0,0.0,0.0,0.0,0.0,0.0,0.0,0.0,10929148.438092327,607.4321115276838,0.08912837644150767,10391016.314826157,724.4420233885113,0.4224216830874735,10616057.266179383,284.50472884486544,0.6819136270825387,0.0,0.0,0.0
Steel,3,2,5063.19,1.264,1.028269277513027,0.08691190659999848,0.0061324910834597655,0.32494386744355247,0.07090018719434739,0.17599311625216385,0.35806958491046686,0.07348023980855942,0.2772021170993758,0.28348252739235924,0.07942619681358337,0.5528642085909998,0.0,0.0,0.0,0.0,0.0,0.0,0.0,0.0,0.0,37418967.432559825,765.140724398234,0.1287388200480249,34955542.259926744,752.7403550881229,0.8302374690451594,0.0,0.0,0.0,0.0,0.0,0.0
Steel,5,2,5063.33,1.267,0.7533478975296021,0.06859626263380052,0.030715772873495032,0.24944924606563532,0.08798631191253663,0.09930490032184457,0.28486822624069036,0.023954836539924147,0.20775009130654915,0.2261906565173894,0.13568098306655885,0.34583415460186084,0.37690149785395305,0.08504595696926118,0.4688776426665827,0.3434885422891234,0.1321862155199051,0.6230621154755861,0.0,0.0,0.0,65533858.504055254,604.3823686241703,0.1276096142597521,53788917.691796735,1099.9999999999995,0.6482888627414214,0.0,0.0,0.0,0.0,0.0,0.0
Steel,3,2,5063.77,1.275,1.5668635934591293,0.11317109858989717,0.04271191657153302,0.20764631255986957,0.09899169266223908,0.453848327894537,0.17137388095795206,0.08006686687469483,1.0402466649831354,0.25671831405896717,0.07874654740095138,1.3162961191186542,0.0,0.0,0.0,0.0,0.0,0.0,0.0,0.0,0.0,31676291.354924295,423.14893910107133,0.20101768561517983,29996151.104865313,805.2766933099995,1.2926322179838707,0.0,0.0,0.0,0.0,0.0,0.0
Steel,6,2,5063.92,1.278,0.8155783638358116,0.11799082648754121,0.012904786591181881,0.36091175490507665,0.0652917593717575,0.12994790235029158,0.2942125987408941,0.08962019801139832,0.28592739742957507,0.2663823589331657,0.06706864595413209,0.38618011430293303,0.12390275684869946,0.038133325278759005,0.46462982319898116,0.22967969292994514,0.08590965509414673,0.5891711132960711,0.34977799983044294,0.02,0.6918088004110383,36874662.410127036,475.30647246197657,0.10403954664845566,40062492.017646246,998.3693643220994,0.7339489274018701,0.0,0.0,0.0,0.0,0.0,0.0
Steel,1,3,5064.2,1.284,0.9741455927491188,0.058168182492256165,0.032627054931038235,0.2510841247866967,0.09799639225006104,0.47145422762274203,0.0,0.0,0.0,0.0,0.0,0.0,0.0,0.0,0.0,0.0,0.0,0.0,0.0,0.0,0.0,6530758.945389039,797.0778243062812,0.27628932032179354,7225712.900953935,223.51765018807026,0.6086995704258127,5840827.359561126,579.4648957533518,0.8391347831034661,0.0,0.0,0.0
Steel,2,4,5065.15,1.303,1.3458243548870088,0.0748877541422844,0.021976905773830258,0.2834940257718253,0.13668613195419313,0.38899620163579063,0.24524255787080515,0.10478234827518464,0.9199279772677582,0.0,0.0,0.0,0.0,0.0,0.0,0.0,0.0,0.0,0.0,0.0,0.0,23775669.216917545,773.260311827585,0.23706507474197963,22875023.037393898,418.8124299793135,0.9509613107715879,27565982.82992179,676.1664232397104,1.0995906743131054,23583874.076612577,308.7795427520655,1.18158958746908
Steel,5,3,5065.52,1.31,1.318491417169571,0.08657854902744294,0.008679088346128148,0.3663201466240894,0.13249829053878784,0.24602196880254099,0.5592194659270019,0.07093905031681061,0.47616869022483893,0.2534703847020973,0.11671888649463655,0.670316558649807,0.18599069514542052,0.05866342157125473,0.7685234518410397,0.4316923550626005,0.13967411756515502,0.9819300085869523,0.0,0.0,0.0,210698138.375428,246.23219396999576,0.18381428314976136,179068949.84320027,339.53947262983166,0.9520559493714115,197994152.46265396,328.058431554466,1.1798301914262774,0.0,0.0,0.0
Steel,3,4,5066.84,1.337,1.094506298005581,0.10118690824508668,0.012285453565068563,0.3231064244077314,0.07240357905626298,0.2368934667531577,0.3686932104162045,0.09788658678531648,0.6150255937306063,0.42973190051217364,0.10191492319107057,0.985045668205023,0.0,0.0,0.0,0.0,0.0,0.0,0.0,0.0,0.0,31868015.834639985,753.8187278718624,0.11726337445726023,36308957.93852886,248.35956106865876,0.3981671114072621,36512476.76870075,1099.9999999999995,0.6257580644198606,31596693.34229334,453.88494980690257,0.9599281286909012
Steel,1,4,5067.18,1.344,0.7321971684694291,0.09048704934120179,0.017373696859576227,0.3271749965321355,0.09901975810527802,0.2300266557701945,0.0,0.0,0.0,0.0,0.0,0.0,0.0,0.0,0.0,0.0,0.0,0.0,0.0,0.0,0.0,7715716.579493768,483.73351720389815,0.08865284510555801,6829877.9589616135,423.0954117816352,0.24996090150589834,6603966.542912604,431.86150865606004,0.33475580614754347,8613050.237918045,274.7616688816999,0.5139536611955628
Steel,2,3,5067.37,1.347,0.8233164072036744,0.10839407086372377,0.020589402359971164,0.34417027200002015,0.08848812699317933,0.24604150696295277,0.2823583208577764,0.09383665502071381,0.6294309961494783,0.0,0.0,0.0,0.0,0.0,0.0,0.0,0.0,0.0,0.0,0.0,0.0,19995311.440339275,243.72436208109562,0.09437434882004399,16154268.960683452,253.17116656506218,0.406341734440582,14051202.161541883,492.8448935919502,0.6956760968901803,0.0,0.0,0.0
Steel,6,3,5067.65,1.353,1.5303955644369125,0.10580363893508912,0.008693547162733182,0.23011451967083751,0.07973742336034775,0.26797090041723437,0.3515942530583747,0.07654807090759277,0.4625328994399516,0.17101675196840396,0.0679999428987503,0.7250656190011437,0.1517268313049107,0.09130155205726624,1.0042969509830355,0.43562536415344444,0.1093674373626709,1.1274903060247357,0.16248571696804348,0.09752552509307862,1.3529575437600032,41749956.767970145,166.4896385362124,0.17712410609903823,42893140.32789355,250.38067762522965,1.0201504728971904,33992890.28936561,479.52048463635697,1.3686507321444625,0.0,0.0,0.0
Steel,2,2,5068.13,1.363,1.0614476636052133,0.09141478991508485,0.02268452265146778,0.22539464222953529,0.1013023728132248,0.11749712611035422,0.3230496519465816,0.10813823759555817,0.5629476185376652,0.0,0.0,0.0,0.0,0.0,0.0,0.0,0.0,0.0,0.0,0.0,0.0,27538788.268310916,225.08855778720437,0.16493359328983775,28907186.214238506,234.06521292288897,0.9092046268462347,0.0,0.0,0.0,0.0,0.0,0.0
Steel,4,2,5068.18,1.364,1.1060177326202392,0.10517173564434053,0.04328181246134631,0.3608290162219048,0.09226218521595002,0.3802247895849897,0.27465369457925815,0.09273300588130952,0.5906890995812097,0.2878114536669842,0.08055285930633545,0.7221335682336812,0.272916995894218,0.10319082379341127,0.8343041970563418,0.0,0.0,0.0,0.0,0.0,0.0,56089917.19192762,513.0761304499163,0.14427368131327858,57440762.35200429,531.368021235224,0.9585514627345088,0.0,0.0,0.0,0.0,0.0,0.0
Steel,2,2,5068.57,1.371,1.24274240732193,0.05312772136926651,0.01729741233170488,0.2581262075034905,0.09919395446777345,0.1996976667567132,0.3498416680530283,0.07819495916366577,0.6668993121560985,0.0,0.0,0.0,0.0,0.0,0.0,0.0,0.0,0.0,0.0,0.0,0.0,187073913.58237255,768.3209821820991,0.18718237896909926,223536773.7514429,225.8262964331269,0.8463163043772931,0.0,0.0,0.0,0.0,0.0,0.0
Steel,6,4,5068.76,1.375,0.9811478689312936,0.0718366301059723,0.024573089048559257,0.2652407101040895,0.12184848546981812,0.12260332406824358,0.3162935914335106,0.08736740767955781,0.23458187942624828,0.24400925008509863,0.022959371469914912,0.4261823264666642,0.4264861845993921,0.03773479521274567,0.5200677195413684,0.23485159290078125,0.10983815729618074,0.6410391201366583,0.16471043081505932,0.08791373074054719,0.7843270060570083,19174192.489383087,418.3665485345286,0.10834350186896143,28228875.16011664,1092.1367864011959,0.44627139569945146,25346811.530575063,766.3333632702822,0.5896909795840461,19379019.29303175,353.099867041279,0.880365555315007
Steel,6,3,5069.55,1.391,1.3834062069654465,0.08619906342029572,0.015447003236286689,0.19088575908643995,0.08221138209104538,0.2151227824010434,0.30580852837673866,0.10182775139808656,0.32732169946617573,0.1871134296166735,0.03312765747308731,0.5060435953247593,0.3329590492195462,0.05319057881832123,0.6838024647369695,0.27291470988827576,0.04493745565414429,0.7535958731613458,0.27530949674307303,0.12666280925273896,1.0386986192890642,44825125.436118424,339.50544780622187,0.1512487094267012,40312564.481220454,128.08489422049803,0.9053942206624256,35516746.19196029,531.360934728759,1.2450655848854955,0.0,0.0,0.0
Steel,6,4,4996.54,-0.069,1.2086498945951463,0.12541099059581756,0.023993438192232562,0.24680562464137784,0.08929690301418305,0.19304439950777544,0.2885428345237661,0.10373672842979431,0.3709131562891863,0.41572830864611554,0.058382894992828366,0.5251330521617856,0.18846308591612368,0.12164062917232514,0.7076616700060557,0.39419074048476865,0.13659183144569398,0.903788502697097,0.31102033356351966,0.079590223133564,1.028162077113003,35049263.649962716,320.23481047992834,0.12845911098323382,32587673.392324436,378.6096786095909,0.42355522111374755,40879386.18546992,522.0964215920179,0.5994636128528896,41248776.75397848,1099.9999999999995,1.083910384811155
Steel,2,3,5070.02,1.4,1.1055573612451552,0.08451049381494523,0.01992884667145685,0.3391291812693042,0.10384707629680634,0.40520650952223153,0.4429143288802724,0.07901553630828857,0.7197172554805678,0.0,0.0,0.0,0.0,0.0,0.0,0.0,0.0,0.0,0.0,0.0,0.0,27158533.519693106,1063.7782636979337,0.12594790050809238,27210692.465117082,650.1040230691375,0.3347133196930979,30516657.28112213,374.3898650188628,0.8805912242408918,0.0,0.0,0.0
Steel,3,4,5071.69,1.434,1.3814891874790192,0.13711186170578005,0.016909542355511415,0.24475478624187239,0.11088834881782532,0.494089534355434,0.28577808338673993,0.054337763488292695,0.730554530796715,0.2575257730967689,0.10004419326782227,0.9025659109084118,0.0,0.0,0.0,0.0,0.0,0.0,0.0,0.0,0.0,19762033.703240614,521.8631169923585,0.1873613363580196,16898708.892234255,437.7190335237359,0.5267207767367097,22903468.77982689,481.82733547345754,0.6660072241493797,20072407.129663248,221.68438017458416,1.2012888802443416
Steel,3,3,5071.99,1.44,0.8269309565424919,0.041247922152280805,0.010326114991203797,0.3294380090932,0.1440100657939911,0.13784898696807996,0.2345231024850706,0.04369004473090172,0.361851409459825,0.16730552159022452,0.1197524106502533,0.6737554695449093,0.0,0.0,0.0,0.0,0.0,0.0,0.0,0.0,0.0,45450921.019130506,732.0432447512422,0.16199999169022067,43320861.13290182,884.1486228761482,0.3947369314809356,43519577.96011371,487.1113492686631,0.646239157521094,0.0,0.0,0.0
Steel,4,2,5072.82,1.456,1.1487227737903596,0.10349413096904755,0.017678554658977063,0.25909215777321354,0.10193729341030122,0.19742517157205752,0.298437808705737,0.09697660624980928,0.32826892479948533,0.23502633840178244,0.10715672194957734,0.5587192667409606,0.26788994392563764,0.02,0.8118655806926349,0.0,0.0,0.0,0.0,0.0,0.0,32336716.899699025,585.4695333657927,0.13540377539066475,36401888.81244674,581.0361362192172,0.8364417675032855,0.0,0.0,0.0,0.0,0.0,0.0
Steel,4,3,5073.34,1.467,1.045711949467659,0.1285364400148392,0.023143128882105755,0.379437214846734,0.028268926441669465,0.22748238760360778,0.251312005597115,0.034059654697775846,0.3209557592052965,0.13497675834178272,0.07336950838565827,0.5384783321939678,0.2630108065860963,0.15,0.7699315637935292,0.0,0.0,0.0,0.0,0.0,0.0,20611497.900646396,289.96935602414163,0.12658327979714426,23485708.973801337,442.8655524178611,0.4209190882787396,23815754.591572523,285.85146013883315,0.8792279872760248,0.0,0.0,0.0
Steel,2,4,5073.82,1.476,1.2762416750192642,0.10592761754989626,0.010051765600798877,0.18611385331749727,0.06747712910175324,0.37330100928698046,0.38969202080025234,0.0890323269367218,0.8371164568539562,0.0,0.0,0.0,0.0,0.0,0.0,0.0,0.0,0.0,0.0,0.0,0.0,16493527.519884277,691.553463098641,0.16254393472495715,12855032.77803154,418.13004387853874,0.7155461007842339,14785024.35785881,219.16564494304788,0.8162421887544731,11518332.268613553,337.10942661962196,1.1106958220932868
Steel,2,3,5074.24,1.485,0.8264953956007958,0.10669347834587098,0.025649950757853018,0.26239781327106415,0.1039933466911316,0.18793390569582993,0.23143586513484649,0.11362451255321504,0.5973686234341369,0.0,0.0,0.0,0.0,0.0,0.0,0.0,0.0,0.0,0.0,0.0,0.0,13117627.166443203,261.79405944573745,0.09587086002612272,13081957.360975362,108.49940804166584,0.43793701759584414,14944263.635337647,393.78168129325235,0.7165114587660892,0.0,0.0,0.0
Steel,3,4,5074.25,1.485,0.7455073043704032,0.08393574273586274,0.020483577023949047,0.3911288165757082,0.1206008517742157,0.20852129412058068,0.19111866961419177,0.08479212045669557,0.46747857655007374,0.27684685210313764,0.04074477717280388,0.6010550859332668,0.0,0.0,0.0,0.0,0.0,0.0,0.0,0.0,0.0,14866369.520982884,641.1981358811391,0.08335343313935992,13222957.871135164,545.0242416259831,0.192236544237797,14541547.723872581,353.49167894439415,0.4869359329572495,15486491.432470014,483.71591474759265,0.6592335212078851
Steel,6,2,5074.87,1.497,1.0076102912425995,0.08938183009624483,0.024388078155679026,0.237149289174996,0.04370347112417221,0.13927322351442264,0.34745165244818604,0.08976946711540222,0.21906591351057503,0.37777476195736415,0.07806922644376756,0.3978790900462471,0.32286321268469226,0.06565438240766526,0.601066906503709,0.2552849434951734,0.08910762012004853,0.7603976834304389,0.2782923570818465,0.04565293073654175,0.8808476072324666,77473606.71036112,1003.3892150361784,0.12399335898213787,78616798.81474364,323.3500316486002,0.9068492611107292,0.0,0.0,0.0,0.0,0.0,0.0
Steel,4,3,5074.93,1.499,0.7799828350543976,0.0940557680130005,0.011882607018121038,0.1516556860576389,0.05129731014370918,0.18157755130168987,0.363904481006116,0.07462554156780243,0.33620380319854215,0.3539686406310565,0.04675759494304657,0.4610929850900678,0.31171145817031,0.06003360331058502,0.6202604442036312,0.0,0.0,0.0,0.0,0.0,0.0,16107816.350117274,644.9921654740235,0.10277108313732812,17380713.359311447,391.2714039467462,0.5150679979258408,20367760.834362615,247.91125357165188,0.7019845507689748,0.0,0.0,0.0
Steel,6,2,5075.25,1.505,1.1179464787244797,0.12356860303878786,0.003072077252837522,0.2341206512632865,0.09984579801559448,0.11180464787244797,0.25103955278211515,0.07381632387638093,0.2549363946744093,0.30614579334504877,0.047165880501270296,0.3831760155028828,0.29960426251523287,0.02,0.4625375595982089,0.34989730973893013,0.09481912374496461,0.5823124371477233,0.15577361325871422,0.14325761437416076,0.8614412232220008,54233154.07421178,310.48255109812516,0.12661753817234894,48467632.57664805,381.11589922522586,0.9852156350123644,0.0,0.0,0.0,0.0,0.0,0.0
Steel,6,4,5076.1,1.522,1.2480894416570663,0.08698429375886918,0.0022942655955347185,0.24131005861676835,0.06903616756200791,0.16138724476760877,0.2535696180500366,0.07975904196500778,0.3026889589806411,0.19569280059125205,0.053374329209327706,0.4222075337685303,0.22304533655550438,0.10212890863418579,0.5492617466200477,0.4304530235872223,0.07739550471305848,0.7836213814669306,0.249754720208179,0.0692004805803299,0.8720392567030361,17225659.944456965,617.4217868107368,0.13161549626629998,21010382.672822718,660.3837953963694,0.39980284573179553,23940988.07668105,271.55191393976617,0.7408371951265862,19170905.58693589,508.67082082222754,1.058146258729244
Steel,5,4,5076.35,1.527,0.7477403536438942,0.11052298545837404,0.036711215767357,0.3431990002509142,0.10074182331562043,0.07699792848017786,0.28943033172188365,0.09458903670310975,0.21257042670359774,0.21906811553516523,0.05832567155361176,0.38598536105498543,0.1864679541466945,0.08403050631284714,0.4974470141304493,0.16099042551855178,0.07108869135379792,0.6293222882489025,0.0,0.0,0.0,16926840.11823525,65.6704867309074,0.08699892848017786,15937433.616837269,371.9740074845492,0.12802159520440376,17371704.452012986,454.28039632293,0.3613278060732853,21128187.25217008,1099.9999999999995,0.6469365589447198
Steel,2,4,5077.11,1.542,1.2386483550071716,0.0608472056388855,0.02889160617726529,0.4303200195599372,0.07904433399438858,0.26979980345172483,0.2179609937826164,0.04689144238829613,0.4672562024226597,0.0,0.0,0.0,0.0,0.0,0.0,0.0,0.0,0.0,0.0,0.0,0.0,19662410.679354392,703.7139426235685,0.1475106231587377,24757323.490637876,298.13098500454333,0.576042450741548,18751982.18835441,270.8747051820843,0.687815021362626,22841347.08490737,318.67757433327506,1.0204088456632932
Steel,6,4,5077.53,1.551,1.6020736783742906,0.11269769799709321,0.01883371966597477,0.2638114741555557,0.1084692656993866,0.30852302102475815,0.27202183851873274,0.11051579594612122,0.5203563680814958,0.26154516720092036,0.05245860502123832,0.7790755283233888,0.24422328821770348,0.07770879626274109,0.9856881043083867,0.46405828686241946,0.0957204258441925,1.1235608179794603,0.30975939681763526,0.10493957519531251,1.36042699102529,43937364.375271246,384.2374998043289,0.17177710996005138,34636537.06131735,491.85040192355814,0.7339947930890374,35790424.906502865,272.10932193008364,1.049622022312927,32313516.378417313,717.3691081456526,1.4278942459262596
Steel,1,4,5077.79,1.556,0.25,0.09328521823883058,0.02880177207685149,0.4100853421749952,0.09160876870155335,0.05780047198385001,0.0,0.0,0.0,0.0,0.0,0.0,0.0,0.0,0.0,0.0,0.0,0.0,0.0,0.0,0.0,11629834.878008587,245.4511263561077,0.03154153787430801,11481625.171805797,527.8082741962899,0.12720618190546146,12307826.780250577,712.6620032098049,0.16564486018251456,11107766.547266273,418.5196944515325,0.20386430005971737
Steel,6,2,5078.5,1.57,0.848130975663662,0.1128051974773407,0.007880920359049618,0.3001122054659639,0.06699531316757203,0.12833425046164657,0.3231213834230591,0.07221244424581529,0.31603461632402385,0.19183605866535092,0.03795739129185677,0.38749780255592164,0.4065424002353067,0.08347858488559723,0.48748684989099605,0.1926692126549324,0.10754187405109406,0.6087538788913628,0.4413981770074786,0.06371747553348542,0.7324725615843071,50801534.47667494,355.66191633726834,0.15052434669479295,55026348.38858712,100.20315358494224,0.7633178772491648,0.0,0.0,0.0,0.0,0.0,0.0
Steel,4,2,5079.13,1.583,1.161742517352104,0.10573420989513399,0.022062819757802728,0.17521660835544015,0.057037888467311865,0.2129675906556695,0.37611377939761187,0.08414251625537873,0.516288120420771,0.300249112591007,0.0787475934624672,0.7439576076856408,0.23164632150857425,0.09269623875617981,0.9195694595226906,0.0,0.0,0.0,0.0,0.0,0.0,45553626.538544975,693.0977733889805,0.187425162561339,45230727.87973988,320.90890050851755,1.0152864440054854,0.0,0.0,0.0,0.0,0.0,0.0
Steel,5,3,4996.07,-0.079,1.702308711409569,0.08984408378601075,0.025529308417743223,0.3203926505109566,0.0729594174027443,0.34070156700452026,0.32220583899499283,0.14830689907073974,0.6057416485687002,0.40418795500192983,0.09136552453041077,0.7557676448548951,0.15464673812471702,0.11044331550598145,0.9543648193056322,0.342793281201252,0.11370780229568482,1.199033164401044,0.0,0.0,0.0,49309286.97767694,334.94485231680574,0.21977092829656308,70612644.91508687,502.42023116180604,0.7188947145684603,53552374.009988554,44.99999999999999,1.495045509957436,0.0,0.0,0.0
Steel,4,2,5081.14,1.623,1.1530112847685814,0.09660506558418275,0.025088153104721792,0.3762623621694942,0.10193575143814088,0.25979356654978386,0.46281946242392363,0.100851628780365,0.47187863265432856,0.2497803782276682,0.11227400064468385,0.6712673575300723,0.3099523996870544,0.0635737544298172,0.98672906738419,0.0,0.0,0.0,0.0,0.0,0.0,216204210.95748115,286.335533720958,0.15617416491609976,185182438.9543498,341.4552590919718,1.0329265566292096,0.0,0.0,0.0,0.0,0.0,0.0
Steel,1,2,5081.25,1.625,1.2955311805009841,0.11044138538837434,0.023396696326176716,0.27133568465189145,0.08609772145748139,0.29785496470609696,0.0,0.0,0.0,0.0,0.0,0.0,0.0,0.0,0.0,0.0,0.0,0.0,0.0,0.0,0.0,19802683.200457543,634.2324922791796,0.16621722586058302,27077123.84544189,510.98013460382487,0.827671157680845,0.0,0.0,0.0,0.0,0.0,0.0
Steel,5,3,4995.97,-0.081,1.1991413235664368,0.13270839488506317,0.010945151290074277,0.20704379446600948,0.09170066714286805,0.23637958183723387,0.22405118291991657,0.07962048918008804,0.5151638127422994,0.2348902091223393,0.09704180300235749,0.7640169703931852,0.24970200474915655,0.08170675426721573,0.8589275618452081,0.2471808752539302,0.08059250503778458,1.0792171912097932,0.0,0.0,0.0,27580561.080102008,708.0317820624305,0.1527534090777389,25986276.35160351,484.6880489889922,0.5360765739886345,28895223.562032193,452.09475165975647,1.0477664545594907,0.0,0.0,0.0
Steel,6,3,5081.4,1.628,1.312313398718834,0.09993811655044557,0.010867354872965083,0.25107604110014764,0.12930770993232726,0.21732705324350376,0.23047303958330176,0.10775816857814789,0.35756597413818875,0.4739845413626283,0.0530999705195427,0.5081618023736316,0.2196004862497875,0.08235282510519028,0.6522277746112304,0.32766788924676504,0.14731493055820463,0.8779472406275625,0.2849387785609042,0.15,1.1291401533533019,45306544.65088479,1000.5536468316826,0.1447124442013879,41128911.16084512,511.03864660908584,0.692373869649036,62464350.18035339,215.13572755561745,1.1513082628879119,0.0,0.0,0.0
Steel,2,4,5081.57,1.631,1.5228525310754777,0.08534175062179566,0.01933046128337347,0.3263598178948649,0.03571556426584721,0.265609767723458,0.2988608305291582,0.1218588298559189,0.6885418270800496,0.0,0.0,0.0,0.0,0.0,0.0,0.0,0.0,0.0,0.0,0.0,0.0,44720518.40600149,461.39003717348953,0.3495510498483635,46179194.383895546,663.9619914815758,1.2682563929034292,33573715.11646151,246.53303835450149,1.2256716362613633,38268094.87499665,225.7523923850112,1.2986632907316966
Steel,6,4,5082.83,1.657,1.3552933394908906,0.042738261818885806,0.022648931780358324,0.2816447706023417,0.1059870082139969,0.1944483362684947,0.2897996558794659,0.09370208501815797,0.33951087031186183,0.21836975825705332,0.15,0.5760098359933951,0.19623625323503943,0.1037921929359436,0.7674011162427838,0.19869867408911068,0.06167231291532517,0.9401684689819657,0.5678266481436937,0.07735071778297424,1.0588399109978464,90291220.76115091,682.6054737876077,0.14340710228422607,70326630.14404677,231.53118388766333,0.5055320599710325,85834508.11443585,525.8737683530619,0.7027940942092765,94980197.64686511,463.7589639301421,1.1820995644720038
Steel,3,3,5082.87,1.657,1.9238723874092103,0.10094516348838807,0.007780248177612306,0.33552123577453774,0.08011534601449967,0.5253900643123686,0.2740870268789369,0.06716663867235184,1.1529432733710898,0.15455250500936873,0.06594283193349838,1.5374998561316655,0.0,0.0,0.0,0.0,0.0,0.0,0.0,0.0,0.0,27621227.47444366,103.45462199476782,0.20695149520503375,24244180.427210353,530.8698676894252,0.9996700543862489,25205543.829649195,569.4741684987232,1.67091987799481,0.0,0.0,0.0
Steel,1,2,5083.35,1.667,0.8673494681715965,0.11023617911338808,0.02811726485042878,0.317914550770214,0.07891073256731033,0.25374525714453444,0.0,0.0,0.0,0.0,0.0,0.0,0.0,0.0,0.0,0.0,0.0,0.0,0.0,0.0,0.0,17731306.602306265,372.0725279670932,0.13653083683385792,22251288.970014285,343.6780139016887,0.7614881067258812,0.0,0.0,0.0,0.0,0.0,0.0
Steel,6,2,5083.42,1.668,1.3211492210626603,0.09318850171566011,0.017060196140639614,0.35845653595688454,0.07107233017683029,0.26891350051816987,0.28815246915662657,0.13530390501022338,0.4412288135174428,0.31059695227012946,0.04570483475923538,0.5766325849530216,0.1916556593010474,0.10446248590946199,0.8029640358952637,0.23777883674733247,0.08612878561019897,0.9873098893591267,0.12523303909649375,0.08182690024375916,1.170551443191764,163947635.13075596,1099.9999999999995,0.1511860526889126,129721103.56234054,274.27066771624624,1.099990980389666,0.0,0.0,0.0,0.0,0.0,0.0
Steel,2,3,5083.54,1.671,0.46276999004185204,0.06913635420799256,0.04967129147492922,0.41326922524369314,0.04870675817131996,0.10701347464615468,0.2279490525794549,0.07579122602939606,0.2444042699834499,0.0,0.0,0.0,0.0,0.0,0.0,0.0,0.0,0.0,0.0,0.0,0.0,9451629.924521646,256.5663200757167,0.06325516293961697,8857414.278394442,662.9204628632627,0.20361999795797986,10188912.666757643,511.85695824002846,0.3764686194230973,0.0,0.0,0.0
Steel,3,3,5084.08,1.682,1.5178038835525514,0.11260940301418305,0.02893285365313357,0.17951285916194312,0.06236035019159317,0.4560806213803596,0.11825169715220869,0.07864506006240846,0.7332980044091725,0.3112801035437653,0.13459871232509613,1.1156987931158113,0.0,0.0,0.0,0.0,0.0,0.0,0.0,0.0,0.0,20001113.043001644,733.4463928947748,0.21049395605351573,24578392.688292187,1053.582394009646,0.754078258001521,24425931.955409564,659.0435745082523,1.343934095500757,0.0,0.0,0.0
Steel,2,4,4995.83,-0.083,1.7450989902019503,0.07677497053146362,0.03233947316118651,0.3431334312112373,0.12225810766220094,1.2825571831417932,0.1957850997545492,0.11158629655838014,1.5705790911817554,0.0,0.0,0.0,0.0,0.0,0.0,0.0,0.0,0.0,0.0,0.0,0.0,31806489.572371785,802.2704973875126,0.36619211289148224,21993321.335059147,565.4711135323623,0.748684180026395,27165941.210247643,320.31938328600074,0.9014008022322838,28453444.8925999,338.9932239233245,1.5605780911817555
Steel,2,3,5084.42,1.688,1.5363005578517914,0.09522659063339234,0.028668033174656507,0.34681959431122983,0.06826382547616959,0.15364005578517917,0.37714280766072533,0.09733738124370575,0.7921368835342879,0.0,0.0,0.0,0.0,0.0,0.0,0.0,0.0,0.0,0.0,0.0,0.0,20493721.930526827,136.8629050048801,0.18327936255462993,27453743.13973018,141.75437359546734,0.5204304234806908,22074666.142476603,1062.9431796092422,1.2196637777430879,0.0,0.0,0.0
Steel,4,4,5084.76,1.695,1.362271136045456,0.08017333287000657,0.04200913796320347,0.24143549568894856,0.06700917154550552,0.4753405635994358,0.3367595907738149,0.05349763661623001,0.6126837729946244,0.27341849525723594,0.07032071948051453,0.7386466656231971,0.3669237157961416,0.14372678458690644,0.880778303052533,0.0,0.0,0.0,0.0,0.0,0.0,32490058.41717025,936.8858916390719,0.15556262219486422,37571483.768778585,264.9418752649021,0.2888761864926839,38951712.207079865,493.600686389115,0.6611983962503003,36722350.15716258,374.8637888250451,1.1564006560032616
Steel,4,4,5085.13,1.703,1.2335361927747726,0.040870237231254575,0.02579842023424278,0.23073635394262618,0.06508103609085084,0.2453774430258765,0.18109737370382525,0.08194730579853059,0.37958414369368987,0.438906957061854,0.05850364148616791,0.5725905636133355,0.31607772572638176,0.09954308331012726,0.8774278745997607,0.0,0.0,0.0,0.0,0.0,0.0,101610519.34493935,767.2620614543517,0.13658704344291125,108631496.86280732,905.5738518444983,0.6740834354413475,91034391.91662209,647.1274875204748,0.7965531706072975,126530092.10036732,344.8154060203597,1.110182572263759
Steel,5,4,5085.64,1.713,1.4921548575162888,0.10834730803966523,0.015132501486564018,0.3230397345677648,0.09189831078052521,0.3195669680567619,0.2938350336414956,0.02,0.4332541665257621,0.3322156044435364,0.09864546954631806,0.6441065503804063,0.3746095357115496,0.0979805463552475,0.8055213909724699,0.16425268341201774,0.09379427790641785,1.1542267568078513,0.0,0.0,0.0,43085974.225837305,551.6714720528977,0.1970957597257404,45204622.890500575,369.6634539211878,0.9333254137168107,39383056.74410035,395.6967204607995,1.1240624186091268,31824701.85055768,599.7076018972701,1.3254287353971526
Steel,5,2,5085.66,1.713,1.02822522521019,0.0859160658121109,0.008946122570971611,0.242726452318425,0.09057013034820557,0.102832522521019,0.2490187639259525,0.09159281432628633,0.2465780560035357,0.3084388727974039,0.08671783447265625,0.40125472779766336,0.30079033496035734,0.08829324185848236,0.5940464495721065,0.2163306725274775,0.09374458611011506,0.8031726570833726,0.0,0.0,0.0,46458880.26920114,434.20438444831916,0.14139347045642534,53238656.78781519,258.52327191257893,0.857476238854626,0.0,0.0,0.0,0.0,0.0,0.0
Steel,5,2,5087.39,1.748,0.6821012645959854,0.07400173193216324,0.01554965311710558,0.22222586917356774,0.15,0.14017945629387024,0.4537604970552384,0.06395077049732209,0.25833897940300804,0.17046884853766484,0.04559871569275856,0.3276548828123787,0.17949324697063218,0.13003903090953828,0.4607159693065414,0.12800779687158864,0.0701436483860016,0.6010488376930586,0.0,0.0,0.0,32355073.001797523,592.008681187781,0.11605284098373417,42506118.22534299,440.9376589257387,0.5857361061312198,0.0,0.0,0.0,0.0,0.0,0.0
Steel,3,2,5087.5,1.75,0.7900326043367386,0.07513187301158905,0.011064466276107987,0.4620533640091027,0.07355692774057389,0.17680424297808717,0.42165891564582214,0.09959993481636048,0.49688749693869844,0.23320224773894374,0.12178662061691285,0.6609180818258669,0.0,0.0,0.0,0.0,0.0,0.0,0.0,0.0,0.0,48049407.23422938,715.5206612241791,0.12245315790314631,48531341.69184511,621.0033088604149,0.6717308696318608,0.0,0.0,0.0,0.0,0.0,0.0
Steel,3,4,5087.7,1.754,0.9196871876716614,0.09609565126895905,0.034060996468598774,0.18823756076327816,0.06711327016353608,0.15839461080690634,0.23650935225249117,0.06813963860273362,0.4040202266674908,0.2508732266620607,0.09298972487449647,0.774611757871965,0.0,0.0,0.0,0.0,0.0,0.0,0.0,0.0,0.0,11153139.615394402,1001.0215522727583,0.10297889816997219,11084489.258301532,451.6877828264675,0.21165458126981124,13560699.377983373,452.4456225491548,0.4332700611608258,11150269.191875672,284.693529695795,0.8025879657187709
Steel,4,3,5088.14,1.763,1.011866879463196,0.0909953294992447,0.019058349886095304,0.1594652252348331,0.12718065619468688,0.3615237692401163,0.35808834695809855,0.10988218486309052,0.6129536139777709,0.23931098714793428,0.08347907304763795,0.7665504890691517,0.28687610488032034,0.03359468519687653,0.8936289516151799,0.0,0.0,0.0,0.0,0.0,0.0,32301868.918606684,448.19979682690615,0.12917449994472563,29515282.422526702,631.1497928240739,0.48574668797319276,21761868.62573207,610.5978619417601,0.8672537803472167,0.0,0.0,0.0
Steel,3,3,5088.18,1.764,0.7851498007774353,0.0898956710100174,0.01343048206390926,0.38780998043601367,0.08076627135276794,0.1366375178496556,0.28668245067198245,0.0323073922097683,0.27437586872053144,0.7167034062818187,0.09108139097690583,0.4582634150184984,0.0,0.0,0.0,0.0,0.0,0.0,0.0,0.0,0.0,43582807.73619984,631.4306319180048,0.08516936960410572,43200329.50398174,1099.9999999999995,0.3235449015074029,45849885.09759776,638.9172959844379,0.6271340803607237,0.0,0.0,0.0
Steel,2,4,5088.24,1.765,0.9441471874713898,0.08684318429231645,0.009503041723957434,0.4131463510823402,0.04763513207435608,0.40905565796828325,0.2525590594852798,0.07097676277160644,0.6741438675737934,0.0,0.0,0.0,0.0,0.0,0.0,0.0,0.0,0.0,0.0,0.0,0.0,12832298.672832666,489.196480311173,0.23360993684131331,8781571.870936625,378.13022658181615,0.3931265123186526,9573124.273586527,392.9393946303378,0.5040854948588346,7565888.378325335,442.62599237512563,0.7921649038824332
Steel,3,2,4995.59,-0.088,0.821983590722084,0.12144400501251222,0.025436793571099705,0.41905403071053016,0.12804007709026335,0.15346032645832375,0.2518693582730371,0.09589235186576844,0.31257959018154874,0.26419221166982443,0.11147230684757234,0.4932404089435699,0.0,0.0,0.0,0.0,0.0,0.0,0.0,0.0,0.0,53012366.43721371,154.178149365329,0.12422413868801174,55892139.53274122,381.4829761282371,0.7138028429662784,0.0,0.0,0.0,0.0,0.0,0.0
Steel,4,3,5089.63,1.793,1.865062838792801,0.09780040800571442,0.015467743806579039,0.21423292458163476,0.04250077158212662,0.4316465145838696,0.34480539258343995,0.05656055510044099,0.746198536804165,0.2628623318568521,0.07792862415313721,1.1491439450781757,0.22025260530314586,0.055138783156871804,1.3212642539709467,0.0,0.0,0.0,0.0,0.0,0.0,47893137.845656395,221.57012060847384,0.18650628574434294,46134889.43590149,691.2674819540168,0.5510489535336315,67295965.04891795,971.6081812735287,1.631092428852031,0.0,0.0,0.0
Steel,3,3,5089.63,1.793,0.7290669739246369,0.12753365886211396,0.023661728231229636,0.3084268310496828,0.09324514985084534,0.2359025028136623,0.3338588705942294,0.09308769047260285,0.47666951149838965,0.14810054638150086,0.054827940165996555,0.5643541919843755,0.0,0.0,0.0,0.0,0.0,0.0,0.0,0.0,0.0,17989377.385738168,942.944809275415,0.08958175071422887,16499205.154772412,190.04235461873844,0.33179060371907,21900624.09504656,192.40719535589156,0.6056063722891767,0.0,0.0,0.0
Steel,4,3,5089.63,1.793,1.1482373163104058,0.07817491829395294,0.01859792727305469,0.319433856694733,0.07447757810354233,0.20808854725285686,0.44960465858808407,0.11532917439937593,0.5213999534804495,0.44188629170442256,0.13205118060112,0.7389367120310382,0.3947888751360395,0.11798522531986237,0.999511549726645,0.0,0.0,0.0,0.0,0.0,0.0,66670646.63707486,300.8585425943311,0.13356686747807028,74170920.08890598,683.7340720037615,0.6026389432215988,61457122.34656072,906.4721450270658,1.0122095345812756,0.0,0.0,0.0
Steel,3,3,5089.75,1.795,1.4986301600933076,0.13002405643463136,0.008522829463421474,0.19883340562884455,0.08896986544132233,0.5111299468108922,0.2576529631791829,0.12810862123966218,1.0610559489466966,0.23489294799748472,0.05658931404352188,1.3164548105587108,0.0,0.0,0.0,0.0,0.0,0.0,0.0,0.0,0.0,39638531.19020195,841.8967768188005,0.24484577581484307,38822154.25890986,429.23014734828496,0.6263090667641456,28714217.592958674,1045.103577376104,1.2336699064387606,0.0,0.0,0.0
Steel,5,4,5090.04,1.801,1.1464155137538912,0.13824298882484437,0.018411998808870282,0.19338263287612764,0.05737825751304626,0.14877987635615403,0.32721066450104974,0.03729969754815102,0.2409986338367876,0.24452967143664242,0.08431379526853562,0.37987349837438833,0.22537744745367422,0.09209634959697724,0.6033654112396466,0.17567367400094236,0.11013889610767365,0.9363682492491304,0.0,0.0,0.0,20676909.654015,437.47025525872914,0.12688723047356773,18787533.273655668,214.50021016248147,0.5353011186660694,21447019.43327053,651.5498140412469,0.7142276243990998,19845471.108630367,392.7569958570562,0.9935194870509739
Steel,2,4,5090.23,1.805,1.7399088680744172,0.10946347951889039,0.03422757467980109,0.2075902700586223,0.04883694052696228,0.49918495442397404,0.19258950459749247,0.136267009973526,1.4336251484831677,0.0,0.0,0.0,0.0,0.0,0.0,0.0,0.0,0.0,0.0,0.0,0.0,12671851.477621801,292.4380465527565,0.26029125848185675,19310327.07096292,359.54827979800694,0.998411720699432,14615740.11228912,692.8413810651119,1.2158874696004345,11364397.465257982,1030.7615824252723,1.5592333715544313
Steel,1,3,5090.89,1.818,1.5911040484905243,0.07467559903860092,0.01587914478575524,0.2759430071089386,0.14990949630737305,1.2179427277157402,0.0,0.0,0.0,0.0,0.0,0.0,0.0,0.0,0.0,0.0,0.0,0.0,0.0,0.0,0.0,46906287.5983339,439.75842710716563,0.5967733588681976,35329632.47720395,276.6439149384771,1.0310888104999525,37166669.08325352,77.10922887898384,1.4089345247773832,0.0,0.0,0.0
Steel,1,2,5091.79,1.836,0.7414571940898895,0.14269943940639496,0.04155543538846963,0.2987710443976112,0.10403253138065338,0.3963677054999901,0.0,0.0,0.0,0.0,0.0,0.0,0.0,0.0,0.0,0.0,0.0,0.0,0.0,0.0,0.0,21515816.58148561,773.7035831460621,0.13619534118205853,19363270.067470647,274.95720481432033,0.6343841966336521,0.0,0.0,0.0,0.0,0.0,0.0
