material,n_disks,n_bearings,L,OD,ID,d0_OD,d0_W,d0_pos,d1_OD,d1_W,d1_pos,d2_OD,d2_W,d2_pos,d3_OD,d3_W,d3_pos,d4_OD,d4_W,d4_pos,d5_OD,d5_W,d5_pos,b0_K,b0_C,b0_pos,b1_K,b1_C,b1_pos,b2_K,b2_C,b2_pos,b3_K,b3_C,b3_pos
Aluminum,6,2,0.935366389155388,0.15088454174995422,0.03490005367241241,0.3577596668169375,0.07197605758905411,0.17730672523246982,0.21219709263698117,0.07912765473127366,0.3220083625023181,0.20042424674265408,0.061886728405952454,0.4354670204214676,0.23677641624720966,0.07375382751226425,0.5495798008517911,0.22036187720580233,0.09423830389976502,0.6533912447667137,0.34663638785789014,0.02,0.7602288930487038,566875383.8727653,348.6298063597678,0.19578597226704994,557152274.5291547,925.7262079940157,0.8418297493044828,0.0,0.0,0.0,0.0,0.0,0.0
Aluminum,6,2,0.7080124542117119,0.16,0.013691574748275181,0.35958959763420534,0.060152056217193606,0.10018321114557219,0.16801680000000002,0.0810155400633812,0.18735294307178582,0.2777542481127204,0.13684606313705444,0.32533511659126735,0.19305346885239616,0.022390806041657926,0.44875731586955886,0.5180274308675089,0.049763845950365065,0.5358007329797951,0.2243469251203822,0.09135939538478852,0.6145780011117278,443036913.78366446,422.3658911530046,0.07314476556518139,560845567.2075995,552.7154125281912,0.5985044049191586,0.0,0.0,0.0,0.0,0.0,0.0
Aluminum,6,2,0.6698775224387645,0.1248724013566971,0.05285567494462473,0.21424549041954086,0.051321679502725606,0.06699775224387645,0.2460176437955478,0.07475119680166245,0.13889506007470956,0.3029186290044159,0.11830498695373536,0.2573498074804523,0.1986592533382661,0.054471008479595184,0.35162989401312156,0.29566979161561896,0.09697145342826843,0.4641563655221244,0.2737970546078248,0.11670228898525238,0.5862551622684905,515261344.89807135,445.9761928598537,0.08837993366826379,634983195.833363,747.1096361045496,0.5639800469423758,0.0,0.0,0.0,0.0,0.0,0.0
Aluminum,6,2,0.756836023926735,0.12108732950687409,0.006697164761102815,0.22347702267303785,0.06326400011777877,0.11129800405024765,0.24634183119447092,0.10616762816905977,0.2398586131963982,0.19323121745700111,0.04239698678255081,0.3683227833057419,0.15371862655209967,0.04372874513268471,0.4548323696003705,0.3929794884940922,0.024529321417212487,0.5877501017373078,0.2828472014729421,0.08445174366235733,0.6811424215340615,428132126.4661135,296.90402278616074,0.09280337569961242,402817292.8630937,697.3436984625462,0.668462719897019,0.0,0.0,0.0,0.0,0.0,0.0
Aluminum,6,2,0.8697124689817429,0.1334401378631592,0.022602765040494573,0.18371267083689669,0.11729752898216249,0.08701687556719415,0.17911084397415716,0.08393990188837051,0.21487182000710867,0.1401261559707928,0.06200291872024537,0.3622995081380618,0.1746699942230636,0.056574878394603734,0.4895860337354986,0.19884833404095117,0.04171785458922386,0.5963060256374544,0.37556384339219145,0.11389357507228852,0.7371790437432896,423503539.6970913,318.8463448787673,0.11304467077952202,390303150.3833242,387.7437470387511,0.7521460453989394,0.0,0.0,0.0,0.0,0.0,0.0
Aluminum,6,2,0.5752679795026779,0.13796475636959077,0.015664906294174476,0.3357763370633339,0.099463791847229,0.06557469449056633,0.2843515318548105,0.049009221047163015,0.172508427776756,0.28814797182992097,0.04253740504384041,0.23947791385592024,0.3565474110102555,0.07777446568012238,0.3136542410804195,0.2391214688996827,0.08341690987348557,0.4074790202645204,0.1448774804874891,0.07238899230957031,0.5111284917026212,341888173.61960995,390.720381397652,0.08922675152997712,360356212.8179539,235.6229657384681,0.4778568336822225,0.0,0.0,0.0,0.0,0.0,0.0
Aluminum,6,2,0.6344614833593369,0.14671471977233888,0.016745644838869523,0.2772153452343622,0.08085806518793107,0.06980505060336524,0.21078252878249304,0.1380712181329727,0.1830127509631552,0.39579562474375096,0.12323951482772828,0.3172984738219661,0.24068399064589638,0.09634263873100281,0.43178232256389953,0.33720677526248016,0.05027487024664879,0.5111033213440928,0.19835492906531715,0.04576026827096939,0.5650790490338783,550000000.000001,91.8796883025334,0.10147431915459432,561176164.4197162,705.002613638232,0.5476246359876723,0.0,0.0,0.0,0.0,0.0,0.0
Aluminum,6,2,0.7181136637926102,0.1340836958885193,0.02669339975708783,0.23696687515504586,0.07238557130098343,0.07182136637926102,0.36056781024372797,0.09676894366741182,0.15940862386345866,0.1825269238476838,0.11499621689319611,0.2730101634343356,0.36703692745124405,0.11445737898349763,0.40530152305193046,0.30169001395065415,0.08365977823734284,0.5277491909008633,0.4453316667994035,0.03689599335193634,0.6256162794168105,726668164.0602374,268.812784051705,0.09501133925361535,528961205.5126919,300.6391454637502,0.5678380592368975,0.0,0.0,0.0,0.0,0.0,0.0
Aluminum,6,2,0.7242651626467704,0.11591895830631258,0.014575269601182012,0.37602692133795895,0.09331522047519684,0.08124803971620977,0.17307363574360884,0.12189427196979523,0.23645383730412634,0.27000079700533136,0.05310722321271896,0.35712469722761114,0.22086807177120482,0.04068298205733299,0.41492109156281526,0.27480623831068834,0.08957406282424928,0.5258245303049908,0.17066116170259438,0.0883461880683899,0.624098446704397,551764469.6997445,140.31588300450431,0.11233820468741082,600851744.6635844,509.4287537794213,0.6446874076234658,0.0,0.0,0.0,0.0,0.0,0.0
Aluminum,6,2,0.7279829785227776,0.14311161243915557,0.013225377722009815,0.2727407246260888,0.05996906131505966,0.08578094045947368,0.23210905834677328,0.08415452271699907,0.19348903142428386,0.21095593088198059,0.07344657987356186,0.2772991492778206,0.16081347658059275,0.08291755497455598,0.4134575637326281,0.296301687223573,0.07580946624279022,0.5119925217052367,0.1562828401479501,0.08527552485466004,0.599884175717242,359892161.9601633,233.60434011501494,0.10571135361363176,307151785.1890266,346.1278435588726,0.6327681449505858,0.0,0.0,0.0,0.0,0.0,0.0
Aluminum,6,2,0.6282563939690591,0.12497692155838014,0.03590817404607111,0.2522887378494898,0.06790838927030564,0.06930503377923458,0.13689057240095967,0.1266937106847763,0.17570750948428887,0.35705368178573305,0.05485696256160737,0.27757439283883584,0.3006635367129453,0.08154158115386963,0.3585135498628657,0.3559057240300238,0.0704849123954773,0.43815849744243074,0.2010527222970569,0.13098321378231048,0.5513418392933979,478008554.7270356,208.92395027435273,0.08569145546057468,533888709.1230129,277.76301947011643,0.5308903399763594,0.0,0.0,0.0,0.0,0.0,0.0
Aluminum,6,2,0.6450197838246823,0.12102479851245881,0.016276014985961464,0.17070211077094824,0.07970448404550552,0.08617872954485721,0.2714253801401356,0.09433200001716614,0.17803768265157688,0.1617730883427026,0.028137670904397963,0.26973207031837587,0.30637749304868495,0.04743865072727203,0.34162821771492713,0.2439315540670979,0.040207351446151736,0.3967732121285392,0.24976968113876336,0.12908100128173827,0.528473890553008,356255260.545311,345.4069653108412,0.07290836640204973,328345671.6941493,121.92180736254713,0.5542142846284936,0.0,0.0,0.0,0.0,0.0,0.0
Aluminum,6,2,0.5980142123997212,0.1208134390115738,0.017221776867825743,0.3048477031198482,0.07673058539628982,0.09780589565873449,0.20142549161430146,0.0895061618089676,0.1878830596572811,0.40228545170577734,0.0747360908985138,0.2820901190054569,0.27961325807550996,0.06999363154172898,0.36420081190647907,0.39127873411120717,0.02,0.42332859288482183,0.2366989023147146,0.11088961184024812,0.5030807168842317,653744271.5297484,87.19879819622453,0.10880122438002705,550000000.000001,364.6531393027331,0.5375941826828035,0.0,0.0,0.0,0.0,0.0,0.0
Aluminum,6,2,0.6239005088806153,0.10170152783393861,0.027504305854567118,0.2863607735744862,0.11260617554187775,0.07246872074928319,0.22715621218894783,0.05820572316646576,0.17578599574776602,0.11357864211337772,0.05214278161525726,0.23653509636867243,0.27181622236046143,0.12896475672721863,0.3380078465563828,0.20873209603578413,0.07687665820121765,0.4600909663321972,0.18087724854344944,0.07713760018348693,0.5512529679296968,312894085.7826274,823.4503969156269,0.08987728865584223,421570466.5556599,155.6811865921846,0.49682557905765967,0.0,0.0,0.0,0.0,0.0,0.0
Aluminum,6,2,0.5544568225741386,0.12554102087020874,0.014102459904858165,0.2965792200220439,0.05034162446856499,0.08693525828297397,0.307468056955004,0.05212862104177475,0.15203947158959433,0.24333318025211031,0.051552692502737044,0.22014635906359822,0.17939391443761424,0.10610775470733644,0.3969598487496377,0.22893031555566262,0.02,0.4695494770365954,0.42478622794215365,0.032883326560258865,0.4990011403167248,199360565.5444455,1051.6822022885026,0.10675498750824673,217064898.7512064,133.7710880020483,0.4571201620062719,0.0,0.0,0.0,0.0,0.0,0.0
Aluminum,6,2,0.8984113588929177,0.1599345828294754,0.035051633840862635,0.3470748176100078,0.10653948366641999,0.10718351985741997,0.18844168185122104,0.127890482544899,0.24435686573797022,0.24672508299943335,0.12082449972629548,0.39538546128175134,0.2161738329544703,0.05761499673128129,0.5146377413624152,0.20955887787914676,0.10941900432109833,0.6331412340872903,0.22664353796167633,0.09760000467300416,0.7646911753809476,550000000.000001,361.8544108411331,0.09712002269473774,596608721.2105129,479.7619144582608,0.7072661288151314,0.0,0.0,0.0,0.0,0.0,0.0
Aluminum,6,2,0.6669571690261364,0.15486961460113527,0.007630459908698169,0.17605333967325543,0.10181917369365692,0.11402482972044055,0.22933550498024885,0.07220114678144456,0.23702441474986247,0.2944918358332601,0.05139319717884064,0.33147182421747734,0.16262935664072514,0.05515762388706208,0.39241691980488813,0.375593059249451,0.07629073202610016,0.4930054248840634,0.29004444195996854,0.08212684869766236,0.5930992623430301,503008511.9085571,418.8714804721721,0.08735203466465549,342268825.57715905,342.6376452157826,0.559744007690806,0.0,0.0,0.0,0.0,0.0,0.0
Aluminum,6,2,0.7303543046116829,0.12435951685905458,0.036179745714114905,0.2901966292053673,0.057185875177383425,0.0829351115489869,0.29293892286355316,0.02,0.15474532256705764,0.3909023586795196,0.07141432255506516,0.26259799356760005,0.28691145333585144,0.10193565070629121,0.39892013590276865,0.18186426318927054,0.08110586166381836,0.5044242308589154,0.3931707061679588,0.062136031985282905,0.6175504035915678,599221421.7333424,806.1750177227639,0.10929304696849199,652080229.4444553,622.4728463507843,0.5960515571180243,0.0,0.0,0.0,0.0,0.0,0.0
Aluminum,6,2,0.7493196204304695,0.11382288348674775,0.020346242416179227,0.43553702026836244,0.08888055503368378,0.07708559262651327,0.2548282915021021,0.0705367660522461,0.225636010990174,0.251483124657551,0.02371919883415103,0.3826904262471232,0.19888465927356389,0.07246518820524216,0.4789634050747226,0.28628232988422936,0.0282368753105402,0.5329124566082981,0.21938710007485837,0.10187732696533204,0.6293310845892148,417907674.50419754,193.41954368224492,0.11560882706849805,357695427.0175896,402.43688256811055,0.6521018554330388,0.0,0.0,0.0,0.0,0.0,0.0
Aluminum,6,2,0.8383148655295373,0.15564477717876435,0.013407156108728925,0.24157169552690544,0.09422234177589417,0.12072747039560186,0.2536186076520733,0.12192483246326448,0.25225589596214415,0.20171774124882713,0.06046874940395355,0.3549323058426116,0.23658619954206656,0.06332343965768815,0.47303068447988506,0.2059208693926391,0.09377492964267731,0.5874806695797146,0.2637959339743722,0.15,0.7512676427097714,581196265.220195,119.18499081728649,0.09784392292216565,570029114.0686231,730.627747250159,0.7302488098253971,0.0,0.0,0.0,0.0,0.0,0.0
Aluminum,6,2,0.5881560623645783,0.1208626732826233,0.0211672863579781,0.29284568053152865,0.08537421882152559,0.06284053504471272,0.3241648517092789,0.05495853900909424,0.1664618627443264,0.19842231549124395,0.06413365304470063,0.25220329281856557,0.22806142681818198,0.03575107030570507,0.33263124534636124,0.16601057832547347,0.04345413073897362,0.4129092352492406,0.4268438715694503,0.0898767775297165,0.5103116444813901,293577707.1147912,512.9112501640508,0.07758949544081309,309713749.41244113,285.2582930227909,0.4942348875791355,0.0,0.0,0.0,0.0,0.0,0.0
Aluminum,6,2,0.6472528606653214,0.11191835427284241,0.014143350202104136,0.1843700323356661,0.02630269158631563,0.07218561046314194,0.26193655175649055,0.038906368613243106,0.12722920955592285,0.31918571568556514,0.060317175090312966,0.20441994253534682,0.15653547668542173,0.13360134303569793,0.3329798555133615,0.14753358423705007,0.06862451136112213,0.47767493933885347,0.39890529132884806,0.04967462852597237,0.5673677014019963,232567599.90698496,440.18240566802257,0.10631140346655996,221888108.96767828,349.66631791116214,0.5429010720197799,0.0,0.0,0.0,0.0,0.0,0.0
Aluminum,6,2,0.5827997103333473,0.12103200125694276,0.01225865165964061,0.32835455311395,0.06784496307373047,0.06197226257183397,0.2744777991191944,0.11356629729270935,0.1619250389023655,0.28747380076122786,0.07322839468717575,0.2751187123481018,0.36567829562904186,0.0850601214170456,0.38519125017491623,0.2516742914054534,0.029399201720952988,0.4464043310952799,0.2900832802141231,0.10325248718261719,0.5207143856089375,499519446.19545144,501.2267614902,0.08179036569446199,406291088.46940726,375.6875849684959,0.49692113490875855,0.0,0.0,0.0,0.0,0.0,0.0
Aluminum,6,2,0.6288656830787659,0.12379585766792299,0.01475571910709611,0.1852856850127973,0.12147440612316132,0.09126457798345766,0.2758171796297895,0.033878844901919364,0.1815375649133392,0.3135038763618964,0.0966020542383194,0.25924533792212545,0.196451853094541,0.03497177481651306,0.3432837247441577,0.231919927275974,0.07229738444089889,0.4431048751206464,0.20228496016574546,0.07822837501764297,0.5659691147708894,437803679.0567748,335.14924659843683,0.08064271004110858,337252121.7349276,700.1798623924177,0.5559681147708894,0.0,0.0,0.0,0.0,0.0,0.0
Aluminum,6,2,0.4873143315315247,0.12995738661289216,0.04163361059998535,0.19667141635188126,0.04015592783689499,0.050976559657799736,0.18366562286283017,0.049492828845977783,0.10686419801609354,0.39070362027333677,0.09533384799957276,0.18461916862515265,0.22200092410754493,0.047408713996410376,0.2929524311354473,0.3334609709025059,0.03404755234718323,0.3742179350994886,0.26551164864559157,0.02269366966560483,0.4220267430223807,272212257.1313931,190.4579755148287,0.06649092999763807,210650027.79585236,396.2406437620186,0.40049108048089677,0.0,0.0,0.0,0.0,0.0,0.0
Aluminum,6,2,0.5816000156104565,0.12597382879257202,0.006760825565089377,0.32967241273532116,0.08828594267368317,0.07272281941298897,0.2735542698149085,0.043351674824953085,0.190651856607403,0.2282758580215015,0.08615515410900117,0.26707955530774696,0.42630151838895297,0.07860148578882217,0.35766866631736816,0.15882017887351532,0.02,0.41001563794431195,0.19276639572432572,0.09594428300857545,0.49719970664557644,387895413.73392874,425.6152055288693,0.09467288531986072,409217840.2141688,586.6201226463436,0.5114327093973667,0.0,0.0,0.0,0.0,0.0,0.0
Aluminum,6,2,0.7912320509552956,0.16,0.02165551622457649,0.26360276112278047,0.14384018540382384,0.11529824697159027,0.29776428463974125,0.06377117335796356,0.2536437112232219,0.26959188887215174,0.09167747557163239,0.36923724530065993,0.29358822270096624,0.055594776868820195,0.474859205655398,0.2528532062169749,0.07735528945922852,0.5673121591360825,0.1861645703855593,0.10179768681526184,0.6769690916884719,563996022.1995783,254.30469418253932,0.08658897600355257,564373548.8824434,376.6012904802167,0.661588258913981,0.0,0.0,0.0,0.0,0.0,0.0
Aluminum,6,2,0.6079681307077408,0.11329450166225434,0.02326402267481651,0.2162988328621858,0.04476235657930375,0.08861415443850647,0.20522764647227956,0.04960400968790055,0.16195115722615888,0.19894042398364303,0.09250687837600709,0.24899311340507008,0.3145641614818273,0.08285965740680695,0.35275398609182795,0.2054276776539325,0.09565825104713441,0.4531953937994467,0.1991363344771953,0.04339508056640625,0.5332553389804054,319860286.18130577,133.2518118930966,0.10319755983777935,264401451.0081274,436.86058018482,0.5176603993016692,0.0,0.0,0.0,0.0,0.0,0.0
Aluminum,6,2,0.634448940306902,0.13868343961238863,0.012152827355034826,0.16068847866980235,0.06440194457769394,0.08465196841648293,0.31276799598356125,0.09180008172988892,0.1832044501187651,0.32490260843382845,0.053642423152923585,0.30656930595004406,0.22105420970132397,0.04345624029636383,0.3958726885935547,0.3667054809743359,0.05216125816106797,0.47326500229595736,0.266108223235079,0.0778456288576126,0.5631800798204697,282531979.86844844,722.3958582948947,0.10065935537665731,351317506.91465974,831.3290761288304,0.5369261691214554,0.0,0.0,0.0,0.0,0.0,0.0
Aluminum,6,2,0.5255161687731743,0.12474198174476625,0.017583715925290847,0.32713369441696316,0.09530398488044739,0.05410305822869124,0.1951263217424342,0.06537030309438706,0.1388791441492213,0.258856803791095,0.08175255626440049,0.21644541634798486,0.23580919206354806,0.07712522566318512,0.29903579325177965,0.3418206163239622,0.057720521092414864,0.3723545004188706,0.43222327369257524,0.13185442805290223,0.47123103363642754,486098448.32071453,443.53354592581667,0.08071646010285427,465768178.9572277,493.84252510614255,0.45806816843036174,0.0,0.0,0.0,0.0,0.0,0.0
Aluminum,6,2,0.8737999051809311,0.15082522702217102,0.017810250948736832,0.2674433478698701,0.0758573254942894,0.09574030649818685,0.1690777253866529,0.11576811730861665,0.21397206510956102,0.2411076885399813,0.13480083465576173,0.3993941210111066,0.2165051158105462,0.0786756283044815,0.5125992733840826,0.2710932517753635,0.06239165067672729,0.6446119108340964,0.30206903309745636,0.06845002442598343,0.7406649124362994,679584778.0039339,586.0613497246003,0.11955279237534985,550000000.000001,255.51168349655373,0.7297371278115534,0.0,0.0,0.0,0.0,0.0,0.0
Aluminum,6,2,0.9235318124294282,0.1519226679801941,0.029170472235960088,0.15953475325934174,0.09992099821567536,0.12800093499754642,0.26319642673409277,0.05230849519371987,0.22208613095415006,0.21004879675073002,0.06978593021631241,0.32252008686928574,0.22759321067176033,0.09474159896373749,0.46032814194428284,0.2635417570905949,0.0820257991552353,0.6498797045107346,0.2736788930391774,0.15,0.8137875898964985,550000000.000001,193.43078337504485,0.10307086178449458,664812198.5537549,818.4477154794791,0.7374039456667129,0.0,0.0,0.0,0.0,0.0,0.0
Aluminum,6,2,0.8247133448719979,0.12792044878005981,0.016138428008680508,0.18584943309341667,0.11299596130847932,0.1292179993166345,0.1428975714022566,0.0942543512582779,0.3179256910679285,0.22007672746073462,0.048199048340320585,0.41300781280865123,0.15848639645302265,0.04455463200807572,0.4751446879065112,0.23815500283867222,0.040988625735044484,0.5483491587875463,0.25789517189341943,0.07864458352327347,0.7201748791579317,362791395.7611573,772.2444584898569,0.0863117905498829,321557088.7113306,686.5907496423731,0.6814472032305207,0.0,0.0,0.0,0.0,0.0,0.0
Aluminum,6,2,0.682923923432827,0.12958517146110535,0.027802150683782632,0.2319362767311772,0.043205911964178084,0.09573214612591557,0.2264557569826989,0.030179994627833367,0.17469188474802474,0.31048831237224284,0.06934680134058,0.23086225226228158,0.18382033731561848,0.09583501219749452,0.35656623388865677,0.2652185120097213,0.08465774804353715,0.47197382886764483,0.39925779330249156,0.10809698402881623,0.5796848077407312,542016433.9093409,1099.9999999999995,0.08545577361475608,498141626.7988344,347.1403817923124,0.6001064545622732,0.0,0.0,0.0,0.0,0.0,0.0
Aluminum,6,2,0.7230285003781318,0.12831351041793823,0.031189280607884333,0.26478863298356015,0.04789090186357498,0.0834522774995897,0.14878510819571883,0.10276328682899476,0.19315385520866973,0.32980300657943046,0.08748547315597535,0.31903487180386986,0.338594560833056,0.03450075462460518,0.38572056406402117,0.25562646299440295,0.11446817278862,0.4990309423029117,0.2570304930753806,0.09421367883682252,0.6358039494108179,456869042.7766391,369.70014896615373,0.12472482434244464,453016937.08248866,724.7509803164505,0.5878738206758857,0.0,0.0,0.0,0.0,0.0,0.0
Aluminum,6,2,0.8034396663308144,0.1360269218683243,0.015974591990085395,0.2896456748197068,0.1440785402059555,0.09940972786620941,0.25745125284568143,0.06577330410480499,0.26132328727758636,0.21389883335808396,0.1114735233783722,0.39711301781392677,0.20285210290097794,0.07224783211946488,0.5093552253146388,0.3552628969938225,0.08182616025209427,0.5954861485429231,0.2748861996579571,0.07140390068292618,0.7123721109162335,569406654.5034722,869.5595606482971,0.11179108238847928,706542102.2170194,736.3365139912049,0.6836368535132785,0.0,0.0,0.0,0.0,0.0,0.0
Aluminum,6,2,0.8583267956972123,0.1480365799665451,0.00918501985770547,0.25876306094725976,0.03005631819367409,0.132845026356856,0.35593565246641995,0.06201152741909027,0.2193807499731776,0.2556012519716894,0.08611284673213959,0.31066308366933887,0.22798441520110413,0.141315558552742,0.4335223554478382,0.15545395280576885,0.12727350771427154,0.5992374330107368,0.2624113065149326,0.13207391500473023,0.7595405950042288,566794770.1562771,605.252701548699,0.1576555944720815,550000000.000001,433.71848275780417,0.7242726990825532,0.0,0.0,0.0,0.0,0.0,0.0
Aluminum,6,2,0.8392907977104187,0.15388641035556794,0.012135232487619012,0.18289108192288256,0.07650699555873872,0.1375836795623272,0.17439538388720005,0.120754212141037,0.263171777695486,0.3174185043281247,0.06406071156263352,0.37734384882941846,0.26524551062405655,0.10050517320632935,0.5335362471590939,0.16159688894643368,0.024082387760281564,0.6276133698267581,0.164969242804714,0.10775155901908876,0.7302176850384958,659275288.624745,488.8070512876565,0.09790696262712696,535446701.5671409,108.9353723150271,0.7177476531442184,0.0,0.0,0.0,0.0,0.0,0.0
Aluminum,6,2,0.7470481976866723,0.1552516393661499,0.005344594344798734,0.21837540922546742,0.0856454509496689,0.07849493974507393,0.2790862834181267,0.12452751874923706,0.20790290258579908,0.2950777460027546,0.08504154026508332,0.3353212098293152,0.25358806408391293,0.09835769414901734,0.4558597715860412,0.21067268261314798,0.0867789089679718,0.5562706848394452,0.26364240022172397,0.06661448478698731,0.6513982586286533,428861095.45539075,611.1283307009822,0.11615016149554595,519292609.90860105,753.7418962145986,0.6192378937138321,0.0,0.0,0.0,0.0,0.0,0.0
Aluminum,6,2,0.7217771723866463,0.13481549811363222,0.03672172698029887,0.2419336821304055,0.07704163372516633,0.07741769000237085,0.18485986765863469,0.09669216275215149,0.1718477176360954,0.2747995120624861,0.07151156753301621,0.2698640892147989,0.26384462965975036,0.15,0.3974269293833897,0.32107018186391145,0.06967563271522523,0.5297758977932701,0.3139870935930866,0.12253494203090669,0.6450094035256021,583062751.4300302,521.334341429957,0.09338727582354102,612611869.3557215,344.28546285169523,0.5928437202244339,0.0,0.0,0.0,0.0,0.0,0.0
Aluminum,6,2,0.7038862861692905,0.1530926865339279,0.012740009432210991,0.28121945444594504,0.10347198963165284,0.09429547023965935,0.24354443015985722,0.05838604480028152,0.18442104372315582,0.5565653182274358,0.04802985951304436,0.26018926939557574,0.19451777901815395,0.1336808204650879,0.3751160541154731,0.38899519256005566,0.09860708296298981,0.5123573767400122,0.3922424692992723,0.07935924112796784,0.6084703691831947,804650723.3925016,1099.9999999999995,0.13588193613596297,554075390.0051755,380.171321537872,0.6221257720396649,0.0,0.0,0.0,0.0,0.0,0.0
Aluminum,6,2,0.9323727071285248,0.15156460440158845,0.010754241234823993,0.23908617059367435,0.03648612901568413,0.13559927966515808,0.3122565031226128,0.050531914681196215,0.2046603598369433,0.2916121252485384,0.02,0.30226879622635616,0.3201991765698618,0.0775663498044014,0.43147005835300983,0.18195693297726856,0.11146651089191438,0.5743568121809377,0.18293546434022756,0.07955857396125794,0.797986646965551,728759452.5456079,167.25448629276772,0.1212833771543424,560196786.7184138,548.1202173542,0.7695223873931507,0.0,0.0,0.0,0.0,0.0,0.0
Aluminum,6,2,0.6291945315897465,0.11988573229312897,0.022899136490341598,0.34038277513686677,0.0965537029504776,0.07357320136466364,0.27906725142344707,0.11288273870944977,0.19940764484442738,0.31622309049044095,0.09782488465309144,0.31654331679062125,0.23193542281441595,0.03137945041060448,0.40909883625840915,0.45826198706269516,0.09312052905559541,0.48317798452103033,0.3705727420496688,0.02,0.5543232851386412,582787619.4740961,765.4929977838723,0.09759923654939014,550000000.000001,313.2644969124674,0.5263869299993341,0.0,0.0,0.0,0.0,0.0,0.0
Aluminum,6,2,0.723364819586277,0.13781811153888704,0.017521662184129178,0.1647292796239149,0.06511079847812652,0.08080797956930258,0.2529285107073309,0.09396368563175202,0.1705901390149875,0.21991677092962375,0.10493528246879578,0.2826202400117732,0.2935345961402968,0.13228603303432465,0.41320903431337075,0.24595112591706442,0.08901665925979615,0.5390403607067283,0.33751830457495646,0.10273876249790193,0.6493872544359085,678498405.3880701,652.5626614895873,0.09837476397902782,550000000.000001,776.2667941381429,0.609839517907251,0.0,0.0,0.0,0.0,0.0,0.0
Aluminum,6,2,0.6982029326260091,0.12397512221336367,0.0037099500800143966,0.3079295264831705,0.092938591837883,0.07566051272760906,0.20409287732403,0.08083019733428955,0.17947707821560593,0.19781461634209044,0.07390423566102981,0.27244015715283304,0.15901968825113327,0.13972124457359314,0.39254929596721977,0.3741872057720248,0.1060678106546402,0.5230023401608414,0.22767128637559378,0.05347018718719483,0.6152105236799327,583625119.6511589,93.23114640334111,0.1016340997882165,556423598.195239,556.3102176925358,0.6274627163114422,0.0,0.0,0.0,0.0,0.0,0.0
Aluminum,6,2,0.6773250080645085,0.13729487574100496,0.03537881735483451,0.19278388455720355,0.06424754977226257,0.0980496672568324,0.3176464751127356,0.07602185934782028,0.21312763134073237,0.22359869599818238,0.09737877428531648,0.3381579280904,0.2309105426209293,0.038762426674365996,0.4249564092982655,0.26414264108746466,0.0829693776369095,0.5102009755605855,0.2843728526903085,0.051926467716693875,0.5906795851733037,360074015.3034065,899.3762999899125,0.08573974912285927,428823941.4668411,241.06504714723383,0.6032954903727735,0.0,0.0,0.0,0.0,0.0,0.0
Aluminum,6,2,0.700862418115139,0.15132667684555054,0.06000000000000005,0.46797884652424343,0.12202057421207428,0.08020675863806144,0.25670736670109384,0.09380277812480928,0.20926389854551714,0.18590986304260257,0.04799556612968445,0.29487189098277,0.27133055049372723,0.0955727529525757,0.3807846036502293,0.17492447461506686,0.11580621719360353,0.5136381234799365,0.3576967396839955,0.05474606454372406,0.6306577704478579,565714210.1590419,156.08298044471138,0.12296725803312258,623712035.0340621,497.018821399016,0.5915510418614224,0.0,0.0,0.0,0.0,0.0,0.0
Aluminum,6,2,0.7187379494309425,0.13059738981723787,0.02382472920033623,0.26159082957374513,0.07218976795673371,0.10512140877316786,0.18012291418109014,0.13928418457508088,0.21861440855335454,0.20062544709290103,0.03726441815495491,0.3332651279405234,0.4174396312390661,0.07767407864332199,0.4114890830371284,0.1945900786978822,0.09260935366153718,0.5055332014354298,0.24345502704588917,0.1372685945034027,0.6261092615545938,566306804.6756167,100.42917533806201,0.120379932615707,551583589.2820048,464.2821470989253,0.5992275268540542,0.0,0.0,0.0,0.0,0.0,0.0
Aluminum,6,2,0.8964710175991059,0.13853819978237153,0.007631409992911639,0.25625111657708866,0.08424014478921892,0.11476542029310219,0.18105877191368383,0.09750224828720093,0.21140302149138726,0.32542487102811535,0.0322378271818161,0.3582438853813158,0.23867686986678796,0.0692480880022049,0.505560445881055,0.2945217093210621,0.05300416678190231,0.6214030840772572,0.3319347087436273,0.09259865283966065,0.7796851718720281,559929771.7058607,359.738900941118,0.12853972847103498,616311127.4921104,155.76221036310517,0.7649545401311246,0.0,0.0,0.0,0.0,0.0,0.0
Aluminum,6,2,0.7552637591958046,0.12361771881580354,0.014651430323678136,0.20739004541620773,0.03485809117555618,0.1361925041204297,0.15977544011353745,0.08503638744354249,0.2796339287508981,0.3132651349600834,0.02,0.37535676954767727,0.20671857240556663,0.09433918297290803,0.4459091362534995,0.19577783145271252,0.07764300286769867,0.5512369165675071,0.23647209319329998,0.055871471762657166,0.6269818683497224,414465494.94080514,1099.9999999999995,0.11455114699606968,417268613.98345935,132.17218866717235,0.6729042854736845,0.0,0.0,0.0,0.0,0.0,0.0
Aluminum,6,2,0.7360251426696778,0.15375698101520538,0.01953326883936554,0.21555692042241978,0.07129518777132035,0.11241658158942475,0.4170192191126771,0.04007264971733093,0.22147544266578412,0.1969670400870542,0.10716074347496034,0.32730753604557894,0.35465898629447895,0.044403009265661236,0.448511791981667,0.22593292867484366,0.0782190728187561,0.5311986433972022,0.27185528502077183,0.08768176078796387,0.6480109058358308,510844007.42490506,318.79416768727924,0.08658990598661329,456747122.6548419,660.6423991853695,0.659688656656072,0.0,0.0,0.0,0.0,0.0,0.0
Aluminum,6,2,0.6989865839481354,0.133377547621727,0.015006651597804128,0.22892861892892757,0.11147992372512817,0.10573286419750402,0.2809553859027163,0.03765109091997147,0.21429919490886234,0.23901218287188264,0.08313376039266587,0.3096692829033651,0.4144384139118759,0.07698133409023285,0.4440849103621332,0.1882939397533866,0.06616066843271255,0.5374007704177406,0.26078584069512106,0.06333751887083054,0.6216075129030377,598503128.0355692,444.2661930725726,0.09429704426996263,678992136.8763713,509.9603187592097,0.6091315319388756,0.0,0.0,0.0,0.0,0.0,0.0
Aluminum,6,2,0.5997777931392193,0.13904309439659118,0.010388332035917578,0.24510462616487746,0.042162192463874815,0.06311918972558095,0.3610650905810688,0.12970071136951447,0.15273849733888945,0.15488494016673562,0.06198572069406509,0.2571058816737805,0.28061366786814995,0.09545147955417634,0.34289766009023365,0.2220266432378818,0.09790419936180116,0.4432411189019735,0.28266023040024657,0.07220882564783096,0.5375588651655293,388881632.7914634,889.5642497691881,0.07893953272856045,389750259.2619106,376.0520843961405,0.49183657037504247,0.0,0.0,0.0,0.0,0.0,0.0
Aluminum,6,2,0.769587428867817,0.14536727333068847,0.01659653155009771,0.25828439864257885,0.07230479210615158,0.0786623352609997,0.2379539325089081,0.09902152478694916,0.1835769234497117,0.2885989208758942,0.10453192889690399,0.3155192835945242,0.23757213683882794,0.12574108183383942,0.4353333977108234,0.16622436780835884,0.09812920331954957,0.5553832492198739,0.2619514553934277,0.11902945816516877,0.6820319192120977,628843553.4558516,209.22975137390534,0.10318042211289107,622310726.8018473,619.3140775834031,0.6625536633639774,0.0,0.0,0.0,0.0,0.0,0.0
Aluminum,6,2,0.7967144951224328,0.14078506672382354,0.049422457579876476,0.22651799260316197,0.15,0.1358787623460075,0.16605889768068982,0.0982170569896698,0.3503704115635581,0.18844914923527392,0.057936900854110726,0.45039211724525285,0.1851222298304507,0.0612973153591156,0.5335343001994932,0.1529586940107856,0.030207724943757057,0.59745441019093,0.19172045648519662,0.0750475886464119,0.6571430838289,372695461.8495108,888.8251149283137,0.08319935131949507,350699876.8870275,381.03625396406096,0.6846144060158694,0.0,0.0,0.0,0.0,0.0,0.0
Aluminum,6,2,0.8172333851456642,0.12132216775417329,0.022694220958500256,0.252254494271876,0.02,0.1106953729856374,0.1313760679888532,0.022272485587745906,0.15396444260403394,0.19085290496030852,0.10209377646446229,0.28222685806714554,0.2646012949583073,0.06257528483867646,0.4709875879628745,0.29203873442312267,0.032338231652975086,0.6127019866040017,0.2556706559983897,0.05418066054582596,0.7355000466310978,499227821.34985405,275.6676230944087,0.08844672980266338,506220337.2149749,685.0925239463335,0.6994489497920591,0.0,0.0,0.0,0.0,0.0,0.0
Aluminum,6,2,0.6199266493320466,0.1402301676273346,0.01851904283141245,0.2637432351749917,0.05901967525482178,0.07858588114947143,0.23230596042932683,0.041097173988819125,0.15923431392340995,0.38096586444122793,0.08140961855649949,0.2680987626921535,0.295177372674343,0.06207312881946564,0.364681657315672,0.23717647734165903,0.07957077413797378,0.4670692149966084,0.4466241258560306,0.05822609812021255,0.5506454569310193,478809506.7985869,560.4536108191453,0.10522874804066815,369532972.32001585,808.2180830506095,0.5328660105671379,0.0,0.0,0.0,0.0,0.0,0.0
Aluminum,6,2,0.7044887386262417,0.1101075623035431,0.00918763515502615,0.3422708321394098,0.050921779870986936,0.08301161961655061,0.23270691058891896,0.09175639510154725,0.1622296148346503,0.11562450171276213,0.07540131628513336,0.26933828991751774,0.29286338185542654,0.08667066097259522,0.3688377131795559,0.279204947262271,0.10031662642955781,0.5013596092164326,0.281505114178329,0.0870278561115265,0.6080601219872716,579050840.4702672,468.9025360919704,0.10281137923703457,550000000.000001,112.16554584927091,0.5876848120129604,0.0,0.0,0.0,0.0,0.0,0.0
Aluminum,6,2,0.7013900808990001,0.132956360578537,0.016841692060769266,0.34434773581555606,0.04642387226223946,0.07316917743699941,0.22375424702782779,0.06602148413658142,0.14926808655677729,0.1396181390253246,0.053860960900783544,0.2626519405811975,0.15191676979343122,0.11512434005737306,0.3603190503778124,0.20684649997808108,0.05497657388448715,0.49467760337242817,0.37316025484375526,0.0641398248076439,0.6117407175355196,283423269.10208356,620.6870182311617,0.09575137946126884,249738120.1947665,657.763215772193,0.6012360352055809,0.0,0.0,0.0,0.0,0.0,0.0
Aluminum,6,2,0.6878986082971097,0.13966171789169313,0.010940335097076183,0.20391265146859786,0.13227643251419066,0.074101604595281,0.329244749908722,0.10599519073963166,0.20226472522284,0.2847309177624186,0.08489558368921281,0.3036027742862087,0.20055873851276146,0.11417477190494538,0.40993832976423156,0.3569328137435173,0.09904415845870973,0.5254739299406281,0.37504584258833057,0.07173073291778564,0.6181541476261648,561784395.2611085,479.56251137183057,0.10882074611027942,572124936.8775456,477.18094730883195,0.5880268127660234,0.0,0.0,0.0,0.0,0.0,0.0
Aluminum,6,2,0.7317999809980393,0.13648485052585602,0.01112535171591952,0.3529954002636665,0.06859046012163163,0.07970630819927552,0.352459102250308,0.11631599009037019,0.1799083571428703,0.3010039972628417,0.0923660010099411,0.29606863460436134,0.15672516143603735,0.15,0.4293128686988191,0.24239907292310336,0.08479380577802659,0.5689433513270374,0.25470436640681277,0.0718495112657547,0.658297354903612,726933916.7534568,664.6301121795148,0.09567459058765247,555098962.4055653,287.3427086386035,0.6330153296642425,0.0,0.0,0.0,0.0,0.0,0.0
Aluminum,6,2,0.8218369886279107,0.15812808203697204,0.06000000000000005,0.4137313126043895,0.058021918535232545,0.1317917735173021,0.16759154672081666,0.12977472603321075,0.27766019547389853,0.2287030265202205,0.02,0.38899340454006553,0.18385368540853803,0.07877293139696122,0.47166521608914647,0.4178338924564037,0.061027919650077825,0.6171748233680978,0.16605108958743453,0.10783872306346894,0.732118859227915,490214299.11002475,142.39123671293888,0.09760011815762665,506655411.6155202,693.5298412956442,0.710474277736729,0.0,0.0,0.0,0.0,0.0,0.0
Aluminum,6,2,0.6711301736533641,0.11682335555553437,0.011410230116378447,0.20732091340447445,0.02,0.08464810430704556,0.3068261455409213,0.11723988711833955,0.16458051954853042,0.24452493847731815,0.06756454885005951,0.29159309862514093,0.19915407375129388,0.0905078160762787,0.3810302580845301,0.19099692778316685,0.06166853159666062,0.4802228102749109,0.3141103246372274,0.12504356026649474,0.5833921505177224,336324677.07566386,127.82144454057449,0.10523875406900052,354139745.71013975,189.46152494866053,0.5359839166917314,0.0,0.0,0.0,0.0,0.0,0.0
Aluminum,6,2,0.49866458103060723,0.1444798630475998,0.013292745352859256,0.2410777880063156,0.07310368478298188,0.05351197448491737,0.40756538108113427,0.05848945379257202,0.13070128287195265,0.20556036546482634,0.05724662035703659,0.1973486667802179,0.30768532823472594,0.04732319071888924,0.25910921941369514,0.45266751800004046,0.09907587349414826,0.34237868397625093,0.2567751723436614,0.09326488554477692,0.44442909451823076,351061163.6228935,435.40430842147794,0.07416460469791968,423973846.07889247,483.0427102699455,0.42075403309103615,0.0,0.0,0.0,0.0,0.0,0.0
Aluminum,6,2,0.7861767321825027,0.15135245776176454,0.0496681403446309,0.29002992414902684,0.09773856520652771,0.10636192302880218,0.3087218843265473,0.02,0.24922906976107168,0.2284004097838514,0.0702640461921692,0.3285756349089647,0.15893597265791776,0.06394406020641327,0.4481981102271248,0.3713034509486671,0.0631433156132698,0.5866602658814101,0.37296290878106003,0.046321575194597245,0.6876805028569614,662213040.2383205,374.65109132535986,0.09401848316401056,410058088.6899391,481.56596577891156,0.7001493650264673,0.0,0.0,0.0,0.0,0.0,0.0
Aluminum,6,2,0.6685888409614563,0.12106609368324281,0.016179883055167932,0.22657799235949208,0.10250835776329041,0.08086042922401455,0.16711220378506692,0.11480111479759217,0.22167493916948747,0.1819749356922441,0.06814888268709184,0.34149407381892277,0.387055600507129,0.06793607503175736,0.4355887500175217,0.2651294752518494,0.0276679427921772,0.5125063397765419,0.24809047010671448,0.08620408654212952,0.5930628161254119,318250892.12018317,524.6068950290066,0.09877358370346825,442155489.5685332,241.98858314354945,0.5830618161254119,0.0,0.0,0.0,0.0,0.0,0.0
Aluminum,6,2,0.8187519490718842,0.13345952010154724,0.008011503677291346,0.21428620344317978,0.1188227951526642,0.12846288050311824,0.22128834980043377,0.06874041885137558,0.26950675419695996,0.2751685082168416,0.096819007396698,0.3578717204324856,0.17460334477741607,0.0624387001991272,0.47922188415603023,0.2664483355977562,0.06800637036561966,0.584756070049464,0.2680212230834825,0.08329705834388733,0.6937163614956313,658392038.7600967,160.78474743751448,0.11007219231358184,564249266.4990985,1054.0730899334828,0.6736227675373717,0.0,0.0,0.0,0.0,0.0,0.0
Aluminum,6,2,0.6526611216366291,0.11185962355136872,0.01303613575195403,0.20814804252117183,0.0684989956021309,0.10076891319471892,0.371807323081395,0.05297046810388566,0.1929223364282585,0.11746434998941005,0.0806261184811592,0.2834974299325438,0.24641009595336003,0.06419419288635254,0.3778341580878998,0.40581090178568474,0.02008635221165605,0.4599192241368449,0.22183664965525712,0.12237886965274812,0.5735937390980527,316207790.39803165,475.9162119211726,0.08988520691031776,329252579.1263597,616.5845834979484,0.552130798007654,0.0,0.0,0.0,0.0,0.0,0.0
Aluminum,6,2,0.6151635974645615,0.10588609385490419,0.013829122459709244,0.24725222028483304,0.08015337228775024,0.06441511680846526,0.21971493737525888,0.051202550530433655,0.13648664063310503,0.2683965519866893,0.03499509908258915,0.18881260874427053,0.2166851688747653,0.11152365684509279,0.28700981730175984,0.2900797611853623,0.14804636776447297,0.42242560421707104,0.4306604164109445,0.06446969449520111,0.5463385600388432,550000000.000001,160.45839575987756,0.08375214635032391,560487112.869136,398.0850393836969,0.5253806147871576,0.0,0.0,0.0,0.0,0.0,0.0
Aluminum,6,2,0.6733016103506089,0.13144455444812775,0.02294285175353664,0.2626224531265868,0.08422590285539627,0.09271159376261928,0.30006538106400205,0.10625307977199555,0.21662366380367254,0.19558977992894655,0.09287695169448854,0.33640413520679213,0.15920939721730976,0.08767554640769959,0.4703891394471671,0.1780444979050469,0.030149474814534186,0.5405944436943761,0.28853937597655427,0.024355723150074483,0.5955473529248858,337041492.4161969,775.7326344185652,0.08016577907816912,352755498.371787,149.3899907005082,0.5728958203969218,0.0,0.0,0.0,0.0,0.0,0.0
Aluminum,6,2,0.738451823592186,0.13055343699455263,0.0057369004760484624,0.2194909115165953,0.048064517080783846,0.10294207587276305,0.24852574077343062,0.03046680919826031,0.18150422093759083,0.303023848128876,0.10460994958877565,0.2709480451027435,0.2805731827235245,0.03218677163124085,0.42874479646235214,0.3624453561989481,0.03859628692269325,0.5083236354695452,0.2598116359190124,0.08669474363327027,0.6208288814963823,685503600.3652252,681.074550191288,0.08229046637591748,533623536.9299238,546.1703658014718,0.6349829464730213,0.0,0.0,0.0,0.0,0.0,0.0
Aluminum,6,2,0.6344225034117699,0.12878853607177734,0.01899934695119769,0.39532005351970184,0.11855476319789887,0.06657129919651325,0.30046537518678396,0.07185279667377473,0.17286659868378484,0.2528770592380079,0.10418662011623384,0.2665698531443872,0.17286158174591185,0.07398464292287826,0.36723423746820244,0.32552117724959173,0.11498893320560456,0.46912156281744977,0.3085603763359316,0.07468417137861252,0.5693794613513886,557751014.5681152,201.6674779114304,0.08418749148328168,587057829.7807637,826.687300713976,0.5593784613513886,0.0,0.0,0.0,0.0,0.0,0.0
Aluminum,6,2,0.8760408386588097,0.11326491200923922,0.014334733044192992,0.26928776953650735,0.04094627767801285,0.09509548442862253,0.27532239531836644,0.02,0.13021694509048082,0.2869878914189155,0.08453299939632417,0.2586397188603532,0.20003347578814878,0.04753265485167504,0.454666771571869,0.3790689958645098,0.03874388620257378,0.6040154636664065,0.19561755994561536,0.11427967250347139,0.7100528150029507,768084748.6192888,464.128083620867,0.14593392861708104,558340238.8707,786.8654940164917,0.6972885328541325,0.0,0.0,0.0,0.0,0.0,0.0
Aluminum,6,2,0.6964678838849068,0.13840327739715577,0.025288379693101645,0.26854463222992375,0.08462841570377351,0.10250906788203668,0.313752185255792,0.09959443330764771,0.22039987115741605,0.21211935016990877,0.0568688526749611,0.33557365781419346,0.235109965318407,0.10165953695774078,0.42158863798932766,0.3964483441390258,0.04887461617588997,0.5062301869797885,0.41298306249007855,0.10732923686504364,0.6268110954964162,551684642.3481169,289.84121572271886,0.1174824970701906,557631476.7995249,828.800034697849,0.6168100954964162,0.0,0.0,0.0,0.0,0.0,0.0
Aluminum,6,2,0.8072481781244278,0.13389974236488342,0.025226848120405043,0.29586643233959536,0.11678165018558503,0.11757381043457503,0.2356887084154351,0.08008401840925217,0.2833112756945101,0.3205431735125388,0.041014277487993245,0.40050174084423473,0.22021982830089412,0.0661842668056488,0.4949739244767735,0.28935478817525284,0.07188585996627808,0.5954815417351681,0.2555463111387221,0.08141296207904816,0.7080789718757796,472929924.18697137,336.34625638158366,0.08935552938170511,706740632.3510915,248.82906344470265,0.6582282398199203,0.0,0.0,0.0,0.0,0.0,0.0
Aluminum,6,2,0.8118390455842018,0.13939968526363375,0.05514016000621731,0.38597009766207563,0.049337017983198166,0.0832825905987424,0.2732985068098284,0.08979373574256898,0.1676109502792502,0.26995424166967424,0.1170138990879059,0.3150057238371969,0.20383596937919995,0.04253199458122253,0.4689808020092234,0.177826290246273,0.07897341877222061,0.5687658379897931,0.23678140288572977,0.10034901559352875,0.7194452698578485,777352806.5532883,246.87639007505987,0.10290467381951937,550000000.000001,720.0933871268984,0.7306551402139426,0.0,0.0,0.0,0.0,0.0,0.0
Aluminum,6,2,0.6699888661503792,0.13395529067516326,0.019401567152325085,0.18032989198192406,0.14809430837631224,0.08938707074694277,0.34012812711520474,0.031898193284869196,0.21363551353422428,0.17307745735224508,0.04286756724119187,0.28174911985682854,0.4446137579586778,0.08390726864337922,0.3612458273461433,0.19750281598499395,0.10505788862705231,0.4704056722658281,0.20366599185401874,0.08719881355762482,0.5760190980556493,409414788.4251637,217.5627775067358,0.10843906907141801,442903324.93224597,312.8918771416529,0.5372554255069435,0.0,0.0,0.0,0.0,0.0,0.0
Aluminum,6,2,0.9621979907155037,0.16,0.016296602106918055,0.25630173046422405,0.08687747895717622,0.10947230901917998,0.19550278182937572,0.05177794635295868,0.2962256127884185,0.22213331775851458,0.057598015666008,0.4091785631850152,0.25482604284220967,0.028252277597784994,0.5255211650278311,0.19341485240821862,0.061121150851249695,0.6406403730392752,0.25111053499219327,0.15,0.8022912746095854,621424883.9353261,268.23897735232964,0.1296390398727025,550000000.000001,1093.6090720185252,0.8452090784865032,0.0,0.0,0.0,0.0,0.0,0.0
Aluminum,6,2,0.5729952886700631,0.1281550077199936,0.021847518164349784,0.20448153797178126,0.0716280096769333,0.06084433683567435,0.2583177974413151,0.05240934908390045,0.13621480987270615,0.23039719635586312,0.05655410826206207,0.21566930842612683,0.32460159568655206,0.06726000159978866,0.2976104873952339,0.38261412989194893,0.11306568324565888,0.40843021471964275,0.23252524257114646,0.036844608485698704,0.49118687846346365,450002944.3442223,577.0186436095312,0.07508241275304574,424794537.95110923,423.91696243505044,0.5069071868100756,0.0,0.0,0.0,0.0,0.0,0.0
Aluminum,6,2,0.7378678411245346,0.13688530957698822,0.04426077639098655,0.21220925088931372,0.11019540667533875,0.07379678411245347,0.44105658855069,0.05425937473773956,0.1665453554622604,0.22670265591569258,0.11159201502799988,0.2688735941387869,0.24618949595996167,0.15,0.42377139750633774,0.2528218071445779,0.07567803055047989,0.5500057866723234,0.3576572443500151,0.08859208226203918,0.6560713280406539,590283147.4481624,259.73885216172584,0.09142450266808849,656913874.5985137,598.8243641165625,0.6259547277306625,0.0,0.0,0.0,0.0,0.0,0.0
Aluminum,6,2,0.6821123741567134,0.12177843749523164,0.007727416585913981,0.28761795416597496,0.08955375373363496,0.08858207432347526,0.2713221313270417,0.06955480486154557,0.19613110650712673,0.14861483688701685,0.1107963263988495,0.3086946791202483,0.30184697287660167,0.07986672818660737,0.41183548233349926,0.3437755871919381,0.08691168129444123,0.5038930002320157,0.45677410453374256,0.09648897886276246,0.599387683193832,620560147.8627406,1006.0371044646403,0.11494419794165169,550000000.000001,521.146254081696,0.5807644444016069,0.0,0.0,0.0,0.0,0.0,0.0
Aluminum,6,2,0.6119989164173603,0.11700728368759157,0.019607841684521867,0.17518798585190234,0.05509929627180099,0.07157293909401605,0.34896625171674606,0.07872370064258576,0.16047481411559023,0.2787137578543202,0.07324911445379258,0.2528975298353839,0.2154868855476188,0.08564466834068299,0.3437963894151769,0.4589923903313811,0.0740955525636673,0.43840708007651535,0.39034115113344336,0.1102808040380478,0.5378054530431287,560963239.1106617,700.8469060911099,0.10767440789243653,560038541.4049997,323.0660966606953,0.5172901592553951,0.0,0.0,0.0,0.0,0.0,0.0
Aluminum,6,2,0.6799519643187524,0.12868045258522035,0.012980317060228149,0.21280823508493815,0.02389161180704832,0.08168016454540518,0.18526664215499522,0.10100154101848603,0.15880275392419482,0.2635659261878151,0.09880158066749574,0.2923475511239477,0.2483632107623319,0.13184233248233795,0.43020462309159474,0.1925642027277506,0.02,0.5439121908453353,0.24399454907114554,0.041580682992935186,0.5819755344886568,400644908.61193365,566.1552058106978,0.10439299703674053,388493505.0368015,199.49221154847797,0.601943245788003,0.0,0.0,0.0,0.0,0.0,0.0
Aluminum,6,2,1.010944427549839,0.14834198141098023,0.024439771353538645,0.23789230275048198,0.10726131260395051,0.10953196063496154,0.2866605586711565,0.08140758842229844,0.21123566105403496,0.1557746563895774,0.11796421110630036,0.3591018364428168,0.19756462989392706,0.052125746309757234,0.5006905214471968,0.23220020954821793,0.10731736600399018,0.68576369953145,0.3207097509038547,0.11154946744441986,0.8402886654946882,597634465.0618918,417.5195595698546,0.13759310509790101,576874203.6747506,183.2394961341014,0.781248725331055,0.0,0.0,0.0,0.0,0.0,0.0
Aluminum,6,2,0.7908785849809646,0.13558603942394257,0.037456454832322364,0.14237957792927922,0.022216194402426483,0.11837717027985001,0.35515662595671177,0.10228929698467255,0.21314791760150267,0.17051351746326535,0.07008287608623505,0.3333395389632559,0.3159353318347948,0.06794002681970597,0.4452285112318591,0.2422011793872965,0.1333163571357727,0.5672477745975177,0.20096206710820902,0.08332724690437318,0.6819704833402805,679077573.6239015,78.18946879091666,0.08538908398963088,550000000.000001,696.3028673523896,0.6325228295891877,0.0,0.0,0.0,0.0,0.0,0.0
Aluminum,6,2,0.7421325892210007,0.13617872965335848,0.013604642801534004,0.34589091572998293,0.11433720588684083,0.08887660849072906,0.20683400582941827,0.09113359332084657,0.2091569333954325,0.16719157764429066,0.09796444475650788,0.33183332498331086,0.2615939963872783,0.11264611184597016,0.4439498174630202,0.2766288218962465,0.06673064798116685,0.5411608152631546,0.15032043444361862,0.09581667125225068,0.6399737739788655,474938599.62628734,612.0549032761367,0.13911475178899702,473808590.15316796,696.4657928231102,0.651624186078812,0.0,0.0,0.0,0.0,0.0,0.0
Aluminum,6,2,0.679192765057087,0.11811060702800752,0.02406058417988997,0.28527043429163246,0.1033319801092148,0.08680333270798646,0.2846957908016559,0.06966156899929046,0.18970948956417533,0.1827106042469899,0.1049279135465622,0.2859775552047692,0.310330925980995,0.09430533707141876,0.4034337395091517,0.2805089871531921,0.06194298326969147,0.5048346612887341,0.4591377675950864,0.10597740769386292,0.5960212476286684,607178320.3977371,401.8558185137071,0.10408309596367855,575840567.7283446,504.2767220221362,0.5679157745442726,0.0,0.0,0.0,0.0,0.0,0.0
Aluminum,6,2,0.7265835046768189,0.15554331243038177,0.016576945793715964,0.271709416140465,0.0861521863937378,0.10421077180964827,0.24047805438772082,0.02,0.1694797016956345,0.25999024151485967,0.09173427283763887,0.2571805190313681,0.2933610339266622,0.09107533156871796,0.361920336406062,0.16333681009970605,0.08639106035232545,0.5007843320027995,0.29661293242062925,0.07678009897470474,0.5940116276362694,403152498.3316001,564.1901033412195,0.08998379394632221,446284114.42789817,371.1097068235354,0.6280415648657363,0.0,0.0,0.0,0.0,0.0,0.0
Aluminum,6,2,0.6657849587500095,0.14336366617679597,0.031618643819927926,0.2751580854297173,0.0599862864613533,0.08378571386382344,0.28618919949825916,0.07723699927330017,0.18173560415713297,0.3620283686153972,0.0930644989013672,0.2720145206731089,0.36066711645406185,0.0871979147195816,0.3933238413147409,0.30743367027203833,0.06164647907018661,0.5017170391379728,0.1623455307594486,0.08765552401542664,0.5964267084295003,596494487.9124783,738.1010526344256,0.1006364269132089,561630986.424918,267.5624859761282,0.5635184612905981,0.0,0.0,0.0,0.0,0.0,0.0
Aluminum,6,2,0.797924417257309,0.1389895943403244,0.007731100393976619,0.2592470791352799,0.04072164371609688,0.1063376120844867,0.2571960622594392,0.05316138207912445,0.21847050452679065,0.22406449270409257,0.02,0.3220637078802391,0.20680212212309396,0.09213147401809693,0.41605168553456034,0.17284127199377505,0.0723085618019104,0.5098328934115621,0.45317688467536554,0.12641210317611695,0.6457770512062085,703233336.8464328,897.1937312497768,0.0936982451854722,550000000.000001,710.3375036305094,0.6632402253015481,0.0,0.0,0.0,0.0,0.0,0.0
Aluminum,6,2,0.6936099700629712,0.12965051245689393,0.017772551834368468,0.3193796545122155,0.06987013041973114,0.08971414736273833,0.36160752479602626,0.10797109246253968,0.19835841136302088,0.14516210671502916,0.04198866829276085,0.2975986962095189,0.27044365595900616,0.09280521512031556,0.41761416289880227,0.24039536706310274,0.08786394596099854,0.5148308805736465,0.182023298599942,0.07931885153055192,0.6158298292996454,429580988.9193805,219.07302985114558,0.10411940598545691,498659203.0341666,231.35727376107917,0.5828032404663382,0.0,0.0,0.0,0.0,0.0,0.0
Aluminum,6,2,0.6706180587410927,0.13348047661781312,0.025478321055541656,0.3222868511239338,0.1245431786775589,0.0870522284397342,0.34156644833446276,0.13201911687850953,0.23946543042687837,0.27183598640755435,0.05914054185152054,0.34594650157128976,0.23162492786975947,0.04214743331074715,0.4222790542909817,0.2361234443335482,0.08189717233181,0.49958701324758903,0.45458422651666675,0.07956935226917267,0.5868844067008844,678908326.6071678,354.1145844368475,0.11965298654051171,550000000.000001,848.9407919518316,0.6026297085913326,0.0,0.0,0.0,0.0,0.0,0.0
Aluminum,6,2,0.8157576605677604,0.12547763502597808,0.020752177762901,0.26297502140829343,0.11617321431636811,0.10763736922325692,0.41607009630360814,0.046187789738178255,0.2677770244954031,0.32684331767073965,0.04565314963459968,0.3989358001157993,0.2711810964974249,0.0623758977651596,0.49731599581136043,0.3237703307250122,0.02,0.5622769473281104,0.2159641201380661,0.08173449814319611,0.7201657128793715,584551587.3259351,358.82166813825773,0.16281078616798653,569881056.4266948,692.9124009528759,0.6864831761397736,0.0,0.0,0.0,0.0,0.0,0.0
Aluminum,6,2,0.6382668524980546,0.10899189865589143,0.018432407851448493,0.27495770724093826,0.10122623503208161,0.08933011664585502,0.26184851092521405,0.06295717477798463,0.20667793337738558,0.33796260002324874,0.048337523639202115,0.2879174374151221,0.19226207057878478,0.02,0.3306532326229338,0.11445293773804488,0.09999980926513673,0.4436844388009719,0.11554356767956762,0.08829350531101228,0.5615123987658186,427768419.3210704,615.7150821951875,0.07650602289763707,318520413.0595562,465.87769614509455,0.5423219916552993,0.0,0.0,0.0,0.0,0.0,0.0
Aluminum,6,2,0.8353247120976448,0.13754452574253084,0.0037016304268722997,0.29985304828077525,0.10443685352802277,0.11121940576371184,0.19501901056452528,0.07730647325515748,0.260000891543589,0.22493973116024907,0.07177846819162369,0.35641283515106964,0.20994213608945703,0.08673034071922303,0.45437884484039004,0.19791187760741186,0.10147166430950165,0.5563484258715092,0.21650304756835229,0.08482045322656633,0.7170554367888401,691364935.0454857,601.9210559802101,0.1248983028302953,550000000.000001,506.6783420104202,0.7291011071141821,0.0,0.0,0.0,0.0,0.0,0.0
Aluminum,6,2,0.5647205956280232,0.11696708035469057,0.020489279428948674,0.3772748713503602,0.08526624202728272,0.07163875996692179,0.29394117697056027,0.05165407523512841,0.15994882048903714,0.3185615665164194,0.0813408574461937,0.24390559070089024,0.22884457430730057,0.08109662920236588,0.3360843283964872,0.49514573329594846,0.05062725350260735,0.4159873674936939,0.1623333774848386,0.049296951889991766,0.48983492069601065,523210394.1696536,402.0671845296253,0.08869061913831469,438989501.5118389,296.31608996906857,0.5000694815451339,0.0,0.0,0.0,0.0,0.0,0.0
Aluminum,6,2,0.832747845351696,0.15615554571151732,0.030041734620355802,0.18278303201400573,0.13619550585746765,0.11098708472754597,0.18771970201149024,0.10226898789405824,0.2675537796671894,0.23350752209354714,0.09636713981628418,0.39138815293389767,0.2802425542505688,0.08387186527252198,0.5298364952371458,0.251665527201369,0.08404167592525483,0.6370564524262335,0.2467089941918665,0.049872928857803346,0.7303914128631733,555895334.952952,126.96999166081291,0.1415119854611293,613444479.1147789,725.7651957133237,0.7494730599837786,0.0,0.0,0.0,0.0,0.0,0.0
Aluminum,6,2,0.7896018952131272,0.15121727299690246,0.049478103817942494,0.23958145145425563,0.09893464744091035,0.12032096436352899,0.3351857637594136,0.09522033095359803,0.23916986853931774,0.2538753145705036,0.06757294833660125,0.3321971259006304,0.23625288297168506,0.08600174725055695,0.47185875853775205,0.21314943143314,0.05399796783924103,0.5650596085933384,0.3211045994542981,0.09045832574367524,0.6512700941958459,582636007.4689206,342.9619765330316,0.1043163675773692,611200312.6132394,280.85472454155945,0.6832788840202757,0.0,0.0,0.0,0.0,0.0,0.0
Aluminum,6,2,0.6161012113094331,0.10875150811672211,0.040374453916897604,0.19550400227785764,0.05761357098817825,0.08110895066405138,0.22479685029106802,0.06280763059854508,0.1557786978489266,0.2800600214976113,0.10007430434226991,0.252866295580401,0.26494028415107806,0.06939324259757995,0.3625658038817346,0.4778325910980942,0.034783604815602304,0.4458375584274688,0.39925670037477695,0.13182907462120055,0.5452106706382714,587516885.3800049,1099.9999999999995,0.1006503856038601,532522438.71851456,433.01568709612496,0.5124919879681549,0.0,0.0,0.0,0.0,0.0,0.0
Aluminum,6,2,1.0057999014854433,0.1478980265855789,0.005928619490792475,0.15530845720764933,0.10825102627277375,0.10140846976642817,0.21943007530956063,0.08343341052532197,0.32715891576808387,0.24148892256648055,0.03247198417782784,0.41815598689573147,0.22365026635793578,0.06080668538808823,0.4952711635959814,0.15530845720764933,0.0778927093744278,0.6424013514100895,0.4420324137077336,0.09825152277946472,0.849252775548717,566281506.1729134,284.1978831324334,0.12122219344825391,764066806.8404524,687.6516493345674,0.7787385735146723,0.0,0.0,0.0,0.0,0.0,0.0
Aluminum,6,2,0.9082843124866485,0.14571046590805053,0.03684190213193439,0.33011694616753984,0.02,0.1429125309403889,0.19572071914465994,0.08017156213521957,0.21359834016377524,0.2555973385087536,0.10556553840637208,0.3601516818410421,0.1945640244480519,0.03226494826376438,0.466266831765798,0.26548486844145097,0.040829885900020596,0.5998901381244205,0.25668839164700896,0.07542783200740814,0.7354861028233567,566931205.6487535,287.1659924745896,0.10368434050810861,491538217.5084411,228.54537994411263,0.7462219142036501,0.0,0.0,0.0,0.0,0.0,0.0
Aluminum,6,2,0.7990258902311326,0.16,0.01391860357069329,0.2938703321384548,0.062307903766632075,0.11729358732830804,0.18618041729076612,0.038486719727516175,0.20641658424661394,0.32668820720975994,0.02,0.26738645518301823,0.3506080727306542,0.085133957862854,0.39126874906799125,0.33884827339318696,0.030810946002602577,0.5483964424230092,0.24240585560500313,0.15,0.6600344764175122,504790340.98437,238.30477264501454,0.10083952326428913,525257990.30014163,1081.4638758279698,0.6980800142816345,0.0,0.0,0.0,0.0,0.0,0.0
Aluminum,6,2,0.7148859366774559,0.12342685031890871,0.019387094467615475,0.25223249463365716,0.050433989763259884,0.09363310163687096,0.33474347359368656,0.07104656994342805,0.18211972031097406,0.29837317628804766,0.04519316926598549,0.2668816916689283,0.31291703571006907,0.046948290020227434,0.3667074965517433,0.19941671646494413,0.15,0.47430218588634065,0.2966669761500758,0.14414811491966248,0.6366680054399674,551527052.0897788,543.014842326672,0.10609706555381701,648253466.813223,251.22155758719495,0.6029502267378434,0.0,0.0,0.0,0.0,0.0,0.0
Aluminum,6,2,0.6850440576672554,0.11061832237243653,0.008670399848538856,0.2688985632944614,0.06343606561422348,0.08503719666985021,0.24389331891975763,0.05185268551111222,0.18813444925508988,0.3804749867206826,0.0247678617015481,0.2665388170230885,0.25104061446796017,0.09816454470157623,0.3494265190209033,0.35496105362596064,0.08827252984046936,0.49106760912926517,0.3357540430779065,0.0569442543387413,0.5925551430382519,554823320.8420361,600.0439532712313,0.10121262267978617,567344267.2861621,760.6270488483387,0.5647178078139875,0.0,0.0,0.0,0.0,0.0,0.0
Aluminum,6,2,0.49504121020436287,0.1264614063501358,0.016495510647861405,0.1943877017367503,0.09001002252101899,0.08141917266107115,0.29610708514776973,0.0217914735712111,0.1458513058073041,0.1558484613813376,0.023058448266237975,0.18534994538562455,0.40316215534260214,0.08122630596160889,0.258755801142968,0.1521233928023714,0.035521229282021526,0.3257697596356586,0.28607582804708137,0.06883937627077102,0.3951928698393892,269789059.2716498,760.2499285760692,0.05248226959511905,290625293.06250775,113.06776719965787,0.43844911995657954,0.0,0.0,0.0,0.0,0.0,0.0
Aluminum,6,2,0.7905207633972168,0.14502151620388032,0.011664055188594303,0.4302862722701209,0.07378002554178238,0.1315890734900536,0.2160402719439608,0.05133202970027924,0.19722893255148932,0.28887994893853886,0.13038368105888368,0.31495200304525184,0.25911257995325526,0.06733442693948746,0.4726622081762688,0.23093899339291088,0.06720776051282883,0.5858847405660486,0.3102140115332119,0.07268398553133011,0.6887808873374927,619505524.7495472,379.07601618220934,0.0982822312879708,550000000.000001,484.2844935242175,0.6432989992729872,0.0,0.0,0.0,0.0,0.0,0.0
Aluminum,6,2,0.7001509651541711,0.11764016032218934,0.025746589133906927,0.24871499160316313,0.07366300225257874,0.08344587656347838,0.36148210718180723,0.025018179863691332,0.1519162629218427,0.1509550301730759,0.15,0.26646539970381516,0.3058540084478864,0.09475052535533905,0.4060902352620702,0.2397761287407181,0.0841710776090622,0.5034708926365805,0.2816842003988369,0.11090444266796112,0.6105676936206128,705833687.1855178,329.833204742376,0.0983566189615389,550000000.000001,499.5123369654781,0.597234831624371,0.0,0.0,0.0,0.0,0.0,0.0
Aluminum,6,2,0.8336719512939453,0.13294749891757965,0.02362392973043762,0.3277404193002492,0.1318717461824417,0.08708811490357107,0.20235660613925396,0.1088734406232834,0.2229865978044116,0.20087393507096266,0.09537708520889283,0.34462610079294925,0.18096023673025144,0.10010702669620515,0.4781852650450723,0.20614134124453473,0.0889805817604065,0.5941485247060438,0.20707395457341196,0.12739771008491516,0.732682383214525,572506860.5538443,575.2337753571458,0.1009309845358336,571863928.518595,247.45017736566732,0.7021722525944198,0.0,0.0,0.0,0.0,0.0,0.0
Aluminum,6,2,0.8335282161831856,0.124138170003891,0.021518991489808882,0.2697789809315265,0.048569447100162505,0.09733226399480169,0.2942324944518287,0.02,0.15844245785698963,0.22167868053359827,0.11064123809337617,0.3045261745469385,0.2484893229935639,0.050765815973281864,0.4257274460355907,0.19910137761045668,0.13434939324855805,0.5410630351435888,0.2541468119573321,0.0793822506070137,0.6911538708612663,562199903.6222353,654.3039358670403,0.1277129825787738,442346352.56197506,435.3403560235769,0.6788476447130561,0.0,0.0,0.0,0.0,0.0,0.0
Aluminum,6,2,0.6274155408143998,0.12418810677528383,0.025274505982275503,0.4269172171745842,0.087154398560524,0.0630210680172629,0.26138760746529566,0.1141458696126938,0.17116170600946273,0.21688966736668888,0.07940135478973388,0.2767856743801799,0.32172992198382067,0.09448336899280549,0.3709792615623364,0.15700304564720882,0.059061192274093635,0.45347875799645343,0.4907086651897857,0.1326744705438614,0.5563363497507934,569350378.7409309,293.13185683243154,0.08948107397180535,630402932.7644998,619.2384493262067,0.5283176451694422,0.0,0.0,0.0,0.0,0.0,0.0
Aluminum,6,2,0.8808431461453438,0.16,0.012157078212665135,0.2586496257348378,0.05395053863525391,0.11788367788301611,0.31047520960415165,0.09395027279853821,0.2610600211399586,0.16801680000000002,0.042088142931461334,0.4311601977857525,0.26407598955016437,0.09108649730682374,0.506486996814504,0.25142673062551113,0.08723634004592896,0.6453624359539779,0.29352400815912505,0.07181005537509919,0.7737614589963704,550000000.000001,671.0021287529547,0.132943918802041,612694475.2814848,1099.9999999999995,0.7615550192488021,0.0,0.0,0.0,0.0,0.0,0.0
Aluminum,6,2,0.7501168072223664,0.13358782374858857,0.02816978004182291,0.43629028449884516,0.10150648653507233,0.08440779315455374,0.18849223091262696,0.05316880524158478,0.17379295660400962,0.33403904963751924,0.04823147237300873,0.23649903093638525,0.24810898457525737,0.07316911011934281,0.36985528566774795,0.23264080959095523,0.09187859058380128,0.4969854714925755,0.2475515444573869,0.04728915303945541,0.6203920328409652,581234767.871344,535.65946204411,0.10761085309531285,593716337.8218135,499.496063618506,0.664966573923045,0.0,0.0,0.0,0.0,0.0,0.0
Aluminum,6,2,0.7264511272311212,0.1344631645679474,0.004937338241450705,0.34898376618690446,0.07654568433761597,0.07265511272311212,0.3193394419921304,0.05678946822881699,0.14560661505058467,0.1975542325163667,0.07901258021593094,0.2676922673306292,0.3716914849770833,0.06135567396879196,0.4107419103740477,0.3327838655265561,0.033286783769726755,0.5162802552864812,0.4464178992409547,0.1068193942308426,0.6020615251823522,573313496.2638437,377.09137631073065,0.09332199330263154,580299342.2511288,382.400940965928,0.6264745303577033,0.0,0.0,0.0,0.0,0.0,0.0
Aluminum,6,2,0.9516382291913033,0.16,0.03685253843760989,0.23352089167647974,0.11336706519126893,0.15051203567304672,0.24575516109266515,0.10242820620536805,0.3097593721069888,0.16801680000000002,0.023448003027588128,0.5077579149464809,0.20203158291205298,0.10817431509494782,0.5965452548334513,0.22164869289923744,0.05142214208841324,0.7209260948964498,0.17192235166403141,0.06611142605543137,0.7839376275586888,550000000.000001,342.2770354088804,0.10747869341406233,624772931.6267068,395.80725517734925,0.7978477065337468,0.0,0.0,0.0,0.0,0.0,0.0
Aluminum,6,2,0.60779809653759,0.12658050978183746,0.030213228968836214,0.4194070944478358,0.034691988229751586,0.0616678687067691,0.2740892908464589,0.06663120239973068,0.12279896385265439,0.1746512722957974,0.0814550718665123,0.22626064163992868,0.2799510258564406,0.08782309532165528,0.3285490927794432,0.5605502979904642,0.0791582190990448,0.4267456102811191,0.3260000025814762,0.09872803092002869,0.5433565004361789,550000000.000001,162.2859334050047,0.07759949846528626,704639142.670096,534.2228375514519,0.5046359893929911,0.0,0.0,0.0,0.0,0.0,0.0
Aluminum,6,2,0.6513163134455682,0.15631985461711884,0.009321689574839141,0.29172790495284034,0.10106383204460145,0.07117047726600857,0.29403409026113203,0.059242273271083834,0.16213675820138274,0.24488272780646464,0.07671420872211457,0.23824807837797166,0.3620350827246929,0.11198235094547272,0.3530886238756263,0.2956018939036682,0.09584166049957277,0.46834969146659045,0.34402821483125984,0.11636582911014558,0.5842608937519908,550000000.000001,505.77512029552565,0.09046184114048882,586916768.428929,803.0713667926968,0.5683891366576377,0.0,0.0,0.0,0.0,0.0,0.0
Aluminum,6,2,0.5504740037024021,0.09960816144943238,0.01783706415672882,0.2854789806350743,0.020710073579102754,0.08382949926132988,0.12561449264551827,0.022365751415491103,0.12448398569429453,0.280287813885872,0.08341626673936844,0.18883726350246763,0.42303956989702707,0.02,0.2737019824108533,0.16557107024056222,0.09812491059303284,0.35215341816561385,0.31073572646303005,0.10842842280864716,0.4843950517404885,345822476.3656706,305.9260223454597,0.06721119038773302,357654290.8574638,137.6498785798391,0.47148434897928193,0.0,0.0,0.0,0.0,0.0,0.0
Aluminum,6,2,0.7398603945970536,0.14024710381031036,0.003988748587806971,0.3615111810083176,0.10682402014732362,0.09862520176284525,0.2905043361203531,0.06502452164888382,0.22299506515619366,0.24731532644182425,0.07624923825263977,0.30685748908483046,0.21403920287028724,0.0670679834485054,0.3954721543244895,0.23110358070755332,0.07997155517339706,0.4953504473318839,0.14727418494672595,0.10700365602970124,0.6432084494020492,576626219.6162254,747.4255546164713,0.07398604019956576,567125648.2987555,746.4432144715507,0.6305831140954453,0.0,0.0,0.0,0.0,0.0,0.0
Aluminum,6,2,0.7092231757938863,0.12224073350429536,0.031076106904130294,0.3209285927064524,0.07882698953151702,0.11240640235041471,0.2802385065516783,0.09950709104537965,0.22198711307628685,0.1989539020007449,0.06636274039745331,0.32410830682911657,0.23779318944158312,0.07646762490272523,0.4375147956199831,0.28694477721725137,0.06465855896472932,0.5286728414424459,0.23040446775037063,0.09740570843219758,0.6163855902450833,566690478.222994,846.3783290586396,0.09579044300309841,591570729.0497781,815.5693121574664,0.604711945996666,0.0,0.0,0.0,0.0,0.0,0.0
Aluminum,6,2,0.8107096195220947,0.13828551125526428,0.021465525077343776,0.2959471793520234,0.02,0.08313007804904027,0.25645087225075686,0.0534785208106041,0.17054470037462502,0.17284502485313616,0.10920164048671722,0.3075284069589018,0.225249594729373,0.09274222671985627,0.4810166259908166,0.42184229621179437,0.04247600317001343,0.5537179658573835,0.37606863626613635,0.1319124573469162,0.6748221719092721,728912953.8820548,576.9953381019914,0.10907100627716336,550000000.000001,586.59128846549,0.6483488171061351,0.0,0.0,0.0,0.0,0.0,0.0
Aluminum,6,2,0.6125791221857071,0.11535593390464784,0.01782565265900733,0.26429803469117746,0.07393813580274582,0.06713971064367737,0.1870096796491446,0.07313302874565125,0.15015055383512513,0.41647010950852714,0.0658931052684784,0.226141673120819,0.12113584297294021,0.08095213323831559,0.30976486347977655,0.32299228611098313,0.11035884022712708,0.4139419389947361,0.27479343965460884,0.14159970760345458,0.5445513581920632,561304706.8330612,465.07502857174717,0.08777422514713741,550701257.1987069,843.5945407886142,0.5236372451694138,0.0,0.0,0.0,0.0,0.0,0.0
Aluminum,6,2,0.6311559893190861,0.11187293720245363,0.015787535214589483,0.2478758291591634,0.1413127613067627,0.06970381522258925,0.29847685768427334,0.07717224806547165,0.1988760108527198,0.25390996179490855,0.1011676323413849,0.29128427576354793,0.23072657108392425,0.02,0.3616724351587422,0.2866416529116343,0.10074176907539369,0.42916100903300947,0.34655784052761446,0.1291381162405014,0.5587147330547396,714142926.1418849,741.5548020304627,0.08917272282257563,550000000.000001,769.5965781403618,0.5424793001298527,0.0,0.0,0.0,0.0,0.0,0.0
Aluminum,6,2,0.5483701065182687,0.12089056169986725,0.023013626826259084,0.19187470936532366,0.06998893588781357,0.06348981226621099,0.22330580752992568,0.040834349095821385,0.1267254009415888,0.33040595644272963,0.11512844681739808,0.21260390134152202,0.16582567749487134,0.06179973483085632,0.30607074492759445,0.19101912663404574,0.06282651007175445,0.3980145930338428,0.2512733268876226,0.049859486967325214,0.4799763342692297,284744757.25648206,616.0514912915173,0.08424923700204487,221025368.92559022,352.84492812230644,0.4358271330322895,0.0,0.0,0.0,0.0,0.0,0.0
Aluminum,6,2,0.7564409866929055,0.12407689166069032,0.013878737249090452,0.30370134651503883,0.0907993108034134,0.07980778269694153,0.17760111289744562,0.09611222624778748,0.20529767920189063,0.23941740741451528,0.08280951231718064,0.29888224181357964,0.267889629208189,0.1049483233690262,0.4108124750230635,0.21197438553804315,0.10873764634132387,0.5333176292452468,0.31606498916510256,0.07816439092159272,0.661038563066049,660635152.1704749,159.36567275552835,0.11687581871807273,550000000.000001,451.1679611245129,0.6400231970454862,0.0,0.0,0.0,0.0,0.0,0.0
Aluminum,6,2,0.711390146613121,0.12187608504295351,0.008342024118742731,0.24871050197777358,0.10986712157726289,0.09750929832727875,0.2777511265798687,0.08528551280498506,0.1984795856860897,0.29078427735930307,0.08176021188497544,0.3046458849495946,0.28245821632422496,0.025712289139628412,0.4160051352189483,0.3358981006307366,0.08997204661369325,0.5009917060778181,0.4105197481554061,0.08197659552097321,0.6108067975029144,543166709.8945092,434.5322639205419,0.11724590591840499,535428273.02354485,510.29756805649225,0.5897221263691814,0.0,0.0,0.0,0.0,0.0,0.0
Aluminum,6,2,0.7192412152886392,0.13898554861545565,0.03069748527131736,0.2999540647816468,0.1091913890838623,0.09147732404185485,0.19393500895893298,0.08266394704580307,0.19273885765620313,0.33454891880424237,0.08701553583145143,0.30962225652859293,0.2344495956113451,0.059638629853725436,0.43664918878779274,0.21145706710563508,0.0867471706867218,0.5332015176684264,0.23117573457824786,0.11765367031097412,0.6430128750680145,550000000.000001,496.3761821077928,0.07899566681115791,675542998.3470738,493.77535148086474,0.6330118750680145,0.0,0.0,0.0,0.0,0.0,0.0
Aluminum,6,2,0.5926788665354252,0.11086022794246675,0.0067726794469848165,0.29186974890326167,0.07674030601978302,0.07693998003602795,0.38397780322261504,0.08261815279722215,0.1858540471705655,0.29093451898415473,0.12554831206798553,0.29381578299535743,0.21520941664901566,0.06307027727365494,0.39641289819599324,0.27876137160499115,0.020805139504373075,0.46104600554171454,0.3598473284836298,0.057781301140785224,0.5271171247851045,625921917.8300099,525.6196484678053,0.10699783597764768,477181584.8817202,453.9357131012108,0.5123555110801001,0.0,0.0,0.0,0.0,0.0,0.0
Aluminum,6,2,0.5843696042895317,0.16,0.01272802270066556,0.2589325687501793,0.13781099677085876,0.06200339080590723,0.3320128258443201,0.08239157974720002,0.18732618518260943,0.22855617825567365,0.09058175325393678,0.281874322564285,0.1816669809347594,0.08128357976675034,0.3739592691590951,0.17383758308198427,0.06497171491384507,0.45598179950063455,0.22017260865138003,0.044917427450418476,0.5207625266763009,342039168.9708006,201.7745494080541,0.09374149122639902,353936140.5427695,228.32194167476354,0.5064540083112764,0.0,0.0,0.0,0.0,0.0,0.0
Aluminum,6,2,0.6996139295399189,0.13600684559345247,0.05125370659039916,0.278586405092363,0.08129583418369293,0.13577729799937405,0.35127757709490054,0.05483822256326676,0.2106628958235829,0.1683536137557482,0.08632359325885773,0.3153274557178763,0.3005750613122518,0.08730826258659363,0.4053643526911064,0.44606377848173484,0.03674511834979058,0.4856813783718333,0.15529154246733584,0.10304786980152131,0.5696296872126947,639510049.1372771,108.71448936679654,0.08961152408142314,550000000.000001,929.5602921028878,0.5929592532493804,0.0,0.0,0.0,0.0,0.0,0.0
Aluminum,6,2,0.6752818413078785,0.13882044410705568,0.015373374239780456,0.3197780915590933,0.06670814603567124,0.06978906973172028,0.2296814639851666,0.05740961611270905,0.1420683704562017,0.31296641231511096,0.07101741582155228,0.24351505131893916,0.4952932428718487,0.042750617563724516,0.3574800469414395,0.2858555871339889,0.08371638178825379,0.43382583932783714,0.30886425337924533,0.10560914754867555,0.5573551064734276,430649864.0470889,572.9800216401787,0.0933243102342683,511159884.2980711,276.90493431791106,0.5457291822272285,0.0,0.0,0.0,0.0,0.0,0.0
Aluminum,6,2,0.670952558517456,0.13180788254737855,0.0036202454494146303,0.3017219824983534,0.11191335737705231,0.0706523109999963,0.26675351025833444,0.13100305795669556,0.20063841087001008,0.2493546401710734,0.08324278324842453,0.3131077460578747,0.21469482002783574,0.05740896135568618,0.39347842292456486,0.38917003718309834,0.10546467483043671,0.4894305193076576,0.4301860420956841,0.0744573387503624,0.5941670910811302,671387903.4721802,125.19700695256651,0.09164298483790873,561048655.4582684,314.50489713948366,0.5716706755451888,0.0,0.0,0.0,0.0,0.0,0.0
Aluminum,6,2,0.7758792996406555,0.14745948016643523,0.017877551068182358,0.2567304022005688,0.05948794275522232,0.09417527981506456,0.31398298944204867,0.02848401702940464,0.17955486406027013,0.17298121452434423,0.06117265194654464,0.27408362283533505,0.276236535300903,0.090705064535141,0.3716572000972174,0.26005515833041604,0.11134311437606813,0.4989521633287637,0.3225892652390659,0.09451344907283783,0.662297206621855,646502143.1668051,233.42513707744402,0.07923682698285285,604456814.6538361,329.93615268429124,0.6749524486934347,0.0,0.0,0.0,0.0,0.0,0.0
Aluminum,6,2,0.864385724067688,0.1511829605102539,0.011282416682742996,0.15875798274662017,0.057892296016216274,0.09865155467194835,0.21830647441813136,0.13629626095294953,0.21393621276856015,0.3124856584136431,0.06845452636480331,0.3668599597571948,0.20352762973827734,0.0970620346069336,0.4899155717278342,0.21978937938397283,0.08530589163303376,0.6301657885241831,0.22115342287134002,0.09204197764396668,0.7586076445921942,678095662.2124697,398.84047239679126,0.12613518634950027,565160876.497108,507.7221607976463,0.7351773731126026,0.0,0.0,0.0,0.0,0.0,0.0
Aluminum,6,2,0.6214281491935254,0.14293587732315063,0.020308183326700816,0.281206165693395,0.02,0.06867139794905883,0.36349327240176726,0.11620084583759309,0.16320758936451052,0.291213019090303,0.0738036122918129,0.2825142545829264,0.2533602925895129,0.06322401344776153,0.3716831146372929,0.41910881877579453,0.07795512437820434,0.4454145977903955,0.42362175314805506,0.08267266035079956,0.5427145282707095,615582041.0779477,478.61743537920654,0.10205063321725534,563678921.1324562,992.1731864720509,0.5556941057989722,0.0,0.0,0.0,0.0,0.0,0.0
Aluminum,6,2,0.750809183716774,0.16,0.01847367472615871,0.226646042726851,0.0611597427725792,0.10330303117563533,0.2643241005728584,0.13266153812408446,0.22092838735644946,0.3644564566452935,0.08491958111524582,0.34184122928034244,0.17500798335509993,0.08249459743499755,0.47321711838571495,0.33533505615890985,0.056709374785423275,0.5644066824761492,0.20287555093817164,0.10420413970947266,0.6521444965603089,653804264.7078806,377.23925947846857,0.11841362003996617,576879881.5512948,690.4673374427167,0.6757282645942874,0.0,0.0,0.0,0.0,0.0,0.0
Aluminum,6,2,0.8325988173484803,0.16,0.017537078568648935,0.22126958688360301,0.11627716183662415,0.12350023723846217,0.1972094453306553,0.07475854635238648,0.24015485392240046,0.25086443571436445,0.11980341196060182,0.37571059080139574,0.18758684778241533,0.025245374739170073,0.5082877829029445,0.17307331169731302,0.09332426309585572,0.6072285864007945,0.23489035260816316,0.06234672814607621,0.6938524557488199,505983706.10800153,683.7461867869952,0.10327599799582786,495402469.6422599,285.2625865109365,0.7331130736989034,0.0,0.0,0.0,0.0,0.0,0.0
Aluminum,6,2,0.7907096534967423,0.13881203949451448,0.014376103010255404,0.2713655857198983,0.0457911542057991,0.0893345857093302,0.24847714149187095,0.09992158710956574,0.1758012292977713,0.3080707438443346,0.08784255981445313,0.31635354613595795,0.27249559962871855,0.05804699301719665,0.4406244112980321,0.22288550779392405,0.07777773946523667,0.5425796252909965,0.24243045089259055,0.0924107027053833,0.6968676932899487,550441364.1245806,519.9499058416196,0.10316309978209423,589555576.640583,294.5157221234035,0.6566157650256722,0.0,0.0,0.0,0.0,0.0,0.0
Aluminum,6,2,0.7311335727572441,0.1569174031019211,0.014616278933960308,0.4150110333934074,0.05085148647427559,0.07312335727572442,0.23739638342512634,0.08351704895496369,0.1539007965431793,0.17129085548475628,0.0699422737956047,0.2842351724843346,0.3311488418757136,0.07432414025068283,0.3617234053707637,0.33905080284765254,0.0630975329875946,0.4681575181142513,0.460911934801561,0.10514474272727967,0.6191874201024261,572602101.3614421,867.6658765183615,0.0876443018672974,570752559.125027,194.88467164094837,0.5807844303741188,0.0,0.0,0.0,0.0,0.0,0.0
Aluminum,6,2,0.7334127694368362,0.12065135610103608,0.0160772413337094,0.1727547853938815,0.07745611429214477,0.0977887254082327,0.2795317517136137,0.06576385080814362,0.20872335035808137,0.2209790570689367,0.09036315739154817,0.33993454810632934,0.27743913630667666,0.10536752283573152,0.4718061329759747,0.2862442942817779,0.05787012726068497,0.5740008914276656,0.30512401011941725,0.06659071207046509,0.6483962072017984,553624840.8866646,482.44396947015247,0.11462899896729761,704583180.9648632,900.0079449303157,0.6287714358202263,0.0,0.0,0.0,0.0,0.0,0.0
Aluminum,6,2,0.9024886503815651,0.1408102890253067,0.023687280159179997,0.30220768326272857,0.10025664448738099,0.10523163484595315,0.24061067565687455,0.14493064641952516,0.25909253637287133,0.1854090369004849,0.03865594148635865,0.374968979245255,0.22536985274029744,0.07279690980911255,0.4627654639270694,0.2075046120582482,0.14915674269199372,0.628302377283398,0.2350635857978392,0.1251138013601303,0.798643954839297,604770889.1916152,674.273568043815,0.1589699746495284,550935706.803937,326.6219806350152,0.7593680660189559,0.0,0.0,0.0,0.0,0.0,0.0
Aluminum,6,2,0.6700908645987511,0.12443237376213075,0.013268595825335159,0.19260509595976316,0.08689898133277894,0.07958750006988971,0.20503359451996253,0.08820323407649995,0.1827108758702003,0.2405971493381742,0.05379369914531708,0.2831885391590674,0.29138356000290533,0.08697594821453095,0.3851639003532458,0.22829338195110235,0.08090197265148164,0.5109786467562104,0.3610628196834361,0.05210223898291588,0.5910576014964573,418438609.2374118,595.3566898475689,0.1005380644339446,378921369.4443555,537.3456968938661,0.5805834390779143,0.0,0.0,0.0,0.0,0.0,0.0
Aluminum,6,2,0.6159919902682305,0.12102259790897371,0.025715675064786638,0.3593050695077779,0.13406019210815429,0.07109834943268359,0.27481608617476216,0.07303841829299927,0.1882482143660077,0.23420288029767758,0.02267037494108081,0.2549275465303628,0.3404683110152915,0.11181622862815857,0.3303268473305906,0.2953184234611838,0.10434607088565827,0.4534821005813322,0.32003258667112056,0.04975699424743653,0.5466897666296228,639070941.291341,267.0373870474178,0.09065748770743655,550000000.000001,592.6216723492281,0.531957245856822,0.0,0.0,0.0,0.0,0.0,0.0
Aluminum,6,2,0.6793689742684365,0.11593709635734559,0.01506860268731828,0.25956759810353186,0.07438032537698747,0.06794689742684365,0.2574638866044264,0.11451294422149659,0.16938807227764122,0.22965849557245765,0.09081256091594697,0.2827076883496567,0.26840063139469506,0.08249959141016007,0.3777737073678294,0.17428706824598605,0.09478402256965637,0.47590833341777433,0.1426515621731784,0.1349228674173355,0.6007049925427,551209302.4809762,808.0591891612557,0.08655163022058898,617413253.5303177,737.4408401852442,0.5595102324121692,0.0,0.0,0.0,0.0,0.0,0.0
Aluminum,6,2,0.7057303629815579,0.13777623236179354,0.02113323798232589,0.21864439800168317,0.03243448577821255,0.10548416031729255,0.22820496682831795,0.06883715242147447,0.18373355547086948,0.3883136597325295,0.09673152565956117,0.2899412329418392,0.26272130200835814,0.02,0.39340535064892346,0.2821748911147407,0.12211620748043062,0.4782168678662626,0.3004227508958566,0.13077614784240724,0.6244248183748511,526202056.4624188,343.0180439292067,0.12144279366909103,551230036.2930715,780.4999489944238,0.597840994840851,0.0,0.0,0.0,0.0,0.0,0.0
Aluminum,6,2,0.679400235414505,0.10131604135036469,0.011140863894805031,0.25524436018328256,0.04468304574489594,0.10697123860914767,0.29892462264443054,0.07905965685844421,0.19406452224100382,0.34333940944897,0.024685542471706866,0.27886138751218725,0.13204123541435084,0.08490935683250428,0.4096489430003043,0.3355381446657642,0.06355057835578919,0.5091447050741361,0.25703031782554625,0.09983214497566224,0.607543629375945,785522470.3428924,250.1072523731876,0.09498017839299971,575825607.2788873,1079.6699241306144,0.5958573218611887,0.0,0.0,0.0,0.0,0.0,0.0
Aluminum,6,2,0.5068978130817414,0.11158257603645326,0.04015760553328869,0.31701719234782255,0.044382049292325976,0.0631513851812934,0.2324534200053479,0.06416390359401702,0.13042118787990084,0.15826042732913137,0.03738365948200226,0.19830218619624684,0.3324930383602131,0.06976353287696839,0.26877311482441474,0.12180627699321042,0.10099669814109803,0.3583038381243853,0.3083665849259647,0.0663598656654358,0.44594544687721904,199730097.57157418,447.95666856213654,0.09013564810870674,225175786.14779013,715.4398272429947,0.42644440969784825,0.0,0.0,0.0,0.0,0.0,0.0
Aluminum,6,2,0.6656052209436893,0.15288353610038757,0.024560484208956873,0.16536902157318356,0.10733710169792177,0.08347886839376065,0.30506317966721075,0.05985067039728165,0.19296431791349306,0.3028379390862641,0.04332269117236137,0.25627871844264016,0.27162567982238117,0.08083939105272293,0.32230231937166093,0.19768883663593556,0.07549698442220688,0.4571726231146163,0.2548116507328123,0.09232721149921418,0.5504429699692479,307729055.06445825,433.347457494767,0.10469263002895841,377032305.7584119,88.93982343134232,0.5895591102785014,0.0,0.0,0.0,0.0,0.0,0.0
Aluminum,6,2,0.5987003311514855,0.12597119653224945,0.020646645515988417,0.17626388687448233,0.06177053034305573,0.07352201602589335,0.46341823506698154,0.040726006180047986,0.1426526023706241,0.1962317828728818,0.06163823455572129,0.22626896368425412,0.3622393932031564,0.05040584489703179,0.3080508716968106,0.19720222915190674,0.029171770513057707,0.37334080315803136,0.4016263979910814,0.15,0.5012702604740369,423200235.54277235,534.693371797239,0.08753054644350101,412203349.49111474,271.3215786630486,0.4861649060786514,0.0,0.0,0.0,0.0,0.0,0.0
Aluminum,6,2,0.7301502525806427,0.1385636590719223,0.015380629839715956,0.3138302745012242,0.04585538819432258,0.10257414934566836,0.3379494335241883,0.09483190894126893,0.2235042244693135,0.34119606813435116,0.09271895766258241,0.40411310783897464,0.27131207089365456,0.02,0.4699350831014392,0.198898245249367,0.06404670983552933,0.5177634319371072,0.413828938002952,0.07743714570999145,0.6276611404319421,599698285.1963427,263.4698850961933,0.12514300264905587,508707779.3186815,579.6743622527403,0.6389288474253452,0.0,0.0,0.0,0.0,0.0,0.0
Aluminum,6,2,0.7854975327849388,0.16,0.02381915626647539,0.30249022198193987,0.13095541954040527,0.11296828835497413,0.3384759778230418,0.03471723318099976,0.27899620441258854,0.30547292627835193,0.06780253559350968,0.3644185591109761,0.22953796268164836,0.06649832934141159,0.5013593860394546,0.23009554365421211,0.043554955571889875,0.5985387516561566,0.3023278229950273,0.056639408767223356,0.7046380516909737,559307033.1009561,503.51379142980403,0.09353732516614849,476481127.643038,246.60420755203683,0.6894931387302652,0.0,0.0,0.0,0.0,0.0,0.0
Aluminum,6,2,0.5153281502425671,0.12131437253952028,0.015990714054213238,0.2706224326093853,0.05993147671222687,0.05342800390752138,0.3186429885047202,0.10922454535961151,0.1424560755483961,0.27790222747720994,0.084689881503582,0.24318710137340938,0.20658376740986134,0.02,0.3000661916309119,0.25178392648683967,0.09053506791591645,0.35895942976000716,0.2091099596294334,0.11219246983528137,0.46339531525365785,294534682.3624248,596.2134575068397,0.07807644513515265,381612572.6478005,453.01636862666396,0.45051010860143037,0.0,0.0,0.0,0.0,0.0,0.0
Aluminum,6,2,0.7302104592323304,0.14876374399662018,0.010107270725808746,0.3061080674685167,0.10876520812511445,0.07306390135584827,0.19455352772414541,0.10301596879959107,0.18197818597397758,0.3200423918770272,0.09830849051475525,0.2856517585547987,0.2436876511284183,0.12824126183986664,0.40196881113531124,0.33309292155391074,0.13605995178222657,0.537131032051347,0.23553917762549248,0.0979441899061203,0.6571550256260391,552050327.2910184,1039.0399082339927,0.10486632695749236,678193973.3534497,316.0567365090593,0.5978921382990319,0.0,0.0,0.0,0.0,0.0,0.0
Aluminum,6,2,0.479928582534194,0.09381702792644502,0.007194222004540374,0.4179708257425877,0.02939117707312107,0.05242345931339351,0.12692284972662585,0.04496224343776703,0.09659764964186261,0.22094153581176562,0.07336408436298371,0.17647651405320589,0.28676546780052237,0.06603550136089326,0.276415806251876,0.2208226130741443,0.02,0.33486841697365505,0.20235531653962868,0.0864394348859787,0.40371761795382416,169345189.31130588,301.8061509165303,0.07499138215434997,187474117.09115067,244.5443317406313,0.387144143596181,0.0,0.0,0.0,0.0,0.0,0.0
Aluminum,6,2,0.8213765069842339,0.12522127318382265,0.004427440554905088,0.23259905939364375,0.04895389214158058,0.08214765069842339,0.24397837824135052,0.10795330166816712,0.16361124760329726,0.17281482939069118,0.144260430932045,0.3143517546922148,0.2978986783371509,0.05786390125751495,0.4571228176979679,0.22757150905900958,0.0843010488152504,0.5632145255124629,0.3381255211596334,0.133390673995018,0.7061602981191405,632520032.6575676,641.9882733882542,0.10414479209435273,556569985.9561609,259.100926620882,0.6727322343065734,0.0,0.0,0.0,0.0,0.0,0.0
Aluminum,6,2,0.5591395437717438,0.12698811233043672,0.014168934519076127,0.4575428821205239,0.14327294886112213,0.0559770694503828,0.279738523693667,0.08584927797317506,0.17368384701286943,0.17534894646271457,0.05096968561410904,0.24532858987934078,0.21610686246144267,0.10733964323997498,0.3276109612859907,0.3295796489150947,0.06727604895830154,0.4181001262711625,0.2964415481602613,0.0964449667930603,0.5030268154311256,558391680.4147543,256.67236516532176,0.07501662205264135,593485620.0628479,332.6587097270065,0.4794467891151597,0.0,0.0,0.0,0.0,0.0,0.0
Aluminum,6,2,0.5145989440381527,0.13070290875434876,0.020289011545739557,0.1647867876514524,0.14009190678596498,0.05284994304202368,0.3453148434914036,0.07443555742502213,0.16573620353539742,0.39367606706791675,0.08625232934951783,0.25187843751883915,0.1917718114344447,0.0947252804040909,0.3466925323656871,0.242014293126827,0.02219402927905321,0.41012212429546424,0.2441689286144378,0.07566300988197328,0.46230420676052925,349768810.8875441,433.1321079148324,0.0786693066661283,376241007.84558815,220.38330794104044,0.43455564603982677,0.0,0.0,0.0,0.0,0.0,0.0
Aluminum,6,2,0.8384518742561341,0.12773290657997133,0.006661802266473007,0.18451301722744587,0.10919761896133423,0.09504326895132931,0.3154930770732221,0.09712145864963533,0.26523468121918214,0.20384790407071227,0.09578835010528565,0.41190493591504496,0.20439136127874097,0.0359587948769331,0.5404386127677251,0.2638979089704064,0.0636551883816719,0.6183283618183688,0.32938844624520536,0.11519270598888398,0.7545966868305206,606149525.7206751,467.61047305198764,0.14685574008788294,555082937.8480653,557.9320812760283,0.7245068874714768,0.0,0.0,0.0,0.0,0.0,0.0
Aluminum,6,2,0.6027098901569843,0.10944451200962067,0.007378105449084845,0.29931561541456314,0.05196737453341484,0.07964935516579788,0.30440995226365847,0.07919789195060731,0.16007181555822725,0.3836010996188855,0.07205347388982773,0.2545910679743173,0.32399477730600473,0.10522569239139558,0.36144414965374116,0.3380178587336887,0.033816463798284534,0.4561474227038199,0.495224082432042,0.07103065818548203,0.5354745584336659,559970944.2226949,487.589063443634,0.09250211504956476,624776003.3971123,259.8590309114332,0.4980347080116483,0.0,0.0,0.0,0.0,0.0,0.0
Aluminum,6,2,0.8278990596532821,0.14217490017414094,0.023400815692752035,0.2406386509764821,0.07287726670503616,0.10939984076501585,0.22030411046859102,0.10084832012653351,0.24477124553534751,0.2414672515589462,0.14052905201911928,0.41851973012218363,0.29204356883671073,0.02,0.549892424998435,0.2910735090393214,0.04214263498783112,0.62873073343071,0.3757292205423843,0.06323075085878373,0.7336371467584422,550000000.000001,602.0676326641504,0.1432345037508951,644645008.526973,332.79189417159176,0.7451091528600549,0.0,0.0,0.0,0.0,0.0,0.0
Aluminum,6,2,0.45332410670816903,0.15820430755615233,0.018849259030066363,0.3416857769559506,0.08044315069913864,0.04571068085442708,0.18340377870265925,0.07362373232841492,0.12875218788433804,0.3971584764153011,0.05833584547042847,0.20466962321363755,0.3309331499325481,0.08336871355772019,0.2806254924345731,0.20028141255589096,0.05899751424789429,0.35847232933795276,0.16613113438625335,0.02,0.40177245725806987,288436306.84400547,373.3835560549567,0.0657219261965103,312384308.1063633,547.1118482752904,0.3781453903514722,0.0,0.0,0.0,0.0,0.0,0.0
Aluminum,6,2,0.710095676034689,0.16,0.029258463044318478,0.399375612834893,0.07102452516555786,0.08822020841582492,0.31472977839527366,0.08541729331016541,0.19611225180301475,0.255748789945824,0.08023398101329804,0.3131560150010211,0.44106513069146963,0.031154686659574507,0.3867860825619953,0.31870768801247445,0.09549305856227876,0.47247753207864096,0.39934165028937135,0.1493963372707367,0.6214006918323307,552279823.3290418,438.76763823214435,0.11357445485257744,651599900.1176229,163.3085965307564,0.5939065975694966,0.0,0.0,0.0,0.0,0.0,0.0
Aluminum,6,2,0.7139982193708421,0.1390558663606644,0.022448996655505482,0.19433413866263896,0.07322531074285507,0.07584295811364831,0.26665690027576283,0.0670948052406311,0.16219015405184217,0.30601802803038786,0.103710235953331,0.2722703683110878,0.21542908032846939,0.08812274158000946,0.3945371064151125,0.2460012161354669,0.15,0.5239856088162484,0.26822680538348503,0.04749411523342133,0.6336700311970724,488770533.22535837,718.6382862324283,0.10016639661984356,606701629.0645266,557.611473934081,0.601697398056727,0.0,0.0,0.0,0.0,0.0,0.0
Aluminum,6,2,0.7768025785684586,0.11880179119110108,0.03436080778720952,0.19794027624787575,0.07292160034179687,0.10582389935352553,0.3595737737096458,0.02869415432214737,0.1997505421077724,0.23080577534503433,0.061127834022045135,0.2774847010919091,0.21593496134176018,0.08980638921260835,0.40428774136783135,0.2151382877691033,0.13935245752334594,0.5503311440347054,0.28848552158128804,0.10668974459171296,0.677703188006298,585723453.1779488,250.20433538009465,0.11593993294151811,550000000.000001,639.7459404281918,0.6577607207968567,0.0,0.0,0.0,0.0,0.0,0.0
Aluminum,6,2,0.8181445345282555,0.14404350876808167,0.021430759041588414,0.21890856149636811,0.03711806058883667,0.14215980319237717,0.28958941023717605,0.06219259291887283,0.22991898793859494,0.2556850989210906,0.08507789671421051,0.3639419952190944,0.21049262614319889,0.04837845951318741,0.4664991288205674,0.26007417200595284,0.10429221034049989,0.5947836130810841,0.21408415522138835,0.07754454523324966,0.7040893137551234,441460073.83423144,547.9025279682254,0.11741675254634178,532978430.9084764,858.6426666482246,0.6849887903038662,0.0,0.0,0.0,0.0,0.0,0.0
Aluminum,6,2,0.7275614216923714,0.1285606635808945,0.012708264710035055,0.43936898408633823,0.07464978307485581,0.09962705597918989,0.24646196384110336,0.11035195946693421,0.2314224478857707,0.2450398202950347,0.0820995968580246,0.35523535979542803,0.3472299931389761,0.09291567146778107,0.44982503126789597,0.2820804538071039,0.06392418503761292,0.5333139971820231,0.24932454077090793,0.025632523559033872,0.6186036787778398,601464817.9221293,232.26021191970352,0.11483268177493927,575338249.5468793,703.4404890781378,0.602903478431202,0.0,0.0,0.0,0.0,0.0,0.0
Aluminum,6,2,0.8135091185569764,0.1231879324913025,0.02500520719751544,0.43144937145407125,0.13467315316200257,0.12148728450681033,0.31710838661531304,0.07757679492235184,0.274943936892282,0.17785571060262242,0.024823224991559985,0.36195506514601944,0.20067880455757697,0.11261538088321686,0.46944850536114946,0.21586900975649662,0.11223624169826509,0.5851866511541914,0.28444151530360734,0.06403054624795913,0.68982646224031,613244246.1960369,541.5056663522829,0.1314977100423727,569508592.4092053,556.255212390646,0.6673440237723463,0.0,0.0,0.0,0.0,0.0,0.0
Aluminum,6,2,0.545746348053217,0.11990785682201387,0.021921397627241806,0.18953746026923035,0.14861833095550536,0.0571427042854271,0.353560390450141,0.02,0.14547074285769102,0.2958068383049442,0.12760229647159577,0.23017467581387233,0.1776479219250734,0.09480408370494843,0.3444212805341754,0.3654575201353752,0.03487219847738743,0.4178211852762099,0.19649101042890169,0.08680745482444764,0.48407941662742715,281913523.6192935,911.4924393905267,0.07854407828664854,310044579.84718364,117.77059569656653,0.44699587362993093,0.0,0.0,0.0,0.0,0.0,0.0
Aluminum,6,2,0.7212707087397576,0.1277179001569748,0.012488215821896466,0.4261138986793058,0.08020339339971543,0.08329230909745595,0.18247903017686518,0.05436959087848664,0.21540615299280985,0.34997772636600644,0.07200460731983185,0.33901735736722527,0.2666041391966085,0.043473242670297625,0.4226636927947834,0.36647710923263516,0.05577878296375274,0.5300202035845034,0.29942361828072817,0.02562327366322279,0.5809921317498747,563376441.4050231,476.3177852057524,0.10231496628017595,579830038.6529193,430.2346444613441,0.6188760842027525,0.0,0.0,0.0,0.0,0.0,0.0
Aluminum,6,2,0.6846902057528497,0.13039523899555208,0.024106421103207907,0.48017835538038417,0.07357141375541687,0.0927920614178596,0.2728261631163559,0.07735159724950791,0.19698503639154896,0.2919986916683802,0.07121006160974502,0.30039757092605707,0.3011975548676991,0.06902099967002868,0.40296725267941985,0.34855132769081787,0.0861268562078476,0.5025865718677686,0.26919822868246257,0.08983430743217469,0.5970365666494665,564525304.9238285,785.2284895032521,0.10849590897370269,590319706.3750609,318.8787245423479,0.5650197468369089,0.0,0.0,0.0,0.0,0.0,0.0
Aluminum,6,2,0.5153433948755264,0.13321493995189668,0.011223457168539619,0.39150858325996163,0.05700991600751877,0.05388823338051745,0.18897600438776987,0.028873190656304358,0.1101347012349369,0.29984846543835203,0.05387019336223603,0.1720979590720444,0.2370497919335279,0.09223376333713532,0.26719455630300787,0.13988967451818646,0.08080037295818329,0.36062821657382965,0.2500476521928115,0.057627847790718084,0.4476861814349732,251584835.23520672,681.2013361811007,0.07796102491018306,262562698.9891987,787.5235916025337,0.4330403252062403,0.0,0.0,0.0,0.0,0.0,0.0
Aluminum,6,2,0.7147315055131913,0.1322959340810776,0.05545123570170605,0.31392603044443124,0.04338345184922218,0.07632975515975067,0.18028493144575905,0.08374409079551698,0.16164964403384718,0.27223059245555753,0.12055840492248536,0.2834511199528851,0.272919089402659,0.02167123763822019,0.4003710750854259,0.25401090829378736,0.11293756008148194,0.500150374000769,0.2361426057722483,0.05792365461587906,0.5921415531600986,480941109.091637,554.9004524001282,0.09329113101256066,509815685.2101415,671.5845630902911,0.6151383383841074,0.0,0.0,0.0,0.0,0.0,0.0
Aluminum,6,2,0.7839521735906602,0.1555538922548294,0.016231069674337337,0.20983663185349116,0.11275946617126466,0.09450736872212896,0.40377592841280996,0.11185683131217958,0.2165741798338068,0.30290509083363426,0.05970578312873841,0.3333644296285953,0.23307558590908,0.0709916478395462,0.42515156428015827,0.18190121498470044,0.09497460722923279,0.552602334001258,0.24441864750027015,0.08043239951133728,0.6660971895209428,578269891.6126645,352.0551896683542,0.11548762696291817,575193942.305457,521.8715682370394,0.6296165298825833,0.0,0.0,0.0,0.0,0.0,0.0
Aluminum,6,2,0.6923121362924576,0.13482042407989503,0.01947355228733482,0.22925202321144908,0.11090570569038392,0.09046792709915644,0.20277312872648542,0.03817709907889366,0.174156487807507,0.2538337252299634,0.04662097156047822,0.23988018621347337,0.3207866483552994,0.13611857771873473,0.3596244952685088,0.22276455625951194,0.10332740843296051,0.5124334172625336,0.3058688682587207,0.06654363542795182,0.622534787458451,588437889.762531,441.3747151524526,0.08024248991909808,565730820.4932969,304.7154512184766,0.5914003892976629,0.0,0.0,0.0,0.0,0.0,0.0
Aluminum,6,2,0.5817741848528386,0.1303137574195862,0.021128864309366693,0.16881141072104816,0.12147162437438966,0.058187418485283866,0.18763821151917928,0.059328085184097296,0.15159727326452735,0.2732225586749686,0.06382283329963684,0.23317063317256242,0.15214813096589147,0.08789676904678345,0.31207568150315773,0.27061466358485287,0.09026968598365784,0.4142771246378927,0.2850480243211529,0.08253328621387482,0.5141115461332944,288254840.2491661,139.2276654418784,0.07847369117084176,263046435.585133,429.52366398935516,0.4633347961614438,0.0,0.0,0.0,0.0,0.0,0.0
Aluminum,6,2,0.6893207423388958,0.13915322613716127,0.0235888290711754,0.3555686325237172,0.03645887523889542,0.08531659515846458,0.38155868157593437,0.022010050546377898,0.13043848328259416,0.26472015683665595,0.14754461467266083,0.22596518951431782,0.2823865903552765,0.03630685538053513,0.33911759334930397,0.2513014091921007,0.15,0.45367870380605085,0.34567755386691895,0.11794953525066376,0.6019116170799641,763074661.7963177,345.2647196690299,0.09676055848945062,550000000.000001,323.0287990881337,0.6203886674156855,0.0,0.0,0.0,0.0,0.0,0.0
Aluminum,6,2,0.7870750352740288,0.15225501835346222,0.011175488706250887,0.43051518875855654,0.07035590589046478,0.13436026975010773,0.2754373153037519,0.05246013537049293,0.2483120546238995,0.192476419446594,0.12606178104877472,0.3814544983701609,0.1712875101679352,0.08536678016185761,0.5350701217203848,0.21042000866521698,0.02072695530485362,0.6278597132209975,0.5246602127054012,0.08823886215686799,0.6961200141717597,632356284.2180371,827.1310996839607,0.118074839730536,553896244.7846903,704.9331749495211,0.7083675309595509,0.0,0.0,0.0,0.0,0.0,0.0
Aluminum,6,2,0.5830350786447525,0.1212139403820038,0.023235757758334544,0.24150745952208352,0.08024580538272857,0.07185579130986526,0.1672336980962575,0.08488153159618378,0.16039280075298182,0.1945594057143979,0.06137322843074798,0.2516243874953201,0.35869556816743176,0.02,0.30401893393853463,0.2148444484679953,0.10508108019828798,0.37868061638689704,0.36889963650295005,0.1465956664085388,0.5076144784280204,271333028.84598655,384.04311622665136,0.09363639602826566,414046166.426291,919.6776991242494,0.5247315701972421,0.0,0.0,0.0,0.0,0.0,0.0
Aluminum,6,2,0.7993552625179291,0.14782263898849488,0.025698306036806298,0.21449478418730766,0.10007671415805817,0.0855642341901843,0.31825483148449923,0.07804800689220429,0.17890124816762595,0.29706934984851024,0.06426597982645035,0.32946106363428573,0.3071159147044108,0.08504173398017884,0.4236785876929865,0.2796529611204993,0.07238188683986664,0.5609131322425084,0.1574417978321697,0.04606383338570595,0.6693681208280686,628816586.5501227,522.5223270395632,0.12135717959052343,570158855.9769902,351.59147934476516,0.6800570148510461,0.0,0.0,0.0,0.0,0.0,0.0
Aluminum,6,2,0.7629166200757027,0.153676007270813,0.02236771540458713,0.3899855150680902,0.09480759382247926,0.09131681708618734,0.3244027860502935,0.06899341851472855,0.20687673917400556,0.17938768028262075,0.10760776042938233,0.3192775529669226,0.22948507114538744,0.03402408473193645,0.41543691802475324,0.28484894298453584,0.13093690037727357,0.512251940116401,0.3662235686947005,0.13178446590900422,0.6466675218513556,570053378.4487436,350.20774621761876,0.12131982370410133,607620321.6486967,740.5497017662316,0.6615657618622326,0.0,0.0,0.0,0.0,0.0,0.0
Aluminum,6,2,0.7157898634672165,0.131985657453537,0.012060601756217525,0.22363366092082715,0.09283917725086213,0.08996759581547267,0.28591117062888766,0.0661372947692871,0.19414547412192176,0.3099075541877097,0.06521251440048217,0.2753579210043252,0.24336932984494142,0.07065360724925995,0.3778326776882696,0.18950851921826656,0.10699228882789613,0.49058689348296786,0.3371853360926396,0.14661554932594298,0.6442008771204948,596600689.2944064,729.8099903512199,0.07737996548831773,497763377.8488511,518.3792916485944,0.6156152812832998,0.0,0.0,0.0,0.0,0.0,0.0
Aluminum,6,2,0.8952504545450211,0.16,0.030246527363570145,0.2361275566253894,0.06941242039203643,0.09669642668330367,0.2682315861171387,0.02,0.18445282652570455,0.24568737220761153,0.07810983687639236,0.30086855754739766,0.16801680000000002,0.0712693151831627,0.40027479066133465,0.19092911527071002,0.1202667009830475,0.5632561763906578,0.36989966406558833,0.029397107660770416,0.7770393731392917,428934335.69216084,861.1546440385938,0.11502929763442052,427800654.0137759,552.602749163828,0.7532562202744939,0.0,0.0,0.0,0.0,0.0,0.0
Aluminum,6,2,0.6235020808875561,0.12906867289543153,0.015387779038114129,0.36093748270124887,0.07663680791854859,0.06971274244141203,0.1895605813404965,0.04807611480355263,0.14737742877525972,0.3917496196154941,0.09811992824077607,0.22407241159890046,0.23343292698047186,0.12048669934272767,0.3547869217112918,0.17003354510066843,0.0739798504114151,0.4616990143518197,0.3753604798882506,0.07434660345315934,0.5423187312043457,550000000.000001,239.80350736181487,0.09026453284697769,587336286.0914202,822.7771686097554,0.5562576143902951,0.0,0.0,0.0,0.0,0.0,0.0
Aluminum,6,2,0.5892621941864491,0.12192090964317323,0.03812906394486973,0.17826668584167102,0.08726576924324037,0.05939643867965711,0.3792202469700933,0.0843981233239174,0.14850332829971047,0.1686108918427107,0.07819957733154297,0.233023002134454,0.39509549952199485,0.09929855287075043,0.32619411532691117,0.2399210535448184,0.0987287050485611,0.4300335757198123,0.19639439484429694,0.09060453414916993,0.5290986161843464,694778447.5827568,719.9230141678989,0.07614100361495349,550000000.000001,402.9225120231941,0.493037427280254,0.0,0.0,0.0,0.0,0.0,0.0
Aluminum,6,2,0.7587497904896736,0.12947404098510742,0.022123001409978988,0.3079579257776574,0.051909513771533966,0.12614578469420387,0.203357071007178,0.06303301423788071,0.19483139163812255,0.21423066875919067,0.08996450722217561,0.318497477445244,0.20654822040871965,0.0581348466873169,0.4236523403584124,0.2550283168570402,0.06887287348508835,0.5175720318701208,0.3813400696081246,0.0789747515320778,0.6198054143071271,470883707.4652087,778.5784219233412,0.08926577244271312,486023360.75917923,338.29397228639095,0.6412485737980429,0.0,0.0,0.0,0.0,0.0,0.0
Aluminum,6,2,0.6079819142818451,0.14727770185470582,0.026401737477704204,0.2851380695214816,0.09219183564186097,0.0626300645830114,0.2582001490338118,0.08088822275400162,0.15345407377410852,0.30533198185811145,0.07384142160415649,0.2347645162866752,0.37349258382796363,0.14678443789482115,0.34811035141272,0.3210384630328332,0.06401912480592728,0.458206366840882,0.2253535172932108,0.10523910522460939,0.5464710523353191,636344536.7654647,296.6255644588462,0.08423765886800563,550000000.000001,578.6161010257374,0.5213373375870292,0.0,0.0,0.0,0.0,0.0,0.0
Aluminum,6,2,0.7330523565411569,0.1397168345451355,0.016676812201844533,0.20824198835347943,0.09501336574554443,0.10732705767017184,0.2989655682756737,0.08537173151969911,0.21595860606815795,0.2241712133957169,0.08583602011203767,0.3170030259265592,0.21787174034680612,0.06315867722034454,0.4092869766614053,0.33905489077332984,0.10539868772029877,0.5100840797940877,0.3510249293528296,0.08980417311191559,0.6277786607181404,606986302.9623375,263.491872038793,0.09026651736538018,574619237.810535,814.591764733672,0.6160234468325243,0.0,0.0,0.0,0.0,0.0,0.0
Aluminum,6,2,0.40876225270330907,0.1283673405647278,0.009508303386124274,0.3909123611732209,0.04308596551418305,0.05082197573575032,0.22844329276909742,0.06602175533771515,0.11767439966092406,0.241465672017268,0.04703602552413941,0.18279272660000542,0.28268030676473377,0.08773233592510224,0.267588650071293,0.28413570646049885,0.02,0.3308691420656107,0.19398395771813243,0.03115832753479481,0.36058426814100764,244388015.66102773,504.86340897764774,0.09005402906411353,157410573.9019252,412.11116237269806,0.3453848883611459,0.0,0.0,0.0,0.0,0.0,0.0
Aluminum,6,2,0.6448644153773785,0.1359771797657013,0.01509493895574363,0.2634850457044673,0.09772783339023591,0.07215363114021821,0.16363996023947636,0.06471917629241944,0.16291718626417442,0.17933607670021975,0.08245959311723709,0.24648381235584108,0.3563799715698291,0.11378650486469269,0.3490094620429633,0.28806726052767495,0.1246626776456833,0.47200703520256915,0.46027494627488136,0.06921942979097366,0.5785554338051642,619569131.1636069,298.77004475752955,0.0992376765482446,563736434.2592593,229.0485012829012,0.5403769173579143,0.0,0.0,0.0,0.0,0.0,0.0
Aluminum,6,2,0.54108242765069,0.13587153387069703,0.006694642514776635,0.21390125764434062,0.05199810549616814,0.05411824276506901,0.2775995908814735,0.12364703714847565,0.1457882423192535,0.21419900157228725,0.05586304903030395,0.24666007296478515,0.2983914766025423,0.06132135927677154,0.30834889421325157,0.3344049914920538,0.09205553770065308,0.39573911050673327,0.23752066692682886,0.06016083151102067,0.48185812118726623,308107124.0859462,62.790010880393886,0.07076530435821654,345843164.25071114,609.5320344268305,0.46368610080675515,0.0,0.0,0.0,0.0,0.0,0.0
Aluminum,6,2,0.579279936850071,0.12255917775630952,0.03511712834384377,0.21599833863412135,0.07954677283763886,0.07552453367450608,0.36839986284833864,0.09117515683174134,0.1791489586116466,0.3241025573847715,0.09796435952186586,0.27995767172019237,0.252403415801228,0.10447413980960847,0.38615186602148455,0.22964907660342582,0.029559650123119355,0.4598080561460271,0.2034764362432839,0.05046484857797623,0.5110448409010986,447580383.70573,1071.6202171274642,0.09755494373677653,484484161.9445324,422.32968149981735,0.4869131749068479,0.0,0.0,0.0,0.0,0.0,0.0
Aluminum,6,2,0.5078784868121147,0.09957437372207642,0.02730731531154905,0.35242042183656896,0.13721584975719453,0.051361128747452675,0.3368277857675873,0.09303832411766053,0.17115580949395356,0.3195609873812683,0.05561641097068787,0.2495523829785174,0.17170991769198898,0.09306137621402741,0.32716783923611775,0.21518594089394819,0.04563364833593368,0.3996209516548879,0.23326755244703662,0.06194418817758561,0.4567139979604121,468031218.2083007,703.9575934483131,0.07787058795385708,585523926.33867,321.11262152702363,0.4344074001568357,0.0,0.0,0.0,0.0,0.0,0.0
Aluminum,6,2,0.4061963990330696,0.11646387004852296,0.021382343951463413,0.3032609265893234,0.02,0.05493879816274376,0.1637112689622848,0.0856368112564087,0.11606329637255032,0.2529544476844944,0.028679215013980866,0.1763556500072337,0.3448436717788343,0.04447047054767608,0.22889701782358873,0.33500078081204687,0.037747878730297085,0.273285787733444,0.2029009227100031,0.09026836872100831,0.3432397762327855,209551162.13637796,632.6110392586282,0.06816331995979316,165313535.29518762,371.6264174718015,0.36151015252771157,0.0,0.0,0.0,0.0,0.0,0.0
Aluminum,6,2,0.7544037193059921,0.1215718516111374,0.013016157520236535,0.24615125771793975,0.04126874163746834,0.145682495972154,0.2043914213113492,0.06300582438707351,0.27389544943604466,0.23465445630253542,0.04721716463565827,0.371044442507495,0.18010723353826313,0.045556113868951795,0.42078931490216365,0.2118268529366307,0.06812698513269425,0.5333194505874651,0.47103548675142404,0.045416693240404135,0.6789533473753928,342651437.5136967,307.5156109676186,0.10272365067588417,351559957.72032595,682.3761035838336,0.6571746089138135,0.0,0.0,0.0,0.0,0.0,0.0
Aluminum,6,2,0.6594646938145161,0.14612781035900116,0.0333070511156288,0.15344954429703891,0.08370255827903748,0.06762961396512188,0.188904707321398,0.12534737527370454,0.2141805203767759,0.17382868502847762,0.0646155309677124,0.34156494453098285,0.24690768797498916,0.04824106514453888,0.425049548248706,0.22990228040295327,0.06746641665697098,0.5011160180554792,0.25940445226923564,0.05247324407100677,0.5734396626547505,197553729.8078098,356.8225168018383,0.09592895283993884,248504020.6848628,650.2879783984242,0.5881466937922245,0.0,0.0,0.0,0.0,0.0,0.0
Aluminum,6,2,0.8148525208234787,0.16,0.020218821630487858,0.33397507520212283,0.08947288930416107,0.08149525208234787,0.1887658203053064,0.08865428030490875,0.1735688368868828,0.266246274853059,0.05675340622663498,0.27895341679212465,0.3107713990220999,0.10644096016883851,0.4128494480591185,0.16801680000000002,0.09629739463329316,0.5724738608095584,0.4135662287353097,0.13361574769020082,0.7106632904167621,670682477.88227,504.7860807045117,0.10583848015493846,619466592.6167797,387.5322321394734,0.6829154345707177,0.0,0.0,0.0,0.0,0.0,0.0
Aluminum,6,2,0.7052774623036384,0.10863341188430788,0.00832708670330204,0.2105417072389262,0.07434151262044907,0.08222528129109698,0.3064662647623408,0.039930805712938305,0.1632302576995457,0.27792099960990924,0.0765369400382042,0.2510040525928412,0.17518612949511989,0.03701945573091507,0.3394437706591119,0.26337528953262507,0.09489305317401886,0.4438678145252639,0.19072788937586718,0.123392813205719,0.5946236260782298,454184554.96271586,645.6934779861783,0.10033946055186728,547129736.6262577,686.5358118135184,0.5819640302014151,0.0,0.0,0.0,0.0,0.0,0.0
Aluminum,6,2,0.6128495559096336,0.1244855352640152,0.012839456408774604,0.4499689743551846,0.07870618879795074,0.07111192942051675,0.29113542780615354,0.07995015740394593,0.16627201072415387,0.220065600441295,0.03610374800860882,0.24489231842003845,0.37891057588588983,0.10334505200386047,0.3342129855252908,0.23490458185294258,0.06921523779630662,0.43472048201435426,0.17426078187751406,0.10754120767116547,0.544301766054474,554537975.5412464,362.23129879933055,0.08692860173880582,642140217.366234,871.0121977957131,0.5187040909148318,0.0,0.0,0.0,0.0,0.0,0.0
Aluminum,6,2,0.7522263005375862,0.13758848702907564,0.01719913441923536,0.37845171304830566,0.10202116429805756,0.08755143827488616,0.2740899827863085,0.0961225473880768,0.2193245394794178,0.16795809271779064,0.10237545371055604,0.3320139589968965,0.33351451918930386,0.04972489953041077,0.45004346583721405,0.31914976267816547,0.0443127128481865,0.5508913590264727,0.5724020340653345,0.06711794644594193,0.6385533206029048,578949968.9377657,639.3796599359597,0.1021463618653462,589518491.3321369,783.1079059392074,0.6519372210708072,0.0,0.0,0.0,0.0,0.0,0.0
Aluminum,6,2,0.6153540588915348,0.13316956520080567,0.020519117001094343,0.3006586241563774,0.029046925976872445,0.06663970117136353,0.3036975550261202,0.06423978179693222,0.13339726082184258,0.25831047367285553,0.05099230378866196,0.21304139761338428,0.1606402429955772,0.10585142314434053,0.30579907189352945,0.2724452220265894,0.028513618633151057,0.42417675310939235,0.31878777717873125,0.12157273590564728,0.525162739003348,233954900.4867541,353.21680644105567,0.09153889710515671,289513930.31841576,777.262615829352,0.5051851876782598,0.0,0.0,0.0,0.0,0.0,0.0
Aluminum,6,2,0.9468003049492837,0.14349428045749665,0.03936105860985531,0.31099785824797266,0.06749897629022598,0.14963853031141616,0.38233118364760155,0.04301666006445885,0.242951258865536,0.16385748198491976,0.09728582203388214,0.35734944871411173,0.2972157497522265,0.04647420719265938,0.44372464772721526,0.2093313154791312,0.05331844627857209,0.6434127723366085,0.36458136728148904,0.12745734333992004,0.7667591996096198,563125282.2463616,503.3782610342194,0.16125016072554996,595772340.6246026,530.1542680899532,0.7782755750551185,0.0,0.0,0.0,0.0,0.0,0.0
