material,n_disks,n_bearings,L,OD,ID,d0_OD,d0_W,d0_pos,d1_OD,d1_W,d1_pos,d2_OD,d2_W,d2_pos,d3_OD,d3_W,d3_pos,d4_OD,d4_W,d4_pos,d5_OD,d5_W,d5_pos,b0_K,b0_C,b0_pos,b1_K,b1_C,b1_pos,b2_K,b2_C,b2_pos,b3_K,b3_C,b3_pos
Steel,6,2,0.6437802545726299,0.11037293815612795,0.01373235174974761,0.26233055886869644,0.07190514236688614,0.1115880636091359,0.4056481386158295,0.0420208153128624,0.1983856712247456,0.31304573129183866,0.07240598887205124,0.2787620878606673,0.32587964798786995,0.09135655939579011,0.3755932586053174,0.23943503744195904,0.09109051108360292,0.4764076626170966,0.28964257528304166,0.07616835057735444,0.5709754376968055,574290622.7483813,453.84231994405707,0.1248671083863852,569650648.2980118,542.7534733536197,0.5602542339863463,0.0,0.0,0.0,0.0,0.0,0.0
Steel,6,2,0.49458075612783436,0.10559569883346559,0.03976424256781033,0.4167719048304099,0.04967549830675125,0.0551448920238243,0.31683119354435596,0.02,0.10151065401484041,0.3083014316061687,0.0344194795191288,0.13899003992609701,0.19964197309653225,0.13226873815059662,0.23402235989997353,0.36622606590042284,0.06898921877145768,0.3425808216033541,0.28384805238897765,0.12382458090782167,0.4439849572714038,426797427.2335299,502.01893622871677,0.07316404799451617,350967208.9586297,846.6305653771242,0.42682416761127057,0.0,0.0,0.0,0.0,0.0,0.0
Steel,6,2,0.7145186871290208,0.10982958376407624,0.02238803471664984,0.28100591337089276,0.06010130286216736,0.08845769523130097,0.22016016186874354,0.058379493355751044,0.16602513917205414,0.24989264096674765,0.07023341208696365,0.25797169686870025,0.3733891374158419,0.046948047876358034,0.3788920961715487,0.30435759252067857,0.11315247535705567,0.5012889815569254,0.25815842133960487,0.10745809614658357,0.6344303217614342,584097376.3821074,941.6784073544046,0.11715610141370096,557598528.407092,474.35857722996485,0.6132664109919193,0.0,0.0,0.0,0.0,0.0,0.0
Steel,6,2,0.9538011476397514,0.15162144768238067,0.023411618556659394,0.3276491104031328,0.06195086359977722,0.10769770483755721,0.17204903656908727,0.12883982598781585,0.219040340268665,0.28175304124622774,0.08743829190731049,0.4686224535736616,0.22823800680278652,0.08174403667449952,0.5831769721058206,0.27960917114311223,0.03945086494088173,0.6785614591840426,0.2085074120786732,0.09677180290222169,0.7638170916359216,681514078.0822543,813.8085548670197,0.12950878234214167,550000000.000001,393.5176872156501,0.8054555255580964,0.0,0.0,0.0,0.0,0.0,0.0
Steel,6,2,0.8491826623678208,0.12062329840660097,0.04084087314080708,0.2688661815112535,0.10170799672603607,0.11588579316849068,0.1967248436875667,0.03824093014001846,0.24073281967447957,0.3260836623340893,0.08317869067192078,0.3594079626835013,0.20356961473566218,0.062093678116798404,0.470685409778967,0.17726070730400376,0.07353442579507828,0.5913534246238374,0.3459325573056062,0.024846793338656425,0.6503483988829706,575289449.7013589,189.750804718676,0.13068339151193695,608242647.7574887,908.5571465481606,0.7448520972428244,0.0,0.0,0.0,0.0,0.0,0.0
Steel,6,2,0.6981950208544732,0.11647782695293428,0.006001276447707226,0.22474019052653535,0.07420700460672379,0.07649333391754226,0.36422272759986773,0.09944041430950165,0.16812913420500136,0.393782193378858,0.0681894737482071,0.29511702993580724,0.2051513949795059,0.04910043373703957,0.4080535561019115,0.29606892605755636,0.07833171039819718,0.4971662143051717,0.35606449009996927,0.0942061471939087,0.6060809052707212,666718157.7460175,844.2741864123539,0.10330940689864926,644353459.813387,392.4385063928013,0.5910801238613852,0.0,0.0,0.0,0.0,0.0,0.0
Steel,6,2,0.5930512987077237,0.09384690535068513,0.012980121482080519,0.22653474201636528,0.052935924828052525,0.07292040011009077,0.26014291590606264,0.04068623065948486,0.13663559129804626,0.2896594489925596,0.12872664213180543,0.23061391842203804,0.22250203382193076,0.12895820915699005,0.36458674189399315,0.3033312918201406,0.06045726597309113,0.4641784271007833,0.3141993444350507,0.05990667343139648,0.5308830976154565,583733826.1419814,204.22708805880163,0.09614353731818524,464900457.55785155,616.2454177348011,0.5136386787883807,0.0,0.0,0.0,0.0,0.0,0.0
Steel,6,2,0.48672224432229994,0.0947494490146637,0.015496756120507322,0.3337429632356962,0.0891116338968277,0.05106381897128941,0.18163525029652047,0.049265901297330855,0.1257765524688931,0.3051767249292116,0.08628047227859498,0.21805229026899503,0.1700572807685594,0.05316242039203643,0.29940868457120656,0.1802296531977001,0.03549396000802517,0.3509910932618508,0.4059720783066635,0.10120704174041749,0.4301081658631401,416015290.1515539,670.9957368015691,0.06590804181054825,409292528.0099294,378.4426556847166,0.3952084397543303,0.0,0.0,0.0,0.0,0.0,0.0
Steel,6,2,0.6560285866260529,0.11929471790790559,0.022054003394767194,0.22898438193779025,0.0683280149102211,0.08384762576221885,0.30879158685206665,0.0856257462501526,0.18655650253930933,0.19146268885743023,0.08633193075656892,0.28217333581562504,0.3248612572724997,0.08520948350429536,0.3793678443924873,0.2957573550503889,0.09283128917217255,0.47453252455186384,0.2642897838992031,0.06657423853874207,0.5753668152886651,571340213.5592668,231.25851538615873,0.10029908303026758,562017683.3892024,123.41117788145631,0.5873097871503792,0.0,0.0,0.0,0.0,0.0,0.0
Steel,6,2,0.8426452234387398,0.14874899995326996,0.005364670999115072,0.22384329590350485,0.08483986347913743,0.09007115595548372,0.28626623882844865,0.1250227165222168,0.23378217290570064,0.304259833842021,0.08511922001838684,0.37449993295299816,0.25726823733849113,0.09980108857154847,0.5136035744475138,0.2160029573626735,0.08690210402011872,0.618779096234957,0.2642772395022039,0.06587724000215531,0.7232530939692932,570611528.8091002,615.7522694224843,0.13179066115003224,689736686.0930716,747.2677922202819,0.7007455573835637,0.0,0.0,0.0,0.0,0.0,0.0
Steel,6,2,0.6392787046730519,0.14359857213497162,0.042377364412483895,0.22366524514132657,0.12505705833435057,0.0713823189999441,0.2782042447271382,0.10756269454956055,0.192319097660678,0.3660620988312593,0.04796303555369377,0.28761702931102295,0.25790162760280083,0.06857341319322587,0.3561411818997091,0.350597249102187,0.10993354260921478,0.45400025012949397,0.33546513896173086,0.08912347376346588,0.5639741424222032,575220717.2197505,780.5094659300174,0.10108654222778629,614038542.1882452,330.0664863476326,0.5261201409937954,0.0,0.0,0.0,0.0,0.0,0.0
Steel,6,2,0.8931339591741562,0.12813399195671082,0.0146016468091083,0.22058772825533965,0.1223058158159256,0.17973713506995762,0.23999049549812956,0.0566333532333374,0.29416579513795443,0.20173648004754918,0.10835354804992677,0.3894635729292523,0.3250896991743227,0.049482468962669376,0.5725568305982675,0.2194749145729839,0.07855442076921464,0.6593405499977377,0.25759645049941365,0.10349370896816254,0.7734866778350878,581571640.1037035,388.03757783331025,0.13177247786257185,562780936.7411008,571.3571934138523,0.7516119558492342,0.0,0.0,0.0,0.0,0.0,0.0
Steel,6,2,0.8870863884687424,0.12695634746551515,0.010341160626637383,0.39975083361586955,0.040883963406085966,0.08871863884687424,0.32330239865343935,0.09275144755840302,0.22472275877989584,0.23239707592799147,0.07806145459413528,0.34046276221741895,0.20614405524218468,0.05280483394861221,0.46994628609389544,0.2962431770036429,0.0561031898856163,0.6732021033460945,0.2932269791396737,0.06571421712636948,0.7420271157430335,556482420.4825653,324.6020410170507,0.1182076887698292,682728087.0699095,352.07880040876034,0.7590693974180327,0.0,0.0,0.0,0.0,0.0,0.0
Steel,6,2,0.4918215602636338,0.13476754188537599,0.01700507315337117,0.2577494215396627,0.07495625585317611,0.05338569648696845,0.39080615911216837,0.08551762223243714,0.14390353005426465,0.2858113652574446,0.02003160378546454,0.20809216712964937,0.30800745427881343,0.07391228646039963,0.2617637211684056,0.20843175823041354,0.05016398966312409,0.33491141169066463,0.37624951930523215,0.13950223803520204,0.43441462328851965,546109169.0518897,306.96859305475147,0.07993062497137875,542064018.5095545,322.7918816210036,0.4086577082706778,0.0,0.0,0.0,0.0,0.0,0.0
Steel,6,2,0.5982459418475627,0.14019744634628298,0.02883019956751418,0.19628439874835424,0.1385655015707016,0.06952278372237491,0.3902490878314674,0.03558872640132904,0.16466339486171377,0.3867678038969344,0.11825031280517578,0.24876369202626464,0.20264721669981609,0.05315445095300675,0.3508362330998368,0.24183712276443894,0.09619713544845582,0.43896751911081433,0.3403115513398042,0.07094439685344696,0.5313523240661439,550000000.000001,645.6163504193656,0.08672341792550348,550000000.000001,889.9982248870459,0.51970098178894,0.0,0.0,0.0,0.0,0.0,0.0
Steel,6,2,0.8573196575045586,0.11909756076335909,0.009025326083942166,0.25936489823693565,0.05899221807718277,0.09253585606332519,0.2816755526913868,0.09715793132781983,0.20708875452440986,0.1902304163468225,0.15,0.38801131376284836,0.1471728492344813,0.13135560393333434,0.5556994749080494,0.21840771684869104,0.03262890599668026,0.6759866726592406,0.3738152512706589,0.12255491018295289,0.7715776917541028,563459055.9750749,791.3287507885432,0.1259593684272229,551208529.3875104,910.4819632542385,0.7196568036599916,0.0,0.0,0.0,0.0,0.0,0.0
Steel,6,2,0.5634727410972118,0.11162018096446992,0.04881833525748095,0.386691544094625,0.0633787801861763,0.10207177620013082,0.28731437180127195,0.07346832633018494,0.18918574363660076,0.24702775250935108,0.033821839392185214,0.2526855264450639,0.3944745201974284,0.07895340412855148,0.31442536551880906,0.2685248778963797,0.059079289138317115,0.395394384451,0.4456928115538933,0.0359964656829834,0.481496275849186,550000000.000001,223.7780367569678,0.07520052382478382,609022082.4016061,696.716889421029,0.5045542348740997,0.0,0.0,0.0,0.0,0.0,0.0
Steel,6,2,0.7562006011605263,0.1308229262828827,0.007354686066759064,0.253263950256478,0.04708501994609833,0.120643143488343,0.3689317250352654,0.08185175776481629,0.18844126887928594,0.2362696677536523,0.02,0.30995968424642667,0.262269971408516,0.0765726998448372,0.40595121423652075,0.1838033656967858,0.05862765401601791,0.4926144586833621,0.15638405887177548,0.09295474767684937,0.6146686474072274,526943939.32009506,341.872771870069,0.09054141774467783,387439586.1551096,569.830256741332,0.6692937702690009,0.0,0.0,0.0,0.0,0.0,0.0
Steel,6,2,0.8503896623849869,0.16,0.015849605116287246,0.1962148482500386,0.07638079404830933,0.0850489662384987,0.2177577452022005,0.07685173094272614,0.16811604543314404,0.1982718940368164,0.13133265256881713,0.3427948548825174,0.2639399674356583,0.10968602895736695,0.49176043043636863,0.27067860051272097,0.04108059972524643,0.6413962741804581,0.3168445443811915,0.07450156390666962,0.7631150363832905,586821409.3271585,417.3837965911872,0.10735705698833431,550000000.000001,343.7622285330953,0.7458163097229887,0.0,0.0,0.0,0.0,0.0,0.0
Steel,6,2,0.8293461695313454,0.14485887467861175,0.004230313433410465,0.17585323773463293,0.10826959192752839,0.12028768014236255,0.24693969868483653,0.11658561050891877,0.2771678325951895,0.3485113747764958,0.06666917830705643,0.3907901175815193,0.1754311281002805,0.1026617878675461,0.4998208710782326,0.24656809920352868,0.06069837927818299,0.6258851080251185,0.25142418794842947,0.052275641113519664,0.7464015525782108,645937815.9444897,415.52874997918923,0.09588174067212304,550000000.000001,871.7248938800087,0.7158666662595807,0.0,0.0,0.0,0.0,0.0,0.0
Steel,6,2,0.6805245615541935,0.12147598147392275,0.00818179015431686,0.2778440176332722,0.04155612766742706,0.09465263727124607,0.22689723599017153,0.09740787029266358,0.19317738453667962,0.2904163995835939,0.02023412351962179,0.28239232393605673,0.2848678629716007,0.09502367138862611,0.37286970983481077,0.4224410076530172,0.0747617581486702,0.4969998456855289,0.15724070200863244,0.034430888369679453,0.5769977692635446,552084115.8645452,563.3749529911009,0.08410058653339535,526104088.43034726,127.6160615941759,0.5961196490922416,0.0,0.0,0.0,0.0,0.0,0.0
Steel,6,2,0.834612762928009,0.12086904656887056,0.00862567842930162,0.24052972890403163,0.12284487843513489,0.13299043049897874,0.2254548897315836,0.06368799984455109,0.3028321425742788,0.21169799212084559,0.11440863251686097,0.45465984875807086,0.27948456542349304,0.05033322885632515,0.5704661559878643,0.4563800823004431,0.04092731684446335,0.678979609474526,0.17832532300525544,0.02,0.7511414866352081,585870264.3006291,481.0681224713609,0.09937656780220139,574980271.5012453,339.72343389256633,0.70608174634366,0.0,0.0,0.0,0.0,0.0,0.0
Steel,6,2,0.7827880680561066,0.14732686841487885,0.012032524978898578,0.20397727288803413,0.09027621030807496,0.133333646613569,0.2723569279258284,0.05964214771986008,0.2422496820928442,0.3021407255644038,0.07586106419563293,0.31471967130007045,0.3595814627537578,0.04312583789229393,0.42763873940253344,0.2453544000281421,0.08782469928264619,0.5388070841185059,0.2105200118512706,0.07443875759840012,0.6472875232719931,581279522.399995,525.0145427471873,0.09467314823825629,623715124.6020404,319.47192036496045,0.7045092604677079,0.0,0.0,0.0,0.0,0.0,0.0
Steel,6,2,0.8232817828655243,0.1323911271095276,0.043083877264789495,0.30882796231271975,0.0786206403374672,0.11280850913376295,0.28928572254987245,0.04217685475945473,0.2107092981849915,0.19657099845625062,0.10408037126064301,0.3588243630806241,0.26042974001081637,0.13082543671131133,0.4966895297649291,0.30180046407205363,0.04320446684956551,0.6201850258414854,0.27585890923076023,0.10794207394123079,0.7245125330906675,562262391.7814854,298.47362927795746,0.10010608065448182,584394777.9867898,341.9069036634728,0.6797684717511332,0.0,0.0,0.0,0.0,0.0,0.0
Steel,6,2,0.6778313614428044,0.11619620895385743,0.013986374216360693,0.2957886076244477,0.10355140507221222,0.07880085298110204,0.3224785005184955,0.08500769436359407,0.1860084014585225,0.19533808436135183,0.10356863021850586,0.296024125004167,0.25855740338515054,0.07157261490821838,0.3889485103988498,0.29197503264479024,0.1176835721731186,0.4873937899397817,0.3576567336244995,0.08124337613582612,0.5998377479393541,550354143.6332053,783.2733840923848,0.09657797075602322,693167821.1513247,785.5696563754684,0.5798905103492165,0.0,0.0,0.0,0.0,0.0,0.0
Steel,6,2,0.8908829912543297,0.11744497525691987,0.012003590175462356,0.30322914725669947,0.07919008135795594,0.14614680877059336,0.22229155180802326,0.08630777060985566,0.23378333562523818,0.22761379683629013,0.09436794579029084,0.39405252230906335,0.224639614076529,0.07448619455099106,0.5606793236619261,0.282734007063761,0.05757726103067398,0.6649901670494729,0.3544696824957155,0.08076856881380082,0.7680021434560494,710648577.6213145,934.1482018212135,0.10974798475563975,551028307.2086331,386.6191116163026,0.7284875547959806,0.0,0.0,0.0,0.0,0.0,0.0
Steel,6,2,0.4941498264670372,0.1238827476501465,0.015051906237541398,0.3200823888691038,0.06666340559720993,0.06281364994421561,0.24744456995481487,0.056736448407173165,0.13819769819458597,0.24588814922077015,0.06173974126577378,0.20530388407969544,0.20242879425584034,0.06056578904390335,0.27254848780393115,0.18499274603247767,0.09467806816101075,0.35568326107079096,0.2542994559790013,0.048621630072593694,0.435654882444272,310705268.4468867,465.7814910694496,0.11068409095643689,306561392.2541499,662.2980966173487,0.425653882444272,0.0,0.0,0.0,0.0,0.0,0.0
Steel,6,2,0.7060400523245335,0.1230621510744095,0.02173910492582513,0.2469879781535563,0.08579755604267121,0.07061400523245334,0.29714335980468787,0.08455471098423005,0.1965782791387491,0.18834698749591514,0.03381118699908257,0.2614280550642705,0.2770590452544104,0.05952481836080552,0.3539314629549364,0.3203471738416865,0.07138191014528275,0.4301016836237435,0.22858499512069233,0.10741542458534241,0.5842250891911871,494821708.1334606,536.8504285770998,0.0905860574872687,437156449.09565586,106.01370508843405,0.5962291670313244,0.0,0.0,0.0,0.0,0.0,0.0
Steel,6,2,0.7237464591860772,0.12079096746444704,0.00980582604247422,0.28150414456200784,0.08331563949584962,0.08641462401972953,0.2259282631741226,0.146092689037323,0.20502470334281825,0.31303918775375955,0.040460754036903385,0.3111660372155422,0.23075132531987988,0.13148506760597228,0.41902395350931915,0.26994324796456737,0.08504450798034668,0.5460634833254345,0.30087576865371524,0.08551083445549011,0.6386816158432798,550000000.000001,637.813579521551,0.10447886704257092,559312098.8834716,784.22799021348,0.6269096361757438,0.0,0.0,0.0,0.0,0.0,0.0
Steel,6,2,0.7494660571217537,0.11233355736732484,0.006826839947813542,0.33057679099248816,0.10407055377960206,0.10560259897168914,0.2774859770549965,0.05510187655687332,0.22978128095939687,0.29043523916626224,0.05631934493780136,0.3100786392146054,0.34175327124023486,0.04903722643852234,0.42604182772537613,0.3048516597470886,0.08924932658672334,0.5641642068722473,0.28701697650432456,0.08606712996959687,0.6717961089300508,684821516.2581998,367.21750242530015,0.11719924091146659,550000000.000001,520.430673355512,0.649487393362282,0.0,0.0,0.0,0.0,0.0,0.0
Steel,6,2,0.9430126890540124,0.10780556178092958,0.02341772753649962,0.19218052393352772,0.06512174725532532,0.17811003569587952,0.31325728294297117,0.02,0.24613518580107874,0.21172251189197328,0.06562857955694198,0.3257699694599569,0.259723112660219,0.059537529945373535,0.552034415338403,0.27847718993834863,0.03710610836744309,0.6282890141966224,0.40706755294660196,0.057160215675830836,0.7864522893734982,584623625.3551116,335.19892775081246,0.11973851291944579,555213601.4219587,492.7873380689099,0.7629996331453318,0.0,0.0,0.0,0.0,0.0,0.0
Steel,6,2,0.6635668233036995,0.11269706320762636,0.0241022922067372,0.1683313012252528,0.07710606336593628,0.12156937546068938,0.26285034840753674,0.10100174248218537,0.24992580442132528,0.42325723568826473,0.040568909049034124,0.3518735512090279,0.36243008632184076,0.02,0.4232204057111641,0.35789206686632885,0.0781039983034134,0.4856744795380724,0.32867173145863504,0.04459041893482209,0.5833212800467606,564386172.2941184,900.3531800987749,0.0860952106288437,578870390.7555171,91.42382095400686,0.5561646835194607,0.0,0.0,0.0,0.0,0.0,0.0
Steel,6,2,0.6263165213167667,0.13303878164291383,0.05284088078702133,0.22832286053843437,0.07670835465192795,0.06889818012399698,0.23719432146208108,0.10751028299331666,0.16808971979761447,0.37448095011865723,0.1229558539390564,0.2896104698047297,0.25561974556788025,0.06481009840965271,0.38680114569770624,0.3172742428960297,0.07006425619125367,0.46863629907425025,0.27434088863687245,0.08655000746250154,0.5580405064325255,551618977.8201919,442.2229975151736,0.08828890196630924,597826292.4027889,682.1579873566546,0.5224786126208869,0.0,0.0,0.0,0.0,0.0,0.0
Steel,6,2,0.7641877964138984,0.13314015328884127,0.015731595717306663,0.1855460234379697,0.10380804657936096,0.08521085731804735,0.16173894680637182,0.1128044080734253,0.20754147614322233,0.2522909569690434,0.08687640190124513,0.31645972592749033,0.2905008835534438,0.09697416543960571,0.41530827029046075,0.243155829468112,0.15,0.5439827019303527,0.23269296015187727,0.0958842545747757,0.6778163125377996,550000000.000001,75.52233399472593,0.12910932205435388,575210669.148558,401.7729106847094,0.662663268361255,0.0,0.0,0.0,0.0,0.0,0.0
Steel,6,2,0.6895456075668336,0.11113117301464082,0.007434801811022617,0.2520901421157178,0.03566652335226536,0.1238324048741121,0.1680122634794458,0.027381523884832858,0.263424321985021,0.2842421394234185,0.05902832269668579,0.3984470105546863,0.2696402136440818,0.027155685983598233,0.47828919100179357,0.3978968330387608,0.06263663828372955,0.5440447920013419,0.22965033097487458,0.07074695855379105,0.6205810468101502,398495820.5816318,613.7509944894111,0.09072935153705958,429439097.54865724,923.5041506318046,0.6046166784930409,0.0,0.0,0.0,0.0,0.0,0.0
Steel,6,2,0.941112044453621,0.13420637953281403,0.03301813615202942,0.26671971047163373,0.07236334830522538,0.15155612246161973,0.2096523051807209,0.09116615295410156,0.303209207641625,0.2810090809787316,0.02,0.3941107072713342,0.22545672321807797,0.12405265331268311,0.4952073000045136,0.22255948510830062,0.07946216970682145,0.649157295912364,0.3418703930076988,0.09359342634677888,0.8216535344576628,579049438.3549035,315.1488525243311,0.12987253407389604,597561573.4730973,355.8940052594199,0.7915106243858663,0.0,0.0,0.0,0.0,0.0,0.0
Steel,6,2,0.83502147346735,0.1059182142019272,0.0219694826366275,0.2910556006949024,0.04578422889113426,0.10979962994792766,0.29231684333332314,0.04842154562473297,0.20725589426375546,0.2986525109014258,0.05532062739133835,0.35317386689155017,0.19997230300801724,0.06943967998027802,0.5275357579141234,0.3497501286861889,0.06319404184818268,0.6381485822177928,0.4356682951721721,0.07994452804327011,0.7389844427105614,553328590.5551995,806.5964329832819,0.1251540621387811,597024771.5833509,374.1451441450404,0.7001138409013992,0.0,0.0,0.0,0.0,0.0,0.0
Steel,6,2,0.8078821673989296,0.1360893259048462,0.045081554561496186,0.2992000237876569,0.07313842952251434,0.08899219403764995,0.28969078695843986,0.06918193817138672,0.17504600593839523,0.40551701411475155,0.09044171273708344,0.275945634318807,0.14940201574198295,0.06992550581693649,0.38195643120791384,0.21357537623089706,0.11445566654205323,0.5316960755813839,0.39815133997060476,0.08189379394054414,0.666066379855226,637274185.3082674,396.78221532576725,0.11210304863833168,659811262.582023,560.9308975099013,0.6521854207356572,0.0,0.0,0.0,0.0,0.0,0.0
Steel,6,2,0.907074610888958,0.13542381262779238,0.018863405009790047,0.28595953934777685,0.15,0.09646265416595365,0.2208722280805281,0.0877169394493103,0.24461360759947604,0.22477109067994852,0.0809783661365509,0.3716367626331224,0.20224394017016684,0.13206787109375,0.5213592582514537,0.2748497025793162,0.04844978347420693,0.6906196114663277,0.2732417753233607,0.10312788188457489,0.7949537995943863,600691303.8852713,336.5539424125953,0.11496705054440592,675133726.543137,364.71713036500546,0.770238147209542,0.0,0.0,0.0,0.0,0.0,0.0
Steel,6,2,0.6719057753682136,0.08924549424648286,0.01305103087379344,0.2767716563413295,0.06640321135520935,0.08518202362097975,0.2552929607267477,0.133042893409729,0.20074069880740258,0.1882125413140554,0.09896731555461884,0.35223616259930135,0.28637106594465644,0.07089520484209061,0.46679413227169053,0.2343842414186896,0.04020502299070358,0.5270183228315078,0.31247713142564487,0.05842502415180206,0.5892889439129024,550000000.000001,668.6550167598753,0.10828281725501018,652248239.4247934,354.7652846462376,0.5998975123654885,0.0,0.0,0.0,0.0,0.0,0.0
Steel,6,2,0.7314685136079788,0.11555840635299684,0.029709481644225166,0.2788498706468653,0.0655065894126892,0.08230921213150368,0.21568618584949067,0.049746246933937074,0.17992269636727054,0.42829585843758095,0.07584653943777085,0.2712205475285359,0.23361831024058397,0.04382741391658783,0.3945258190110253,0.24028811756033286,0.13995123863220216,0.5188124293535422,0.2022059125729782,0.058273972868919374,0.6259888106931245,550000000.000001,347.8223978271686,0.12620206370592085,648049529.5838482,545.8523572961327,0.6363684440453223,0.0,0.0,0.0,0.0,0.0,0.0
Steel,6,2,0.9882486701011658,0.15192435228824616,0.02230856633884535,0.2530078897688317,0.08831486821174622,0.1610382618407377,0.18660087381662616,0.14150611221790313,0.28414884312789446,0.265434522380359,0.08167236596345902,0.4686829974953981,0.24455562281570706,0.07419357240200043,0.5679601425850624,0.2670424284866265,0.10631457269191742,0.7076556906196732,0.22252970076276318,0.03042494736611843,0.8241785737574603,676706881.3884721,709.7302497784467,0.12125210297577893,628066982.3271525,350.71727013078214,0.7759914712051,0.0,0.0,0.0,0.0,0.0,0.0
Steel,6,2,0.681324229389429,0.09555376958847046,0.01288460093875965,0.24677829055793424,0.07397945523262024,0.0681424229389429,0.25287645909315287,0.06444795966148377,0.14036613038599494,0.2908833188418053,0.07972655594348908,0.21938166317604896,0.2798288448036709,0.09083833277225495,0.3787116347743363,0.3470223357160475,0.04439746126532555,0.4978623609377017,0.3679821922656831,0.07764352202415467,0.5953492524964257,550870537.6168329,334.20854904172154,0.09318773513784974,589282243.1738234,928.0135470352909,0.5709622017052685,0.0,0.0,0.0,0.0,0.0,0.0
Steel,6,2,0.6846636861562729,0.10746864938735963,0.026856298971273652,0.5113581921093676,0.07870221763849258,0.08153588976440025,0.2856853572296411,0.08950584411621094,0.19362866887215816,0.27522873993630725,0.02,0.2710504818398597,0.2659397102139643,0.10580262243747712,0.37398515119840503,0.2872782838450192,0.10700925827026368,0.49174676454218824,0.2231644230065666,0.08432148188352585,0.5969849554655873,692584212.6248512,650.6848053485282,0.10055244291714942,550000000.000001,567.6044866916773,0.555982712163283,0.0,0.0,0.0,0.0,0.0,0.0
Steel,6,2,0.4799225591123104,0.12349453580379488,0.00826722377422157,0.195907357511238,0.026281901597976685,0.05232711716903868,0.3921838083318305,0.050425737500190734,0.09949894348178902,0.22130243154736426,0.06463268637657166,0.1829706206145023,0.2690073336596441,0.051941862255334856,0.26748670276398934,0.2657220501664396,0.057189811468124394,0.32736115775976005,0.2599731699556301,0.11064669311046602,0.42289606788551637,311476779.52570736,911.9218229774494,0.0687346877494016,303053916.7290741,924.2654325852935,0.4062323873225287,0.0,0.0,0.0,0.0,0.0,0.0
Steel,6,2,0.5473547808825969,0.11762383353710176,0.015406143047003438,0.3062646247178764,0.10334247171878816,0.05832312981090582,0.21265422797583153,0.039600019752979276,0.13575888058817756,0.20428325509502754,0.044447131752967835,0.19764866677442017,0.2830918158670295,0.07644853234291077,0.2776306705360012,0.2805657145904517,0.07495291233062744,0.3682781180544637,0.33418979489403405,0.11363601922988892,0.47522818326010163,373870491.05235225,516.2969434387588,0.08760406205123056,462701110.8784338,613.6697320434276,0.44904414194395875,0.0,0.0,0.0,0.0,0.0,0.0
Steel,6,2,0.7459442436695098,0.12355853950977327,0.019968063308677057,0.1873955009067442,0.12188856124877931,0.08067148913247163,0.2544492514618386,0.08781173586845399,0.19271271867129086,0.2436636084504644,0.09569316625595094,0.3096463100503477,0.21702036211393155,0.12455126821994782,0.440530553261007,0.3146406489567859,0.07773661762475968,0.5593788294836046,0.3453493994838706,0.10290654301643372,0.6610553586274026,571188569.7409705,100.28765622500264,0.0968199398014965,630909205.8486187,506.64745252241755,0.6344274201943922,0.0,0.0,0.0,0.0,0.0,0.0
Steel,6,2,0.802451990544796,0.13583984518051148,0.013828486400819398,0.3490460553036478,0.0792548906803131,0.1276201086565483,0.2626874704310102,0.07751929640769958,0.284283913339281,0.2649019129217935,0.06703368425369263,0.4343025198712618,0.3124552674171901,0.0576489007472992,0.5100221729507638,0.27181419070236784,0.06577904969453811,0.5775690451562271,0.2173093306792003,0.09234557569026948,0.6637593842314857,595243564.7111173,228.24682952873982,0.10688006309829591,550000000.000001,733.5913140092919,0.6757023446025123,0.0,0.0,0.0,0.0,0.0,0.0
Steel,6,2,0.8298115581274033,0.1410898418426514,0.025876198429047273,0.3346555761607534,0.10402148962020874,0.13100889124771684,0.2226884895834225,0.05841156095266342,0.27609656283379214,0.1851024069815187,0.06973295301198959,0.43329232770067067,0.3173797544489491,0.05730657130479813,0.5344352159526814,0.14815914836817745,0.09680525362491608,0.616298408742731,0.2181290167086328,0.10647198557853699,0.7468204023146631,515062287.5000187,302.7508604612391,0.09870499099620778,505603570.96883047,215.3138110566243,0.736819402314663,0.0,0.0,0.0,0.0,0.0,0.0
Steel,6,2,0.41250691898167136,0.10817384123802186,0.015151413912004589,0.28656772520657525,0.1294070702791214,0.041282862077729424,0.26129123825876266,0.0758630633354187,0.14763979563049298,0.18017368768253347,0.08379983037710191,0.2307627324305085,0.4742694221244586,0.02,0.2859517149317605,0.17207691845113743,0.02,0.30945058069483017,0.1733046070102565,0.09443249940872193,0.37031163927401806,302289854.3049151,405.69415906030974,0.060811423349542655,307774010.1267988,474.15572870313844,0.3534203466958698,0.0,0.0,0.0,0.0,0.0,0.0
Steel,6,2,0.5121653713285923,0.12979501593112946,0.010867208367258378,0.3560042908644781,0.0776465129852295,0.051787070250970305,0.1706321546981188,0.06625434905290604,0.13035369314354314,0.1617800299642488,0.04758225366473198,0.19251327084562014,0.20514399549305107,0.09043352246284485,0.2678160775166669,0.20098596292966858,0.08387095093727112,0.3633862200528407,0.2027875959500288,0.10160218179225922,0.4599540080123633,302264646.47122324,373.3473489716144,0.07298184737298809,315438817.376068,164.7938136636017,0.42656991779992737,0.0,0.0,0.0,0.0,0.0,0.0
Steel,6,2,0.646757534146309,0.12425020611286165,0.026381038771433222,0.24726650737351588,0.11579516768455506,0.0757463623842266,0.2087006132715114,0.08109333217144013,0.18953144627014154,0.28026445511930215,0.09767676234245301,0.3224751753135539,0.48341317383643184,0.04790179640054703,0.4263182170727985,0.27862794421874715,0.031210543438792232,0.47931894288433796,0.2768985454529338,0.08844988763332368,0.5528034202374484,522907612.7268913,484.3519447447111,0.09702454481919781,559973068.1497438,622.7733169807146,0.5713914184764892,0.0,0.0,0.0,0.0,0.0,0.0
Steel,6,2,0.8161698997020722,0.11880310308933259,0.010276984640276304,0.3085547992306219,0.08308528900146485,0.16534241069688288,0.20816955125424438,0.1248321008682251,0.29827742086149445,0.29767470555126874,0.056303231716156005,0.4254877545958445,0.20342269530213158,0.053300023972988136,0.5519093455659143,0.21891759396150529,0.046941149681806564,0.6329118232232356,0.18714073671525597,0.05297456324100494,0.6967235501102548,550000000.000001,418.70432531542235,0.13180342545277338,646065421.526573,194.44725772416254,0.7345529089156951,0.0,0.0,0.0,0.0,0.0,0.0
Steel,6,2,0.5619703590869904,0.10547095000743867,0.03414445476096232,0.1908101554274453,0.04832552492618561,0.0803785215567663,0.29075289308036417,0.08754877150058747,0.1651283092937807,0.20826182894439557,0.05250640809535981,0.24205338687913966,0.2958440585812059,0.05958098411560059,0.3137138756052721,0.3333438522231147,0.07434243083000183,0.3851623529844161,0.4087250695626776,0.1060609221458435,0.49483162272146675,534986903.2827486,501.68113656687456,0.09364103453581835,555133582.9489279,644.544408031844,0.47715714607866755,0.0,0.0,0.0,0.0,0.0,0.0
Steel,6,2,0.6225827991962434,0.11176790070533754,0.020970051072698084,0.4870100285786106,0.0898062574863434,0.06811515110002885,0.2274812837329868,0.05835635602474212,0.14820607679270628,0.1738336240429363,0.13551389217376708,0.27104805218681527,0.13211151607795232,0.055539889633655554,0.38661349502188824,0.25873344020447314,0.05871914565563202,0.4576498256563901,0.24863529471079598,0.10388392090797426,0.545712331520315,550000000.000001,300.8885796211567,0.0947235441062161,627955744.566849,269.71762197111497,0.5261588285645709,0.0,0.0,0.0,0.0,0.0,0.0
Steel,6,2,0.8266339480876923,0.14782248663902284,0.022491727730564612,0.3160455109922641,0.060763944089412686,0.15100308317295064,0.2000841172895169,0.03187589280307293,0.2839825951988399,0.3530774462560069,0.05020508050918579,0.3358893404391942,0.22063014469031678,0.0821073067188263,0.4551087150499986,0.24187986767270495,0.05147434055805207,0.5293428554134394,0.5052238438811315,0.02747474540024996,0.6491780457623505,563055215.471384,355.60574700926895,0.09486045175287247,550000000.000001,453.0508934976007,0.717134168752953,0.0,0.0,0.0,0.0,0.0,0.0
Steel,6,2,0.5547789998352528,0.1265101751089096,0.021468504241262294,0.29060609951192473,0.052882490456104284,0.06164697931891464,0.18112697553163448,0.06034070760011673,0.12887827098043003,0.3168155521287058,0.06211372375488282,0.2021988280317275,0.19490767027992337,0.10550168991088868,0.30532441246581093,0.29066149552781545,0.06395839124917985,0.40749798805356385,0.14924171779130463,0.07717223644256592,0.4908801275894337,271933901.0279754,1046.3820708272888,0.07242543092444832,378563626.294043,720.7832469990294,0.4730216295610977,0.0,0.0,0.0,0.0,0.0,0.0
Steel,6,2,0.7511713057756424,0.11272619581222536,0.011581305046093171,0.35114068797347175,0.10530744791030884,0.12832189551968923,0.22245774786250136,0.11788409054279328,0.2723299468364525,0.2664128580865517,0.06758963495492935,0.38466837123967923,0.2869333613862044,0.0505805991590023,0.4587698379186137,0.29360498519141015,0.06796438455581666,0.5483893981453655,0.2749387282656921,0.0988769280910492,0.6658604568009655,550221287.6242764,376.7982964335953,0.14311964596832916,660350040.5298574,928.9158706419508,0.6555847100283081,0.0,0.0,0.0,0.0,0.0,0.0
Steel,6,2,0.6806602194905281,0.14457495450973512,0.019669904178410087,0.278326589661163,0.02,0.0910513105774627,0.34664952985075764,0.08580885350704194,0.18743802848594035,0.3419744709755875,0.06920631140470505,0.29431922929591015,0.25146740986696375,0.08609149932861329,0.38049875312084813,0.299847651943848,0.08345216214656831,0.4951206815095273,0.22425404804520632,0.07819659799337388,0.5846187751962748,449998027.5712893,266.16334489251585,0.12497283118185448,551223994.3946345,110.66351087343827,0.5626767705933022,0.0,0.0,0.0,0.0,0.0,0.0
Steel,6,2,0.585461539030075,0.09248817658424378,0.03412832052099995,0.2060210703944834,0.0896621334552765,0.06054328062564219,0.32314486736479514,0.08927406787872315,0.15362335323900753,0.20150124278428774,0.05331068992614746,0.2316872706447042,0.36856375998082364,0.07714479476213455,0.3044168145954789,0.3022044095807983,0.12309778511524201,0.4152463205627848,0.2529846819037661,0.08296532899141312,0.5225722006860752,580100518.2035866,439.94044139547253,0.08381886201165609,609696993.1570514,805.3627674772672,0.4671024112118417,0.0,0.0,0.0,0.0,0.0,0.0
Steel,6,2,1.1595287650823594,0.14878630018234254,0.027346691308269687,0.23541707730510697,0.06647058546543122,0.16152003739982607,0.4088113700314528,0.03299296543002129,0.24740590655462882,0.22363045934668616,0.10033866345882417,0.35332057654961785,0.1962197124609595,0.05262972712516785,0.5899375635145253,0.15624123775297882,0.0894860851764679,0.7814168241248918,0.30060233079004967,0.09893490314483644,1.0197140855447788,706548476.2914388,759.4539977682454,0.18981632330378867,554895519.7926302,173.91779474229375,0.9877704446038946,0.0,0.0,0.0,0.0,0.0,0.0
Steel,6,2,0.6367465242743493,0.1213198401927948,0.020190877748795757,0.23382708869783655,0.12322221994400025,0.07527981882209264,0.3415730265918856,0.13750932037830352,0.22317012287887988,0.27561914203381777,0.06649746537208558,0.34293535807775327,0.26219749587456165,0.07248130917549134,0.421733243037928,0.19729392776468754,0.039367154836654664,0.4922788433155378,0.44832614143074473,0.05427138894796371,0.5600312844068122,581767555.2870147,376.10911863224834,0.09617098455381305,567528860.1317185,620.791444924488,0.5378243939712977,0.0,0.0,0.0,0.0,0.0,0.0
Steel,6,2,0.7519905462861062,0.11260675382614137,0.02137440971253079,0.17434481145283073,0.0740031698346138,0.13505975457887073,0.27953623747595446,0.055534554719924925,0.20395890781104825,0.2258260732539588,0.06557365357875825,0.3368785190498887,0.21995700870146231,0.10436669766902924,0.4645074536141601,0.396628653540241,0.02,0.5326955616168241,0.1732822843807541,0.036263275295495986,0.6040694957116713,423846419.472641,305.37595576633055,0.08754596307088894,490958701.63075596,509.450009618762,0.6429546971957425,0.0,0.0,0.0,0.0,0.0,0.0
Steel,6,2,0.53859868273139,0.10863237929344179,0.009886711748612038,0.34258664809925476,0.08054598629474641,0.06704333416227747,0.272030983443927,0.06503872871398926,0.1433446268755707,0.2718520928373866,0.057193604409694676,0.21133149811656787,0.1878848793502946,0.03885156854987144,0.29890453762902774,0.16591159535450506,0.06886743396520614,0.380785500714988,0.2528398420194333,0.07040830969810485,0.45956607077496914,333288546.2180178,180.4234197178432,0.09765494883933752,340470043.04015726,314.1554604319689,0.4363679593664164,0.0,0.0,0.0,0.0,0.0,0.0
Steel,6,2,0.8081385418772697,0.1373668100833893,0.029126021767761346,0.229298001116806,0.09012336134910584,0.12059112338674358,0.17278057436726546,0.06947941094636917,0.22829198981600476,0.3202486304940837,0.06783309608697892,0.36680856933853234,0.31162858609749244,0.0450348924100399,0.4759478227186762,0.32569649639135034,0.10404712200164795,0.5917668995406629,0.28110676340961877,0.08326353400945664,0.7065489253905675,574190363.2938731,332.9833648989614,0.13449684353405697,557398783.6963676,595.6817487219014,0.68746236305369,0.0,0.0,0.0,0.0,0.0,0.0
Steel,6,2,0.7269768878817559,0.12205032205581666,0.024553785041565496,0.3155468416404539,0.06092334061861038,0.10490925935967178,0.2516217946347127,0.0810532021522522,0.22466423717546832,0.2832687402095929,0.05315737217664719,0.29807692476718595,0.2622500088277731,0.08385491520166398,0.4009104739983921,0.23938561036402245,0.09538626730442047,0.5091281080036186,0.42848851803969723,0.08558931231498719,0.6284832846880772,615070013.445986,832.9999746946105,0.12179558639724589,550000000.000001,187.25523526879425,0.6160326157852085,0.0,0.0,0.0,0.0,0.0,0.0
Steel,6,2,0.7216741263866424,0.13171238481998446,0.016651624273054565,0.32414803801386727,0.07183546304702759,0.09471361378348293,0.22887782689325514,0.08308281719684601,0.18174603880160736,0.226296723278352,0.057899273633956916,0.3181151133636103,0.23407274842547388,0.02,0.4006814895019103,0.2529605104722846,0.07974011600017548,0.4809620016720634,0.2845247240704965,0.06266841530799866,0.5950597745883978,385018275.911257,205.49678163708015,0.0837305168696813,489825135.0119427,950.512965262069,0.6386103908022247,0.0,0.0,0.0,0.0,0.0,0.0
Steel,6,2,0.5578290842473508,0.09943769931793214,0.014843283502414597,0.42602455156615937,0.08554574191570283,0.0563200734032137,0.2835224871263655,0.13240433096885681,0.16982974743729845,0.3060658935710624,0.08932285308837891,0.2869901730841375,0.238455821910107,0.0844778022170067,0.37830963761649444,0.3766958931924262,0.025460746698081495,0.4383522505561661,0.25613671251702635,0.08912128090858461,0.4986687834288956,611990187.4286807,614.3531393174499,0.08314137837916441,617814228.0796664,607.3033196438681,0.4883069109928731,0.0,0.0,0.0,0.0,0.0,0.0
Steel,6,2,0.5970179356634617,0.09952921903133394,0.012612004025277313,0.30944848589014945,0.04641196265816688,0.08454107589469403,0.25021617265900886,0.02,0.1251491667480139,0.19267264921005126,0.02,0.15533600560481442,0.25148361980147466,0.03387770101428032,0.23453816141106193,0.1611259183214377,0.10332441747188569,0.34480685951811435,0.11321420631159695,0.07609559118747711,0.49434428922606966,191619729.91006404,391.0385195016921,0.07447465142906372,203753687.61997604,539.6163546211408,0.5229658382367374,0.0,0.0,0.0,0.0,0.0,0.0
Steel,6,2,0.7217395707964898,0.11902746307849885,0.010785431874120415,0.2615772703806027,0.0975097954273224,0.10634829715864069,0.33844596822272516,0.06366833001375198,0.1972747437750628,0.27022194211505723,0.0629597008228302,0.31475363410192314,0.4132610032781477,0.02,0.42503856128956896,0.24891127391003104,0.07337484329938888,0.47776704773014134,0.20317978627439442,0.09381330072879791,0.5870864633756124,629004218.7392845,315.5360628630256,0.08551258062951055,579517856.2287128,206.15322134295369,0.6355681690726738,0.0,0.0,0.0,0.0,0.0,0.0
Steel,6,2,0.5601846970617772,0.11073213589191438,0.03788700103747575,0.31259987576744414,0.05080927595496178,0.05985693853400874,0.19184576681452328,0.07630413323640824,0.13226515552585602,0.2844615896237013,0.041308100670576095,0.22449404796638023,0.43903081892721774,0.07119400262832642,0.29639690864762114,0.42528313226537817,0.05028250843286514,0.37918237298224516,0.3951890237761202,0.08307512670755388,0.47062531234827987,560724106.8238626,393.84102932860725,0.08185734941968106,582372253.2966615,339.0418600270095,0.4497457855042621,0.0,0.0,0.0,0.0,0.0,0.0
Steel,6,2,0.7012258358299732,0.11693794775009156,0.01856358016507373,0.4491905089023951,0.048781468272209166,0.08962652678918784,0.23572282543507816,0.0965507197380066,0.18693268162529364,0.238938164202502,0.09306090354919434,0.3038723597859841,0.18206842196434048,0.11963840544223786,0.4197705759485136,0.20893205718615357,0.08899027526378632,0.5415336936337081,0.19669411589948047,0.02,0.6112991323502965,482660135.4438666,1059.580727477892,0.10691220860149771,339596056.70500594,875.3236467477469,0.5932662245602828,0.0,0.0,0.0,0.0,0.0,0.0
Steel,6,2,0.8364621326327324,0.1392097054719925,0.02363176195453506,0.2937036264199113,0.02,0.13192168338601576,0.32540327816310205,0.047717410624027255,0.18841915291957276,0.1890965493346181,0.03797567799687386,0.30660505022917034,0.26615794777002616,0.05985242933034897,0.3776868660925217,0.31877265730653526,0.048217236250638965,0.4882216786984386,0.23145450985529015,0.1091378152370453,0.6696406419359641,559627453.8190398,550.4630423645623,0.08898108844052789,550000000.000001,400.3026335548009,0.7445267280456205,0.0,0.0,0.0,0.0,0.0,0.0
Steel,6,2,0.5143315702676774,0.12812536728382112,0.009844760937826184,0.33775959007323164,0.044244312047958374,0.05454138713552104,0.21413991556890247,0.028073947839438916,0.10679832092665376,0.3470930027433878,0.08035850495100022,0.1788243279101154,0.23533074102223986,0.061173043251037604,0.2625565051179482,0.1974975840332625,0.08261014074087143,0.3386516562272981,0.3642291602128779,0.11898073494434358,0.4464965187734942,451152380.09691924,931.8423691010045,0.07853507866751433,439193465.4965653,681.6539092746708,0.46269246242389556,0.0,0.0,0.0,0.0,0.0,0.0
Steel,6,2,0.5486357159912587,0.09144119715690614,0.02230391404840279,0.17588121935732154,0.05670758873224259,0.055420881224928026,0.28116041092216504,0.11537199318408967,0.14453809344902752,0.16295871718537586,0.04300807654857636,0.22729594592996916,0.25487532324453566,0.1078342056274414,0.306182352010251,0.3715485902285592,0.09985621988773347,0.4130777927355391,0.2824252750998378,0.05278807371854782,0.492718664613455,494740889.3676018,583.7681767276146,0.07428366935216338,541289707.7889875,505.67963604403286,0.4633912699569502,0.0,0.0,0.0,0.0,0.0,0.0
Steel,6,2,0.6665679484605789,0.14618500065803527,0.01814701595548895,0.3194337018845812,0.08814236104488374,0.08157635367208639,0.2149458644130958,0.05923910021781921,0.19722536257512344,0.15350960011600615,0.10170877158641815,0.3155430341418121,0.3466217761037419,0.036745300441980364,0.40321261008145604,0.24566008660963506,0.08100944966077805,0.4657375479969932,0.17091891429588205,0.07530787199735642,0.5736101293865349,397677709.92578065,753.0727150671893,0.10141036744406888,336925917.8203085,759.4843835969126,0.5408235135748822,0.0,0.0,0.0,0.0,0.0,0.0
Steel,6,2,0.6475611716508866,0.11412744700908663,0.019558999657858005,0.2508688187425705,0.12487784862518311,0.06601902316547022,0.15491783635981077,0.10190295934677125,0.18496699894453214,0.3525118455393577,0.06307161003351212,0.27602692961731623,0.2781442457371728,0.0923156350851059,0.3582417986086258,0.2793336446077536,0.13035871505737304,0.4764234545611601,0.2901870499813098,0.06587926238775253,0.5814462473981697,584410861.3405507,560.103168641943,0.08827449313273995,584005809.9685484,579.3907117557319,0.5581702041549177,0.0,0.0,0.0,0.0,0.0,0.0
Steel,6,2,0.5980753563344479,0.1261365295648575,0.032037628090897476,0.3510137925139261,0.093882395029068,0.0630457268681304,0.30740129984587117,0.05577849239110946,0.14689023984708643,0.3228587794063791,0.0468061999976635,0.2039797642346648,0.21640851663506744,0.12063218712806702,0.29170866669410667,0.36178694677093576,0.11761235475540162,0.41643589932275316,0.2532432124758286,0.11017950654029847,0.5368840617957333,573975185.7168591,748.0731848119278,0.07578011442307284,572222542.2133478,464.8620677754001,0.5047865053985514,0.0,0.0,0.0,0.0,0.0,0.0
Steel,6,2,0.7616109848022461,0.14710292315483092,0.013419378024010675,0.3146751831628413,0.08682752370834351,0.11449272833516314,0.19784043698818232,0.05838370084762573,0.23568141251064545,0.35225387846477596,0.09572220027446747,0.349925594038392,0.2825614049356745,0.074944629073143,0.4718790586000503,0.2022746981003318,0.09238897562026978,0.5766986869005347,0.24161467612666443,0.08897322833538056,0.6819039368103754,550000000.000001,468.9979561439444,0.10417284616402404,644287142.5736405,798.6438186005732,0.6563426521776885,0.0,0.0,0.0,0.0,0.0,0.0
Steel,6,2,0.7839971080422402,0.1381140249967575,0.01663267255955478,0.27670427397712855,0.12965501010417937,0.11494347997734478,0.18465552302398366,0.04900811105966568,0.2395160935728911,0.16831270704642412,0.05349694699048996,0.3338964305074904,0.2320343127179955,0.1005631560087204,0.4227330765292301,0.3092105214699974,0.08893011510372162,0.5459868213632659,0.267618809876871,0.0814935126900673,0.6493608870744693,595984622.2133936,449.0808745415717,0.08794963344123821,513367825.30956334,748.1334745759933,0.6676761736736876,0.0,0.0,0.0,0.0,0.0,0.0
Steel,6,2,0.7534407436847687,0.13117250907421113,0.021289808851367255,0.2801915505187588,0.07617595195770265,0.1016139279552603,0.2956514064031742,0.1220025509595871,0.2543840896890499,0.2598101282871241,0.09810540735721589,0.3897697002625169,0.21992755702799843,0.08423314779996872,0.4947238932166921,0.287824102180362,0.09320554673671723,0.5963080690878343,0.15769063534961553,0.02,0.6695668051625026,550227901.1309785,219.7548127540295,0.11345482228052298,649449945.8174254,280.85247719051415,0.6595658051625025,0.0,0.0,0.0,0.0,0.0,0.0
Steel,6,2,0.5409885063767433,0.08697545748949052,0.01688365480125134,0.2043526317189675,0.04713626146316528,0.06683168206263847,0.1920584148288375,0.06329166650772095,0.1447268651874006,0.1730097352638895,0.049964209347963334,0.21066923120886935,0.27417949546964343,0.0882415509223938,0.31001981823985836,0.1984219352632452,0.02,0.3864863487155213,0.32242119748837433,0.09172578811645508,0.4783464746995192,342222339.8432872,471.3222466356571,0.09609041120578615,298177873.13056654,445.4284036288559,0.4490713389329992,0.0,0.0,0.0,0.0,0.0,0.0
Steel,6,2,0.9525380209088326,0.1427634515762329,0.007762357558180441,0.29100937216145734,0.10426475703716279,0.13506440284254603,0.29987032275391573,0.047989913523197175,0.29177089585612104,0.26377161747121497,0.09586970269680024,0.39982190127848044,0.14991661431746006,0.05544840961694718,0.5643725465126502,0.19653177117800424,0.12845821499824525,0.7159155382164286,0.241953232576318,0.02,0.8522299797868228,604125454.858541,508.0019852665564,0.14575144442222474,586553190.4183918,557.54731084244,0.8204736661994603,0.0,0.0,0.0,0.0,0.0,0.0
Steel,6,2,0.574918483197689,0.0988070994615555,0.016600980698996695,0.17587053524551075,0.10460846960544587,0.07846116868075066,0.13184998232792638,0.055992086529731755,0.19386205394952624,0.37877161513588686,0.07038927525281906,0.29086575002074516,0.44389554353504773,0.02784237936139107,0.35205232025328953,0.32215617270938024,0.05253652304410934,0.40731631153053127,0.1939140738536861,0.11450372338294984,0.5120443651996321,627158089.1188649,129.77173042652595,0.062492696684445834,592569015.6606817,433.22255985900375,0.49421307916355706,0.0,0.0,0.0,0.0,0.0,0.0
Steel,6,2,0.5185077726840973,0.12160767912864687,0.016643452329434604,0.265025395004688,0.12162796795368196,0.06062504924528037,0.2245521979795985,0.08860065221786499,0.16884259954786474,0.5078756296670267,0.04136966720223427,0.24055457574030606,0.46393434853706983,0.07848026663064957,0.30541589429995547,0.2532319828232439,0.049968027472496034,0.38402446903151277,0.3051656150759433,0.08109759390354157,0.46321118201774863,602114374.547663,640.0757234939017,0.08181229905157729,617981173.387762,440.6729463125051,0.4477625735564226,0.0,0.0,0.0,0.0,0.0,0.0
Steel,6,2,0.8329666182398796,0.13675354421138763,0.013277858659373308,0.277146273510404,0.05936494141817093,0.10168366046308473,0.2375008718052298,0.08496882349252702,0.22484047451904074,0.21644034714623572,0.0732680094242096,0.30987418236534037,0.16234034055199745,0.08422907203435899,0.4722344968968611,0.3010543374656189,0.07598302721977235,0.5793355390410079,0.15670575565173667,0.08465345531702043,0.6688140466861838,480429022.41897506,237.80968012012542,0.11895411597609984,409793994.95575875,341.34494496808657,0.7236973182911386,0.0,0.0,0.0,0.0,0.0,0.0
Steel,6,2,0.6752186849713326,0.1393727617263794,0.024194001388989264,0.24672467185162136,0.04885928556323052,0.10574017800794094,0.19386012460478474,0.06466226279735565,0.17816134079474444,0.343117710456918,0.09633879542350769,0.27195846336978974,0.28143851187027263,0.05589052945375443,0.3699959534450586,0.2980964369431758,0.07976343929767608,0.4775119100155088,0.17357988160841764,0.04183677047491074,0.5794051467349146,375999364.93179727,712.4369210008655,0.11607647708295057,440084549.26329374,736.3648525456476,0.5569447734271873,0.0,0.0,0.0,0.0,0.0,0.0
Steel,6,2,0.9997921377420426,0.13375125241279603,0.014966801922652487,0.2071819115888945,0.056122693121433254,0.14243649392715088,0.3221419868788845,0.061728370189666745,0.2781262312491404,0.20302854301473783,0.05925874680280685,0.34803474831129844,0.20693434499785646,0.05245558694005013,0.5324848273184759,0.24068692099831476,0.10506836473941804,0.7197670676533842,0.30125531098655983,0.10207498610019684,0.8866546387761582,792508650.0522736,78.12598624582206,0.11301613573001948,550000000.000001,188.33173588672133,0.8312912018609104,0.0,0.0,0.0,0.0,0.0,0.0
Steel,6,2,0.6194848030805589,0.12818778824806215,0.023101505076072386,0.22125176419757345,0.022294215578585862,0.07232532011976608,0.2882501101385362,0.08156349420547486,0.13107254124997886,0.255498233739767,0.1276718246936798,0.2394929052491235,0.3548166099518616,0.0686564627289772,0.3463425687716706,0.18111995164797737,0.09933094203472138,0.4427603491541925,0.25407532258449156,0.11076955497264863,0.5547644549475547,515671978.4998525,1054.394053134809,0.09808691310096466,398461994.3241127,497.51487743563007,0.5236916389967661,0.0,0.0,0.0,0.0,0.0,0.0
Steel,6,2,0.8730195894837379,0.14523057353496552,0.01277003073546882,0.3506840409473012,0.03645163223147392,0.08731195894837379,0.3850207590209087,0.07182483583688737,0.1492774495252621,0.1922466676905554,0.1010907429456711,0.26629315554164695,0.29740214164804557,0.0661597928404808,0.4202833270408033,0.19763600627147154,0.13106719315052032,0.574813959626027,0.1873770872142658,0.12457989156246187,0.7653292830821686,631698707.6662872,368.47161709789435,0.10341576719310067,550000000.000001,86.76147733369665,0.7264229690274115,0.0,0.0,0.0,0.0,0.0,0.0
Steel,6,2,1.0157081961631775,0.14058972084522248,0.01613025208641997,0.2482497842453397,0.14603470623493195,0.22659454130808998,0.2531943986828957,0.06342192441225052,0.4062492731487153,0.2256691462867461,0.04320529982447624,0.5237389222270615,0.14763396880817237,0.08871425449848176,0.5954091929147755,0.22288117752899106,0.07568850666284561,0.7287383836555674,0.21537226219762295,0.02,0.8059241206685765,719064217.3774097,460.415418792779,0.17619020127094817,558919042.0401471,285.83893448615254,0.8871757603282985,0.0,0.0,0.0,0.0,0.0,0.0
Steel,6,2,0.9175893276929855,0.14292538213729858,0.018508897592103384,0.21631801747699772,0.09361647069454193,0.11123426882543166,0.2636354738739092,0.15,0.2413871929217847,0.24230003996812313,0.12700095057487487,0.4012123555146004,0.19398402711090437,0.09822060585021973,0.523159002147709,0.29195563406467134,0.028922441750764846,0.6665391337357521,0.24914267545516502,0.09163509845733643,0.7731116056211436,600402370.4847819,667.6081614798204,0.15224814766732034,554798943.4740996,251.92963142508015,0.7388872181541323,0.0,0.0,0.0,0.0,0.0,0.0
Steel,6,2,0.41796386353671555,0.12887363171577454,0.012445782608170164,0.3531695736976285,0.06203241765499115,0.043612962752165516,0.2784751480582592,0.0864264327287674,0.12362412846117059,0.25223399403889474,0.06371401190757751,0.20239193080741555,0.13533084503289342,0.03491429276764393,0.25557773616561963,0.21899297111421306,0.08180319339036941,0.31916204712934104,0.33661994910769144,0.02,0.3746136285654287,301165345.32363605,475.8910965015903,0.06461187681509402,325932920.94591635,1012.2319194412611,0.3624038878756521,0.0,0.0,0.0,0.0,0.0,0.0
Steel,6,2,0.4928238742053509,0.10520244252681733,0.01439732368332305,0.3276896691246622,0.06383099257946015,0.05067261547642668,0.13035966963040693,0.07726307719945907,0.12582329160022349,0.36634797178266965,0.07878825813531876,0.20786830968188447,0.1470280309775369,0.07385854601860047,0.2888589388474866,0.15989236790088135,0.07762605279684066,0.36858869098008484,0.24103482535013276,0.060422559976577764,0.4427416833924401,300852422.9591004,198.79569141824467,0.06867736815106892,272568472.21119505,609.879124649667,0.41558822149623725,0.0,0.0,0.0,0.0,0.0,0.0
Steel,6,2,0.7004763953387738,0.1425433065891266,0.04224040594058986,0.35717753273117175,0.12718701779842376,0.0747369187447482,0.23296527945118542,0.12659766674041747,0.20509671016014083,0.1942590204663053,0.054363422989845284,0.31408406899418845,0.21116111808627838,0.09816070914268495,0.4006086373260593,0.40598939598592165,0.07190951645374298,0.501106984897573,0.15894723203064146,0.13311704754829407,0.619539520795069,590109482.6368388,272.89961226132647,0.08807026828573046,550000000.000001,865.2552372208444,0.5834055453810069,0.0,0.0,0.0,0.0,0.0,0.0
Steel,6,2,0.7264884531497955,0.11377232885360719,0.008955371434205755,0.4845700755228491,0.035156968384981155,0.11229151451267974,0.13161597677152567,0.08927163481712341,0.1814250121131804,0.14423559644429348,0.07691705942153931,0.3124734487282504,0.2091518132051509,0.039915589392185216,0.4115135846867674,0.28454398732883873,0.02,0.5446436564499396,0.19194895732680234,0.08723310112953186,0.6262582829247725,276292719.76760036,264.08852800741505,0.12231461066273715,398051767.67110634,442.3032131985391,0.6110681494455469,0.0,0.0,0.0,0.0,0.0,0.0
Steel,6,2,1.0162283882498742,0.13913220191001893,0.03664867665059249,0.33839869073903883,0.02,0.16341721063393536,0.2012598810837873,0.08109573036432266,0.23924208421468188,0.26417091887246347,0.10555486857891083,0.3959997544678565,0.1974086239072499,0.03314133860170841,0.5110476217186204,0.2708647719874982,0.04049458637833596,0.664299211837015,0.2580634992927033,0.07492973625659943,0.8151644931159502,648039869.4178569,292.4108029755063,0.11664263206890262,562290976.7986071,227.57995239614766,0.8333845761918627,0.0,0.0,0.0,0.0,0.0,0.0
Steel,6,2,0.6040652014315129,0.10715541040897371,0.03143792557635283,0.1884760735831677,0.033328218460083006,0.061957316841245426,0.24047873643501208,0.07435395687818527,0.13217758714072045,0.30754382421198445,0.11707755386829377,0.24149958326938856,0.23794000811963573,0.08253575414419174,0.3495660892234114,0.3737052786171031,0.08328070878982545,0.4426048411486895,0.33872132615308426,0.07573362678289414,0.5333769543226776,566301687.945293,839.9401064536506,0.08248755074952914,569797901.0339465,731.6651019311837,0.5111172167407281,0.0,0.0,0.0,0.0,0.0,0.0
Steel,6,2,0.6254124015569686,0.12038194298744202,0.022640814827494478,0.4187496189793909,0.1058439999818802,0.08180776907995771,0.27717469587671106,0.02,0.1680751035617,0.27824084267022153,0.08515379428863526,0.23453268945602013,0.2216003653127172,0.10973356664180757,0.3535842566992039,0.3098912475558615,0.10541617631912233,0.4649423388468947,0.4308172967290595,0.053388175964355467,0.5563096320062296,593625119.7913297,666.5364039776941,0.10358896446547808,569854452.3194196,556.3957569719953,0.5286440010045869,0.0,0.0,0.0,0.0,0.0,0.0
Steel,6,2,0.7409621983766557,0.14222665667533876,0.020042086724503253,0.26919699460793745,0.060916436612606054,0.12098599275970777,0.3001229733649778,0.07283387839794159,0.22365940504967188,0.31101866810229045,0.12562138140201567,0.3342268756480604,0.21736436149569474,0.048955308198928835,0.437306293920196,0.2301268997149305,0.04174122244119644,0.49504768497212137,0.3883481373478083,0.09499311864376069,0.6330482923611134,558619039.2511413,232.09649919844696,0.10752419719078216,618058682.346774,994.4699001582178,0.6113914286161841,0.0,0.0,0.0,0.0,0.0,0.0
Steel,6,2,0.6241658702492714,0.12350988078117373,0.020078994272330095,0.16667715674455877,0.13935306966304778,0.07443206702341866,0.3527022927856011,0.07523469418287278,0.20767153274669886,0.4023046278333842,0.0864308649301529,0.31573775372334767,0.1925466153548626,0.09560651361942292,0.4213113514943007,0.24478518722816073,0.022492579594254495,0.5006434568538733,0.24504199214231276,0.0752078801393509,0.5546919781023654,474606012.9033307,436.4531886376871,0.10211188899908807,510462682.5130604,218.34996890540472,0.523091588966172,0.0,0.0,0.0,0.0,0.0,0.0
Steel,6,2,0.6566665180027484,0.11407774722576143,0.02271907040530072,0.19511395428917958,0.06997994750738144,0.08286766265428784,0.22815696320437046,0.042006269246339795,0.15180112468930035,0.3385014735725407,0.11523665606975556,0.243557130766697,0.16738277131102275,0.06306778222322464,0.339143553509182,0.19465209360916502,0.06283747047185897,0.4593046696208923,0.2515649609080421,0.04926039397716522,0.5634237529893115,386447621.6904569,622.809387947839,0.09959238824990337,299441559.7451515,349.2567204396102,0.5233409568528835,0.0,0.0,0.0,0.0,0.0,0.0
Steel,6,2,0.77983568161726,0.1097124354839325,0.011369512068158904,0.20876448135778508,0.02,0.10843185342916968,0.30952240360410355,0.1180493837594986,0.19562766492994008,0.24821297472527648,0.06749016225337982,0.34636063562994246,0.1981432381344281,0.09169883847236635,0.442623923051894,0.19240290974057234,0.062221010923385625,0.5576782707280278,0.31096434213553753,0.1242237114906311,0.6659286576247856,450130575.767241,130.37329968075707,0.12019559242733203,473997321.9284998,185.5968939476151,0.6237000883913413,0.0,0.0,0.0,0.0,0.0,0.0
Steel,6,2,0.9313201382756233,0.12063995528221132,0.01600117927943319,0.18851701778563354,0.11227733254432679,0.15176893176156075,0.14592643732659297,0.09544098019599916,0.36173531859268176,0.22548355294416833,0.048269549012184144,0.46255691718536474,0.15928158641852314,0.04576696112751961,0.5296733997832276,0.2402336104417207,0.04110614880919457,0.6112230533793646,0.2578525451609957,0.07793013513088226,0.8097151079032516,481487018.4716243,778.5085592155724,0.09857135701318995,426527070.1934816,681.4918520061631,0.7706747469691474,0.0,0.0,0.0,0.0,0.0,0.0
Steel,6,2,0.7793694108724595,0.11652602016925813,0.007549528864213954,0.3495271246560797,0.08817554831504823,0.10596844177207074,0.2599831267932224,0.11183368623256684,0.24312658808448245,0.16683800665668044,0.07050344705581665,0.36866929297243106,0.2732169247363295,0.07230015456676483,0.45751753005439566,0.20521243976621134,0.10632153868675233,0.5754157249965753,0.30997756454378295,0.09160986125469209,0.6898759580821872,660925995.8025584,257.76552860588737,0.08684947092255013,596033133.0300325,744.6636982309502,0.6595229978181836,0.0,0.0,0.0,0.0,0.0,0.0
Steel,6,2,0.9247371032834053,0.1443658548593521,0.04529477339086534,0.28136077864198117,0.10108227372169495,0.14111801339444008,0.16055264982344683,0.1009288513660431,0.26892153995602425,0.2804332055380461,0.02859074242413044,0.38324370908774524,0.20426688908025123,0.0744975346326828,0.4703000064740385,0.23305817014412625,0.05330971747636795,0.6413441778929394,0.30975581236318905,0.13220862448215484,0.7826178932426688,579831728.8085488,292.5467675657873,0.10011796937011956,599747485.3045654,584.7135309779296,0.8048806555087952,0.0,0.0,0.0,0.0,0.0,0.0
Steel,6,2,0.7114624828100204,0.12576670122146608,0.02493625558098377,0.2940473716814283,0.08851781964302063,0.08473401061338079,0.30957404599762695,0.07216484844684601,0.17723992928266624,0.2876650962730063,0.06335957527160645,0.2724329905155539,0.29097658899822254,0.14627698957920074,0.4072750593859824,0.13206824178616766,0.09550034224987031,0.5329070705891733,0.22605716565682962,0.05689087420701981,0.6165567113305686,550000000.000001,1003.4486694790196,0.11347317788679442,550000000.000001,448.13678252705824,0.5940847713435781,0.0,0.0,0.0,0.0,0.0,0.0
Steel,6,2,0.9238922253251076,0.15791976952552797,0.01763068702865787,0.3481359837535218,0.08958007574081421,0.1290129167598509,0.22140735877818474,0.053544542789459235,0.3181381514694019,0.3634013826303191,0.049765500277280814,0.4288945506846076,0.2322885804857958,0.07141230791807175,0.5694146501130397,0.16583233957760454,0.05880226492881775,0.713784598288538,0.17374216479892712,0.08384504348039627,0.7905111675419135,787999825.9853879,358.07155551365565,0.09238922345640299,550000000.000001,815.5290690457315,0.8240761308115828,0.0,0.0,0.0,0.0,0.0,0.0
Steel,6,2,0.6549695119261743,0.11258737158775331,0.021878986662885506,0.19237926978656653,0.14829760074615478,0.07622412015255284,0.3608421933116294,0.02,0.16793652715732063,0.3036113183672992,0.1276226210594177,0.2781834939866275,0.1789393873959856,0.09590289771556855,0.3933754728548233,0.369763738976647,0.03462349638342857,0.4855821644468493,0.19716333007828113,0.08616716444492341,0.5592159034512892,382043859.72262204,913.8938135740992,0.09998613505024372,420081693.38942856,117.42047188796481,0.5363993581269644,0.0,0.0,0.0,0.0,0.0,0.0
Steel,6,2,0.6528889916837215,0.1344749039411545,0.013155231860221201,0.2824921616960646,0.1397809398174286,0.08790459730285685,0.22879259009205272,0.06721481561660766,0.1996412669424033,0.3150434527674154,0.1299302327632904,0.3110336440350294,0.20112427145388898,0.046977781206369404,0.4073477343548178,0.2645170248395152,0.0623469141125679,0.4721955114925869,0.42442991474505753,0.09473029375076295,0.5719438015415785,653942979.3020327,743.1297814824671,0.10269039436377453,601643400.6652558,349.9096936563331,0.5536870708794387,0.0,0.0,0.0,0.0,0.0,0.0
Steel,6,2,0.6804818876087666,0.11245331251621248,0.009717514922514596,0.2967945273020636,0.15,0.0716192301958077,0.23695122293002227,0.1079064691066742,0.20742517255205378,0.239253276626022,0.07663619965314865,0.30685866461268296,0.22059674404263413,0.10995698213577271,0.4071041826165906,0.40574661396205,0.08521028935909272,0.5116468436940423,0.18145150033319882,0.09385868430137635,0.6079536455873666,597251132.7500904,447.0695343539861,0.10800095876303822,550000000.000001,458.1178566535512,0.5720309504158831,0.0,0.0,0.0,0.0,0.0,0.0
Steel,6,2,0.9141381964087486,0.12502788245677948,0.01895344849266543,0.2504530707151723,0.08428672164678574,0.13316643749858004,0.24506530448569055,0.08903654992580415,0.23347610214965758,0.1701712037244672,0.09036776781082154,0.35955487718294643,0.15439077763963185,0.08624313175678254,0.4802748126225252,0.29437525885910765,0.06516828536987306,0.6152097254422279,0.24279589257596806,0.1344429498910904,0.7552788270585923,497052323.82810515,505.3328263350189,0.11643821349673339,499928249.6661498,492.23550328867515,0.7330580234377866,0.0,0.0,0.0,0.0,0.0,0.0
Steel,6,2,0.8182079389691354,0.13097009587287903,0.01926810983049387,0.28031293440727517,0.03718818739056587,0.1106187522872978,0.2834822717470159,0.09387652933597565,0.20138992080983895,0.22214924853322685,0.08677928864955903,0.3074311237282942,0.2580641857090309,0.06618747860193253,0.41180522887294,0.35036295185314814,0.037255360037088396,0.5597721513274879,0.19675321801331405,0.11966904342174531,0.6802952027548453,587862812.3430495,1099.9999999999995,0.08886587525444642,568133863.020396,556.7534259978938,0.7005879098960565,0.0,0.0,0.0,0.0,0.0,0.0
Steel,6,2,0.605921021848917,0.09747275507450105,0.016276608729002752,0.264013133644852,0.06916594892740249,0.06562878055560037,0.3203554414795812,0.0511409142613411,0.13784306654246098,0.3414399534820443,0.08774206817150117,0.2545239575124648,0.3293026711504121,0.03430182956159115,0.36121942711167115,0.4242112935874158,0.03804504349827767,0.4175374140093735,0.20112965254464385,0.11441921710968019,0.535356610499826,666837664.4513005,692.4229340161636,0.0822210901840521,550000000.000001,376.5049422179984,0.5149116087236365,0.0,0.0,0.0,0.0,0.0,0.0
Steel,6,2,0.6623767495155335,0.10621322202682497,0.021377545758461063,0.26435712689268515,0.06884840726852418,0.07932935443033509,0.2326381844664842,0.0843884375691414,0.1745194543324709,0.3075286663588546,0.08008739680051803,0.29363040857427763,0.14117807041644914,0.1114456981420517,0.3939373113440286,0.2513435344966823,0.031566700264811516,0.4802894998122569,0.29212704369120396,0.08120549708604813,0.5622004382326969,409930233.22533554,422.69827980111694,0.10114078466855576,392902904.27290666,524.8032303163636,0.5850660882449638,0.0,0.0,0.0,0.0,0.0,0.0
Steel,6,2,0.7728268995881081,0.152430220246315,0.021104683022483344,0.2798986431309704,0.13353430211544037,0.11926786630958913,0.22027954567591101,0.0827004972100258,0.23378980108277034,0.20618854919743584,0.07961344569921494,0.3256535138312947,0.23530022657857574,0.09005832731723785,0.4279327836663431,0.2295267781836747,0.11835614323616028,0.5529741684319152,0.3103084556694727,0.0907355397939682,0.6706544022660189,550000000.000001,330.5984766117311,0.1474207910150438,615316094.9787292,786.78739270989,0.692334313877353,0.0,0.0,0.0,0.0,0.0,0.0
Steel,6,2,0.8536321654915809,0.13813120663166048,0.019857272785663578,0.27365050737830093,0.04241506233811379,0.09889778956844078,0.31785645456878303,0.08188147753477097,0.26235428746997047,0.15198985314730468,0.09596332907676697,0.4063742273500378,0.3881758530950715,0.041816968917846684,0.49752742071959233,0.22484124765182983,0.07526015609502792,0.6225234418877187,0.27380638443659716,0.10369867503643036,0.7682589489424229,566950823.7012739,434.9571703212796,0.12392618138470776,580055589.5921005,1099.9999999999995,0.7519613429934267,0.0,0.0,0.0,0.0,0.0,0.0
Steel,6,2,0.541872888058424,0.09709086573123933,0.021743173844415285,0.40697666978748315,0.10070130586624146,0.06005127876238093,0.11615541144534612,0.12002341032028199,0.18945238352800828,0.32729981274009573,0.05707767367362976,0.29996375461106933,0.11320051112730674,0.08737673699855805,0.38083957247056477,0.274395348736243,0.03288031816482544,0.45444472254593893,0.30529621302609833,0.02,0.4876755992525816,383647456.04328585,457.2692266357676,0.08129315117350322,417559184.5657913,524.9934376824365,0.4754783945408895,0.0,0.0,0.0,0.0,0.0,0.0
Steel,6,2,0.6492126643657685,0.12474532496929171,0.015592352933193552,0.29549186373444597,0.1193486386537552,0.0679809792218585,0.20857395317238372,0.04122493878006935,0.2064683241900307,0.49820111787639815,0.04625527232885361,0.2795222943621631,0.22805437273680443,0.046143099665641785,0.39729488454689327,0.2650222100867642,0.06818092703819276,0.4671206346430278,0.4869740126026351,0.0699744188785553,0.565289976767439,549559998.881652,603.2534846588177,0.10126954454627807,602106346.5880247,215.41325007031747,0.5760791743747106,0.0,0.0,0.0,0.0,0.0,0.0
Steel,6,2,0.893647700548172,0.11315215647220613,0.01129904386113762,0.20578514046129132,0.09407482385635377,0.102624212418741,0.29632680382771487,0.0632752975821495,0.1885232679774768,0.23801613485681708,0.12597219944000243,0.3430648919350447,0.18562368706685514,0.056468873620033264,0.5243854381397611,0.23873509902057322,0.09082615196704866,0.6427167773157801,0.22500209667301233,0.08566007256507874,0.7923391378158473,570267805.1358186,466.98779698973743,0.11923304432848746,550000000.000001,878.7668031894297,0.7275805869046961,0.0,0.0,0.0,0.0,0.0,0.0
Steel,6,2,0.551609494537115,0.1104526253938675,0.022914504579049408,0.308502502486173,0.1052826601266861,0.055870419673480165,0.3797044284576921,0.06050002664327622,0.141988848134625,0.2247107341519323,0.0691298907995224,0.2108104408437232,0.43512948286905817,0.09669002413749696,0.29817751351562877,0.1700528978213279,0.08356300592422486,0.395398371133812,0.30485191159785957,0.10600353598594667,0.4957656399359431,645329488.7133498,201.73167171196908,0.0986253130763339,569219634.1427697,763.6068162882535,0.4498813556062768,0.0,0.0,0.0,0.0,0.0,0.0
Steel,6,2,0.5500428259372712,0.11865951371192933,0.02914647027205609,0.2908344640720047,0.09895822644233704,0.06546619354542127,0.2645896930305591,0.02694535255432129,0.13282512170882171,0.3314747201589513,0.10300783276557923,0.20569184799599294,0.4443103111659968,0.05089315846562385,0.3063820550513281,0.17059765415637063,0.06444416671991349,0.39723056416322716,0.47015224605283706,0.06254049360752106,0.47441016979195105,581111403.7710409,444.44338368799345,0.08995794272431225,520540815.03035575,471.7976895264002,0.42539262990416293,0.0,0.0,0.0,0.0,0.0,0.0
Steel,6,2,0.709979397803545,0.13151392424106598,0.012353097027123573,0.24317706182081017,0.06345996618270874,0.07480853280100312,0.39922190711859207,0.0767404842376709,0.15793309149966347,0.2676602710081613,0.10904329001903534,0.2597997988735131,0.25682860385794143,0.1359140843153,0.39261167430566185,0.21799901298942506,0.09768648684024811,0.523167024225189,0.2032790645109048,0.08947031676769257,0.6310710638152756,623558749.5445045,832.3533501646077,0.09927650325236792,558212489.908896,401.7327260648233,0.5860575194968787,0.0,0.0,0.0,0.0,0.0,0.0
Steel,6,2,0.9187850251793862,0.1294137021303177,0.0338093768139778,0.2709889540727271,0.11624135553836823,0.09188850251793862,0.41130867546772587,0.04882469385862351,0.2223469514096069,0.15257597854984195,0.07687887042760849,0.34989071253976967,0.22925183803344115,0.06702931016683579,0.5351796010294938,0.30103536777711737,0.050447030663490294,0.6661956585734445,0.36256991331466765,0.02295227447524667,0.7438115406156922,600204938.4992129,259.4196191680382,0.11398924852509218,612624561.5855495,225.12479766427913,0.7954879331800905,0.0,0.0,0.0,0.0,0.0,0.0
Steel,6,2,0.8858522072434426,0.14698829710483552,0.014053939868471513,0.28360652678432174,0.03889651238918304,0.08859522072434427,0.23596093558633957,0.045215864926576615,0.18139534329673068,0.25072788304696814,0.10931721091270448,0.2617866359361663,0.3072282972992602,0.07412524908781051,0.38838148420441715,0.25930123064366817,0.1032268625497818,0.5682181546237625,0.34104855387865024,0.07275454819202423,0.7839338974558167,568640671.6187582,506.19398005756364,0.11095447483725326,574704256.4804589,681.7036509236417,0.7142827594794662,0.0,0.0,0.0,0.0,0.0,0.0
Steel,6,2,0.9176054820418358,0.14537545788288117,0.012252839659527835,0.36849453892479034,0.06512819021940232,0.1819220806869235,0.23658281069711895,0.06040799260139465,0.3321529418487288,0.348687751710386,0.06491145789623261,0.46433497603182733,0.15265949520010294,0.059808200299739836,0.5371297737822708,0.18226063098748083,0.052168299704790116,0.5991109435967821,0.2776203268367847,0.07364562213420868,0.7629822566613856,783885312.9340087,832.3349550477312,0.12108419476283996,578899319.486129,348.3218813074322,0.8016993960375659,0.0,0.0,0.0,0.0,0.0,0.0
Steel,6,2,0.8140543967485429,0.12918264722824097,0.024993966310568674,0.3236612987605391,0.08759943187236786,0.0929981057620286,0.33289403357828967,0.08629465222358704,0.22281777520054272,0.1708943751443086,0.1179955154657364,0.34760076480621427,0.1758620454329105,0.09379748582839967,0.47445850262499945,0.274891021473345,0.07429982513189316,0.6053300710551217,0.3637240035932126,0.08251197755336762,0.7296745027773205,571154990.8795217,218.14266988697167,0.1081062392689131,636114648.5075394,251.0121970520024,0.7128238442375927,0.0,0.0,0.0,0.0,0.0,0.0
Steel,6,2,1.0255568355321885,0.1431662805080414,0.008880161412909085,0.2753954299803079,0.10400510132312775,0.10982832044270827,0.2125140019522383,0.09839718878269196,0.24547588861292446,0.3036773003756245,0.08870284855365754,0.38357141300100595,0.2911299255795472,0.041080549359321594,0.5403023471253695,0.1503396269928968,0.08724646747112275,0.6478701017836211,0.4109425957504221,0.03837014198303223,0.8042812216767298,631614197.881196,120.62200267007616,0.16246466048854966,662081453.6624713,265.6937327193907,0.8438753804858017,0.0,0.0,0.0,0.0,0.0,0.0
Steel,6,2,0.9104872032999992,0.13377831983566285,0.04835052613142232,0.23063880406601375,0.15,0.16644795247311195,0.1698039969652039,0.09924345254898072,0.41132622325498164,0.19318958918004314,0.058136059343814855,0.5178375588356675,0.187359077431314,0.06251618623733521,0.6087926885346718,0.1557495109206716,0.03007954075932503,0.6790575196992767,0.19243157773951128,0.0741741505265236,0.7393403452834644,492319406.3849243,897.9644605870484,0.09570210033806001,463470962.66370326,377.62857414616064,0.7812754528485905,0.0,0.0,0.0,0.0,0.0,0.0
Steel,6,2,0.8556751117110253,0.11492454791069032,0.012746305215656438,0.24919168457752275,0.04139839515089989,0.17258780767520177,0.2084655015318503,0.06373392194509507,0.3196402863104627,0.23927609619886248,0.047472424954175946,0.4263205166743239,0.17984916420720762,0.046857209056615834,0.4789810572880456,0.21553640114359984,0.06820666790008545,0.6052810836679601,0.46973371866981445,0.04513325706124306,0.7700976005399228,451560850.6093904,310.4752753299907,0.1182200774680513,462266585.6611224,677.9841145642018,0.7462734757362839,0.0,0.0,0.0,0.0,0.0,0.0
Steel,6,2,0.894520366191864,0.14424452543258667,0.04909697758726682,0.29628199074492,0.09717576861381531,0.1244785426449603,0.3182144434260786,0.02,0.2890822198807596,0.2349423213034253,0.07063192278146745,0.3756704491760186,0.15147189737938643,0.06569651544094086,0.5104431089899085,0.37805845417849687,0.06292697459459305,0.6702436644073633,0.37439725741982893,0.04540782690048218,0.7800387368979822,845822332.371972,378.998674591418,0.10735651105460858,523181312.0955764,479.36903622262395,0.7974241462456529,0.0,0.0,0.0,0.0,0.0,0.0
Steel,6,2,0.6389639154076576,0.12122185409069063,0.025019845766022005,0.4083999511827436,0.055978038311004646,0.06417948829622437,0.26942296062455545,0.10104614973068238,0.14590894917755357,0.3433162202814515,0.0692745417356491,0.2343395838906166,0.28439520881326774,0.09984964907169343,0.32220495969941393,0.20692277240726986,0.12117311716079712,0.43599216366160354,0.17162386520277606,0.15,0.5749378596352434,578952791.3819033,106.73780315509656,0.08259154103339411,566487429.535635,652.0777196054532,0.5449997233223558,0.0,0.0,0.0,0.0,0.0,0.0
Steel,6,2,0.5187414318323136,0.12390072488784791,0.028249890511507704,0.31123217800371794,0.10728481411933899,0.05500343888683689,0.2539992824015662,0.10128469049930573,0.16275876515502663,0.3063264282364134,0.02,0.2304619512798415,0.3303252554515399,0.072602698802948,0.28218639527059997,0.29816063048736485,0.08984240472316743,0.36992526906858264,0.5270386894581691,0.08975677490234375,0.46388023270779194,550000000.000001,372.71830512427704,0.0773583032454875,744017584.3981081,693.4426399045535,0.4353909994602658,0.0,0.0,0.0,0.0,0.0,0.0
Steel,6,2,0.7327034667134285,0.11654494535923006,0.014501839141112078,0.18762352971901777,0.12181553840637208,0.11654345212365846,0.2821795770866349,0.034683800861239435,0.21304525655115977,0.3219162844857419,0.09690640389919282,0.29615840093212203,0.1972454957994906,0.035863272026181225,0.3897218256465103,0.2360266293971235,0.0724759665131569,0.5129321668345046,0.20347997508461202,0.07786060690879822,0.6594231200420855,588179984.2391791,339.28204249194835,0.09526100993784602,452187911.5584625,698.8820312019167,0.6494221200420854,0.0,0.0,0.0,0.0,0.0,0.0
Steel,6,2,0.5966791354119778,0.11619671678543092,0.04435483816487337,0.40503900779756596,0.0988122582435608,0.07325388964237242,0.3099905522761253,0.06629208862781524,0.16252466684721636,0.2969265866144272,0.04799649596214295,0.24397950052174955,0.3387140481612044,0.06572561144828797,0.31993914999240847,0.289694593721684,0.09529412865638734,0.41621881343099704,0.2345950193391485,0.08870624244213104,0.5322061355735216,624550161.9263703,319.0559292832607,0.08860240887472812,590781837.7282041,685.4469886684591,0.5168558430414006,0.0,0.0,0.0,0.0,0.0,0.0
Steel,6,2,0.9386967763304711,0.1415335681438446,0.0064091224201173295,0.20914515903494724,0.10400034368038179,0.13113013946073987,0.3271965873338277,0.09046175837516786,0.2786353978396844,0.26845524280465455,0.026189964413642883,0.4120123170826369,0.19464810070856892,0.11300449252128601,0.5599751292383679,0.20010957733155713,0.07294497400522232,0.7143001168637737,0.20494635082645607,0.10860433161258698,0.8348667972114606,567507392.6401681,441.0499074273505,0.1568855630392867,569527770.1840526,536.9860703060242,0.8170741564658544,0.0,0.0,0.0,0.0,0.0,0.0
Steel,6,2,0.8670502543449402,0.12264192891120912,0.022070746996357974,0.3139533311740958,0.05143427640199662,0.153669116769714,0.2074232229631539,0.06392191857099533,0.22634688011578546,0.22056983371870661,0.08997930705547333,0.3652472203770095,0.20874833451874533,0.059307156205177305,0.48139054657010644,0.2590011960445225,0.06891384422779083,0.5859108977193608,0.380391397286836,0.07827858597040177,0.6960318368371085,590139988.2820525,785.0080069742409,0.10313941031560196,607037223.1888137,334.85680078153337,0.7317947681969146,0.0,0.0,0.0,0.0,0.0,0.0
Steel,6,2,0.7387464061379433,0.14242963695526123,0.02730815988033524,0.2033691488812636,0.055718994736671454,0.09845959363925497,0.3854235961984124,0.07730892181396484,0.17771509962265677,0.16509692366424403,0.15,0.33191213928883034,0.3290566186644232,0.05622438192367554,0.458064268521863,0.22913156081407063,0.07931246668100357,0.5508594638314728,0.31661375835078487,0.10006266593933107,0.6457360618922667,640123713.93905,914.3328641114783,0.07934163333471035,550000000.000001,884.1506442593246,0.6608756820300274,0.0,0.0,0.0,0.0,0.0,0.0
Steel,6,2,0.658875473588705,0.13592565178871155,0.01882743285502235,0.3340225798679189,0.0939820033311844,0.10800188944169288,0.21372945603998084,0.04073022529482842,0.18563202132775236,0.1989826155539999,0.06214573323726655,0.24827782212710253,0.3172871102085446,0.061392111778259276,0.3520512933851665,0.24744939910472313,0.06146352678537369,0.4439817722869755,0.28024930886150634,0.09915996134281159,0.5504317577026187,435454986.74575776,648.1450678487663,0.14343782332894267,424055207.4230031,386.89299853756046,0.561963039503286,0.0,0.0,0.0,0.0,0.0,0.0
Steel,6,2,0.8983435988426208,0.16,0.016263706152840125,0.3669078859641812,0.06325508534908295,0.11607883229270145,0.24434390990168295,0.09739544153213502,0.25544173275118087,0.24889358081770338,0.09740797877311708,0.3680539140747665,0.19186126935941394,0.07117276757955551,0.48402055558779966,0.17633488137523726,0.06911677628755569,0.6501077187351977,0.21446898634244174,0.12758407950401307,0.7766196152381508,550850516.901547,675.2135434427752,0.10096411564434411,621552308.2427443,196.99248855173468,0.7572974359569503,0.0,0.0,0.0,0.0,0.0,0.0
Steel,6,2,0.7005457267165185,0.10503958940505982,0.017658112087394227,0.36144020470701116,0.11766578137874605,0.08585300521077487,0.236152624137209,0.07040643453598022,0.209505741097292,0.16038123831347742,0.07376288563013077,0.3282024490614598,0.42765139342733793,0.06160827845335007,0.41606055443852924,0.36858901194080246,0.0969661843776703,0.5029826234546133,0.3614291451651223,0.043010356575250625,0.6030228094699788,550000000.000001,459.2659884715213,0.10430697253690326,759623766.081471,369.7273380471823,0.5596525838743972,0.0,0.0,0.0,0.0,0.0,0.0
Steel,6,2,0.8100709989666939,0.10443696260452272,0.014991866452493025,0.2679390184187389,0.08078489512205124,0.10694945891831997,0.22440804089518215,0.0904765659570694,0.23565061267974632,0.3915445427277764,0.02559377618134022,0.3124291689947022,0.12484163358989281,0.11502133786678315,0.3858508561408575,0.20775942822708093,0.15,0.5292142734393277,0.23507611652806115,0.13903044879436494,0.7090978317197708,564759051.4009275,378.641779107039,0.12424146787313725,700772575.4473494,323.623919300788,0.6815524523933862,0.0,0.0,0.0,0.0,0.0,0.0
Steel,6,2,0.803431947529316,0.1247993074655533,0.033456195969842416,0.28004433823747965,0.06934462785720825,0.11931491662494681,0.3083521903625467,0.057106645703315737,0.193371174369993,0.22832705202712195,0.11487247943878175,0.34254490688210193,0.20957578098400248,0.06485361844301224,0.4854614869323852,0.37048971792692104,0.05011730819940567,0.5758739696816604,0.2515085322110748,0.12600093126296996,0.684331979205024,581130867.7601953,692.9418406984349,0.0988631861088442,550000000.000001,879.5483465134346,0.6693054973181329,0.0,0.0,0.0,0.0,0.0,0.0
Steel,6,2,0.6138582102954389,0.11878248512744904,0.00502971455902529,0.2518482827228475,0.08518036425113679,0.07537331613650294,0.2884660349796813,0.06759448170661926,0.16827607610077955,0.2911197040980351,0.12450603961944581,0.2910138204176934,0.3399101626109853,0.05865417748689651,0.3966776912026186,0.349468120925106,0.03859047159552574,0.4532443774512642,0.2018412343356721,0.11458999633789063,0.5351981703651636,654202875.4280597,1006.0900069564406,0.06429426391836546,578827511.6115354,147.6727859730127,0.5521715551646522,0.0,0.0,0.0,0.0,0.0,0.0
Steel,6,2,0.6918413996696473,0.10312261831760408,0.00895291454925462,0.2720426723232945,0.07239847660064698,0.08181046087567465,0.2782159835337533,0.04039018169045448,0.15115477654407294,0.21450268265737268,0.07855594724416733,0.22241459649798812,0.15037064936039612,0.06201812148094177,0.30855382433990197,0.3638719356434199,0.12014459848403931,0.4251371332636258,0.3463722427198787,0.12940378487110138,0.5742051406758224,560042628.3884494,442.2997582316918,0.10404649866334291,676426002.4778197,570.7354242926559,0.5449251549964786,0.0,0.0,0.0,0.0,0.0,0.0
Steel,6,2,0.7082034945487976,0.1308934894800186,0.021931430564954172,0.3675616363147214,0.07315960645675659,0.08517895052364068,0.39822021508375943,0.07128836899995804,0.1959149549410618,0.320485308469191,0.06804357916116714,0.2980612769161439,0.17318211762870325,0.10787873685359956,0.40420929528996496,0.2991883184709874,0.08152012139558792,0.5202007892633325,0.27845717964204697,0.08387272924184799,0.621835765092871,658726323.6896088,1099.9999999999995,0.10202908137929796,559226395.5982295,687.0459870523123,0.6112554086041906,0.0,0.0,0.0,0.0,0.0,0.0
Steel,6,2,0.6836151421070099,0.1419952462911606,0.028470970194880832,0.18296232775189322,0.13481463491916656,0.08560119629295083,0.32413386726450655,0.15,0.2476478041537171,0.2993392024502542,0.056966306865215297,0.36564919831164544,0.31945445242109394,0.05584724962711335,0.42577328195691544,0.2257667222612239,0.07962461918592453,0.5128929427577482,0.279328234608191,0.051293050348758695,0.6035671432588499,711996971.212394,297.6900318089613,0.07326210826934947,550000000.000001,63.70715122992993,0.5910499250618716,0.0,0.0,0.0,0.0,0.0,0.0
Steel,6,2,0.8005273073911667,0.13090105617046358,0.027728147064460126,0.20821448594134376,0.10905168175697327,0.1633100815189206,0.23837067139811371,0.06881013303995133,0.2968302507230658,0.23944420012834755,0.11648529708385469,0.41649839085789203,0.31486241514643404,0.1013956892490387,0.5783119845207555,0.3547121135382605,0.02,0.6603979872573122,0.26739912545308253,0.046565499305725094,0.7020406375557461,550000000.000001,1099.9999999999995,0.11218461332036359,668844634.3973514,433.6580827917669,0.6911045286345444,0.0,0.0,0.0,0.0,0.0,0.0
Steel,6,2,0.5558948352932931,0.1576389640569687,0.008492199760397385,0.2796820878192484,0.09387438297271729,0.056876939779489315,0.26798092499483184,0.1065170979499817,0.1614907720644891,0.3009144838623068,0.11196219682693483,0.2759693673332903,0.5664310548019443,0.02805833972990513,0.3522542631252379,0.2608981250314329,0.05602175205945968,0.40481205991902286,0.1773386722894477,0.12487521409988404,0.4994290666219892,502104717.14504874,776.3366035797818,0.07914886562578992,571305321.7713052,645.0164970058051,0.48055210496857426,0.0,0.0,0.0,0.0,0.0,0.0
Steel,6,2,0.48439709320664404,0.11501040530204774,0.037284716485258315,0.48143528209103514,0.06968874722719193,0.05002746982720714,0.2578602751443213,0.06800588220357895,0.12524218781621554,0.22170199131299184,0.06116312891244889,0.19618387150481628,0.364213670761666,0.09756462454795838,0.28231809106563654,0.4169742788014237,0.050457249134778975,0.36227756382973014,0.36656674411905743,0.08698990345001222,0.43460366323144084,690896085.2239633,859.2637113873067,0.06523754979507485,550000000.000001,233.93200333490958,0.42460266323144086,0.0,0.0,0.0,0.0,0.0,0.0
Steel,6,2,0.9352391943335533,0.12503785288333893,0.013584062625849262,0.210555230065719,0.07141601949930192,0.13357405122334642,0.21558085613665412,0.09756262540817262,0.2819923995593544,0.22645817594072704,0.07697607278823852,0.4723682088601941,0.22987311584324072,0.09829869627952577,0.6121481958827347,0.22572109621802056,0.08602369904518128,0.7154899068020687,0.17846147439863821,0.04685578718781472,0.8284500306460396,583960957.0494591,442.1335303791855,0.1490893662062025,564265237.5960231,557.1929534364131,0.8026229883682221,0.0,0.0,0.0,0.0,0.0,0.0
Steel,6,2,0.6054911397397518,0.1112400690317154,0.020697087443138806,0.2652687394188916,0.08016045838594436,0.0798837471733569,0.2945742071856959,0.05527618139982224,0.1509944248120723,0.27608122982639327,0.11661352872848511,0.2568189763211807,0.4414035557195861,0.020455232986714693,0.3394904786810051,0.3120361337497441,0.0778226000070572,0.40442481665024554,0.41611697263967296,0.11803802430629731,0.5252101536238432,555002642.4943433,695.612582064654,0.09797999329759545,677264141.1877142,550.5785212715997,0.5085818259769351,0.0,0.0,0.0,0.0,0.0,0.0
Steel,6,2,0.7565223097801209,0.10303103089332581,0.021539667146355464,0.20277390070717094,0.10536814272403718,0.09187748307580758,0.17016919174374553,0.09571355283260347,0.19871709551220654,0.30470911129229955,0.054093771576881416,0.287250303584145,0.25287951126158004,0.09247963428497315,0.3750319448761075,0.24392687262639895,0.08916798949241639,0.4965715149988588,0.24383028516548366,0.1432068145275116,0.6564053605447808,597411441.4029281,559.9180554534214,0.11354652070992667,567009197.6205368,693.599742448685,0.6215918563636637,0.0,0.0,0.0,0.0,0.0,0.0
Steel,6,2,0.9291871026158333,0.1367690500020981,0.021179459781816644,0.22291679635476497,0.03648611545562744,0.1713586858159456,0.296987808085614,0.06265590131282807,0.2707448767342443,0.2637840931874419,0.08544457614421845,0.4220861133575033,0.2129399764524775,0.04979543119668961,0.5371078992984458,0.2658400190223384,0.10433292925357819,0.6809935840725246,0.21605657598756198,0.07704937845468521,0.7945108780959663,573821332.6545935,556.5958239482774,0.13486976804243514,691835800.5830879,854.7956812053845,0.7804561370953537,0.0,0.0,0.0,0.0,0.0,0.0
Steel,6,2,0.5837746225297451,0.09453712463378908,0.011562804454603004,0.44332730821776495,0.06835017204284669,0.08426029382473728,0.35669753342724625,0.08685132741928102,0.2068150150902288,0.17637947317898175,0.04785427808761597,0.2951292171872294,0.30198529131418683,0.07449407875537872,0.39216705619392533,0.46616260585327385,0.020088368566357533,0.44328251183833567,0.33606288533885986,0.06845195382833481,0.5131317529323668,659196485.4659857,975.0876388545341,0.06564007885905196,550000000.000001,286.2816951906276,0.4810696277880265,0.0,0.0,0.0,0.0,0.0,0.0
Steel,6,2,0.8497034057974816,0.1293169263601303,0.02218213341692519,0.22158850017149812,0.1101633507013321,0.16751040907001916,0.32891191842493545,0.06869945585727692,0.3691454011690474,0.2504322196888906,0.05316260635852814,0.44411808772725014,0.29068019615513324,0.02,0.528495689973341,0.3083736047365355,0.02,0.597847967666225,0.29569347401968354,0.14660275638103484,0.7359275064434179,550000000.000001,590.3397193587834,0.14650959162914837,666213808.5871365,466.8139805362403,0.7528490447095809,0.0,0.0,0.0,0.0,0.0,0.0
Steel,6,2,0.5297259204089642,0.13060451638698578,0.046119655259127326,0.4021641096866452,0.08238840669393539,0.05387931837431181,0.21323499200849327,0.04053899556398392,0.12009310583543159,0.36868434501602465,0.11946183025836946,0.20313206771951628,0.2624667746180291,0.08946017384529115,0.31136433829486915,0.30697522896249285,0.04197651848196983,0.3818212283638514,0.26178772695055225,0.13735688984394073,0.47544604947063546,564360195.6271411,288.54032831760406,0.07492487813614554,578598830.2247739,612.3727452567944,0.449403646965155,0.0,0.0,0.0,0.0,0.0,0.0
Steel,6,2,0.6205582678318025,0.12275123965740205,0.012314774823968071,0.3017496986985943,0.1465594959259033,0.062065826783180254,0.12890169052043618,0.10682388067245484,0.20597970275067434,0.20579549633367672,0.08340058356523515,0.31477985419782545,0.1644536273850471,0.0712011507153511,0.39580551887922777,0.2350818889899664,0.05587177395820618,0.46971145403586273,0.22625200478737106,0.05489862680435181,0.5460549026627046,363619788.3220231,216.80070696315565,0.08342690716372572,327284177.1321199,340.3633821830924,0.5073902135350841,0.0,0.0,0.0,0.0,0.0,0.0
Steel,6,2,0.6263915590941906,0.12594379055500032,0.04889190846366085,0.23742542321317434,0.04772569581866264,0.12258692728189623,0.195744781672477,0.0794937801361084,0.2096713535781632,0.3773238336601456,0.05933518290519714,0.3261128794936081,0.25555679854565005,0.03208887480199337,0.3962075621815728,0.3570037194749261,0.02379136860370636,0.4548186271588218,0.26062113417390137,0.08678052842617036,0.5223967385057804,344735094.531964,176.91809912890037,0.0875418361575406,344641994.2445465,180.72429121280666,0.5400149434544983,0.0,0.0,0.0,0.0,0.0,0.0
Steel,6,2,0.8351778343319893,0.14834571397304536,0.01644544620379059,0.27943429484705784,0.08622806072235108,0.12853034962589863,0.24753887523285054,0.02,0.1984088535539231,0.26902733874292706,0.09192631423473359,0.29792982674067103,0.29835559665432254,0.09232359290122986,0.4083136548549542,0.1557785759716648,0.0866952008008957,0.5687676696627868,0.2991192729080041,0.07593144088983536,0.665851152519956,531709709.7556194,569.066909901405,0.10449009626154435,589030386.5361048,366.28852869658084,0.7212581980845766,0.0,0.0,0.0,0.0,0.0,0.0
Steel,6,2,0.5216211512684823,0.12296380949020387,0.029883249879271073,0.2302834033922654,0.02,0.05217211512684824,0.4116057866329262,0.05707851052284241,0.09372137038826944,0.23622915292969698,0.05072769284248352,0.15063447207093242,0.2206453725595226,0.02,0.2128734947643682,0.2540741789000161,0.11148982644081117,0.3067360364603123,0.2657220788011947,0.09017219305038453,0.43710463429024027,310549630.07144153,435.2286484990706,0.06765363238811518,339980305.65725756,233.2056807300327,0.4194018640862691,0.0,0.0,0.0,0.0,0.0,0.0
Steel,6,2,0.8889578670263291,0.12212938296794892,0.008138930585910436,0.2839150261065831,0.03861143156886101,0.08890578670263291,0.4232907557103106,0.05964612275362015,0.1528867239308928,0.269183889806031,0.09159424006938935,0.34895233378176754,0.21713805274539347,0.04769104406237602,0.5578011469399575,0.2336436956687506,0.02658825233578682,0.6133581718310435,0.376798024261031,0.11224430799484254,0.7605639267572961,580818357.3254776,809.5051651628959,0.11296210301669847,550000000.000001,544.6355059982923,0.7325174170216944,0.0,0.0,0.0,0.0,0.0,0.0
Steel,6,2,0.7061793491244317,0.13669483041763306,0.006538958193835385,0.38067735310087486,0.03498350039124489,0.08941733044979666,0.2739773814348875,0.07171295762062073,0.18157846497333857,0.2560714726647883,0.07344015240669251,0.2871971753491004,0.2128362376495787,0.08458341956138611,0.37731940651315954,0.19382040459476357,0.08482552081346513,0.5045282276089739,0.30890739894786856,0.08946110367774963,0.6180419159195948,400729190.45440483,711.1864182729723,0.10951177809743676,458376181.16840166,914.1426584579209,0.5737723784647433,0.0,0.0,0.0,0.0,0.0,0.0
Steel,6,2,0.7118960589170455,0.1460074119567871,0.007176694290527511,0.2871068946897021,0.12103827595710755,0.08886985523784693,0.23629483152464184,0.06693846553564071,0.18684571317075918,0.3012994680618335,0.08364301025867463,0.2775062392228932,0.20829621672398835,0.09770710587501527,0.3883631562319327,0.24709268475336607,0.1302429896593094,0.510737587090511,0.39774588859732274,0.07967497736215591,0.6281507937521446,558124034.0575408,671.9386957426137,0.11760692666771788,633742912.6119791,342.23152131120503,0.565730609516488,0.0,0.0,0.0,0.0,0.0,0.0
Steel,6,2,0.690299541503191,0.12992618036270143,0.003177575289329181,0.2362106104207844,0.05587531507015228,0.09284111500557675,0.2826369328615633,0.050173187255859376,0.15268155848100587,0.18894899430529183,0.0417386557161808,0.2526248441905884,0.33129570420717275,0.04442252218723297,0.3492603615700174,0.19236280640913533,0.09257444620132448,0.46120263998308836,0.3460815660521651,0.12477884471416474,0.6159187401186604,481762662.4846992,1099.9999999999995,0.07896090905441498,479594099.5702485,705.8325118128762,0.5709398332260744,0.0,0.0,0.0,0.0,0.0,0.0
Steel,6,2,0.7591206789016723,0.13202850997447968,0.022915613078571147,0.30150372650519924,0.09844684958457947,0.08397188538138828,0.26977398412132225,0.08217634290456773,0.1858186297540545,0.23891233473716922,0.12834426403045654,0.31862325975763484,0.2524322806915991,0.10327374160289765,0.450917148204312,0.23949708072471979,0.06452981978654862,0.5512324406962341,0.3666663574729311,0.09977361977100373,0.646511831474418,679580928.9938098,476.1493861635862,0.11154251178872784,565618086.7106247,522.6925873176806,0.6349521923626361,0.0,0.0,0.0,0.0,0.0,0.0
Steel,6,2,0.7247305512428284,0.13684316802024843,0.012121584429510779,0.20606883443548596,0.02,0.10332180160783443,0.36304496281330595,0.036559188663959505,0.17328494698626298,0.24926661906451075,0.08336266577243806,0.2731821137680019,0.24902872994266428,0.10248862981796265,0.3780980606417667,0.18357709550721854,0.07896284967660905,0.4731428359291174,0.20199529065387065,0.02230352383106947,0.5646821692213168,398156104.3297947,280.70568921585226,0.08812257846967783,361873500.2528696,615.655845351861,0.6273187927599566,0.0,0.0,0.0,0.0,0.0,0.0
Steel,6,2,0.7307730495929718,0.11844223797321321,0.022918648097532083,0.24587074781677512,0.09323516964912415,0.08796623519745474,0.33216654336040474,0.08916800498962403,0.20650977015558514,0.2687840289699106,0.10507251799106598,0.3235593572000597,0.29778444457991937,0.059353601336479184,0.43117117110363595,0.20738061474369784,0.1072862321138382,0.5342018309449289,0.3007249483976331,0.07995434552431106,0.6487904704359145,693720219.3198901,522.3084353091353,0.11487018292881845,550000000.000001,899.2848039634748,0.6180406997393635,0.0,0.0,0.0,0.0,0.0,0.0
Steel,6,2,0.6814637191593647,0.11438871788978577,0.012242660726050637,0.3316759606084627,0.06688014954328537,0.0759105122250992,0.27937903980145884,0.11415366470813752,0.1833879362518856,0.29225265484917756,0.07328317731618882,0.31722417474673476,0.3662374726229158,0.08630917310714722,0.46157228659381144,0.25493171058330777,0.029446979612112047,0.525030218276386,0.288197111425514,0.1029293704032898,0.6049193790810973,671778401.3658175,507.150316477719,0.09777304472290299,544889684.6821789,372.3806613731689,0.579267929685368,0.0,0.0,0.0,0.0,0.0,0.0
Steel,6,2,0.6739312991499902,0.12316390359401705,0.01244245694102907,0.2361922389958764,0.10418959558010102,0.08682234232483141,0.16166790090682717,0.08481877952814103,0.22324927357558186,0.3905664715466572,0.0498647153377533,0.3061114036207941,0.21674807913334798,0.052783246338367465,0.3816728381846209,0.3254440446362436,0.06641348212957382,0.48218950612402284,0.22459594880958372,0.06436953991651535,0.569869627212086,431563506.929046,765.7344044846764,0.10195940109096445,397942014.33395606,245.59697814858157,0.5864066994535985,0.0,0.0,0.0,0.0,0.0,0.0
Steel,6,2,0.5912330523133278,0.14119023168087005,0.012215148140733746,0.36004328703807953,0.09862214624881745,0.06447273971828807,0.3441182239512243,0.13107070326805115,0.19727857958312214,0.2398412202043544,0.10135032892227173,0.3307308796343062,0.2606194517277122,0.02,0.4010948458263818,0.2792365435246409,0.05149035498499871,0.4435273920211531,0.23645965390104698,0.0996000897884369,0.5293094159369267,616638318.0388224,333.04554204545707,0.11908226986740657,550000000.000001,578.935328665222,0.5117344715527901,0.0,0.0,0.0,0.0,0.0,0.0
Steel,6,2,0.44701504781842233,0.12650598549842834,0.02301804382021336,0.27195792822879494,0.09417364180088043,0.046499658483242515,0.2195011949903027,0.044858332723379135,0.12162844711444397,0.3311463853251906,0.04550743132829666,0.17120861078375568,0.1746279320451266,0.0771476811170578,0.23824232480689894,0.21442264146926374,0.08079469323158264,0.32107077036838705,0.2189150137818218,0.06909503370523452,0.40062782435359384,317083333.841045,308.72483679461976,0.07804362766682288,239637011.04418322,514.017264254755,0.38878446838358316,0.0,0.0,0.0,0.0,0.0,0.0
Steel,6,2,0.903467008471489,0.13156665408611298,0.008798867932782839,0.21093550028737357,0.1039679080247879,0.09415799579095067,0.32238019731952244,0.07902118116617203,0.22701949598926477,0.2788501071618052,0.022367386128753424,0.37609175954495494,0.2845950941878839,0.0568663227558136,0.49002438037422424,0.24387721031843315,0.07234539479017257,0.6245787708366751,0.32064232714064406,0.13425302386283874,0.7895320967949132,551940635.2967118,290.21607503354744,0.12827179157802582,591494588.551422,454.9906586241972,0.7624904449249821,0.0,0.0,0.0,0.0,0.0,0.0
Steel,6,2,0.8047098502516746,0.14176341271400453,0.030663812002126978,0.3553939965404855,0.10122573137283326,0.10329543509396182,0.22094684875406473,0.13363412737846375,0.24677786725344847,0.3023390867786546,0.055698511302471165,0.36897048724054793,0.22111821776094162,0.11327257871627808,0.4592866248719237,0.17526197119129153,0.07130734533071519,0.6023076873020432,0.327414819862383,0.10669797360897065,0.7109091141421402,574816883.1090913,1065.7490408907154,0.11973559362347952,570928079.4074416,87.79988097654811,0.6879036484120786,0.0,0.0,0.0,0.0,0.0,0.0
Steel,6,2,0.4895138040184975,0.09446810185909273,0.010067417388879252,0.1520878131800192,0.03881841614842415,0.06020967452168964,0.30940747247393247,0.054361419975757594,0.1303325082772948,0.3882822700453218,0.06341553181409836,0.21385416051183967,0.2570278621301739,0.06980043560266495,0.3093345818464801,0.3270917125299054,0.0262956665083766,0.3628519299647526,0.245709946365016,0.0743225246667862,0.41783998627305885,396022928.456837,118.16491272523413,0.07981383510387327,358986021.2791902,293.2479311565374,0.4405624231271339,0.0,0.0,0.0,0.0,0.0,0.0
Steel,6,2,0.6370245940983296,0.11730304479599,0.019255278891031357,0.27407676924344926,0.12762096285820007,0.07155383993994816,0.21572714982450378,0.050035076141357424,0.19003690007478422,0.4087359250283268,0.07972316205501556,0.29485738079841,0.3281470248355358,0.11405717909336091,0.41269791359058694,0.25407567648787494,0.03980750992894173,0.498294148122698,0.19894139802735336,0.034794084802269934,0.5597741668278085,580312400.8342255,573.1178037006302,0.09036268621395531,658421944.2380571,452.01611879445744,0.53425262526438,0.0,0.0,0.0,0.0,0.0,0.0
Steel,6,2,0.6086260482668877,0.12025695717334749,0.007408235053006005,0.21979805569368896,0.06646571159362794,0.0901123992553082,0.26338576160773125,0.04049890235066414,0.1627972804607259,0.26144818265908704,0.03476402118802071,0.238588523265726,0.48272268838343113,0.07620987921953201,0.3616146342827268,0.17234339211997346,0.02,0.42588409817084477,0.21058526817051493,0.11752263367176057,0.5175040746966038,391558843.3106351,205.48231572536415,0.11373260836838325,420316857.88809603,457.24239472636293,0.5018749932457072,0.0,0.0,0.0,0.0,0.0,0.0
Steel,6,2,0.5321670740842819,0.09986597061157228,0.028295988149600975,0.40638127700175436,0.10290333509445192,0.07417978900619955,0.28382591662602075,0.02,0.1505242662561073,0.1600020184499572,0.081969253718853,0.23060595984734975,0.21139684880762993,0.053493018448352816,0.3361952078083248,0.4790638747760828,0.027026906609535217,0.4055368639797912,0.3892741085177867,0.06734730124473572,0.4733255142076815,390562597.85129446,514.8958660484042,0.0843917714477929,386060637.7213951,317.9598871262907,0.42990169761881797,0.0,0.0,0.0,0.0,0.0,0.0
Steel,6,2,0.9977330923080445,0.14208093440532685,0.022451827435636323,0.41780418222065463,0.02,0.15457638965860468,0.303858487982769,0.05699375629425049,0.28134824839476263,0.20401159832314872,0.08487567365169525,0.4415654249551503,0.14919989962370575,0.05887213796377182,0.5813637929664293,0.27868456514078255,0.02,0.6605830205282434,0.29265859503270075,0.1427244019508362,0.8410611081981545,642995325.6931185,533.8660129699299,0.11774384050279826,556609817.1540192,558.2220298153147,0.8562844118184987,0.0,0.0,0.0,0.0,0.0,0.0
Steel,6,2,0.6073302544653416,0.1481699450016022,0.02407726636025432,0.25678440342092596,0.08152185708284378,0.0640061859338693,0.379749939038458,0.1120163130760193,0.16396715817072766,0.28015522227124684,0.08525800526142122,0.2665402373808629,0.31809396688634856,0.027805435955524444,0.32947593105627565,0.16457724160234524,0.12971922278404235,0.4157338871420213,0.36267878677621707,0.11069583475589753,0.5436147518264189,550000000.000001,731.7682631121402,0.08149007474805689,624085534.8581678,445.99565086265505,0.5215950698244027,0.0,0.0,0.0,0.0,0.0,0.0
Steel,6,2,0.7335464149713516,0.10094240427017213,0.010017118577926146,0.22861878679201483,0.08216915994882584,0.07336464149713516,0.23400548068861732,0.12687380373477936,0.21021743795833134,0.18284196320933077,0.025502191558480262,0.31578749710106835,0.2673886023359348,0.07674654364585877,0.3810668825970037,0.19235904129677941,0.10629211723804474,0.5194334783122201,0.42123820099946485,0.059703036248683936,0.634227245659674,609975089.1128967,523.4383030950337,0.11555040308224435,550000000.000001,206.83238589099585,0.6511943592798537,0.0,0.0,0.0,0.0,0.0,0.0
Steel,6,2,0.6493940286338329,0.128202041387558,0.017518633325832596,0.28459984777277003,0.05884909749031067,0.07329484679512818,0.267896266991531,0.09556001424789429,0.1784138107732459,0.42011977949475476,0.09384259819984436,0.2969143933843544,0.33186109437518824,0.02,0.36826897772983175,0.19290080681649718,0.11743464052677155,0.4459725642528426,0.240891034070477,0.12329633533954622,0.5718720823575959,640410815.2654351,486.6761042763829,0.09279532940509368,498057822.82435596,460.30683602263764,0.5436819798704449,0.0,0.0,0.0,0.0,0.0,0.0
Steel,6,2,0.389505111053586,0.13268808162212373,0.018068510849621227,0.26939588098951334,0.0904363662004471,0.042823923218187274,0.3054883530632078,0.022707510124891996,0.10716707673244427,0.5566487466450796,0.09056046783924103,0.16970710395678,0.2509405408640288,0.042209796011447906,0.2414390978517916,0.1955399107337544,0.044727363884449006,0.29017409574864605,0.34302007213180347,0.06482591331005097,0.3503841354077357,440916097.2108654,307.2142062496559,0.059654031692440525,531131335.7685096,409.2549721268512,0.34038313540773574,0.0,0.0,0.0,0.0,0.0,0.0
Steel,6,2,0.7576477661728859,0.12763188195228578,0.010968672570434936,0.27619900465809216,0.106909316778183,0.07815970447867551,0.25724893613675903,0.08976519763469697,0.19570484580044736,0.2527520393752268,0.1416197222471237,0.32109577207370843,0.17367230462831576,0.07900402188301087,0.45408656120980945,0.28360663541313735,0.11149432063102722,0.5657999959706608,0.403364605687639,0.038463351875543596,0.660789115085617,602450577.5003227,521.3749668806585,0.10522818795572216,553116820.0723252,854.2917902475596,0.6311292239338535,0.0,0.0,0.0,0.0,0.0,0.0
Steel,6,2,0.7149337932467461,0.16,0.011248994832240818,0.20701357869587678,0.1334913283586502,0.0716788334154306,0.17274854449167582,0.06853341490030289,0.17901477505931576,0.333403232953274,0.10426220774650574,0.27919490344304326,0.3533065687308469,0.11670274615287782,0.39917462308573276,0.16801680000000002,0.12436906754970552,0.5326137100608915,0.28048120280168426,0.06664312362670899,0.6432748486899774,550000000.000001,471.11010518502314,0.09249734375484017,679842560.8415636,633.382992625127,0.5667700132038872,0.0,0.0,0.0,0.0,0.0,0.0
Steel,6,2,0.7604746669530869,0.1482945922613144,0.018051210057417322,0.3679595303448499,0.12022984862327576,0.08240047358510028,0.2723132856979384,0.09527708172798158,0.22900318881256443,0.19486690297588188,0.04534122183918953,0.33055598895039756,0.35799772219789544,0.10211768865585327,0.4608268951938864,0.31545731285835926,0.08995387613773347,0.564424099815888,0.3519498370467935,0.02867097534239292,0.6365070744587477,768212036.3198833,509.85297060602426,0.10647376766964183,573428529.4844112,741.9288681168646,0.6254798718302244,0.0,0.0,0.0,0.0,0.0,0.0
Steel,6,2,0.532837700098753,0.11481423842906953,0.01318559375882943,0.1582268861702339,0.10130737841129303,0.05467529649227452,0.30548078499565706,0.08204314827919007,0.15103303710249336,0.2930225334954159,0.0743839168548584,0.23499194701112494,0.2721238595097125,0.055297575294971466,0.3058991183480582,0.38659128778386304,0.0909926849603653,0.38321528218996986,0.3590011160085718,0.0867273497581482,0.47733850060154237,603738855.7513368,366.06835198480707,0.07360528404707398,550000000.000001,585.0227474141519,0.46009085559265805,0.0,0.0,0.0,0.0,0.0,0.0
Steel,6,2,0.713647510111332,0.12209279370307924,0.030348905144910062,0.2839834611392887,0.09793192386627197,0.09276570269990536,0.2573152545565839,0.02,0.19782920739436624,0.2597852402492478,0.0734113159775734,0.27046061565766444,0.26379602775879235,0.11971093237400056,0.40113046097819677,0.34243518399284056,0.08284947961568832,0.5206854434680923,0.2670025162030007,0.10061179399490357,0.6279354403756805,570749438.3927511,575.4277891038492,0.07864446693026002,589750588.1932256,379.75615995113714,0.5945755111751185,0.0,0.0,0.0,0.0,0.0,0.0
Steel,6,2,0.7783667385578156,0.10654618179798127,0.030292856042942372,0.17968820775004474,0.07971932649612427,0.10028634115340507,0.2834533213587448,0.07548028618097305,0.21240474092909664,0.30323777805044305,0.08080379784107208,0.3427073904870399,0.21805211629675386,0.10245153725147248,0.4548933782093214,0.2705540745587963,0.0510186567902565,0.5945663215046809,0.30175562889042185,0.04483650490641594,0.6808598624060217,561233162.0395964,909.919241849087,0.12559675963429343,656666615.1841228,399.1794436040329,0.645650627141984,0.0,0.0,0.0,0.0,0.0,0.0
Steel,6,2,0.68756989762187,0.12844993090629578,0.01936549014510476,0.2365545647530313,0.08173533886671067,0.08946570606504999,0.384580108644863,0.045314659625291825,0.16736124561119142,0.28903801853616296,0.0483828316628933,0.238890593657402,0.3298548667710039,0.10497731864452363,0.32374779023010586,0.2123203782863764,0.1064563798904419,0.45243333406986697,0.3359611003276767,0.09719866573810577,0.5862507797013274,550000000.000001,890.5677991972926,0.1260860946178196,624450145.6756178,990.7043829465308,0.59996097704677,0.0,0.0,0.0,0.0,0.0,0.0
Steel,6,2,0.6206943392753601,0.10111962056159975,0.01893138156897752,0.2030870206700358,0.029840778186917306,0.10622420690858728,0.18227880863549914,0.0727809825539589,0.17792958722719895,0.4317989721290994,0.03359502904117108,0.24576861650816353,0.23662295077832404,0.06894393980503083,0.3364777013156678,0.39561347720683354,0.05427802175283432,0.44425658016667263,0.5362237233515605,0.05117182537913323,0.5448674929038348,524840424.48127866,812.6657300264172,0.09294239687029093,521591812.04768854,187.59684049752542,0.5158805244362101,0.0,0.0,0.0,0.0,0.0,0.0
Steel,6,2,0.6293553583323956,0.1314007624387741,0.028019170917729846,0.2755327436712518,0.09372412204742432,0.06809862787221796,0.27724807939663604,0.08277215629816057,0.16013143281307946,0.2538790621486843,0.09817084431648256,0.26135880975962034,0.3338284292374547,0.0831859627366066,0.3707192378651717,0.33032633497948277,0.08092381596565247,0.4722829878729483,0.39383402241896404,0.05623488515615463,0.5519600519092913,540457891.0771517,448.2475330681102,0.0852964141035771,609077527.98961,543.5889094277729,0.5402383798477062,0.0,0.0,0.0,0.0,0.0,0.0
Steel,6,2,0.7038210347294808,0.11218827521800996,0.03339748035455947,0.3545911266016876,0.05787115007638931,0.08326360677552766,0.2271247341936044,0.04332211583852768,0.1532208294450761,0.24884593296428079,0.0962655943632126,0.24874466925771044,0.3068159433142684,0.134508216381073,0.3853379435964086,0.2500537696070413,0.09856155991554261,0.5063204073751257,0.14468678726105855,0.10440135717391968,0.6275563539035918,645759029.3855671,586.9722821918891,0.11416417587083516,567482702.6916493,538.2674552390338,0.5971728590391526,0.0,0.0,0.0,0.0,0.0,0.0
Steel,6,2,0.8347317427396774,0.1480938972234726,0.00728812042957157,0.2469530868806987,0.07810145676136017,0.08391879212361444,0.3265828178717303,0.028848037719726563,0.15474419189425911,0.2030719376017583,0.05888562440872193,0.3012019844272671,0.30558943467253763,0.11991591393947602,0.4345237261310682,0.26049113658216616,0.09678118646144868,0.6106740828573974,0.1888610103585954,0.07602579176425935,0.7378715974666511,629764050.3189527,192.05714171362226,0.0947048062837671,550000000.000001,945.2276896442376,0.7216620623270443,0.0,0.0,0.0,0.0,0.0,0.0
Steel,6,2,0.7375819146633149,0.13250408577919007,0.02661318633857509,0.19378766178227277,0.057913434207439426,0.10167975730722191,0.472753332768009,0.09711892485618592,0.2023938445273299,0.24955201637200336,0.08058056831359864,0.2968323393210982,0.2730942464346377,0.10358566939830781,0.4000274957758468,0.18617263136943632,0.09824131011962892,0.505889089076606,0.27761693474737165,0.07722093641757966,0.625659622511168,749235749.285641,496.48807081379056,0.12238149464200859,595849361.560366,372.4974570257835,0.5995380508809272,0.0,0.0,0.0,0.0,0.0,0.0
Steel,6,2,0.6313174225389957,0.12758867394924164,0.01771404546446477,0.20534677825067238,0.0665174025297165,0.06685079278103452,0.3108550625218273,0.07042708069086075,0.14639113969799086,0.3823448519085055,0.026786392852663994,0.20082936419027428,0.3062741982777837,0.13507267117500305,0.2865098688824673,0.24256818109182862,0.1195770287513733,0.4199544187431355,0.17092700066102376,0.14926767170429228,0.5641055632116705,556117598.3826082,539.509856087287,0.08972313814035664,547194297.502237,672.6162527239522,0.5424996553553643,0.0,0.0,0.0,0.0,0.0,0.0
Steel,6,2,0.7301404386758805,0.13680504679679872,0.008962021184573097,0.3252178860541101,0.10597992599010468,0.07371390870704517,0.21040474066738918,0.1126558518409729,0.20285124836506835,0.3160607778117007,0.05881912589073181,0.3114514830489575,0.22410211911031477,0.0908000546693802,0.3960217224217225,0.20399707492517802,0.10972815036773682,0.5194115766650814,0.3634236586510779,0.11416024327278138,0.653338391793935,572537935.0013093,636.7891680344921,0.09709017479744222,594897231.0805707,164.68498192741654,0.6184116188844815,0.0,0.0,0.0,0.0,0.0,0.0
Steel,6,2,0.8316290602087975,0.149631289601326,0.00727342609769087,0.25475920719628525,0.09661278605461121,0.09458903075520811,0.3103621419746359,0.11172297418117524,0.2554925982402292,0.15712856536680045,0.0624201461672783,0.3529193343730762,0.3983871529369757,0.06300851315259934,0.46601609213620165,0.23692691296954588,0.05336940109729767,0.6186834343468333,0.26774360260358604,0.09581911206245423,0.7484561541879179,816091159.3614565,685.521952390528,0.1098603999993986,550000000.000001,231.01776761172252,0.7132844531637266,0.0,0.0,0.0,0.0,0.0,0.0
Steel,6,2,0.7944058567285538,0.10768207406997682,0.013503541187631245,0.17861429113566835,0.03630771741271019,0.15434279716298926,0.2062986504696419,0.05917515099048615,0.23417180171239466,0.24406028125152898,0.08302166521549226,0.3096304840068139,0.2660580796306648,0.052027344852685925,0.4222299168312142,0.26745298254187755,0.02,0.5243185463641914,0.22901869788064763,0.11455827355384827,0.6509595598389843,488648878.8902573,212.98682533300513,0.11952207234128998,549234239.7227412,363.7989871852288,0.6821439751117077,0.0,0.0,0.0,0.0,0.0,0.0
Steel,6,2,0.5429750226438046,0.13676459801197052,0.02518243521668053,0.23807942957227654,0.03629119545221329,0.05437543114990973,0.36884464441804904,0.054170610606670375,0.10280204715886995,0.29337121013100786,0.07621198296546937,0.17115491167524305,0.2883447155779434,0.08507510721683503,0.25491241616234667,0.20470167308323867,0.11894870996475221,0.36001388308114074,0.3908963849388198,0.1319650626182556,0.4884981618744767,525357891.23286384,938.6814942783877,0.06794248381483567,590074657.8205059,376.76685469517935,0.4502416446493869,0.0,0.0,0.0,0.0,0.0,0.0
