material,n_disks,n_bearings,cs1_pred,rel_err_pct,L,OD,ID,d0_OD,d0_W,d0_pos,d1_OD,d1_W,d1_pos,d2_OD,d2_W,d2_pos,d3_OD,d3_W,d3_pos,d4_OD,d4_W,d4_pos,d5_OD,d5_W,d5_pos,b0_K,b0_C,b0_pos,b1_K,b1_C,b1_pos,b2_K,b2_C,b2_pos,b3_K,b3_C,b3_pos
Steel,5,2,5000.23,0.005,1.0189982250332834,0.09500416040420533,0.015001035570376397,0.26339669237826535,0.11511624276638031,0.1646705561960391,0.3488296693216426,0.06516452342271806,0.32281722956301556,0.40708605872880704,0.08855115413665772,0.4269760206573096,0.42858297525578914,0.1448992258310318,0.6134390178648227,0.2555010655448347,0.09538707315921784,0.7803980766710168,0.0,0.0,0.0,99936112.4320075,454.79357955798804,0.1808850209942113,92259000.19876936,223.86071992696938,0.8207063743842858,0.0,0.0,0.0,0.0,0.0,0.0
Steel,3,3,5000.34,0.007,1.0643597468733788,0.10962358188629151,0.03006673610765607,0.3464554894509969,0.09523358881473543,0.2987179603065495,0.2211669041769535,0.07015511631965637,0.5421356515215495,0.31656267916745573,0.03643819615244866,0.7903492303975441,0.0,0.0,0.0,0.0,0.0,0.0,0.0,0.0,0.0,19399772.013254955,984.855759205503,0.14228180991230666,21233834.65490315,203.02199421559797,0.5879285244774044,22412282.944420796,661.9117159217554,0.9579237711216811,0.0,0.0,0.0
Steel,5,2,4999.58,-0.008,1.2919165760278701,0.1035535980463028,0.021789986622879697,0.15087889348909567,0.07278855681419373,0.16184112102895729,0.498686270297453,0.08049838274717332,0.33299510501952756,0.3516252587610789,0.03767183586955071,0.5744943549116889,0.3696719341598096,0.07845587015151978,0.8748496368633387,0.24220861269279553,0.10092242777347565,1.075928442980259,0.0,0.0,0.0,119386893.94279669,113.01527143912107,0.14612011083397003,104253896.1643944,440.58622704423516,1.1442271523211132,0.0,0.0,0.0,0.0,0.0,0.0
Steel,2,2,4999.39,-0.012,0.8967653244733811,0.07376239091157914,0.013121682464384315,0.26553966788596467,0.038243086189031605,0.16500939659078045,0.09636171607352993,0.08321800708770753,0.48728249383364247,0.0,0.0,0.0,0.0,0.0,0.0,0.0,0.0,0.0,0.0,0.0,0.0,7652721.401296251,686.663614448954,0.10986265754948019,6816872.229424534,632.535594889566,0.7064335785296376,0.0,0.0,0.0,0.0,0.0,0.0
Steel,4,4,4999.33,-0.013,0.4039619576185942,0.09974051082134248,0.013628852734408118,0.34255517886103976,0.10836487650871278,0.05087325848196553,0.3123894143617976,0.08709530770778656,0.17622997677432245,0.4183370076750123,0.07721681028604507,0.28060274250172196,0.24972273904022327,0.07013842970132828,0.3635557618567348,0.0,0.0,0.0,0.0,0.0,0.0,19621629.450342216,427.2249276268373,0.07029796590967911,19984016.206493184,512.3349279471707,0.18949887611470875,29079971.552602395,388.3928218084681,0.24824235822350849,23376215.810136996,621.004373685872,0.35235567994690165
Steel,6,3,4999.27,-0.015,0.8483765989542008,0.12723158371448517,0.05496208449408911,0.20240203719333086,0.11539503753185273,0.11611551442661053,0.2666464031583901,0.14529881358146668,0.2664455510630922,0.29389053258515435,0.02,0.44225985880969726,0.3604366598176735,0.10584279119968415,0.559017151404477,0.3197726475880004,0.025945514366030695,0.6621208400126797,0.2901956011812423,0.02,0.73542460634041,30954797.238017168,213.22614876703705,0.13056295997165454,32103045.88729954,117.10467201036347,0.6266310066272359,37451624.31405536,329.93690700021824,0.7635389382104042,0.0,0.0,0.0
Steel,5,3,4998.92,-0.022,0.8307361602783203,0.10424831163883211,0.013327725585325296,0.30334821510845333,0.02059084066655487,0.12770217533562256,0.30334073359837355,0.10492632508277894,0.2165374132567722,0.28191186847478306,0.06483731925487518,0.3556979664444703,0.32388470389455326,0.09365350127220154,0.493293709269184,0.3927272253722671,0.059397973716259,0.6624786151320298,0.0,0.0,0.0,21554476.266469363,767.3541598292928,0.09922017230547074,29977218.902440693,335.3514016215316,0.43812095575258014,24631001.847015712,747.459873771366,0.7089991488511231,0.0,0.0,0.0
Steel,1,2,4998.91,-0.022,1.8640425235033036,0.09628442072868348,0.011993903642830504,0.4276023554517746,0.08291338622570038,1.3026290827401592,0.0,0.0,0.0,0.0,0.0,0.0,0.0,0.0,0.0,0.0,0.0,0.0,0.0,0.0,0.0,181892279.2474225,397.48928107842454,0.643862652004527,185901721.20947373,291.3828103968633,1.568745466137027,0.0,0.0,0.0,0.0,0.0,0.0
Steel,6,4,5001.62,0.032,1.2464598923921586,0.10411823058128358,0.05482952496870729,0.19822428899520636,0.10786731541156769,0.2176441397904974,0.5670760074201207,0.04402883693575859,0.48852127152071895,0.22982128070242555,0.06752131938934326,0.5677594784755303,0.2387791724405336,0.044406676292419435,0.663338087405888,0.20291905308804442,0.0949826192855835,0.8594077250996373,0.4508665033732067,0.05619494110345841,1.021995118609178,24581135.61762831,440.11230115113693,0.1336540788823799,25292561.275949348,339.0894694513215,0.4078024653709003,25211918.72722897,583.859495311686,0.6307627123001733,24890471.569929685,694.5751287432197,1.0757759104284166
Steel,3,2,5002.24,0.045,0.42124406471848486,0.07720929348468782,0.0349668732175868,0.22347854913789153,0.10026078224182129,0.09603912178841997,0.23700501103640456,0.06657326608896255,0.21364822639244363,0.20525215441521405,0.11919997394084932,0.36050331000546204,0.0,0.0,0.0,0.0,0.0,0.0,0.0,0.0,0.0,13302410.157261528,474.5475890350458,0.0563572744727166,14244406.952715902,505.1230839383405,0.37113879053798515,0.0,0.0,0.0,0.0,0.0,0.0
Steel,5,2,5002.39,0.048,1.1857488721609117,0.12009933471679689,0.016557028634977024,0.29413769339225054,0.1334078449010849,0.23633460448147853,0.19285050288094396,0.05149144947528839,0.4397404195558965,0.17634962187121517,0.058772169351577766,0.6284496292929598,0.25346483086251037,0.10510664284229279,0.7412734691368255,0.3487955739679051,0.09436352133750917,0.9303988976884383,0.0,0.0,0.0,53967665.38175894,451.7358044963146,0.13194105146261811,46344615.66023225,747.5538679058865,0.9955771072288037,0.0,0.0,0.0,0.0,0.0,0.0
Steel,1,3,4997.52,-0.05,1.3111666053533555,0.06745860987901688,0.026136838768800297,0.24633814931689854,0.08708895385265351,0.5184985972772582,0.0,0.0,0.0,0.0,0.0,0.0,0.0,0.0,0.0,0.0,0.0,0.0,0.0,0.0,0.0,7753166.499961183,763.7265579579944,0.1532892749157747,8306746.638084181,149.29182958103095,0.34567281461099114,7989422.5766053945,383.8034924088702,1.046153942868103,0.0,0.0,0.0
Steel,5,2,4996.9,-0.062,1.2858652561903001,0.125136990070343,0.010022505912722853,0.28504922164338564,0.15,0.18436798822516232,0.3514660227882595,0.061815910041332245,0.3414770507647918,0.32197625356027393,0.1337676900625229,0.5584071172941715,0.3115843646602578,0.12333821654319764,0.8290685072597028,0.2526669485201054,0.07542068779468536,1.0621556846324587,0.0,0.0,0.0,71300798.44005358,532.8664050886898,0.14562691267522632,119338362.7680428,936.9617554825219,1.1127275958492664,0.0,0.0,0.0,0.0,0.0,0.0
Steel,6,3,5003.17,0.063,1.6429743945598603,0.09432839739322664,0.03072607814307541,0.3338159239425347,0.03849927246570588,0.23358592203155656,0.34441793994241165,0.057079719305038454,0.3932758387899232,0.28068810130335814,0.11585792362689973,0.6975947601225385,0.32225064094487305,0.15,0.9416852279045543,0.3221685351256156,0.0810622525215149,1.1206249437451925,0.2764224647993423,0.07661791682243348,1.2998589233129472,57558646.176682904,418.7592118711481,0.1764419677692083,56214532.85626477,810.3723867800143,0.7864864620158984,50454521.61126474,336.9709832726735,1.4765538371943412,0.0,0.0,0.0
Steel,5,4,4996.34,-0.073,1.0441210493445396,0.056542249679565434,0.04523379974365235,0.2295879122169361,0.07667094826698304,0.15626649894875183,0.2293962687627221,0.12075982213020325,0.26382531749876487,0.37927331215477883,0.05449731111526489,0.4236868238401594,0.2470317340428731,0.091413511633873,0.5884852510700442,0.1940512838280519,0.1234213125705719,0.818629052869799,0.0,0.0,0.0,26044307.453278795,305.9722459750607,0.1054053603847127,24521401.540475007,379.3913951898113,0.3332293184672642,28086851.007985834,332.0021256626144,0.3566881937378429,26410849.51214454,258.8591064327733,0.8992301398740941
Steel,5,4,5003.67,0.073,1.1149091854691506,0.13447802710533144,0.02495326785983998,0.4918711542226761,0.05897373378276825,0.1506983666751763,0.16830142029934936,0.07464929491281509,0.34382731804759364,0.28384982823610616,0.15,0.5662729309197557,0.38836678160148536,0.08280270129442216,0.8055593800709903,0.35719541247463504,0.07639922797679902,0.8947448522616523,0.0,0.0,0.0,32406928.05818232,300.93237943856593,0.11844841963895857,29890948.868764542,134.2725604474802,0.5238632547935016,32222307.242045168,430.9194619765308,0.7416612610060878,28980270.876220442,165.40163964634178,1.0034182658073263
Steel,3,2,5004.02,0.08,1.1035720303654672,0.060102868437767035,0.03231763024970194,0.3475098824085652,0.08236220866441726,0.2239495940188345,0.1930968726496779,0.06739176273345948,0.5319374709817536,0.10397469905019194,0.12254909873008729,0.6859918173826226,0.0,0.0,0.0,0.0,0.0,0.0,0.0,0.0,0.0,34754848.91385288,654.3094208547528,0.13998848560697344,33653123.245796904,402.25298736183754,0.8984531787166143,0.0,0.0,0.0,0.0,0.0,0.0
Steel,5,3,5004.09,0.082,1.111429715156555,0.10133020138740541,0.016043223218598777,0.20324329017947534,0.07534866064786912,0.176468556679048,0.2546124525523162,0.11678632259368897,0.33820073332885076,0.17475760345762525,0.04885559722781181,0.4860939479071833,0.2141124638299091,0.11832222759723664,0.6652540350892744,0.44878216241198715,0.15,0.8922494788061185,0.0,0.0,0.0,39090853.1211362,1099.9999999999995,0.12335168377775756,37241162.98132032,573.1301423791153,0.7826886649501072,34203059.95914944,189.90192353475598,1.00028674252947,0.0,0.0,0.0
Steel,5,3,5004.93,0.099,1.1733032420277596,0.11946743988990785,0.011337054860569533,0.33045197671432225,0.06304576843976975,0.11734032420277596,0.26221238567832544,0.05648063212633134,0.3157890324669507,0.2854245320554073,0.0810600170493126,0.49232829922277305,0.33053318306713825,0.06097342759370804,0.7036386564568126,0.22442881034782997,0.06192591696977616,0.9458723906586274,0.0,0.0,0.0,30391459.6578127,234.7377214425612,0.13566831582226965,23645087.40537896,543.2163074310647,0.6785818932436323,29095601.576443963,792.3790684056614,1.025296080542062,0.0,0.0,0.0
Steel,4,2,5005.38,0.108,1.3578354716300964,0.10628574883937837,0.030098918272554977,0.31516610644658416,0.10739716112613679,0.37805344886355197,0.2571576432298543,0.08187907934188843,0.6645357202341603,0.42620002188835504,0.12738906264305114,0.8424194473385391,0.35288396978339664,0.1444724327325821,1.1369525974960792,0.0,0.0,0.0,0.0,0.0,0.0,162436894.85946447,578.9653307779835,0.2598105117797228,129281130.41883357,342.1927934504499,1.1791005250145528,0.0,0.0,0.0,0.0,0.0,0.0
Steel,6,4,4994.19,-0.116,1.5951469361782074,0.10447300171852113,0.034097183522244126,0.21384063933168748,0.0742400524020195,0.3523806600099273,0.17420783402682843,0.07288486033678054,0.6752634098455935,0.19530549582632611,0.06696262180805207,0.8201414667537992,0.22721215316798216,0.11177210807800293,1.0368518301193443,0.2558398143328174,0.07644468516111375,1.2173269283721164,0.33967752761937764,0.08673433899879456,1.379699738138693,22755133.388112903,764.5826099314396,0.20301247641260553,27136260.365644097,791.5593030134071,0.6189763501175917,28890248.273884807,225.94752906566632,0.9340560834583121,27554392.061741102,310.3533280811143,1.4252628745618887
Steel,6,3,5005.97,0.119,1.2983886808156968,0.10077170515060425,0.0228539095869695,0.2398774022498187,0.11164393067359925,0.1298488680815697,0.32950670455929676,0.06404750406742096,0.33500308681200924,0.3057223812893832,0.09227317273616792,0.48274561159044227,0.35504562531148176,0.0954642415046692,0.647079793160973,0.2089103038150541,0.13109216690063477,0.820796167120262,0.16658246278328298,0.07142910689115524,0.9518617279185069,35455962.71545595,465.6150428780074,0.14444722645729202,33590423.40008686,405.06725632409194,0.5110563267334933,38937216.16860047,447.3895695093825,1.0849811985162607,0.0,0.0,0.0
Steel,4,2,4993.84,-0.123,1.2169939190149308,0.10318355810642243,0.04213849559879888,0.1990442159064596,0.07186056852340698,0.34205051957492527,0.3353371284831033,0.10718309819698335,0.6148097148721896,0.34145059390164595,0.09678436338901521,0.8183160052456117,0.3443703245503246,0.08309543192386627,1.0027770761655057,0.0,0.0,0.0,0.0,0.0,0.0,90386701.93193953,382.7931758448874,0.17400934168901644,88268157.35847035,619.8764466714314,1.095294525896444,0.0,0.0,0.0,0.0,0.0,0.0
Steel,2,3,4992.76,-0.145,1.5785665094852448,0.09642948281764985,0.01009098879385021,0.32375978104272213,0.083164541721344,0.4463987052011359,0.2066765434309461,0.10899565935134889,1.2417651969396442,0.0,0.0,0.0,0.0,0.0,0.0,0.0,0.0,0.0,0.0,0.0,0.0,15597882.597226992,514.4713740213796,0.18659343990695382,17425944.84756524,411.63735769728004,0.7561871956775899,20041787.53640687,490.3619586806283,1.384132315428471,0.0,0.0,0.0
Steel,4,3,5007.36,0.147,1.405581882596016,0.07802399075031281,0.03832827082887819,0.19790239743634203,0.02,0.2854117803568529,0.31461865771027914,0.0896002608537674,0.652912828581671,0.32042319774396005,0.07013780593872071,0.8917531071333179,0.2560427514261459,0.0431259173154831,1.0461796810260346,0.0,0.0,0.0,0.0,0.0,0.0,17929084.188816626,452.42096997798325,0.16848408994557845,24229083.783664983,730.6617127266746,0.7639666840017459,17525888.37795658,190.14138833896484,1.2650236929308325,0.0,0.0,0.0
Steel,1,2,5008.16,0.163,1.4790701657533647,0.08434869867563248,0.01435633665407093,0.19218344073235624,0.07009902030229569,0.5349515911363951,0.0,0.0,0.0,0.0,0.0,0.0,0.0,0.0,0.0,0.0,0.0,0.0,0.0,0.0,0.0,12488297.77206838,464.9408979641609,0.28510151670408934,12034106.792563146,533.9080218439458,1.0725601551669461,0.0,0.0,0.0,0.0,0.0,0.0
Steel,6,4,4991.6,-0.168,0.892238137125969,0.11361879444122315,0.027511635492568864,0.2931546067032325,0.11260311484336853,0.08923381371259691,0.21840932877119865,0.1116600400209427,0.24998332854414113,0.32200765888332433,0.10006082952022553,0.394737194158084,0.2433078405017299,0.10499740302562714,0.5152908534208623,0.35745889703469724,0.053764661252498624,0.6493142372686262,0.3035382036872255,0.10052171647548676,0.7437938495019818,25315759.355321344,584.7312438291929,0.10805850121640823,29689044.63070204,454.109838866728,0.23306983647526158,31342007.275895894,273.80422599919996,0.32471042975107944,37360391.23155856,385.00398871177987,0.7801889996195405
Steel,5,3,4990.81,-0.184,1.6015190273523332,0.08994913721084595,0.026532393358871423,0.42757214424484163,0.0898392277956009,0.35886994795814947,0.33203465170679025,0.09551905512809754,0.7703575576157271,0.19034170736926645,0.08512753427028656,0.9717319836780012,0.20481158151440634,0.06944136917591096,1.0786539116707665,0.2716448813206167,0.02,1.2860707231576498,0.0,0.0,0.0,45451104.167511925,569.6878381478167,0.18245108968332405,36979392.29588761,747.7656828565889,0.6038194536960884,34677910.52474073,1099.9999999999995,1.4409123008142892,0.0,0.0,0.0
Steel,3,3,5009.4,0.188,0.6903873428702354,0.1102479523420334,0.018864661614083372,0.30731480648811266,0.09870048463344575,0.19593930929093334,0.4506207156184958,0.0827377873659134,0.3722291625918342,0.25961898754652285,0.11420812964439393,0.6031303451581549,0.0,0.0,0.0,0.0,0.0,0.0,0.0,0.0,0.0,36734640.729331374,528.145855685133,0.08845623711653965,24699688.705542915,183.34078310663014,0.34931283821236214,23759954.693198625,889.2343330270144,0.559794926522996,0.0,0.0,0.0
Steel,3,3,5009.54,0.191,1.164563573896885,0.11727561342716218,0.008513196886510033,0.21647797236237132,0.05405105739831925,0.545822761358756,0.28906295309048574,0.13400407671928405,0.7427270446384331,0.384568043151797,0.04728834331035614,0.8397844905539896,0.0,0.0,0.0,0.0,0.0,0.0,0.0,0.0,0.0,19221943.833347093,419.64293306775704,0.23857343764463199,31676064.743941464,112.48483732798,0.8958540024776174,29291747.527668364,380.83042957641027,1.048107215342633,0.0,0.0,0.0
Steel,3,2,4990.25,-0.195,0.26330664348788557,0.08792194551229478,0.012820674263915775,0.4917391605089112,0.07359625965356827,0.028091209159944994,0.37216370288304873,0.07624752968549729,0.10972272608710469,0.4906043683385978,0.14989356517791746,0.23103633431748666,0.0,0.0,0.0,0.0,0.0,0.0,0.0,0.0,0.0,58694861.18149542,601.1717561641223,0.04367682817419244,57035173.96867456,304.103591060089,0.2200092600409553,0.0,0.0,0.0,0.0,0.0,0.0
Steel,6,2,4989.98,-0.2,1.2190864861011506,0.09446321821212769,0.016637434852478386,0.18188619988004928,0.08311664760112764,0.18825346955529731,0.29428315112549847,0.1002838808298111,0.2942704420593774,0.17770656839220242,0.0315033195912838,0.45128935174725626,0.3248867517906318,0.05231831848621368,0.5993027753278225,0.25985116806383046,0.044777702689170834,0.6796860364387629,0.2577092088745592,0.1282985860109329,0.9212082175321005,66936437.53515403,340.9400934597913,0.1369267160058663,61215890.338187754,118.55404477159507,1.051020046533851,0.0,0.0,0.0,0.0,0.0,0.0
Steel,5,2,5010.49,0.21,0.6613134294748306,0.08488577288389207,0.045384121872369454,0.2917926799441268,0.12824919641017915,0.09654394947776493,0.23179196496686827,0.10675053238868715,0.27332893070585323,0.38129561247332927,0.05650867044925689,0.37911476829874174,0.30859824196259356,0.05160175859928132,0.4766525352462041,0.3124904674299618,0.09724071741104126,0.5641567895388204,0.0,0.0,0.0,39119936.49709091,208.05444879851188,0.07434792827784774,41956358.882185385,650.0513854993081,0.5940957782551884,0.0,0.0,0.0,0.0,0.0,0.0
Steel,1,2,4989.45,-0.211,1.4125058680772782,0.09637905514240266,0.01840645122600453,0.5994102006869485,0.07299444496631623,0.6399807608172661,0.0,0.0,0.0,0.0,0.0,0.0,0.0,0.0,0.0,0.0,0.0,0.0,0.0,0.0,0.0,60918226.17158482,1060.054828525688,0.2776056510449749,61039244.409577,629.2889541643925,1.0433568567382732,0.0,0.0,0.0,0.0,0.0,0.0
Steel,4,2,5010.64,0.213,0.9714766517281532,0.1130100567340851,0.019735120809168914,0.43862123103873585,0.14778437972068786,0.22591610687103092,0.2746789326537831,0.0336683201789856,0.47181853935187745,0.2318239572882545,0.1075133901834488,0.5482979291491857,0.24930487731660653,0.1480851650238037,0.8250116720550492,0.0,0.0,0.0,0.0,0.0,0.0,57969538.67460158,837.0918470574871,0.141397934885572,49936255.435031526,524.2799659432959,0.795694742821377,0.0,0.0,0.0,0.0,0.0,0.0
Steel,2,4,5010.68,0.214,1.2176669985055923,0.07642236614227295,0.054729132478117684,0.37510088411335313,0.036275492906570436,0.5544463681745172,0.2848773327897621,0.11917425632476808,0.8090088742926054,0.0,0.0,0.0,0.0,0.0,0.0,0.0,0.0,0.0,0.0,0.0,0.0,7649742.610819224,517.8088609275367,0.15605037065392985,9474001.05990747,125.72377546555576,0.4156052281443105,11386197.525473457,792.4818818503139,0.7025517220501749,11741600.604968939,611.5351646152765,1.0618328943668187
Steel,5,2,5010.99,0.22,0.7734396070241928,0.06228493607044221,0.012079889248273355,0.17863808756130614,0.050781603753566745,0.11721423828999836,0.26185806223400854,0.08876708447933197,0.21149736971215277,0.31727938284012064,0.09298223197460175,0.3513465185628232,0.28426232522298894,0.11509432196617127,0.5155804609210138,0.3070590089886216,0.030155779272317888,0.6490726577830793,0.0,0.0,0.0,177783093.85303697,528.8179387565159,0.07734396147585888,203921177.10524404,626.4931772732026,0.6810018881371878,0.0,0.0,0.0,0.0,0.0,0.0
Steel,4,2,4988.52,-0.23,1.6976544946432115,0.11697829496860505,0.016743042230064648,0.32053524446756576,0.06653404265642167,0.4885230386644503,0.21616219056598623,0.0760544964671135,0.801990302614201,0.3426736755273858,0.06379921942949295,1.1407033307646042,0.3327940098618163,0.08441211730241777,1.290591740002378,0.0,0.0,0.0,0.0,0.0,0.0,119318013.63820428,392.8784608769535,0.27466808278290633,129136005.46580675,331.4953486870968,1.5200962238319258,0.0,0.0,0.0,0.0,0.0,0.0
Steel,3,3,5011.82,0.236,1.8504835665225983,0.055410678207874306,0.017325514266728632,0.3283619545786572,0.08445680350065232,0.6251684637174086,0.29119278455528685,0.043735058307647706,0.9778339674296459,0.23920835124923545,0.09438847959041596,1.2676882442186552,0.0,0.0,0.0,0.0,0.0,0.0,0.0,0.0,0.0,299767156.76106954,509.55484590819435,0.30343471725936594,305225794.2827074,357.17803566278315,0.8313762878427355,287632680.272391,114.12338353395523,1.665435208019855,0.0,0.0,0.0
Steel,2,2,5012.01,0.24,0.9367591917514801,0.12438113355636599,0.027639892021426003,0.36631855348793413,0.0966800206899643,0.252480543312988,0.3446166415329372,0.14794858813285827,0.48215784158621755,0.0,0.0,0.0,0.0,0.0,0.0,0.0,0.0,0.0,0.0,0.0,0.0,37443258.415810555,502.08857053065856,0.10681914924401018,41211773.4345308,403.1788350355793,0.6521943043091902,0.0,0.0,0.0,0.0,0.0,0.0
Steel,2,4,5012.15,0.243,1.3181596189737321,0.08546650791168214,0.018145044500366664,0.2505824821238927,0.10925245583057404,0.32597969409463645,0.19022110051643962,0.12466034531593323,1.0252822971504858,0.0,0.0,0.0,0.0,0.0,0.0,0.0,0.0,0.0,0.0,0.0,0.0,9778036.927037206,519.8127243220723,0.16234124628114066,14814128.490493244,243.5246364000802,0.64687189134205,9245305.814148577,242.7548398402934,0.6563523452255462,13055905.167317951,735.1324327177717,1.0795545770371417
Steel,1,3,5013.07,0.261,1.142336402833462,0.09948922729492189,0.019315045994305002,0.35401150719688396,0.10495305001735689,0.6147888607286982,0.0,0.0,0.0,0.0,0.0,0.0,0.0,0.0,0.0,0.0,0.0,0.0,0.0,0.0,0.0,18702619.232444942,1067.3431356122705,0.14431372557619318,18806311.216074772,649.8466968374447,0.31757451345877746,21048398.07139011,380.4473816058816,0.8367586258621046,0.0,0.0,0.0
Steel,4,4,5013.23,0.265,1.0952857315540314,0.09111433136463166,0.038506098422345265,0.383811969005591,0.1306904947757721,0.22561429731222282,0.4076825009197709,0.09454911589622499,0.5474515117559542,0.24711955888023027,0.10320950567722322,0.7459954533386304,0.3063425737615786,0.0742354691028595,0.9106846695625053,0.0,0.0,0.0,0.0,0.0,0.0,28171880.042488556,668.9700050988918,0.13354877891403172,23951009.60887464,642.1033792071399,0.4999328589685563,28757677.461718608,246.82776067075238,0.6195652007827693,30013536.01559187,404.819296293855,0.9636556797732283
Steel,3,4,4986.75,-0.265,0.661258515715599,0.10907972812652589,0.028090498202952112,0.29006483551168316,0.12779512047767638,0.15511281998162513,0.2240300253630376,0.08860865652561188,0.3677600876520372,0.45040834802852947,0.0751333075761795,0.5131604964945509,0.0,0.0,0.0,0.0,0.0,0.0,0.0,0.0,0.0,15724683.995866537,516.8467035600696,0.07998354945329943,15981943.345470438,886.0171713628621,0.3813929085785014,14016736.345799157,597.321770108799,0.421447397255406,17177858.93453932,360.45844216882944,0.5810102246978647
Steel,2,4,5013.55,0.271,0.9264864593744279,0.12245150899887086,0.02461867233824872,0.2229408394780727,0.08680912852287292,0.1762037134934726,0.3674657143678542,0.06384621083736419,0.6529754397262562,0.0,0.0,0.0,0.0,0.0,0.0,0.0,0.0,0.0,0.0,0.0,0.0,15333647.456242189,750.9917535512046,0.12327752549946822,13025457.040767033,659.9082540309673,0.3639977365466118,10637790.263991116,121.61864517865203,0.4474355608490107,17671316.577807367,337.10364630719954,0.7843372197369832
Steel,6,2,4985.69,-0.286,1.2000228106975555,0.10770330142974854,0.015169712375835908,0.20548017843218003,0.05838151574134827,0.26765906302430076,0.31169673856522107,0.050786107629537586,0.5421733399248991,0.26121290149347026,0.031108137890696524,0.5865882204176898,0.2005493926451636,0.05901886940002442,0.6650239410778487,0.35434639270757406,0.07997009843587875,0.8223954614868219,0.47524207780786937,0.07379578620195389,1.0373530544312581,74689845.8906869,326.33013651836,0.1556958231380761,63179727.21100345,458.1463110865958,1.080020528427777,0.0,0.0,0.0,0.0,0.0,0.0
Steel,4,2,4985.56,-0.289,1.4694996237754823,0.0891773009300232,0.030688917466822473,0.3115950635711644,0.09077203571796418,0.3316958033176337,0.2508794459827295,0.13131473004817962,0.7437208444196007,0.3047768144143268,0.07188808768987656,1.0441535649731282,0.3035121567897754,0.12411669552326203,1.29215426339458,0.0,0.0,0.0,0.0,0.0,0.0,255745393.23581237,224.82463311254162,0.2341496662931271,218681394.51050967,180.90792248966238,1.2673364145295571,0.0,0.0,0.0,0.0,0.0,0.0
Steel,2,3,5014.74,0.295,0.8563324227929116,0.09391037583351136,0.02114856135416872,0.33016588543264547,0.02,0.29428319723755647,0.4669964039053982,0.0668157857656479,0.6032462374900408,0.0,0.0,0.0,0.0,0.0,0.0,0.0,0.0,0.0,0.0,0.0,0.0,15669464.733161846,549.208706710015,0.10298164966776055,15549304.937032547,538.9063163749563,0.5009873622274323,14985060.28550722,782.1054893583384,0.738776728149676,0.0,0.0,0.0
Steel,5,3,4985.29,-0.294,1.1161407753825188,0.09242570483684541,0.03466265335566978,0.3019904865654581,0.05293112069368362,0.1372633562809439,0.40809645381859994,0.1251555198431015,0.265665004231324,0.3747976294352685,0.09052848160266877,0.4758730101165829,0.3696467045655586,0.11944875836372376,0.6716121445531158,0.4292828600199354,0.09038360595703125,0.9040733397801654,0.0,0.0,0.0,59838404.45593268,710.1475203430713,0.12421951729102149,46278341.804893315,424.4040926587064,0.5912364940889967,54169584.059318095,797.9127299684116,0.9719792272551542,0.0,0.0,0.0
Steel,4,3,5014.77,0.295,1.826445233821869,0.10365196502208711,0.021226237157981352,0.48442159058220036,0.07732722014188767,0.40170005623182153,0.1701377911048286,0.09739833176136017,0.9550222814099467,0.24246347706082583,0.09584586799144745,1.0744264879991585,0.20722527760324186,0.05642802298069001,1.5147317337756054,0.0,0.0,0.0,0.0,0.0,0.0,42246957.16957625,756.5465030155437,0.22173492193972985,34720169.98780474,479.77123780400836,1.049342915461098,35248387.856938295,107.78465231229931,1.5719025636643493,0.0,0.0,0.0
Steel,6,3,4985.13,-0.297,1.1857477694749834,0.08658025872707367,0.007403307662944968,0.35390210420140966,0.06181405812501907,0.13299794529505338,0.1066324094542914,0.07467340469360352,0.23489590248098366,0.1768377487390575,0.06191928803920746,0.30915196962780284,0.2946535436195665,0.07014661997556687,0.4290634798386425,0.3472717765425668,0.06322573751211166,0.6633956304851513,0.33292103059054007,0.12820368885993957,0.9308965470094166,32531404.345551796,295.35116722053175,0.15521614339522932,30699086.22574579,267.02329474324347,0.4958273868238442,27477941.876711164,591.5858706133209,0.9549504711473987,0.0,0.0,0.0
Steel,5,3,4984.77,-0.305,1.1514400124549866,0.14036765456199646,0.012939669395005248,0.19564556057301083,0.08669819951057435,0.23371185393980365,0.32470488430842365,0.08067737936973572,0.39556514528869186,0.39291791523181485,0.07151582926511765,0.6623844092412374,0.3041624865899814,0.05318054437637329,0.7848272424024823,0.43140937119640177,0.08839621305465699,0.8891279908607946,0.0,0.0,0.0,49970087.63622589,361.8648210320582,0.13191361800151158,49040014.719086304,273.25427854042846,0.48174137188000166,39990733.87670688,706.2297298029112,1.0165146115580634,0.0,0.0,0.0
Steel,4,4,4984.76,-0.305,1.1141166299581529,0.10185671269893648,0.036622064452850975,0.2771132504516161,0.03945487290620804,0.3907782084302746,0.2587092358993269,0.02447332177311182,0.5250424478226282,0.23866635770534528,0.06814626753330232,0.6842527732970426,0.13793806002223963,0.07329565644264222,0.9041819437527939,0.0,0.0,0.0,0.0,0.0,0.0,10139181.308069099,779.9000215863553,0.14417984569665437,8262578.601688737,509.3166657367629,0.412248272064575,8427447.523205208,728.2624081949367,0.6696597042117116,8733654.565691533,386.3136217939731,0.9602578556697772
Steel,1,4,4984.57,-0.309,1.1119474813342096,0.10783178281784059,0.007736086443240526,0.4118516034482399,0.06909546375274658,0.3626002585994832,0.0,0.0,0.0,0.0,0.0,0.0,0.0,0.0,0.0,0.0,0.0,0.0,0.0,0.0,0.0,17341860.20383745,582.9587247551696,0.23083963444017486,20164311.5255426,582.3799164257415,0.6091375622254627,24609030.30471656,651.1632526805253,0.7275358136890027,18142334.351674464,341.0897850845744,0.992093752317601
Steel,3,4,4984.55,-0.309,1.4729322850704194,0.07947249567508698,0.012258019786977842,0.23509365827161166,0.09526633441448212,0.3806165205085704,0.3255205176790347,0.07564534693956375,0.7430579015730185,0.3734978900711837,0.07430979371070862,0.975511172499054,0.0,0.0,0.0,0.0,0.0,0.0,0.0,0.0,0.0,19499169.28026387,739.4814350490163,0.16580454973948244,15883825.95055799,508.5604498016269,0.5633942628169775,16828027.896369945,331.3114875370027,0.7731475159568277,17237954.983099926,561.4162918219608,1.2824069498154316
Steel,3,2,5015.62,0.312,1.0468429744243624,0.09106561338901521,0.021151328792079975,0.3221219345427925,0.02,0.4147960030072806,0.18124685652774467,0.092683042883873,0.6281680467790619,0.27551638748584634,0.032111380621790885,0.7150157494108995,0.0,0.0,0.0,0.0,0.0,0.0,0.0,0.0,0.0,17811625.65125517,644.9051693234579,0.18421948373439628,13768406.030021198,378.1545053622383,0.9325653764122694,0.0,0.0,0.0,0.0,0.0,0.0
Steel,4,4,5015.89,0.318,1.8486035972833634,0.07321761459112168,0.028342363293036587,0.3850291495691654,0.12212583899497986,0.5007076797757299,0.4014765453947792,0.07256851971149444,0.7911009591051216,0.28681402334469125,0.12208357810974121,1.1474384871963497,0.4803364615621988,0.13377485752105714,1.5296239523675945,0.0,0.0,0.0,0.0,0.0,0.0,91908538.86304036,630.2742813418575,0.23986206960552728,108207671.75891261,712.6448955515509,0.9965729257420504,109271584.99196424,238.8174116809808,1.2006288391319575,95702751.74513678,715.808493425221,1.6136636734610081
Steel,2,3,5016.1,0.322,1.280807676911354,0.08312157022953034,0.024354043730525205,0.265726505247362,0.09041556894779205,0.2347801576824789,0.31802689772967957,0.09177430212497711,0.8723224826287979,0.0,0.0,0.0,0.0,0.0,0.0,0.0,0.0,0.0,0.0,0.0,0.0,17560234.65695487,493.271182602781,0.1349282158831881,15173570.839725014,111.13855156267581,0.5148811484065656,14830507.79650441,900.7167376396061,1.1060067925876216,0.0,0.0,0.0
Steel,3,4,4983.85,-0.323,0.9068901315331459,0.12337291860580446,0.003669367190229355,0.21694918681423866,0.1014026165008545,0.1963419285983939,0.27339500692894264,0.115602405667305,0.4210487583085076,0.2599475969295796,0.11084099709987641,0.7046463231029916,0.0,0.0,0.0,0.0,0.0,0.0,0.0,0.0,0.0,20475169.092853047,158.41713073449677,0.16458939933824762,25792887.923653387,367.3718720248868,0.617510740705632,18389640.545267157,301.93394351479594,0.7300956226712148,20818511.911558427,383.83676455174833,0.8111755483078564
Steel,2,4,5018.14,0.363,0.42822909764945505,0.06285777854919435,0.0342344697434902,0.3447619795139021,0.12033136308193207,0.1204658651474462,0.3214683857322333,0.07125132679939271,0.3853961878845096,0.0,0.0,0.0,0.0,0.0,0.0,0.0,0.0,0.0,0.0,0.0,0.0,11520489.996023629,212.20214997460138,0.04764003745315929,12514715.760875832,913.4673302089652,0.13805307280920012,12314648.501104243,313.2779856280191,0.20375839679525293,11083783.714215573,106.12452759962201,0.3608461515503829
Steel,4,3,5018.35,0.367,1.2435242116451264,0.08796831053495408,0.014092107741672438,0.23295852511397738,0.03584794141352177,0.32163797745863015,0.19419385845512,0.09000452101230622,0.678095909227626,0.44467403229381,0.057148809731006625,1.0001039690926066,0.2881766832276469,0.0510344310104847,1.0820987871939842,0.0,0.0,0.0,0.0,0.0,0.0,29308281.187356237,538.1809091829696,0.15590881297119466,23235892.583087657,388.5125670547353,0.6373809302172448,26811234.522647068,338.4650064628853,1.0550437874764031,0.0,0.0,0.0
Steel,5,3,5018.8,0.376,1.3021908521652221,0.0881253024339676,0.019612304878989694,0.17852785345319155,0.12629561066627504,0.2705905405923976,0.33040640086477274,0.08815961718559266,0.48385418418683973,0.4253053926850586,0.05507165312767029,0.697716804532871,0.21924160355422548,0.09097136080265046,0.8377563763534035,0.42580356468078473,0.13331686854362487,1.1466032580962515,0.0,0.0,0.0,54506371.09655782,846.321731361639,0.14747704385791605,60263454.044335045,532.888740386762,0.5687491002323576,60049103.60917999,198.37567036356816,1.099943420688842,0.0,0.0,0.0
Steel,6,2,5019.04,0.381,1.32313791513443,0.10273705565929414,0.027724079397210662,0.2151844957205928,0.09036490857601166,0.25099914240675314,0.18846417424784898,0.10044204533100129,0.40006024515100436,0.22364389459207487,0.07637355297803879,0.5072489928429007,0.3492914068135691,0.06079004913568496,0.7176903855088814,0.17658096245224267,0.11551038324832917,0.9007142242632336,0.3959806886021024,0.035991569533944126,1.0903256248593838,73205177.89448509,478.1554345624673,0.15225375669935395,121109644.59187497,381.68573538688906,1.1908241222978493,0.0,0.0,0.0,0.0,0.0,0.0
Steel,5,3,5019.28,0.386,1.1344981804490089,0.10656486153602601,0.008232862835782038,0.36801142527217856,0.06616193532943726,0.11345981804490089,0.2959254690945296,0.10616614043712616,0.21212954763791322,0.1665043331687029,0.0661780446767807,0.41130410229590275,0.12806844282475158,0.10597928285598755,0.6108507276680699,0.3643679434306453,0.0373499608039856,0.8800378867565417,0.0,0.0,0.0,28611559.88035182,649.9227200675966,0.13201370429188738,25644035.990523823,592.2719910463999,0.47952889087793876,25068216.489423465,469.3160738303301,0.9381557844686897,0.0,0.0,0.0
Steel,4,2,5019.51,0.39,0.821884348988533,0.1023749886751175,0.015241979161794907,0.33324881436929205,0.06878025054931641,0.24129927744015162,0.26445286913601995,0.05839638918638229,0.4461160661953054,0.26084216607031513,0.06757860094308854,0.5667627835455845,0.2125822353273469,0.06539244085550308,0.687557991021371,0.0,0.0,0.0,0.0,0.0,0.0,25800266.12190812,473.2596267284611,0.1969984354263043,25438044.365675047,644.1170867788551,0.7396959132677954,0.0,0.0,0.0,0.0,0.0,0.0
Steel,2,4,4980.43,-0.391,1.3444516211748123,0.10155859863758088,0.016899715958449916,0.3452888131655981,0.09947380304336549,0.5879401230405953,0.20816786936232254,0.07424536406993866,0.9522977668852556,0.0,0.0,0.0,0.0,0.0,0.0,0.0,0.0,0.0,0.0,0.0,0.0,11720593.952668095,430.0043746098395,0.18892637360813141,11095706.833601952,522.9560524076197,0.5274134250962936,12244840.92598931,724.3277509891196,0.5607402990512367,15400663.772159105,410.74647017497347,1.2015554185080637
Steel,5,3,4980.0,-0.4,1.2644995033740998,0.09144118869304659,0.056287264692157064,0.3218127784825709,0.10104928016662598,0.20478750128044948,0.2970873494863637,0.11865770339965821,0.47895487892599703,0.34846000859658843,0.03660547882318497,0.6728841152813609,0.1893791865677286,0.040929159075021745,0.907635261306629,0.3142371808858323,0.14568468630313872,1.0442265443277294,0.0,0.0,0.0,32200326.153207373,237.94029250859302,0.15606047723889066,27837385.828519963,815.779261127242,0.7380409714411378,32437650.670995,238.30958529879942,1.1355345212276067,0.0,0.0,0.0
Steel,2,2,5021.09,0.422,0.7575286209583283,0.08496539241075517,0.03999130163881201,0.1397976029617759,0.03712778896093369,0.1995482180484882,0.24143297658246496,0.0727549821138382,0.49365453838104834,0.0,0.0,0.0,0.0,0.0,0.0,0.0,0.0,0.0,0.0,0.0,0.0,9154426.512466097,435.3605941581054,0.09039880242383193,9092187.306162847,355.78919402551907,0.5877127155985519,0.0,0.0,0.0,0.0,0.0,0.0
Steel,4,2,4978.84,-0.423,1.6346844017505646,0.12557205784320832,0.020958629586316904,0.30264145924560454,0.07891681909561157,0.42502990774514626,0.24500727155279517,0.03354597747325897,0.7898606470443605,0.270030000813708,0.05991601437330246,0.8646379318471619,0.2309310036349183,0.06161488026380539,1.1436369036154859,0.0,0.0,0.0,0.0,0.0,0.0,56934355.642019205,746.3298795487758,0.2113658905108064,51453384.151877284,464.19661875112484,1.4343952050563256,0.0,0.0,0.0,0.0,0.0,0.0
Steel,3,2,5021.36,0.427,0.5373650528490543,0.09002893447875977,0.007359791205826809,0.34165162356046813,0.09537293195724487,0.05374650528490544,0.21691123821259012,0.05519837766885757,0.19663036697984526,0.2434432701779467,0.07064767569303512,0.3109479203761845,0.0,0.0,0.0,0.0,0.0,0.0,0.0,0.0,0.0,26042010.841767646,300.56360539319473,0.06507585118540614,27887857.018496517,257.4272873029614,0.4477649241839603,0.0,0.0,0.0,0.0,0.0,0.0
Steel,3,2,4978.52,-0.43,1.110614389181137,0.07833587974309922,0.034912427250212166,0.2670222371214018,0.07330051094293595,0.22717083858887532,0.19182042537935964,0.12757847726345062,0.49525871845342095,0.2988804730740382,0.06303842663764954,0.7469236908860295,0.0,0.0,0.0,0.0,0.0,0.0,0.0,0.0,0.0,36778318.72678183,974.4901865266747,0.139139305528165,35786775.37251724,517.0810164861516,0.9804032739709877,0.0,0.0,0.0,0.0,0.0,0.0
Steel,2,3,5021.93,0.439,0.7468789905309677,0.12073575770854951,0.005702111851677744,0.25743168788039206,0.127967666387558,0.0903287886450644,0.34960994494780556,0.0356740065664053,0.49579324482557396,0.0,0.0,0.0,0.0,0.0,0.0,0.0,0.0,0.0,0.0,0.0,0.0,21965277.88186538,536.043629274787,0.12856552724075063,19678520.85966371,351.1253694398519,0.39138932503192303,14765634.02819885,355.559205687181,0.611151773696717,0.0,0.0,0.0
Steel,1,3,5022.21,0.444,1.728864586353302,0.034577295184795215,0.005753333952188443,0.1965823724631808,0.053200256824493405,1.1024937264689887,0.0,0.0,0.0,0.0,0.0,0.0,0.0,0.0,0.0,0.0,0.0,0.0,0.0,0.0,0.0,56249999.103363454,591.528391706562,0.3754777280685534,66669485.46604118,143.89257147106082,0.9337111764296975,51167363.27085496,395.65360068986286,1.2810157636147779,0.0,0.0,0.0
Steel,4,3,4977.76,-0.445,0.7648580089211464,0.13891083812713623,0.024460634481001473,0.30208050909071016,0.09446257174015046,0.20403603964584507,0.32604864334753947,0.09259581685066223,0.40373184124588424,0.14834059718478781,0.05484804391860962,0.4972971176831991,0.1608919478805817,0.046256568282842636,0.5588232178439974,0.0,0.0,0.0,0.0,0.0,0.0,19516783.380079467,927.4610173704458,0.08812486662699617,18009719.57664917,193.04953329262034,0.3374415076367696,23685039.905564375,188.30138296495687,0.6384634092723243,0.0,0.0,0.0
Steel,6,4,5022.34,0.447,1.3003805726766586,0.1194683793783188,0.03930173405423215,0.3915208093026274,0.13226960599422455,0.17293025450262214,0.26390232349329334,0.13270634829998015,0.31235917574700145,0.21011882361074563,0.05833376109600068,0.5304419381124946,0.23130475271447015,0.10398461401462555,0.6681593859871899,0.4536129701165281,0.07859489172697068,0.8649450676307516,0.17510616292736075,0.1338181722164154,1.0912635022377708,44985270.67192693,275.5798756024954,0.14982888882150946,41579878.35675036,840.1076701554762,0.6269099607145592,45805176.87582048,851.1178574697667,0.8413480354939624,48669899.89329935,270.8575205381438,1.1471638337253944
Steel,6,2,4977.14,-0.457,1.4385196626186372,0.14845389902591705,0.00985118828025828,0.19648861320817082,0.08188989251852036,0.3372690173127249,0.24072617295932455,0.03211315505206585,0.5204233929121946,0.2694841067678499,0.055057647526264186,0.572228669064098,0.31214805785208016,0.13273145377635956,0.6965745054585949,0.2729204390904699,0.024906028024852277,0.8561348289027062,0.2859974318719664,0.14907771468162537,1.1337256590570715,67085833.900677845,352.6293388449217,0.21415891459725953,69880021.38077073,383.77015003404887,1.2654204186326934,0.0,0.0,0.0,0.0,0.0,0.0
Steel,4,4,4976.7,-0.466,1.065742239356041,0.13268755686283112,0.04413365259466315,0.22268704797006614,0.13200282156467438,0.233118399987015,0.2780482394340081,0.11494452595710755,0.38913428162582636,0.3846278161198011,0.053299717903137214,0.6810456311682863,0.2787728742217597,0.07601927906274795,0.8631422963595443,0.0,0.0,0.0,0.0,0.0,0.0,19713120.26251082,745.457478578047,0.11963107527711944,21858531.67455336,322.2018518344946,0.3211275481563086,20364657.76768061,117.92870808133311,0.5977726753667456,20912287.124563895,232.03252293255304,0.9205842737550048
Steel,6,2,5024.14,0.483,0.9328371584415436,0.06809980648756028,0.011207749997331224,0.1666540651603596,0.07690933793783188,0.09329371584415436,0.2519489794014093,0.07261690199375152,0.17106683580994608,0.3580505224528065,0.082905533015728,0.26363467343998775,0.2953208409515042,0.0724207615852356,0.4579840220516592,0.2395507420802784,0.07707268238067627,0.6733212452110008,0.37035251718650486,0.10315480053424836,0.8395434425973892,74024361.36256,369.70430468069134,0.12977130712703824,81301861.42931312,382.9320596264745,0.8162827630733048,0.0,0.0,0.0,0.0,0.0,0.0
Steel,3,4,4975.62,-0.488,1.1981721729040147,0.1010712834596634,0.04871619866646849,0.2840891645502292,0.12510527789592743,0.34106355116958414,0.2882273583349598,0.08486760348081589,0.8725310916955742,0.47199796901419694,0.077381991147995,1.0432021308692685,0.0,0.0,0.0,0.0,0.0,0.0,0.0,0.0,0.0,29277771.987592887,243.68317817868834,0.1847207716052159,35564241.909630716,446.93352914141116,0.5250190069977031,32320209.903515413,777.4563344052342,0.6020890352900312,28654867.849668816,218.2869122040186,1.0747351959311913
Steel,6,2,4974.33,-0.513,1.139581562578678,0.12614091384410858,0.039914405922528026,0.510282212601082,0.10726358294487,0.1761994663595743,0.2880556820290349,0.11341446340084077,0.3578471374473829,0.2617050452965661,0.1136414510011673,0.5405135674156865,0.19497604479887679,0.14086638748645783,0.6807727057617319,0.3055134637486434,0.07271941989660263,0.8285048095740412,0.2789210881178557,0.056506322622299196,0.9611102948798876,80575350.845046,447.59708415781876,0.13334748642827332,90376680.99804607,932.5051654742423,0.9903669857097045,0.0,0.0,0.0,0.0,0.0,0.0
Steel,4,2,5025.81,0.516,0.8009050875902176,0.14385842108726501,0.007662975068980926,0.19930582031287283,0.07046862095594407,0.10667854322799408,0.27814872239812644,0.0788551014661789,0.2423500864846423,0.2722359900502592,0.1461249154806137,0.3786802868182745,0.2033392766438777,0.13225414752960205,0.6407932713450879,0.0,0.0,0.0,0.0,0.0,0.0,33109089.93399976,625.3799440561212,0.08009050955992686,45716376.02793116,671.9377996167083,0.7208145780302907,0.0,0.0,0.0,0.0,0.0,0.0
Steel,5,2,4974.16,-0.517,1.048551145195961,0.11128801679611207,0.0032024958802780988,0.23844107178634774,0.10020592212677003,0.10486511451959611,0.25391706889253796,0.07524654179811478,0.2934169095167885,0.30555168936135213,0.04722111836075783,0.4624071407498985,0.3087212312226575,0.02,0.5397937750097962,0.36668623521630367,0.09395647943019868,0.6980351522379336,0.0,0.0,0.0,45450033.235847786,316.33601784818563,0.12215599704439127,40716801.04370424,393.36889360627276,0.9226699387978942,0.0,0.0,0.0,0.0,0.0,0.0
Steel,2,4,5026.21,0.524,1.400044745206833,0.10555366730690004,0.01796790355022686,0.24846198851128523,0.14164311528205872,0.6140251399818032,0.2773877959274233,0.14990753591060638,1.1278716860534352,0.0,0.0,0.0,0.0,0.0,0.0,0.0,0.0,0.0,0.0,0.0,0.0,22594792.97718925,546.2221884622451,0.19739683311204329,18701367.956546225,278.53571203638364,0.6652594376436374,19210783.28455865,226.15515701856438,0.8275147817926644,17854037.24153651,483.58792452672515,1.1674461438091084
Steel,2,4,5026.4,0.528,1.0423790261149408,0.15374565637111665,0.017146159391126004,0.259504158194085,0.08828092932701112,0.3062529119135808,0.2339455157091792,0.10379827558994294,0.6442921691644437,0.0,0.0,0.0,0.0,0.0,0.0,0.0,0.0,0.0,0.0,0.0,0.0,14027602.649290938,593.2399322081194,0.12763936166078574,17045342.242280066,512.4657424306185,0.39363442180690456,17753305.926661868,352.9906329943911,0.5904327211879923,18097706.88104007,673.4090534789665,0.8583256559032425
Steel,5,2,4972.71,-0.546,0.8979381412267685,0.1118102538585663,0.026639686067479917,0.3351309480755061,0.08489877223968506,0.11248712551899881,0.3323091410377739,0.07634994298219681,0.2379567190194357,0.26083460839642725,0.1424592137336731,0.4136934507455158,0.3154984287177641,0.07827445596456528,0.6361145947597924,0.28269100274158054,0.09734875619411469,0.7839410763756393,0.0,0.0,0.0,50944067.09854817,176.72946011970816,0.12321289324280986,44491785.089788966,476.2170652595415,0.7507294604305101,0.0,0.0,0.0,0.0,0.0,0.0
Steel,6,2,4972.59,-0.548,1.1804774820804598,0.08379342716932298,0.01553518302315512,0.29832721676542423,0.045280974507331845,0.20107005992907673,0.1601641121659337,0.10131133794784547,0.3253705446788308,0.2839329511821916,0.08860220968723298,0.43304252670819354,0.20721984851418934,0.06128482460975647,0.59206584575332,0.3051180645705238,0.05115710303187371,0.7037092386345911,0.2985812441571076,0.05355551093816757,0.91239869047924,136366782.0489904,356.4253153198268,0.14246996465507752,156352791.3357428,639.7872606735052,1.035946120664115,0.0,0.0,0.0,0.0,0.0,0.0
Steel,4,2,5027.59,0.552,1.0990726858377458,0.13062132561206818,0.06000000000000005,0.29186494755941816,0.051504827439785,0.19384546958431553,0.5398268955023726,0.048475750982761384,0.3519191113613068,0.3045287730434808,0.10946169137954713,0.577972440664235,0.2586668811854138,0.07592144519090653,0.897386920310779,0.0,0.0,0.0,0.0,0.0,0.0,44759749.20080339,259.9203791376047,0.15710648037005082,74547795.01958027,490.88026842454855,0.9777054967365287,0.0,0.0,0.0,0.0,0.0,0.0
Steel,1,4,5027.92,0.558,1.7737663984298706,0.12325871574878694,0.017701828258407187,0.29289507835573075,0.09510954141616822,0.7304424695618099,0.0,0.0,0.0,0.0,0.0,0.0,0.0,0.0,0.0,0.0,0.0,0.0,0.0,0.0,0.0,14828098.17014575,279.97620645994505,0.256125965084764,14923706.176215796,691.2273144377396,0.7016401960443318,15019167.734070564,1099.9999999999995,0.9334598707420255,17220581.723859616,603.3310688375512,1.5121164164989158
Steel,4,3,5028.03,0.561,0.6847888134419918,0.10157624578475953,0.024938549583574377,0.4279426136867724,0.1003858757019043,0.09296152896189241,0.2581657700965585,0.05708812266588212,0.20407258278480067,0.29355743501737175,0.09407495558261872,0.4088100221726816,0.389647008098269,0.0811467781662941,0.5442167450389743,0.0,0.0,0.0,0.0,0.0,0.0,33150581.191342168,265.50817366484273,0.07860077522815094,29768420.1357889,734.1831743142898,0.33324071309935194,21695118.41169202,424.9014158801721,0.5934902927378829,0.0,0.0,0.0
Steel,3,2,5028.13,0.563,1.5904610723257064,0.10512768971920014,0.025485393732480197,0.17583670527658116,0.09153507947921753,0.19916425108439562,0.25276375061073314,0.11134393572807312,0.37897224558175135,0.4908672884004079,0.05385082185268403,0.934533098574458,0.0,0.0,0.0,0.0,0.0,0.0,0.0,0.0,0.0,95424656.19918106,500.7502822875792,0.16332296489381065,91079177.4185399,309.9137224892544,1.3132851333826965,0.0,0.0,0.0,0.0,0.0,0.0
Steel,6,4,5028.26,0.565,1.1484882324934005,0.10130488598346711,0.013518209210773777,0.6171643943101041,0.09251411557197571,0.2038943973120104,0.29819154755577376,0.10210692584514619,0.37587961897057076,0.2718132694404269,0.09861684620380402,0.5480997670116806,0.28339564892089836,0.0643205338716507,0.7540516860361314,0.26395268160199437,0.11550481200218202,0.8532921372518265,0.4702321550418222,0.08668631315231323,0.987983759018852,41631145.38264157,360.3007308729036,0.13489585254665348,53458429.71853816,362.8113294621107,0.3956186182657352,51299124.76716099,292.5620954074047,0.7382030451014485,52067386.79579907,412.46848470039276,1.0336394080955722
Steel,2,3,5028.51,0.57,0.6990527451038361,0.13516582572460176,0.040990941154149765,0.29270985947010936,0.1025923216342926,0.2132254759889534,0.37935544300548013,0.08071085333824157,0.3369338420598227,0.0,0.0,0.0,0.0,0.0,0.0,0.0,0.0,0.0,0.0,0.0,0.0,23762518.39769979,773.80308884078,0.103432613358304,21262515.25844321,279.70781560083026,0.5159265220632627,22229392.850217074,308.2827216694163,0.6088973159673858,0.0,0.0,0.0
Steel,6,2,5028.63,0.573,0.9668325245380402,0.10579581832885743,0.01929043157368091,0.23504029103034593,0.07740868896245956,0.12916059860298906,0.43250561086885286,0.08123738259077072,0.31235013427132297,0.37114989063220366,0.10578160822391511,0.5416423317165489,0.19551262868970357,0.08830288887023927,0.6487300822698331,0.35033112310954384,0.02,0.7112998757618872,0.246296810694338,0.02,0.7390806859369048,57574646.75315715,318.83413501511745,0.11414247446372276,81048973.71355848,184.77550063628988,0.8701492711174037,0.0,0.0,0.0,0.0,0.0,0.0
Steel,1,3,4971.23,-0.575,0.9007585361599922,0.09970639300346376,0.035227470479875,0.2033524505627378,0.0671486309170723,0.25374644483828757,0.0,0.0,0.0,0.0,0.0,0.0,0.0,0.0,0.0,0.0,0.0,0.0,0.0,0.0,0.0,7099551.419103192,991.9444873866202,0.10213259150024573,7097135.150734256,465.1571738748632,0.22733304773820262,8596514.17042008,453.6295763833901,0.6449071341529455,0.0,0.0,0.0
Steel,3,2,4971.06,-0.579,0.8048217728734016,0.06163939327001572,0.01658342797292811,0.1680606687199731,0.10195582807064058,0.15865090118607067,0.25686043355103133,0.10469545543193817,0.4177476851124632,0.17942433607105435,0.06334914177656174,0.5763310791227181,0.0,0.0,0.0,0.0,0.0,0.0,0.0,0.0,0.0,16871890.91895947,588.5970716543401,0.1066576099306624,16736745.728974154,450.66505093417334,0.6517103655214941,0.0,0.0,0.0,0.0,0.0,0.0
Steel,5,2,5029.3,0.586,0.8235183089971543,0.0899794716835022,0.005544917944372293,0.389741162481767,0.09897226691246033,0.13818650088625434,0.2320371825951014,0.13077653527259828,0.2924891767165549,0.2794984344535266,0.11293241500854492,0.47664042881642127,0.17312599934788525,0.06980246186256409,0.574169277299916,0.5190045552020541,0.07537367701530456,0.6758232223221973,0.0,0.0,0.0,57978568.65387697,840.549705723845,0.106710760873315,57832809.52786167,213.31627171686407,0.7144905077530869,0.0,0.0,0.0,0.0,0.0,0.0
Steel,5,3,4970.43,-0.591,1.4611177772283555,0.050619854390621194,0.0041256834513326325,0.26050491922703045,0.06446989208459854,0.14612177772283555,0.3499968870901922,0.13655489385128022,0.24964417069077494,0.4481479846472114,0.0721920770406723,0.6126665235788415,0.34958042941903034,0.04019408389925957,0.6987546097843018,0.14068975012199175,0.09471864759922029,0.9057746116599845,0.0,0.0,0.0,105508759.8098493,777.4364863988715,0.15612277772283556,86769261.50224864,408.9962666974721,0.63455993439877,77239299.70647119,384.6261957754801,1.2657792997924169,0.0,0.0,0.0
Steel,4,4,5030.16,0.603,1.1442000523209572,0.12184054529666902,0.005221696638737034,0.20749074340017773,0.11201025366783143,0.2656349471523263,0.2098322339883524,0.1000039005279541,0.4391120920770236,0.33929492368543085,0.08087513923645019,0.6639571369838835,0.2701030624715074,0.05922943770885468,0.8448013719036374,0.0,0.0,0.0,0.0,0.0,0.0,23271599.357736014,435.99500536039574,0.12687443599917436,16686680.825818315,354.0652027136087,0.22951039472800183,26323142.214786686,307.5909057855511,0.47428230289732504,21421813.552020293,826.4022733271324,0.9719559206909905
Steel,1,3,4969.77,-0.605,0.965061666071415,0.13116252171993256,0.050939833362857775,0.3184126901329212,0.05594034135341644,0.6025094203861397,0.0,0.0,0.0,0.0,0.0,0.0,0.0,0.0,0.0,0.0,0.0,0.0,0.0,0.0,0.0,19626077.9063062,575.1187133706089,0.20788999923390666,18050628.91651352,934.387786012416,0.3180576890534407,17869013.248704392,207.11233667055993,0.7217659387205974,0.0,0.0,0.0
Steel,3,3,4969.3,-0.614,1.2870332211256028,0.10970424246788026,0.01750391331041346,0.35177658177672244,0.1389467638731003,0.31398655381435614,0.4488460675402651,0.0768909388780594,0.8638248149250809,0.4140613950754026,0.10862237036228181,1.0459878773641615,0.0,0.0,0.0,0.0,0.0,0.0,0.0,0.0,0.0,36840709.41615685,800.2490226640267,0.14700496093952978,42456068.18015249,622.3639867483414,0.5969699846819272,49470220.8818264,850.655191844988,1.1122369047299134,0.0,0.0,0.0
Steel,2,4,4969.29,-0.614,1.7597211569547655,0.1056798211336136,0.017593660991376544,0.3815345166245983,0.12695747315883638,0.6165684876320094,0.23993634386686324,0.023327079769223928,1.1317460889969588,0.0,0.0,0.0,0.0,0.0,0.0,0.0,0.0,0.0,0.0,0.0,0.0,32993028.69395772,636.2286674946447,0.4211605634172684,27290968.648166075,783.0043693158514,1.0814431259490414,32382730.308417935,767.4271154356124,1.1973679174318477,26241511.46459251,470.042859075629,1.533636806894032
Steel,2,4,4969.14,-0.617,0.7237822413444519,0.08677636635303498,0.03686627667137802,0.27709244400568983,0.06067248731851578,0.10743054595196132,0.20200897156366296,0.08973625659942627,0.4805270617840565,0.0,0.0,0.0,0.0,0.0,0.0,0.0,0.0,0.0,0.0,0.0,0.0,8490806.004868336,641.8640165208877,0.13553528312879323,11820444.463071281,58.65042610749981,0.37337064471092674,10098883.050644126,132.82367333772294,0.35819948249920985,10607900.082302498,481.14126738222694,0.6060707543399366
Steel,2,4,4969.0,-0.62,0.8953317776322365,0.07364802724123001,0.0277632637321862,0.1588009470261197,0.07347459107637405,0.3515823434654007,0.3109354471546192,0.07067969292402268,0.5548281794775032,0.0,0.0,0.0,0.0,0.0,0.0,0.0,0.0,0.0,0.0,0.0,0.0,6825936.448343415,414.9340005438933,0.1202563581676594,7528031.528276841,1075.6471722937051,0.29031223297389636,7965174.098209013,265.31602121708084,0.418504116808763,5657398.200065705,364.82540574149886,0.7754816440952164
Steel,1,2,4968.81,-0.624,1.4908115655183793,0.05524940782785416,0.014637656795691569,0.2229383528969557,0.04544655054807663,0.5142307971602037,0.0,0.0,0.0,0.0,0.0,0.0,0.0,0.0,0.0,0.0,0.0,0.0,0.0,0.0,0.0,18713969.12833901,416.19896126413846,0.23849915143896233,21422104.693765946,570.5538627592575,1.077616109968055,0.0,0.0,0.0,0.0,0.0,0.0
Steel,3,3,5031.86,0.637,1.3104587912559509,0.1297579780817032,0.03201563360437389,0.20299198410949246,0.14255863606929778,0.32049244395712345,0.3185423499239463,0.051168197095394136,0.729112853042164,0.29014334519399504,0.107527694106102,1.0703784371399379,0.0,0.0,0.0,0.0,0.0,0.0,0.0,0.0,0.0,27073407.043195687,167.25617516761397,0.17908237690453022,22958766.271742385,381.02993823367945,0.9134217334907475,23882179.080915403,619.6188078865542,1.179412910819897,0.0,0.0,0.0
Steel,1,4,5032.2,0.644,1.093398705124855,0.08189379853010179,0.006821725797279757,0.3387862387488018,0.0652507072687149,0.2631800242445747,0.0,0.0,0.0,0.0,0.0,0.0,0.0,0.0,0.0,0.0,0.0,0.0,0.0,0.0,0.0,11120487.276618863,432.29665164573197,0.12741162654963084,11104458.427398415,591.5526223294513,0.5471002796623599,12403798.434613794,389.73915342672456,0.7822036314633383,11185308.521354802,306.30902058472975,0.9292777949537876
Steel,4,3,4967.95,-0.641,1.5408856362104417,0.06462070739269257,0.03024489635057366,0.17803844070417346,0.11887209951877595,0.38251129313499704,0.4903428048235357,0.09165715098381043,0.828551512644818,0.27199056425421936,0.09554067373275757,1.195959175454226,0.2875811709055539,0.09204017221927643,1.3867870725893976,0.0,0.0,0.0,0.0,0.0,0.0,58215751.45317061,332.38623134847154,0.17841686881214855,48639264.22812079,277.06546475587703,0.7744811018650444,50769898.35551514,163.19673469085313,1.3062055218795194,0.0,0.0,0.0
Steel,5,2,5032.66,0.653,1.220838764309883,0.11657836067676546,0.008742481272252575,0.3357205165038499,0.07951703757047654,0.28538218032611373,0.21717645868770685,0.08935870587825775,0.4424930319691976,0.3256153748399348,0.0603816705942154,0.6783528129676795,0.27591406169848565,0.14858553886413572,0.9386223146236703,0.5147034273995517,0.05246417433023452,1.0516027873566371,0.0,0.0,0.0,76945627.65015791,358.71326100485584,0.16619467689933826,64105670.84570808,597.4662023318535,1.0807586724963765,0.0,0.0,0.0,0.0,0.0,0.0
Steel,5,4,4967.49,-0.65,1.55921029150486,0.12440406215190888,0.030850304969906667,0.27045233386219314,0.10355840981006623,0.3284035044510837,0.2864243578095679,0.08449498862028122,0.4400458554130342,0.3616255857675582,0.05090737521648407,0.607989617574638,0.27086673410605977,0.14784588038921356,0.7554116350371167,0.19079472131763534,0.07015536040067673,1.0812955741091663,0.0,0.0,0.0,38527066.05138198,424.4964421575929,0.17731803873824037,36538553.18278413,190.3683154262644,0.9023433383350015,35698208.978324935,524.2811645774118,1.1251663236049958,42264265.500074394,454.74800526524535,1.3860487312162482
Steel,6,2,4967.37,-0.653,1.2292961448431017,0.11239554667472841,0.021183575142003117,0.22277300215450252,0.033415242061018945,0.24665420074049077,0.2421575572697417,0.07177956074476242,0.3994648630835417,0.43366458194249363,0.10227052211761475,0.5567053729781164,0.2747582878616464,0.02,0.7655788954583793,0.3114838303376037,0.12734964549541475,0.8765798150119037,0.316072948456409,0.13155989587306977,1.070954252417461,83313653.86878632,343.4058654579708,0.18269492960649958,87549300.0263012,763.347900943479,1.0592666313315342,0.0,0.0,0.0,0.0,0.0,0.0
Steel,6,3,5034.09,0.682,1.509585013985634,0.08491198545694352,0.020223953145736873,0.2748723803935442,0.10680317640304567,0.26460083140609975,0.32327182188859344,0.1074861228466034,0.5637686190800772,0.28416479251708593,0.1110833889245987,0.7979688275517841,0.4356321168681714,0.08819124698638917,0.9939173844851428,0.22249420248519397,0.09207488596439362,1.1243738091839584,0.3268921943719889,0.12460422992706299,1.236835317288963,86752404.9604047,376.7582409781491,0.1874185102152238,88317559.1355678,159.62371913212405,0.655785403061163,74724773.86223549,702.4547945379804,1.3304047518983542,0.0,0.0,0.0
Steel,2,3,5034.12,0.682,1.270419603586197,0.10352180778980256,0.030442502580645278,0.20821380570434206,0.06058661341667175,0.5955299209486113,0.42652705196181656,0.08651118695735932,0.7973168719877995,0.0,0.0,0.0,0.0,0.0,0.0,0.0,0.0,0.0,0.0,0.0,0.0,23421769.11778109,903.2829634412426,0.22138655100397414,19304294.983089823,850.4121257462638,0.9589079167212508,26089569.590010148,410.7463136637876,1.1433776419571577,0.0,0.0,0.0
Steel,2,2,4966.07,-0.679,0.6141771070659161,0.05970028495788575,0.02975371355479011,0.2734394301165202,0.07812772452831268,0.30466435530649805,0.4620385907652498,0.09452188730239869,0.4737812082937928,0.0,0.0,0.0,0.0,0.0,0.0,0.0,0.0,0.0,0.0,0.0,0.0,41748821.16755688,771.3103173866133,0.11079325261162604,34593916.922676235,307.6838631751478,0.5191429572327552,0.0,0.0,0.0,0.0,0.0,0.0
Steel,2,3,5034.27,0.685,0.9554756864905358,0.11782979309558869,0.03831471700044489,0.27791884444203313,0.0601704552769661,0.29860713011976975,0.34029927022972833,0.09254690766334535,0.7118780396597126,0.0,0.0,0.0,0.0,0.0,0.0,0.0,0.0,0.0,0.0,0.0,0.0,21253586.42505829,478.0190797108549,0.10782229835826783,16765156.185534006,699.4197698844802,0.5630845929485354,15172748.898891674,505.01184704388095,0.8229495640390792,0.0,0.0,0.0
Steel,2,3,4965.93,-0.681,1.0132446855306627,0.13789316904544832,0.02366170946698923,0.24293755541100623,0.09157492280006409,0.318574254987888,0.2888611136900986,0.10238980412483216,0.6370464473537605,0.0,0.0,0.0,0.0,0.0,0.0,0.0,0.0,0.0,0.0,0.0,0.0,18741264.559603732,319.69306195593947,0.11543291878598952,17660233.78390002,375.5038223138762,0.43337422607463977,21731312.11591459,516.6624008249485,0.8093579847049328,0.0,0.0,0.0
Steel,2,3,4965.05,-0.699,0.4894710198044777,0.05422531044483185,0.043380248355865486,0.16367312311874324,0.08783638417720795,0.19805114234839147,0.2755585502540501,0.07739736825227737,0.38927374702476303,0.0,0.0,0.0,0.0,0.0,0.0,0.0,0.0,0.0,0.0,0.0,0.0,8174376.46391959,135.41989923128054,0.09274855759152519,7066953.667315482,89.67399488493864,0.26395943317958626,7101228.040537814,618.4738370596864,0.4022497508851687,0.0,0.0,0.0
Steel,5,2,5035.23,0.705,0.8930879771709442,0.06476235854625702,0.016064216531214134,0.1879702642296566,0.12606964588165284,0.12465733637191226,0.22278865818007523,0.10240444123744966,0.25357074878121305,0.21318549798681588,0.07767312556505203,0.40772265686675035,0.37078863133201856,0.08365311056375505,0.5735068217781157,0.1922088568496724,0.12411732316017152,0.7617442885900025,0.0,0.0,0.0,117503291.87980758,639.4101143885235,0.14272358548426645,106721720.86305998,98.55638864818084,0.8037791785607619,0.0,0.0,0.0,0.0,0.0,0.0
Steel,5,2,4964.34,-0.713,0.7672870606184006,0.08657091039419175,0.022891111399401948,0.28750856715599415,0.06691256195306779,0.13649966687092147,0.2017649886408571,0.11461686849594117,0.3214141928421096,0.27256207827944406,0.05278529584407807,0.4200261720431472,0.24027213856747626,0.11000520169734955,0.5672177338939212,0.5026099853540211,0.05544147849082946,0.6558669070212151,0.0,0.0,0.0,48224215.65086355,269.4472065050643,0.10191794913834792,39711311.222328715,474.2659518829469,0.6905583537892735,0.0,0.0,0.0,0.0,0.0,0.0
Steel,5,2,5035.95,0.719,1.1849100589752197,0.10021535027027131,0.027792936276707734,0.35262181883444693,0.11466059386730194,0.1889917639531568,0.15217657369727522,0.131900315284729,0.39444590290197806,0.21398770053018756,0.11594487071037293,0.6303767091351297,0.4094486944940075,0.0721142616868019,0.8488993868500496,0.25455359657619936,0.10098915100097657,0.9942801723476324,0.0,0.0,0.0,57899026.402255684,622.881180134953,0.1274578486921686,61783299.91815992,511.45923440232616,1.0168338670304484,0.0,0.0,0.0,0.0,0.0,0.0
Steel,4,3,5036.03,0.721,0.5641564339399339,0.11808714520931245,0.022807596329906928,0.3386421355014238,0.0992947018146515,0.07581074859417392,0.2838119744852212,0.15,0.20846313707796682,0.3493317894079898,0.02,0.33298745532355045,0.20312298926819208,0.10920222938060761,0.47114903765246446,0.0,0.0,0.0,0.0,0.0,0.0,30296704.65368301,595.0369098353087,0.06423375723385172,34423388.44718736,851.4125447785801,0.391733040013036,30421447.364643067,655.0130021695225,0.4561919934771889,0.0,0.0,0.0
Steel,6,4,4963.65,-0.727,1.1305843621492386,0.09468327856063843,0.015324090391237714,0.31737761961566074,0.1083551597595215,0.1428311329718682,0.23034589756076904,0.04535274401307106,0.23970360076452016,0.21670295540429016,0.04896039128303528,0.4048370299778532,0.2979910516228429,0.08300835311412812,0.5767159868854883,0.30837681909279446,0.08176829367876053,0.7321616165502276,0.3446262936287126,0.11492306232452393,0.9018756494012395,22207446.14019726,480.84417389603055,0.15430430048571595,29447041.140226547,629.7595879347102,0.46240818897687586,22155226.881843086,734.3593004773428,0.6398866652780018,26268142.091363132,702.8621634291436,0.9981312597618482
Steel,4,3,5036.65,0.733,1.4455733239650728,0.09671846437454225,0.00889741735169712,0.4822271128983644,0.10815842270851136,0.3158547210486671,0.27582278968171337,0.060705573856830605,0.46753533483009346,0.18793757100802247,0.07192055821418762,0.6685080801005323,0.29160948434137307,0.11022134125232698,1.0962592423116053,0.0,0.0,0.0,0.0,0.0,0.0,52753977.63386394,487.1455025881793,0.2346768068872243,63355666.38028862,338.1550424728721,1.029166019744022,69289660.99980308,194.0663889649947,1.2990928644205688,0.0,0.0,0.0
Steel,6,4,5036.92,0.738,1.2221304506063462,0.06776630926132203,0.01545284749534031,0.2701234520412141,0.07396115690469741,0.22403487242518663,0.24799106733585333,0.07858679056167603,0.3801252510174884,0.2902909701464306,0.0828793776035309,0.48090478910696266,0.29234569521657267,0.14485648453235625,0.6435154606508535,0.2913184738668632,0.027754075303673745,0.8104655327205413,0.31956665441778676,0.1255054235458374,1.0156425363769983,30263547.218213823,606.3757378850062,0.1262809311868799,36205341.1308018,573.7513503093627,0.2125028796624145,36557747.17780028,322.10499921333087,0.6142794919671477,33782318.629518546,313.6171848529522,1.0654455663509794
Steel,1,3,5037.42,0.748,0.8393247604370118,0.11670462453365327,0.015137314408874976,0.22140374738775412,0.10361168146133423,0.4239307326006837,0.0,0.0,0.0,0.0,0.0,0.0,0.0,0.0,0.0,0.0,0.0,0.0,0.0,0.0,0.0,11721381.874591567,522.3773010767501,0.2123592493577851,17153018.169478197,560.7168801127101,0.5305043573690981,14075677.001529057,311.4582170770444,0.7553922835539858,0.0,0.0,0.0
Steel,2,4,5037.44,0.749,1.4227468430995942,0.08452411216497423,0.014642277496717676,0.27922245478405433,0.07759744882583619,0.34730704800305734,0.5939347164464954,0.09063194870948792,0.797142542479895,0.0,0.0,0.0,0.0,0.0,0.0,0.0,0.0,0.0,0.0,0.0,0.0,30190659.09188869,420.0426362813652,0.21982563594366766,30926546.554386225,525.5431460832075,0.661955106117143,30881290.527971197,281.5007798524581,0.9622559122169319,27591090.28512738,626.1725396485558,1.1978158116228323
Steel,3,3,5037.57,0.751,1.3442317456007005,0.13535431587696076,0.016959714992430423,0.2480136186184886,0.1098262244462967,0.4811209872033303,0.27857760908688867,0.05258969783782959,0.7048050002596884,0.25817876240002924,0.10055652320384979,0.8868791783742571,0.0,0.0,0.0,0.0,0.0,0.0,0.0,0.0,0.0,24868784.06065947,516.867185699598,0.2045756471971275,21633031.568344615,451.3804102061221,0.6539268953332227,28498357.428986557,492.4738583383633,1.1296666007866591,0.0,0.0,0.0
Steel,2,4,4962.43,-0.751,1.4011251568794252,0.11029440200328829,0.007550438933193813,0.3864345475460386,0.08162577360868455,0.5247215170081063,0.1455843628624907,0.09601219952106477,0.6199397901691542,0.0,0.0,0.0,0.0,0.0,0.0,0.0,0.0,0.0,0.0,0.0,0.0,18386849.082457274,452.4565701006133,0.18655393700965758,12321602.868593419,56.09631569923611,0.484047228693031,12493714.32415464,186.05698424476716,0.93496505832862,12907797.253577154,158.32719969813022,1.1873478320358748
Steel,6,4,5038.88,0.778,1.6729275345802308,0.12713993704319002,0.01442105712257649,0.22183146973123008,0.05492725014686585,0.1770663505608372,0.31888921562720185,0.05590907573699952,0.27076410525580263,0.16842468363774826,0.057254713773727414,0.5056634541099573,0.1972711799062369,0.06919656366109848,0.7334452806852999,0.32140031640444383,0.07169198602437973,0.9782908711747418,0.1890583149595129,0.12853479444980623,1.3178305755139998,29669330.767357875,286.03352526195425,0.2079605157584903,28330979.498804037,429.46253905254474,0.8033098193968734,25622003.573174167,210.40882699705054,1.1441581986915859,26010750.14647161,397.99434107537263,1.4786533184033308
Steel,2,2,4961.29,-0.774,1.395817267894745,0.11597286462783815,0.01105982561613547,0.4446285081853756,0.07521659344434739,0.8041776988841058,0.2377854230826271,0.05595225870609284,0.8917704600291145,0.0,0.0,0.0,0.0,0.0,0.0,0.0,0.0,0.0,0.0,0.0,0.0,41174793.88707854,381.7388239071338,0.27029182316097977,36275600.664968096,490.2343581182839,1.0750264538974585,0.0,0.0,0.0,0.0,0.0,0.0
Steel,4,4,5039.05,0.781,1.4687060207128526,0.08049128621816636,0.03258586376756069,0.30392638810076744,0.06141134768724442,0.27916702193958776,0.3040239432704452,0.06722695767879486,0.6358126698941743,0.30289864614653617,0.08222288489341736,1.0151428086312182,0.2825800687067945,0.031683067828416824,1.2145263302187417,0.0,0.0,0.0,0.0,0.0,0.0,16244777.596473586,326.1135370309081,0.18100197161134932,22661473.35099248,677.4322673456285,0.4780484245172706,16213151.00564729,641.3489007287419,0.5609968640819442,21860500.115623012,312.5838332574898,1.3024968788839146
Steel,3,4,4960.44,-0.791,1.0148229598999023,0.1417929346561432,0.005655048827037238,0.4278691987189343,0.13080212891101836,0.38146588825544453,0.2518375696141821,0.11878227770328523,0.592376708711157,0.20064942697937527,0.1398796957731247,0.7877972765411393,0.0,0.0,0.0,0.0,0.0,0.0,0.0,0.0,0.0,21698612.06853648,558.5062766275316,0.12501171970270702,33088337.472976867,303.1812876521227,0.2571804374262034,21433032.86702788,814.0070394622396,0.4727581522530631,25450185.095297553,508.05531647608825,0.9052723948059047
Steel,4,3,5040.42,0.808,1.13315626680851,0.1479724154472351,0.04214561395978778,0.27360552013006584,0.07901367664337158,0.18191683839004208,0.2556135130826089,0.06723595380783082,0.3877545525678574,0.23701059028034743,0.08306907504796983,0.545023875031427,0.30650351432461137,0.08355733007192612,0.8227698704038734,0.0,0.0,0.0,0.0,0.0,0.0,32126193.074529983,537.3743627568094,0.11972592442049593,38278535.34450288,378.3549188541815,0.9059139317338729,34495531.09601715,549.5375698642058,0.9996295373157824,0.0,0.0,0.0
Steel,4,2,5040.89,0.818,1.328514501452446,0.10994101893901827,0.013869572169997162,0.19008479736913264,0.0409595587849617,0.21082836460205112,0.2511432948072571,0.10701859533786774,0.39692776601736834,0.17108899816353285,0.113714280128479,0.7144673118041006,0.4125415778017478,0.060469152331352236,0.9835842377016831,0.0,0.0,0.0,0.0,0.0,0.0,35421597.76320002,704.3661022376773,0.1892039278927941,42475120.287044264,475.2262469632711,1.1177852695579533,0.0,0.0,0.0,0.0,0.0,0.0
Steel,4,2,4959.44,-0.811,1.4538654118776322,0.11794071197509767,0.04370401094516755,0.18850994735189153,0.08883439660072327,0.38930298973902544,0.222546657167171,0.08212953746318817,0.6459568334552317,0.24995146472177596,0.07025928467512131,0.8414405135280105,0.4026367691224668,0.08171995788812637,1.0945776892237526,0.0,0.0,0.0,0.0,0.0,0.0,42512080.288831234,795.6166051540052,0.2576425459791954,42786441.722783335,221.49174374067576,1.1799043536732228,0.0,0.0,0.0,0.0,0.0,0.0
Steel,5,2,5040.94,0.819,0.6381975762546063,0.06484674322605133,0.01569462446189891,0.3774164031161771,0.08057911932468415,0.10280184323168808,0.20279713687290726,0.07261795192956924,0.2349738507667779,0.26678558831237204,0.09789108872413636,0.34500584146716706,0.300568845538833,0.06966677993535995,0.4749069024930383,0.3324436483471718,0.08283148735761643,0.5733839895796097,0.0,0.0,0.0,40955351.888146065,558.8040824325084,0.09029726022629594,36951930.86369678,707.2694989549744,0.5590329767068241,0.0,0.0,0.0,0.0,0.0,0.0
Steel,1,2,4959.25,-0.815,1.0862020254135132,0.06056483435630798,0.011221695020273868,0.21466707731286894,0.10729212880134584,0.7953674644731455,0.0,0.0,0.0,0.0,0.0,0.0,0.0,0.0,0.0,0.0,0.0,0.0,0.0,0.0,0.0,9297022.929142939,531.4954932531397,0.44153907245765056,12429785.793231806,305.92852861793193,0.9175748174372678,0.0,0.0,0.0,0.0,0.0,0.0
Steel,3,3,4958.84,-0.823,1.0765211045742036,0.0802423598766327,0.03318990380439284,0.21188988175623621,0.07178075790405274,0.19647216906817405,0.45431093518361276,0.12690061390399934,0.5154493346281841,0.16738420554803804,0.06721884489059449,0.8495365061118026,0.0,0.0,0.0,0.0,0.0,0.0,0.0,0.0,0.0,32829902.017933384,653.2109732511012,0.13471096260723375,34743617.91692966,426.92037440443215,0.6370622918371256,46635716.62467895,771.6588154896532,0.9294032300151677,0.0,0.0,0.0
Steel,3,2,4958.08,-0.838,1.6198242753744125,0.09184426307678224,0.015667266765992807,0.20498237851628465,0.1246666604280472,0.31267788383018513,0.29411713823420327,0.1147072172164917,0.9606975026180209,0.167005795744907,0.08990519165992737,1.142126712020955,0.0,0.0,0.0,0.0,0.0,0.0,0.0,0.0,0.0,150819026.10225323,701.2290271878207,0.18129425184740808,177971560.15102744,247.68421810311318,1.3162427027442802,0.0,0.0,0.0,0.0,0.0,0.0
Steel,3,2,4957.11,-0.858,0.9933339819312096,0.11261894178390504,0.01695397306637951,0.12829497897384814,0.05284905910491944,0.39073223690940107,0.20815687312947276,0.09139713883399964,0.5453283837805718,0.3663448557635158,0.12314727544784547,0.7799443671412803,0.0,0.0,0.0,0.0,0.0,0.0,0.0,0.0,0.0,31593956.47207685,452.3538287026911,0.13318177297976663,39835013.45551976,859.4501942583753,0.7929187386631421,0.0,0.0,0.0,0.0,0.0,0.0
Steel,4,3,4957.07,-0.859,0.7622666418552398,0.097224755525589,0.036364788436260245,0.26526441512836363,0.0490696582198143,0.12064609566863499,0.22629564158928997,0.08973700046539307,0.21438501661889772,0.19157564478888936,0.1298180639743805,0.377219526152789,0.4013713776934857,0.07350754588842393,0.5808784706961959,0.0,0.0,0.0,0.0,0.0,0.0,23315750.90085455,640.0709675581526,0.09003666111201633,16854742.591944754,867.6415765672094,0.39243919862376037,16189866.035473583,735.7488051106991,0.6545052010914567,0.0,0.0,0.0
Steel,6,3,5043.51,0.87,1.396953144669533,0.09099333202838898,0.014880809837109748,0.29796253852398974,0.02980891302227974,0.284860545968,0.3273163333200175,0.08329251378774644,0.38995968206537973,0.24849968280790533,0.03285996161401272,0.5704618641357814,0.28886688054236137,0.03919408202171326,0.6450786798295773,0.2807191096953809,0.06334151715040207,0.8909844910802841,0.4917030289494937,0.07664362668991088,1.1287209165504608,30509715.853142288,531.5377206706853,0.16645461585544946,33363091.661430802,676.6988027595256,0.6228340701202848,39910450.886233695,590.1774448631126,1.1957854729739221,0.0,0.0,0.0
Steel,1,2,5044.34,0.887,1.1492723524570465,0.06368112587928772,0.015448032253612864,0.3340229221822436,0.10684241533279419,0.5785805434793377,0.0,0.0,0.0,0.0,0.0,0.0,0.0,0.0,0.0,0.0,0.0,0.0,0.0,0.0,0.0,45685008.867889695,830.7571855817229,0.18265490434625603,52046561.23214347,130.19713797159807,0.8351556501430886,0.0,0.0,0.0,0.0,0.0,0.0
Steel,2,2,4956.03,-0.879,1.0381385371088983,0.08336541402339936,0.013638540113821403,0.2187728136792851,0.10277847409248353,0.259139839412011,0.3237930935616005,0.1254178488254547,0.6537793809737755,0.0,0.0,0.0,0.0,0.0,0.0,0.0,0.0,0.0,0.0,0.0,0.0,30797225.187760904,206.21678036586152,0.1319075490918193,31347819.669897605,475.0095428493549,0.8797235486445365,0.0,0.0,0.0,0.0,0.0,0.0
Steel,2,3,4956.03,-0.879,2.023907393217087,0.08078201979398729,0.02131487836653904,0.21068975555072064,0.04601231291890144,0.8303510402366614,0.19425606118493965,0.10294690549373628,1.3673471182565238,0.0,0.0,0.0,0.0,0.0,0.0,0.0,0.0,0.0,0.0,0.0,0.0,29597842.69595267,408.09686651995315,0.2927180077192776,24725617.30507948,297.15171670906517,1.3930441373499123,28746834.06801278,429.13079963849134,1.8077967779455582,0.0,0.0,0.0
Steel,1,2,5044.66,0.893,0.8875392064452171,0.05339950436353684,0.037077376032901226,0.2810110201398593,0.05111652746796608,0.4431962733584968,0.0,0.0,0.0,0.0,0.0,0.0,0.0,0.0,0.0,0.0,0.0,0.0,0.0,0.0,0.0,6450889.263260452,345.5364321245469,0.19537803394547454,7547855.725975127,365.4513634641064,0.7140183450426967,0.0,0.0,0.0,0.0,0.0,0.0
Steel,5,2,4955.24,-0.895,0.9614123269915581,0.06673694735765458,0.026101088331249186,0.3076643855431671,0.10645012676715851,0.19110967426507514,0.21127973610046524,0.022779041603207588,0.33902270843812626,0.28178464343646364,0.06728726118803025,0.5061085288751361,0.27632385209800325,0.06367815911769867,0.6291312333819699,0.31402220124680125,0.12749272346496582,0.7962833521907067,0.0,0.0,0.0,56528474.95892017,541.5557051007181,0.11536310193728654,77058139.87977986,756.5913311342315,0.8362037836518155,0.0,0.0,0.0,0.0,0.0,0.0
Steel,4,4,5045.42,0.908,0.6150663129985332,0.0821219672560692,0.01647089696693305,0.2569039973323325,0.07687768489122392,0.061516631299853325,0.18606195171971046,0.09860776484012604,0.16193384330705246,0.31454024248563583,0.0707665354013443,0.29597142574512303,0.24484849022908592,0.05134967714548111,0.49594206832977616,0.0,0.0,0.0,0.0,0.0,0.0,14154978.746144079,518.5243931293948,0.07878800869115653,8983709.055082828,331.7509157906094,0.2633774450252057,11511070.528731152,332.4971976830447,0.39376812903637903,10134917.376967859,411.7439515335023,0.5361028398269658
Steel,4,3,4954.95,-0.901,0.9189085811376572,0.12100657582283021,0.014656415676411754,0.20821069236124745,0.08661713361740113,0.26684744388197557,0.29755226761088477,0.10512772679328919,0.41359159770638326,0.4184029103892907,0.09372736871242524,0.5613304521936088,0.225559585456283,0.10529901742935181,0.7704845792213456,0.0,0.0,0.0,0.0,0.0,0.0,25987404.076975107,842.2081680045542,0.1102922561703205,30992324.218926672,200.34079599129254,0.5385255659069988,25786753.897219572,225.7539407665368,0.8270177221049828,0.0,0.0,0.0
Steel,1,3,4954.69,-0.906,0.8214911863207818,0.0466273989379406,0.02229641582067353,0.2499477271302901,0.1212151998281479,0.3145668459975733,0.0,0.0,0.0,0.0,0.0,0.0,0.0,0.0,0.0,0.0,0.0,0.0,0.0,0.0,0.0,8972597.013915893,639.5299972055112,0.1734775148253268,9111778.587999115,672.9133634425444,0.5010664198411926,9511816.28985969,338.0306597997106,0.6520752162592831,0.0,0.0,0.0
Steel,5,2,5045.83,0.917,1.2738905280828476,0.08765086501836777,0.00672066987746886,0.29426806474064865,0.11159393668174744,0.22543074246322453,0.24649633973393661,0.04801990061998367,0.3165615754088877,0.24552562125215882,0.12422504425048829,0.5628328009996952,0.16403273806442656,0.0971318030357361,0.8963569185885183,0.4223705905855913,0.057559195160865786,1.079344509843623,0.0,0.0,0.0,107165118.19381797,231.48773820730855,0.1333760888355012,99795958.40169725,416.29166676320034,1.1321572705005587,0.0,0.0,0.0,0.0,0.0,0.0
Steel,6,3,5045.9,0.918,1.318769735097885,0.10956249821186066,0.012308262707581256,0.19067437335928356,0.06627468138933182,0.2546906078419647,0.3915852524120479,0.08742747485637666,0.480360678068296,0.20595334270929913,0.10072284698486329,0.6917274223071255,0.3254128268660134,0.08027470767498017,0.8817887803657171,0.19992986294145398,0.036342766284942624,1.0553556728029987,0.43796837109045855,0.10028024673461915,1.1545753417343347,46076554.52947331,701.983462553518,0.14904754126934813,35705604.2473658,428.9255538995269,0.8582655761463306,41182013.677941635,217.2643546753897,1.1868927602693269,0.0,0.0,0.0
Steel,4,2,4954.15,-0.917,1.2055376738309862,0.12567331099510193,0.01055100290546383,0.17758008201448258,0.12808119893074035,0.14082160961677953,0.20609696369737543,0.11855193495750428,0.49463931511522924,0.2962688422682519,0.08395579427480698,0.7652065418536695,0.27178545658190717,0.15,1.008974735569143,0.0,0.0,0.0,0.0,0.0,0.0,46442004.327763416,259.7925495512177,0.16616923656520793,42775776.2921191,644.6554277971053,1.0374677342909804,0.0,0.0,0.0,0.0,0.0,0.0
Steel,4,3,4953.92,-0.922,1.8722965687513353,0.06229890990257264,0.010735367544235467,0.23417479758241988,0.11381230771541596,0.31734785456742937,0.3575179504929514,0.08857415974140168,0.6186912905165195,0.23459359942888802,0.10674111783504486,1.083898457813003,0.2644478134759479,0.11567712545394898,1.4669177522184196,0.0,0.0,0.0,0.0,0.0,0.0,138841083.12058634,799.9868278650171,0.21791630612356985,190720900.93402407,370.13576688696634,0.5878345781266505,149050143.67701548,336.0560313605167,1.5136360547012404,0.0,0.0,0.0
Steel,3,4,4953.88,-0.922,1.82701013982296,0.10605300962924959,0.00786459423472678,0.3825800852147206,0.09209082484245301,0.46764240789185113,0.34434531679115216,0.09263245224952699,0.747725958895498,0.3935646945788617,0.08783442378044129,1.2737525769881195,0.0,0.0,0.0,0.0,0.0,0.0,0.0,0.0,0.0,36524022.48932172,467.62098571511785,0.19669005496254838,41129956.198004484,168.06794239164415,0.36768149722430155,33174411.753079794,619.3931372726668,0.7042102745795658,48692943.568464495,589.4928523831778,1.605396516018159
Steel,5,4,5046.59,0.932,1.2089133262634277,0.06659153825044632,0.026202605433886996,0.39662787075454214,0.059243575036525734,0.21372028735024237,0.22342816952488959,0.08012148290872574,0.3845577802150577,0.2259212906287515,0.051857381165027625,0.6904935955810962,0.2971014201303786,0.1293962687253952,0.9445417336012708,0.3553298945910046,0.1022256112098694,1.0827616125787052,0.0,0.0,0.0,30844985.23612697,408.6884342315729,0.16005377626660555,29819352.249282815,395.2612157908649,0.5549931406871103,27676834.51530836,554.3084198980687,0.7594432720917415,28713017.38010751,566.7529807082634,1.0727606125787053
Steel,2,4,5047.18,0.944,1.2408658564090729,0.12303754663467409,0.003759460087674274,0.1930322082761521,0.10649281382560731,0.6499602054411509,0.27224262988924447,0.11879287779331207,1.0196320402683163,0.0,0.0,0.0,0.0,0.0,0.0,0.0,0.0,0.0,0.0,0.0,0.0,22154452.33894553,425.1995062327411,0.1967918974293184,18694939.767738864,882.6639873661591,0.5032041319811458,17764284.59737552,477.5468294426116,0.6765646403263245,18767523.99786829,644.897060110744,1.098449611989134
Steel,5,3,5047.69,0.954,1.7482505768537522,0.10080383396148683,0.04724325004319499,0.2988855352672166,0.059848679006099706,0.2775651683717878,0.2978940751401215,0.04975145980715752,0.5703174233368138,0.4352894538422356,0.06075685024261475,0.785707218500809,0.44253666723756235,0.11995671808719635,0.9171150195631103,0.45736419067551615,0.08400752007961274,1.1671404622518644,0.0,0.0,0.0,72512008.5156857,448.0845334859491,0.2081602582170417,77154412.30904378,341.99570136923205,0.825717310828186,78395791.175771,509.36033346990286,1.4978499872382578,0.0,0.0,0.0
Steel,2,2,4952.61,-0.948,1.1716454088687898,0.07859432369470597,0.020973826352412843,0.18721488678323928,0.06200835049152374,0.30249977938325634,0.5153524661031643,0.049025200605392456,0.6680365008123014,0.0,0.0,0.0,0.0,0.0,0.0,0.0,0.0,0.0,0.0,0.0,0.0,32122104.754900202,507.70716764250625,0.159898762058978,31253360.348186553,256.6814120722831,0.901799515211021,0.0,0.0,0.0,0.0,0.0,0.0
Steel,4,3,4951.75,-0.965,1.401258471608162,0.11545672154426576,0.02115154684803213,0.282214279946318,0.07286860764026643,0.30004644886001675,0.452367417807242,0.07187746047973632,0.5444029278356889,0.24117557319730504,0.06446114003658295,0.9323245450418834,0.2259679688432226,0.07270159423351288,1.0769482320823385,0.0,0.0,0.0,0.0,0.0,0.0,30684697.28722217,466.74826026468986,0.18057205075295013,54094547.07064131,345.85849943980026,0.9210664231957724,33285031.142154388,406.5721518726618,1.2315464335843649,0.0,0.0,0.0
Steel,6,4,4951.65,-0.967,0.9779038771986962,0.11238440823554995,0.01726530274483975,0.13982287423988876,0.10914901196956635,0.15814693555968806,0.3520812306650215,0.09321458160877229,0.2890483205225821,0.20243052943373702,0.10357545673847199,0.4478568957018166,0.21946384499477029,0.09479862868785859,0.600190114152506,0.32596232037853873,0.10905356466770173,0.7234799108369685,0.25119634579826644,0.12562148213386537,0.8597711474073749,25110750.16403491,222.71263455087438,0.10413047927840315,18621234.967158623,554.7024743693496,0.5410702172626982,22617421.791560248,321.32816460184966,0.6358863404415163,25651935.587927118,792.4645188787458,0.8466497942730744
Steel,2,4,5048.93,0.979,1.3011197030544281,0.04577461007237435,0.033480321767580125,0.2042206353057459,0.0954769802093506,0.4302382637393257,0.32720079735197044,0.09909060359001161,0.6940019706002333,0.0,0.0,0.0,0.0,0.0,0.0,0.0,0.0,0.0,0.0,0.0,0.0,28893741.498102706,397.9697741881256,0.15216069624543652,30428931.766142666,804.2549399361094,0.2608829835867227,25111069.94734963,662.2086400890181,0.6428458884695316,25111069.94734963,556.156661580878,1.040017893790841
Steel,1,4,5048.95,0.979,1.0289297863841056,0.06270611888170242,0.018271853281304453,0.3233973312051637,0.11492447257041932,0.8478316885388584,0.0,0.0,0.0,0.0,0.0,0.0,0.0,0.0,0.0,0.0,0.0,0.0,0.0,0.0,0.0,16208188.412461732,400.902684902625,0.21175862857929112,14758359.14157887,760.3104754314926,0.4325320511935806,16039917.378925532,440.8013355920661,0.6146330070934514,13289185.143911457,535.5226249916122,0.9260368067167652
Steel,3,2,4951.28,-0.974,0.4191560599952936,0.09175868499279023,0.020667269698862577,0.2276831781218227,0.08225260078907014,0.06969734588555423,0.3995564288999092,0.12660416781902314,0.2248430592433917,0.33918300367847887,0.10066057920455933,0.3608822214990123,0.0,0.0,0.0,0.0,0.0,0.0,0.0,0.0,0.0,34354696.80520492,328.43603483991683,0.08998378610821488,35204538.45575083,174.21457187809344,0.34154492390004143,0.0,0.0,0.0,0.0,0.0,0.0
Steel,2,2,5049.96,0.999,0.8068343952298165,0.13106498420238497,0.03203117548661325,0.34825325120659456,0.13371839344501496,0.2008479656130469,0.23718969629850462,0.08716145753860474,0.41329434601090087,0.0,0.0,0.0,0.0,0.0,0.0,0.0,0.0,0.0,0.0,0.0,0.0,32684127.485994063,194.98320115094864,0.10647216018194712,33332703.755462877,238.06281244268374,0.6724841342247432,0.0,0.0,0.0,0.0,0.0,0.0
Steel,6,2,4950.47,-0.991,1.03398108035326,0.11208697974681855,0.0346845133748835,0.3752367955676873,0.09935834109783173,0.12195148945245628,0.2909835828980013,0.1222245717048645,0.3033075034276601,0.43239046201165227,0.08689614534378053,0.458447218873124,0.26681327280172684,0.11641831815242767,0.6032370043672539,0.23730115957067635,0.07040129721164703,0.7340785018061895,0.2196702210923624,0.052963587343692775,0.8311074454542071,76513637.36046009,713.6809203437681,0.1445672100919562,73924688.36328894,233.82100871049698,0.8946207424996171,0.0,0.0,0.0,0.0,0.0,0.0
Steel,2,2,4950.05,-0.999,1.1116309002041818,0.10080252206325532,0.04862163978017769,0.2222515227858786,0.10274305522441865,0.49265785298505044,0.23276571709392893,0.07420810103416443,0.7732432886156363,0.0,0.0,0.0,0.0,0.0,0.0,0.0,0.0,0.0,0.0,0.0,0.0,15703348.239172688,612.073094547953,0.23924904175487968,14883167.488178832,565.2130422104367,0.8892571492544794,0.0,0.0,0.0,0.0,0.0,0.0
Steel,1,4,5051.14,1.023,1.2806816399097443,0.07318363642692566,0.010788229092045557,0.3305318069239307,0.12420315444469453,0.8757198082278344,0.0,0.0,0.0,0.0,0.0,0.0,0.0,0.0,0.0,0.0,0.0,0.0,0.0,0.0,0.0,10411857.487338996,734.015481042942,0.1932434377238361,10786128.277345944,578.2083633862397,0.6205778394254394,11727235.279864287,257.97545940093414,0.8872649032467438,12493244.607143642,1010.2488502460454,1.1526134746380883
Steel,5,2,5051.37,1.027,0.9796928748488427,0.06410570269823075,0.015311165770103734,0.24720239214221554,0.08675117671489717,0.2652478954741372,0.21543292773829917,0.09973035156726838,0.4462841128839773,0.2327573606750295,0.059037497043609624,0.5971677196000739,0.23956007624407072,0.03941175773739815,0.7271427840425924,0.2050782821528884,0.09050266325473787,0.8817135873639584,0.0,0.0,0.0,89803648.76108795,684.5498890398104,0.14483575513426464,96064114.00244671,536.9050494055516,0.8717125873639584,0.0,0.0,0.0,0.0,0.0,0.0
Steel,4,2,5051.44,1.029,1.4195558905601502,0.1063212378025055,0.027054219272200114,0.2941338744581374,0.07202689617872238,0.2552211926381332,0.2859357587313858,0.10988344788551331,0.3534607228192241,0.2653072350388201,0.08206389129161835,0.5618257895770855,0.31011987522058493,0.1472691750526428,0.9358633250427051,0.0,0.0,0.0,0.0,0.0,0.0,76752657.01975669,490.9989631247417,0.1880002935325434,80902753.43083765,280.4905674520373,1.1842117730432933,0.0,0.0,0.0,0.0,0.0,0.0
Steel,4,4,5051.7,1.034,0.8689581215381622,0.14709430694580078,0.01385866558917482,0.39600459527410986,0.0717962047457695,0.24032589272553911,0.21197608811291713,0.09518760859966278,0.3476326660219297,0.17093531825763114,0.06853208988904953,0.5583820920502321,0.22863390915060217,0.0932848072052002,0.6550919695014026,0.0,0.0,0.0,0.0,0.0,0.0,17237367.966112234,249.68865942180668,0.10298560992764737,18653591.86768621,148.65324262582587,0.3151066040887797,20064657.294643655,811.7663592845746,0.5261908186786786,19041406.045388054,742.6762930043874,0.7600105767568102
Steel,3,3,4948.27,-1.035,0.561607051640749,0.03536081692576408,0.010343580133171191,0.2840417646430038,0.09533249974250795,0.22743657789905802,0.2219364683166158,0.07956391662359238,0.38447197408243594,0.27185123888755874,0.04339319959282875,0.4527133872327354,0.0,0.0,0.0,0.0,0.0,0.0,0.0,0.0,0.0,12422420.139354868,313.373497572119,0.08855375510225297,10905204.660664147,611.0661589338329,0.3194749739406023,12286298.04703733,439.93842977630766,0.505446345915067,0.0,0.0,0.0
Steel,2,4,5052.46,1.049,0.9665413603186608,0.1407611563205719,0.028696510719277063,0.21957809554205904,0.0921710616350174,0.4146350228122872,0.24347920543072868,0.11450403332710267,0.8517894100678554,0.0,0.0,0.0,0.0,0.0,0.0,0.0,0.0,0.0,0.0,0.0,0.0,22882658.252014957,407.4613602751431,0.14264574535815447,22413398.557844155,1038.3553958247967,0.2751680581408833,23082073.27608583,671.7559108017765,0.2912207808013756,25756724.816037253,159.74910970331442,0.8275547353509227
Steel,6,3,4947.99,-1.04,1.7003835320472718,0.07644026720523835,0.003926488808515458,0.24008236408879097,0.06787372589111329,0.37182987305470616,0.24467783341940136,0.09455546975135803,0.5581228886077308,0.3251696492265687,0.06946994215250016,0.7716849130034104,0.4083121256379519,0.060764277279376985,1.0061297617462757,0.3249879402175634,0.13990735828876497,1.1900529756848903,0.2442956993542529,0.1321023988723755,1.4315196747193581,88451643.76686788,724.601593270623,0.19181247978114394,62665851.29265,123.60852186121538,0.8079623279528543,87164673.56896698,141.20160587051376,1.5086041212058983,0.0,0.0,0.0
Steel,6,2,4947.98,-1.04,1.657574397325516,0.11523253083229067,0.012240651192724234,0.17439065985576563,0.08163927167654038,0.3481200351822572,0.1327911952215717,0.12386692702770234,0.4578336745476984,0.1705262768537298,0.10895598649978638,0.5885274183751161,0.2619528561025043,0.1032285362482071,0.7849172915032661,0.23521606184826394,0.023349541518837214,0.9235646892160188,0.36439490336516345,0.049707866162061694,1.144663879207413,78402025.91677356,360.81119061648064,0.2895331959072204,78148116.15899518,637.6099503148828,1.4454405857033978,0.0,0.0,0.0,0.0,0.0,0.0
Steel,6,4,4947.26,-1.055,1.5534851461648942,0.09178676807880402,0.012291904874690389,0.38854508995675724,0.1178449445962906,0.2670114003562619,0.23931631111623325,0.09955048322677613,0.4862656175718987,0.19680081741711075,0.10353301763534546,0.7470808812056648,0.31420060569653807,0.12077609419822694,0.878087099319703,0.32490869922489435,0.07402576088905334,1.0138530729031892,0.16352584177964063,0.09232783913612366,1.2113977038092838,36115610.07239865,613.694869636253,0.21913000879083816,36276438.6988553,697.7098190035883,0.7233230749364671,42620988.00629942,612.6214185221414,1.0998615589027254,37809144.08419664,293.7463770809637,1.3981366299949196
Steel,4,4,5053.41,1.068,1.4232563942670822,0.12258325743675233,0.008253447823732222,0.15447553103197487,0.06703448235988617,0.2312452004486435,0.32092888997746644,0.06553465873003006,0.4749536525573533,0.2715624087954469,0.10431427836418153,0.8704193606466728,0.37075944173599823,0.07646833002567291,1.1084118933391633,0.0,0.0,0.0,0.0,0.0,0.0,22371697.421208255,336.275006030081,0.18908468577005372,22847808.72778727,157.7386994260588,0.8555496310348782,25398845.895398933,591.1560411874027,1.012793994579789,24015734.957278494,256.2646565547784,1.2809307534171175
Steel,5,2,5053.7,1.074,1.3991501361131669,0.07860705333948136,0.049178809071093385,0.20021831517553512,0.07733832001686096,0.20766692644045665,0.26026157073883255,0.10851565659046174,0.3053946609374031,0.22334179029628312,0.06310381323099136,0.6213917853249141,0.22407069923623765,0.06749361038208009,0.908930213092363,0.22888620650330072,0.07691026389598847,1.087412735811014,0.0,0.0,0.0,381165995.10790616,906.4740447454825,0.16328891927558206,411091950.17919827,319.18755959848056,1.1800020933562392,0.0,0.0,0.0,0.0,0.0,0.0
Steel,1,2,4946.74,-1.065,1.351705089211464,0.07021808624267578,0.014212530734593446,0.36587499489543046,0.07291912078857422,0.13518050892114641,0.0,0.0,0.0,0.0,0.0,0.0,0.0,0.0,0.0,0.0,0.0,0.0,0.0,0.0,0.0,31940054.830905188,614.9883295449006,0.14961128344162,40072091.17943036,391.54500593489826,0.7992791826208714,0.0,0.0,0.0,0.0,0.0,0.0
Steel,3,3,4946.72,-1.066,1.5396832674741745,0.08466847598552704,0.03818147066961315,0.3798231183260102,0.10962728679180146,0.3062428506829984,0.2710756906963399,0.08581397533416749,0.7591666083602573,0.32175157462242077,0.13631347835063934,1.357263669802767,0.0,0.0,0.0,0.0,0.0,0.0,0.0,0.0,0.0,79979950.12352492,477.1674924137074,0.2089840637206793,59062186.52304286,502.5990704380623,1.276173404870731,55170887.9930773,361.3939735306751,1.3818352416117732,0.0,0.0,0.0
Steel,5,3,5054.11,1.082,1.1009958252310752,0.07047369480133057,0.02185223121982461,0.4166000226914049,0.10520643711090089,0.18348991936819847,0.12500329962559417,0.1270299381017685,0.45902400742489624,0.33708654449704384,0.06251124650239945,0.7238257039524805,0.12061296484207389,0.09126597046852113,0.8539765031613008,0.3012099751331408,0.03651077345013619,0.9908862427079679,0.0,0.0,0.0,25153861.59506949,452.3141002406128,0.13332369059143176,29116559.69488308,498.01968331480816,0.48796247500247175,31017815.11318155,341.58936215442276,0.9808852427079678,0.0,0.0,0.0
Steel,4,4,4946.01,-1.08,0.6712247841060162,0.09069320356845857,0.016157880055370864,0.23325531385671147,0.11695657491683961,0.09979506368402646,0.24310912989443606,0.13121620655059815,0.2974704457452989,0.1781817934158072,0.07131443917751312,0.42704295641093143,0.26659657429328054,0.08943998873233795,0.5840715697110269,0.0,0.0,0.0,0.0,0.0,0.0,15812170.17714139,276.1120928818997,0.0756372567524739,13077671.585164994,389.9560333381836,0.19283427046325574,15986775.88559705,405.7171930398734,0.3502294568743533,12931816.030286709,815.1711636591094,0.5640149540478796
Steel,2,3,5054.93,1.099,1.4647376745939256,0.11562889337539674,0.028834978320959916,0.16190589418703683,0.1030470484495163,0.6465026478573228,0.28300125348367955,0.056119748651981355,0.9338608122881488,0.0,0.0,0.0,0.0,0.0,0.0,0.0,0.0,0.0,0.0,0.0,0.0,18773238.738672253,207.52958300530176,0.1699579664455959,23543673.55558098,791.7586966231054,0.3275890933440123,20465700.245681915,875.4525671834448,1.1940050405976208,0.0,0.0,0.0
Steel,6,2,5055.77,1.115,1.3925654470920563,0.11440124440193178,0.020820371814558113,0.3745715610252669,0.12842687964439392,0.21040160860996482,0.23226877473558735,0.05448277860879898,0.40441171356401967,0.35730362027020096,0.10672952592372895,0.6788375614571858,0.21909264034336923,0.10892086982727052,0.9146348219477451,0.43406928908252845,0.0890925258398056,1.0440104272314767,0.31887384719417516,0.08437819004058839,1.2144722312344132,234430285.11994734,316.12412458589444,0.15637283876871272,240026948.7054348,489.22164548227255,1.2533089009902854,0.0,0.0,0.0,0.0,0.0,0.0
Steel,3,2,4944.83,-1.103,0.8046471074223519,0.12686680829524993,0.026498980670329082,0.31066654986633224,0.08604466676712037,0.15720266897783572,0.30052571593614313,0.08243592888116837,0.4341098937724205,0.17750143963968487,0.061503180265426644,0.6603317949449982,0.0,0.0,0.0,0.0,0.0,0.0,0.0,0.0,0.0,24626800.357353855,706.2033582570635,0.09384192988242053,30404554.247083504,738.8957208201238,0.6829147444875753,0.0,0.0,0.0,0.0,0.0,0.0
Steel,1,4,5055.9,1.118,0.8690763294696808,0.09771260392665865,0.007702106574616917,0.23559104401682207,0.10187036097049713,0.443931443860827,0.0,0.0,0.0,0.0,0.0,0.0,0.0,0.0,0.0,0.0,0.0,0.0,0.0,0.0,0.0,7624879.491020372,303.2369755646711,0.1266110854876752,6791357.515620737,538.133335288809,0.3187107999969519,6402111.347979216,896.2643332769572,0.4149755374914168,6239838.066254256,281.0069441568197,0.7501209131775799
Steel,6,4,4943.96,-1.121,1.569975483417511,0.10791013276576997,0.034028004909510884,0.3237538257671674,0.043469015806913376,0.26799695197000006,0.21289652750925947,0.09219124674797059,0.4637640349049061,0.33390379585074087,0.026250891201198102,0.5667270479375515,0.23298484231309133,0.031731007471680645,0.8589478171890261,0.3450704456957314,0.056837098896503443,0.9793599632389076,0.21888271148124214,0.1079990416765213,1.2900075130918998,16330435.772594668,219.65027282485173,0.17627807736478257,21485020.92583944,1030.2664280717893,0.674905299684571,25484744.198498663,498.83777104461393,1.0251140733200637,21924236.763337884,980.2772537058504,1.3928595513238924
Steel,4,2,4943.85,-1.123,0.3576929114758968,0.10181117713451386,0.013413015707113646,0.24715888337194403,0.07196240067481995,0.05132132923213678,0.25987611948199596,0.06023989051580429,0.13594841581155093,0.21028823111770012,0.10200961112976074,0.22727985162161857,0.2128012639102118,0.06923281162977218,0.32191362032830717,0.0,0.0,0.0,0.0,0.0,0.0,16930706.93690641,255.3142642140079,0.07645961395801043,18315192.7465676,285.20194018850754,0.3119126203283072,0.0,0.0,0.0,0.0,0.0,0.0
Steel,3,2,4943.83,-1.123,1.6307342499494553,0.08926913380622865,0.02487195131795927,0.25972916064538504,0.023836569357663394,0.24686693804162652,0.2113714809725319,0.08554410696029664,0.6973378129801611,0.2124119679637791,0.03647357434034348,1.1524028836596965,0.0,0.0,0.0,0.0,0.0,0.0,0.0,0.0,0.0,24002087.482354395,627.1808279451357,0.2001057630025389,23536962.540742796,399.80919286001046,1.282144763705967,0.0,0.0,0.0,0.0,0.0,0.0
Steel,5,4,4943.65,-1.127,1.3805718630552293,0.06686121797561646,0.006394881659264893,0.3643612652941545,0.09486921846866608,0.24470852535025703,0.313539777061612,0.0509039406478405,0.6584070971823794,0.27447592087275013,0.09490423440933228,0.804949385431061,0.498915146271346,0.08858198583126069,0.9354932679201742,0.1649613692796423,0.022738554663956165,1.0133889995525955,0.0,0.0,0.0,30626565.02791514,411.91452769650135,0.1739442540742448,32745683.073418513,615.7298629692776,0.5665058521312101,30896307.888896696,386.1302525066516,0.8802515986088606,31069715.02664004,386.88098382567205,1.2425146753691345
Steel,3,3,4943.59,-1.128,1.1858795404434206,0.08974903464317323,0.00795217505008709,0.4369211402952662,0.08978927254676819,0.2744750433960297,0.26665038620528425,0.13106787502765654,0.7563793437207377,0.3619449323998947,0.08770347237586976,0.9862841608407271,0.0,0.0,0.0,0.0,0.0,0.0,0.0,0.0,0.0,30211222.83356455,369.77538167383574,0.13950469113911523,30528854.482469864,750.5697882159078,0.486945890706146,27465334.39074491,587.9006473460836,1.0200487784059709,0.0,0.0,0.0
Steel,5,4,4943.53,-1.129,0.956952403485775,0.08771000623703004,0.034794958589286516,0.4676561866114936,0.05973921447992325,0.18403647730593137,0.27513484794925513,0.08546641945838929,0.31147088421392194,0.34970978013811604,0.10910212516784669,0.5113130023035316,0.3611269278997346,0.08725185275077821,0.7119032372408354,0.31774247333252587,0.1008596020936966,0.8612471631371976,0.0,0.0,0.0,25112759.952928025,641.1143386601649,0.09569524130552992,27057035.13707598,612.4991114041792,0.32260388187156874,29618356.581231646,742.8091687243477,0.47660333581203806,33062337.51080852,817.6231000508068,0.8444645513216893
Steel,5,4,5057.23,1.145,1.0489574298262596,0.055880312383174896,0.019128879554811164,0.34561836173336913,0.08182657480239869,0.13940958134529052,0.47333486485771914,0.08758138537406922,0.35286029569569366,0.3280816174547953,0.03730477094650268,0.5171217495702729,0.3284453707406218,0.04943005546927452,0.5726017086861835,0.291541236792126,0.07305550396442413,0.7649976393740922,0.0,0.0,0.0,26022793.393853616,699.4500191463665,0.11949436016873154,30722332.349778607,930.6761616504155,0.39447340679209547,29002072.374288287,437.6940992984241,0.6533429244660215,30178675.68585337,340.5366304323825,0.9054960219725813
Steel,6,3,5057.62,1.152,1.8634125590324402,0.1228823448419571,0.013972727255949799,0.219315789455784,0.12478540003299714,0.3940834988278107,0.24168505022456324,0.07581060528755189,0.5068282226776097,0.230582461044982,0.09974772393703461,0.7228708949948179,0.33042250957047503,0.08155601292848587,0.9493786079613381,0.6420967014945396,0.08831730902194977,1.2467539706388915,0.24525791439623043,0.09389479279518129,1.4550796461970164,114418976.70704128,691.2353477542691,0.2704551991911957,111936644.56871329,318.2195692634043,1.28724857056968,109970968.63449225,302.31833723873785,1.6770713012657836,0.0,0.0,0.0
Steel,5,3,4942.66,-1.147,0.7929004698991776,0.10857816827297212,0.008124588777901032,0.3287814521596045,0.06702440917491913,0.11077982679758532,0.27037838779198153,0.11336250126361848,0.2570912253053963,0.19345929649760082,0.11329721927642823,0.39871009998449153,0.48886608285901045,0.07599506080150605,0.5426730891714157,0.2776037865223687,0.055297555923461916,0.6694494796510071,0.0,0.0,0.0,30153876.078014795,652.4745199253695,0.10060242676277752,30733100.138822358,346.62383698341375,0.5589611282790627,29871655.898331743,207.12271468395787,0.6985954708442194,0.0,0.0,0.0
Steel,6,2,5058.39,1.168,1.4006267428398134,0.13266377341747285,0.027007959915930503,0.2455429466231532,0.04938851907849312,0.16951136373914755,0.3095315852164819,0.11012332141399385,0.37636393811215296,0.2605410046337805,0.05600823074579239,0.5806346252859563,0.271554918198652,0.06556341767311097,0.7164059237083901,0.31682916448929005,0.05871181935071945,0.9697300377684227,0.4935787133857647,0.08494273006916046,1.128120900585171,75289315.35758659,788.3786796842714,0.18943683378143716,88608649.13942249,623.8305637764794,1.2605640671552054,0.0,0.0,0.0,0.0,0.0,0.0
Steel,5,4,5058.77,1.175,0.8813936069607735,0.052387235224246986,0.008440468697736117,0.31667747301420596,0.11809899032115936,0.16151244968828493,0.3109376373837182,0.02,0.32607942176667815,0.2665897852986463,0.07646981775760651,0.4323606886082276,0.19503768532858026,0.09393552720546723,0.5340903429118128,0.16509619435563155,0.10015458762645722,0.6792154543839942,0.0,0.0,0.0,14714223.124479512,211.6786770684934,0.09293804846847087,14126212.739684166,852.2673416262036,0.34359732348166766,16747420.185036013,354.5541286159069,0.5024174639420942,16085124.771451643,299.0296640116219,0.7681512998964396
Steel,6,2,4941.91,-1.162,1.2140198647975922,0.1131249282360077,0.01860434399781213,0.3043181954975507,0.10335279285907746,0.2220694617593401,0.3038170775048031,0.05417176514863968,0.36435424224955404,0.32763066160386517,0.06462080001831055,0.5371067407892157,0.2941741357585416,0.13949958801269532,0.7588138800804831,0.24417402791661774,0.053926215767860414,0.9344455930087547,0.4876467314031845,0.07598098158836365,1.0804599247406146,74300792.1390669,392.5320517654579,0.13131391985078908,81095480.24405538,247.90232685281867,1.0475961457631522,0.0,0.0,0.0,0.0,0.0,0.0
Steel,2,3,5059.19,1.184,1.0721909672021868,0.0834227439761162,0.022874924530981444,0.23628247736876054,0.02,0.1832636808924169,0.357471635474492,0.13411243319511415,0.544945593471102,0.0,0.0,0.0,0.0,0.0,0.0,0.0,0.0,0.0,0.0,0.0,0.0,16056060.85360295,821.9997134421635,0.14394532118358402,21525665.235556353,687.8894767073351,0.6755362989625104,27150382.577590402,371.51881334843216,0.8866331178349895,0.0,0.0,0.0
Steel,5,2,5059.81,1.196,1.2511170864105225,0.10589188313484194,0.0363089720299479,0.37885601503045474,0.15,0.25614430304485447,0.19836736510504996,0.08709995687007904,0.3905405736933342,0.45285907093423594,0.11609447300434113,0.5867893947162974,0.2261395965572905,0.0632013139128685,0.8066428796829384,0.3925053901016783,0.06980732023715973,1.0660587022383101,0.0,0.0,0.0,116620616.94721793,319.4485486995775,0.1633764099271569,133426515.88321802,500.8820514075319,1.0255732057288118,0.0,0.0,0.0,0.0,0.0,0.0
Steel,4,2,4940.24,-1.195,1.2975762218236924,0.08921168112754822,0.013926056043133603,0.36313514898544647,0.08221424907445908,0.7924217720730253,0.40030971693039313,0.05178891450166702,0.8709670777368587,0.2683168909354898,0.11873796343803407,0.9701019098115421,0.17933993948894172,0.03721623539924622,1.1678085996413232,0.0,0.0,0.0,0.0,0.0,0.0,78515585.95596911,365.8469135925349,0.2946167834927248,110254986.62755856,796.3416452450259,1.1578075996413233,0.0,0.0,0.0,0.0,0.0,0.0
