material,n_disks,n_bearings,cs1_pred,rel_err_pct,L,OD,ID,d0_OD,d0_W,d0_pos,d1_OD,d1_W,d1_pos,d2_OD,d2_W,d2_pos,d3_OD,d3_W,d3_pos,d4_OD,d4_W,d4_pos,d5_OD,d5_W,d5_pos,b0_K,b0_C,b0_pos,b1_K,b1_C,b1_pos,b2_K,b2_C,b2_pos,b3_K,b3_C,b3_pos
Steel,5,2,5000.23,0.005,1.0189982250332834,0.09500416040420533,0.015001035570376397,0.26339669237826535,0.11511624276638031,0.1646705561960391,0.3488296693216426,0.06516452342271806,0.32281722956301556,0.40708605872880704,0.08855115413665772,0.4269760206573096,0.42858297525578914,0.1448992258310318,0.6134390178648227,0.2555010655448347,0.09538707315921784,0.7803980766710168,0.0,0.0,0.0,99936112.4320075,454.79357955798804,0.1808850209942113,92259000.19876936,223.86071992696938,0.8207063743842858,0.0,0.0,0.0,0.0,0.0,0.0
Steel,3,3,5000.34,0.007,1.0643597468733788,0.10962358188629151,0.03006673610765607,0.3464554894509969,0.09523358881473543,0.2987179603065495,0.2211669041769535,0.07015511631965637,0.5421356515215495,0.31656267916745573,0.03643819615244866,0.7903492303975441,0.0,0.0,0.0,0.0,0.0,0.0,0.0,0.0,0.0,19399772.013254955,984.855759205503,0.14228180991230666,21233834.65490315,203.02199421559797,0.5879285244774044,22412282.944420796,661.9117159217554,0.9579237711216811,0.0,0.0,0.0
Steel,5,2,4999.58,-0.008,1.2919165760278701,0.1035535980463028,0.021789986622879697,0.15087889348909567,0.07278855681419373,0.16184112102895729,0.498686270297453,0.08049838274717332,0.33299510501952756,0.3516252587610789,0.03767183586955071,0.5744943549116889,0.3696719341598096,0.07845587015151978,0.8748496368633387,0.24220861269279553,0.10092242777347565,1.075928442980259,0.0,0.0,0.0,119386893.94279669,113.01527143912107,0.14612011083397003,104253896.1643944,440.58622704423516,1.1442271523211132,0.0,0.0,0.0,0.0,0.0,0.0
Steel,2,2,4999.39,-0.012,0.8967653244733811,0.07376239091157914,0.013121682464384315,0.26553966788596467,0.038243086189031605,0.16500939659078045,0.09636171607352993,0.08321800708770753,0.48728249383364247,0.0,0.0,0.0,0.0,0.0,0.0,0.0,0.0,0.0,0.0,0.0,0.0,7652721.401296251,686.663614448954,0.10986265754948019,6816872.229424534,632.535594889566,0.7064335785296376,0.0,0.0,0.0,0.0,0.0,0.0
Steel,4,4,4999.33,-0.013,0.4039619576185942,0.09974051082134248,0.013628852734408118,0.34255517886103976,0.10836487650871278,0.05087325848196553,0.3123894143617976,0.08709530770778656,0.17622997677432245,0.4183370076750123,0.07721681028604507,0.28060274250172196,0.24972273904022327,0.07013842970132828,0.3635557618567348,0.0,0.0,0.0,0.0,0.0,0.0,19621629.450342216,427.2249276268373,0.07029796590967911,19984016.206493184,512.3349279471707,0.18949887611470875,29079971.552602395,388.3928218084681,0.24824235822350849,23376215.810136996,621.004373685872,0.35235567994690165
Steel,6,3,4999.27,-0.015,0.8483765989542008,0.12723158371448517,0.05496208449408911,0.20240203719333086,0.11539503753185273,0.11611551442661053,0.2666464031583901,0.14529881358146668,0.2664455510630922,0.29389053258515435,0.02,0.44225985880969726,0.3604366598176735,0.10584279119968415,0.559017151404477,0.3197726475880004,0.025945514366030695,0.6621208400126797,0.2901956011812423,0.02,0.73542460634041,30954797.238017168,213.22614876703705,0.13056295997165454,32103045.88729954,117.10467201036347,0.6266310066272359,37451624.31405536,329.93690700021824,0.7635389382104042,0.0,0.0,0.0
Steel,5,3,4998.92,-0.022,0.8307361602783203,0.10424831163883211,0.013327725585325296,0.30334821510845333,0.02059084066655487,0.12770217533562256,0.30334073359837355,0.10492632508277894,0.2165374132567722,0.28191186847478306,0.06483731925487518,0.3556979664444703,0.32388470389455326,0.09365350127220154,0.493293709269184,0.3927272253722671,0.059397973716259,0.6624786151320298,0.0,0.0,0.0,21554476.266469363,767.3541598292928,0.09922017230547074,29977218.902440693,335.3514016215316,0.43812095575258014,24631001.847015712,747.459873771366,0.7089991488511231,0.0,0.0,0.0
Steel,1,2,4998.91,-0.022,1.8640425235033036,0.09628442072868348,0.011993903642830504,0.4276023554517746,0.08291338622570038,1.3026290827401592,0.0,0.0,0.0,0.0,0.0,0.0,0.0,0.0,0.0,0.0,0.0,0.0,0.0,0.0,0.0,181892279.2474225,397.48928107842454,0.643862652004527,185901721.20947373,291.3828103968633,1.568745466137027,0.0,0.0,0.0,0.0,0.0,0.0
Steel,6,4,5001.62,0.032,1.2464598923921586,0.10411823058128358,0.05482952496870729,0.19822428899520636,0.10786731541156769,0.2176441397904974,0.5670760074201207,0.04402883693575859,0.48852127152071895,0.22982128070242555,0.06752131938934326,0.5677594784755303,0.2387791724405336,0.044406676292419435,0.663338087405888,0.20291905308804442,0.0949826192855835,0.8594077250996373,0.4508665033732067,0.05619494110345841,1.021995118609178,24581135.61762831,440.11230115113693,0.1336540788823799,25292561.275949348,339.0894694513215,0.4078024653709003,25211918.72722897,583.859495311686,0.6307627123001733,24890471.569929685,694.5751287432197,1.0757759104284166
Steel,3,2,5002.24,0.045,0.42124406471848486,0.07720929348468782,0.0349668732175868,0.22347854913789153,0.10026078224182129,0.09603912178841997,0.23700501103640456,0.06657326608896255,0.21364822639244363,0.20525215441521405,0.11919997394084932,0.36050331000546204,0.0,0.0,0.0,0.0,0.0,0.0,0.0,0.0,0.0,13302410.157261528,474.5475890350458,0.0563572744727166,14244406.952715902,505.1230839383405,0.37113879053798515,0.0,0.0,0.0,0.0,0.0,0.0
Steel,5,2,5002.39,0.048,1.1857488721609117,0.12009933471679689,0.016557028634977024,0.29413769339225054,0.1334078449010849,0.23633460448147853,0.19285050288094396,0.05149144947528839,0.4397404195558965,0.17634962187121517,0.058772169351577766,0.6284496292929598,0.25346483086251037,0.10510664284229279,0.7412734691368255,0.3487955739679051,0.09436352133750917,0.9303988976884383,0.0,0.0,0.0,53967665.38175894,451.7358044963146,0.13194105146261811,46344615.66023225,747.5538679058865,0.9955771072288037,0.0,0.0,0.0,0.0,0.0,0.0
Steel,1,3,4997.52,-0.05,1.3111666053533555,0.06745860987901688,0.026136838768800297,0.24633814931689854,0.08708895385265351,0.5184985972772582,0.0,0.0,0.0,0.0,0.0,0.0,0.0,0.0,0.0,0.0,0.0,0.0,0.0,0.0,0.0,7753166.499961183,763.7265579579944,0.1532892749157747,8306746.638084181,149.29182958103095,0.34567281461099114,7989422.5766053945,383.8034924088702,1.046153942868103,0.0,0.0,0.0
Steel,5,2,4996.9,-0.062,1.2858652561903001,0.125136990070343,0.010022505912722853,0.28504922164338564,0.15,0.18436798822516232,0.3514660227882595,0.061815910041332245,0.3414770507647918,0.32197625356027393,0.1337676900625229,0.5584071172941715,0.3115843646602578,0.12333821654319764,0.8290685072597028,0.2526669485201054,0.07542068779468536,1.0621556846324587,0.0,0.0,0.0,71300798.44005358,532.8664050886898,0.14562691267522632,119338362.7680428,936.9617554825219,1.1127275958492664,0.0,0.0,0.0,0.0,0.0,0.0
Steel,6,3,5003.17,0.063,1.6429743945598603,0.09432839739322664,0.03072607814307541,0.3338159239425347,0.03849927246570588,0.23358592203155656,0.34441793994241165,0.057079719305038454,0.3932758387899232,0.28068810130335814,0.11585792362689973,0.6975947601225385,0.32225064094487305,0.15,0.9416852279045543,0.3221685351256156,0.0810622525215149,1.1206249437451925,0.2764224647993423,0.07661791682243348,1.2998589233129472,57558646.176682904,418.7592118711481,0.1764419677692083,56214532.85626477,810.3723867800143,0.7864864620158984,50454521.61126474,336.9709832726735,1.4765538371943412,0.0,0.0,0.0
Steel,5,4,4996.34,-0.073,1.0441210493445396,0.056542249679565434,0.04523379974365235,0.2295879122169361,0.07667094826698304,0.15626649894875183,0.2293962687627221,0.12075982213020325,0.26382531749876487,0.37927331215477883,0.05449731111526489,0.4236868238401594,0.2470317340428731,0.091413511633873,0.5884852510700442,0.1940512838280519,0.1234213125705719,0.818629052869799,0.0,0.0,0.0,26044307.453278795,305.9722459750607,0.1054053603847127,24521401.540475007,379.3913951898113,0.3332293184672642,28086851.007985834,332.0021256626144,0.3566881937378429,26410849.51214454,258.8591064327733,0.8992301398740941
Steel,5,4,5003.67,0.073,1.1149091854691506,0.13447802710533144,0.02495326785983998,0.4918711542226761,0.05897373378276825,0.1506983666751763,0.16830142029934936,0.07464929491281509,0.34382731804759364,0.28384982823610616,0.15,0.5662729309197557,0.38836678160148536,0.08280270129442216,0.8055593800709903,0.35719541247463504,0.07639922797679902,0.8947448522616523,0.0,0.0,0.0,32406928.05818232,300.93237943856593,0.11844841963895857,29890948.868764542,134.2725604474802,0.5238632547935016,32222307.242045168,430.9194619765308,0.7416612610060878,28980270.876220442,165.40163964634178,1.0034182658073263
Steel,3,2,5004.02,0.08,1.1035720303654672,0.060102868437767035,0.03231763024970194,0.3475098824085652,0.08236220866441726,0.2239495940188345,0.1930968726496779,0.06739176273345948,0.5319374709817536,0.10397469905019194,0.12254909873008729,0.6859918173826226,0.0,0.0,0.0,0.0,0.0,0.0,0.0,0.0,0.0,34754848.91385288,654.3094208547528,0.13998848560697344,33653123.245796904,402.25298736183754,0.8984531787166143,0.0,0.0,0.0,0.0,0.0,0.0
Steel,5,3,5004.09,0.082,1.111429715156555,0.10133020138740541,0.016043223218598777,0.20324329017947534,0.07534866064786912,0.176468556679048,0.2546124525523162,0.11678632259368897,0.33820073332885076,0.17475760345762525,0.04885559722781181,0.4860939479071833,0.2141124638299091,0.11832222759723664,0.6652540350892744,0.44878216241198715,0.15,0.8922494788061185,0.0,0.0,0.0,39090853.1211362,1099.9999999999995,0.12335168377775756,37241162.98132032,573.1301423791153,0.7826886649501072,34203059.95914944,189.90192353475598,1.00028674252947,0.0,0.0,0.0
Steel,5,3,5004.93,0.099,1.1733032420277596,0.11946743988990785,0.011337054860569533,0.33045197671432225,0.06304576843976975,0.11734032420277596,0.26221238567832544,0.05648063212633134,0.3157890324669507,0.2854245320554073,0.0810600170493126,0.49232829922277305,0.33053318306713825,0.06097342759370804,0.7036386564568126,0.22442881034782997,0.06192591696977616,0.9458723906586274,0.0,0.0,0.0,30391459.6578127,234.7377214425612,0.13566831582226965,23645087.40537896,543.2163074310647,0.6785818932436323,29095601.576443963,792.3790684056614,1.025296080542062,0.0,0.0,0.0
Steel,4,2,5005.38,0.108,1.3578354716300964,0.10628574883937837,0.030098918272554977,0.31516610644658416,0.10739716112613679,0.37805344886355197,0.2571576432298543,0.08187907934188843,0.6645357202341603,0.42620002188835504,0.12738906264305114,0.8424194473385391,0.35288396978339664,0.1444724327325821,1.1369525974960792,0.0,0.0,0.0,0.0,0.0,0.0,162436894.85946447,578.9653307779835,0.2598105117797228,129281130.41883357,342.1927934504499,1.1791005250145528,0.0,0.0,0.0,0.0,0.0,0.0
Steel,6,4,4994.19,-0.116,1.5951469361782074,0.10447300171852113,0.034097183522244126,0.21384063933168748,0.0742400524020195,0.3523806600099273,0.17420783402682843,0.07288486033678054,0.6752634098455935,0.19530549582632611,0.06696262180805207,0.8201414667537992,0.22721215316798216,0.11177210807800293,1.0368518301193443,0.2558398143328174,0.07644468516111375,1.2173269283721164,0.33967752761937764,0.08673433899879456,1.379699738138693,22755133.388112903,764.5826099314396,0.20301247641260553,27136260.365644097,791.5593030134071,0.6189763501175917,28890248.273884807,225.94752906566632,0.9340560834583121,27554392.061741102,310.3533280811143,1.4252628745618887
Steel,6,3,5005.97,0.119,1.2983886808156968,0.10077170515060425,0.0228539095869695,0.2398774022498187,0.11164393067359925,0.1298488680815697,0.32950670455929676,0.06404750406742096,0.33500308681200924,0.3057223812893832,0.09227317273616792,0.48274561159044227,0.35504562531148176,0.0954642415046692,0.647079793160973,0.2089103038150541,0.13109216690063477,0.820796167120262,0.16658246278328298,0.07142910689115524,0.9518617279185069,35455962.71545595,465.6150428780074,0.14444722645729202,33590423.40008686,405.06725632409194,0.5110563267334933,38937216.16860047,447.3895695093825,1.0849811985162607,0.0,0.0,0.0
Steel,4,2,4993.84,-0.123,1.2169939190149308,0.10318355810642243,0.04213849559879888,0.1990442159064596,0.07186056852340698,0.34205051957492527,0.3353371284831033,0.10718309819698335,0.6148097148721896,0.34145059390164595,0.09678436338901521,0.8183160052456117,0.3443703245503246,0.08309543192386627,1.0027770761655057,0.0,0.0,0.0,0.0,0.0,0.0,90386701.93193953,382.7931758448874,0.17400934168901644,88268157.35847035,619.8764466714314,1.095294525896444,0.0,0.0,0.0,0.0,0.0,0.0
Steel,2,3,4992.76,-0.145,1.5785665094852448,0.09642948281764985,0.01009098879385021,0.32375978104272213,0.083164541721344,0.4463987052011359,0.2066765434309461,0.10899565935134889,1.2417651969396442,0.0,0.0,0.0,0.0,0.0,0.0,0.0,0.0,0.0,0.0,0.0,0.0,15597882.597226992,514.4713740213796,0.18659343990695382,17425944.84756524,411.63735769728004,0.7561871956775899,20041787.53640687,490.3619586806283,1.384132315428471,0.0,0.0,0.0
Steel,4,3,5007.36,0.147,1.405581882596016,0.07802399075031281,0.03832827082887819,0.19790239743634203,0.02,0.2854117803568529,0.31461865771027914,0.0896002608537674,0.652912828581671,0.32042319774396005,0.07013780593872071,0.8917531071333179,0.2560427514261459,0.0431259173154831,1.0461796810260346,0.0,0.0,0.0,0.0,0.0,0.0,17929084.188816626,452.42096997798325,0.16848408994557845,24229083.783664983,730.6617127266746,0.7639666840017459,17525888.37795658,190.14138833896484,1.2650236929308325,0.0,0.0,0.0
Steel,1,2,5008.16,0.163,1.4790701657533647,0.08434869867563248,0.01435633665407093,0.19218344073235624,0.07009902030229569,0.5349515911363951,0.0,0.0,0.0,0.0,0.0,0.0,0.0,0.0,0.0,0.0,0.0,0.0,0.0,0.0,0.0,12488297.77206838,464.9408979641609,0.28510151670408934,12034106.792563146,533.9080218439458,1.0725601551669461,0.0,0.0,0.0,0.0,0.0,0.0
Steel,6,4,4991.6,-0.168,0.892238137125969,0.11361879444122315,0.027511635492568864,0.2931546067032325,0.11260311484336853,0.08923381371259691,0.21840932877119865,0.1116600400209427,0.24998332854414113,0.32200765888332433,0.10006082952022553,0.394737194158084,0.2433078405017299,0.10499740302562714,0.5152908534208623,0.35745889703469724,0.053764661252498624,0.6493142372686262,0.3035382036872255,0.10052171647548676,0.7437938495019818,25315759.355321344,584.7312438291929,0.10805850121640823,29689044.63070204,454.109838866728,0.23306983647526158,31342007.275895894,273.80422599919996,0.32471042975107944,37360391.23155856,385.00398871177987,0.7801889996195405
Steel,5,3,4990.81,-0.184,1.6015190273523332,0.08994913721084595,0.026532393358871423,0.42757214424484163,0.0898392277956009,0.35886994795814947,0.33203465170679025,0.09551905512809754,0.7703575576157271,0.19034170736926645,0.08512753427028656,0.9717319836780012,0.20481158151440634,0.06944136917591096,1.0786539116707665,0.2716448813206167,0.02,1.2860707231576498,0.0,0.0,0.0,45451104.167511925,569.6878381478167,0.18245108968332405,36979392.29588761,747.7656828565889,0.6038194536960884,34677910.52474073,1099.9999999999995,1.4409123008142892,0.0,0.0,0.0
Steel,3,3,5009.4,0.188,0.6903873428702354,0.1102479523420334,0.018864661614083372,0.30731480648811266,0.09870048463344575,0.19593930929093334,0.4506207156184958,0.0827377873659134,0.3722291625918342,0.25961898754652285,0.11420812964439393,0.6031303451581549,0.0,0.0,0.0,0.0,0.0,0.0,0.0,0.0,0.0,36734640.729331374,528.145855685133,0.08845623711653965,24699688.705542915,183.34078310663014,0.34931283821236214,23759954.693198625,889.2343330270144,0.559794926522996,0.0,0.0,0.0
Steel,3,3,5009.54,0.191,1.164563573896885,0.11727561342716218,0.008513196886510033,0.21647797236237132,0.05405105739831925,0.545822761358756,0.28906295309048574,0.13400407671928405,0.7427270446384331,0.384568043151797,0.04728834331035614,0.8397844905539896,0.0,0.0,0.0,0.0,0.0,0.0,0.0,0.0,0.0,19221943.833347093,419.64293306775704,0.23857343764463199,31676064.743941464,112.48483732798,0.8958540024776174,29291747.527668364,380.83042957641027,1.048107215342633,0.0,0.0,0.0
Steel,3,2,4990.25,-0.195,0.26330664348788557,0.08792194551229478,0.012820674263915775,0.4917391605089112,0.07359625965356827,0.028091209159944994,0.37216370288304873,0.07624752968549729,0.10972272608710469,0.4906043683385978,0.14989356517791746,0.23103633431748666,0.0,0.0,0.0,0.0,0.0,0.0,0.0,0.0,0.0,58694861.18149542,601.1717561641223,0.04367682817419244,57035173.96867456,304.103591060089,0.2200092600409553,0.0,0.0,0.0,0.0,0.0,0.0
Steel,6,2,4989.98,-0.2,1.2190864861011506,0.09446321821212769,0.016637434852478386,0.18188619988004928,0.08311664760112764,0.18825346955529731,0.29428315112549847,0.1002838808298111,0.2942704420593774,0.17770656839220242,0.0315033195912838,0.45128935174725626,0.3248867517906318,0.05231831848621368,0.5993027753278225,0.25985116806383046,0.044777702689170834,0.6796860364387629,0.2577092088745592,0.1282985860109329,0.9212082175321005,66936437.53515403,340.9400934597913,0.1369267160058663,61215890.338187754,118.55404477159507,1.051020046533851,0.0,0.0,0.0,0.0,0.0,0.0
Steel,5,2,5010.49,0.21,0.6613134294748306,0.08488577288389207,0.045384121872369454,0.2917926799441268,0.12824919641017915,0.09654394947776493,0.23179196496686827,0.10675053238868715,0.27332893070585323,0.38129561247332927,0.05650867044925689,0.37911476829874174,0.30859824196259356,0.05160175859928132,0.4766525352462041,0.3124904674299618,0.09724071741104126,0.5641567895388204,0.0,0.0,0.0,39119936.49709091,208.05444879851188,0.07434792827784774,41956358.882185385,650.0513854993081,0.5940957782551884,0.0,0.0,0.0,0.0,0.0,0.0
Steel,1,2,4989.45,-0.211,1.4125058680772782,0.09637905514240266,0.01840645122600453,0.5994102006869485,0.07299444496631623,0.6399807608172661,0.0,0.0,0.0,0.0,0.0,0.0,0.0,0.0,0.0,0.0,0.0,0.0,0.0,0.0,0.0,60918226.17158482,1060.054828525688,0.2776056510449749,61039244.409577,629.2889541643925,1.0433568567382732,0.0,0.0,0.0,0.0,0.0,0.0
Steel,4,2,5010.64,0.213,0.9714766517281532,0.1130100567340851,0.019735120809168914,0.43862123103873585,0.14778437972068786,0.22591610687103092,0.2746789326537831,0.0336683201789856,0.47181853935187745,0.2318239572882545,0.1075133901834488,0.5482979291491857,0.24930487731660653,0.1480851650238037,0.8250116720550492,0.0,0.0,0.0,0.0,0.0,0.0,57969538.67460158,837.0918470574871,0.141397934885572,49936255.435031526,524.2799659432959,0.795694742821377,0.0,0.0,0.0,0.0,0.0,0.0
Steel,2,4,5010.68,0.214,1.2176669985055923,0.07642236614227295,0.054729132478117684,0.37510088411335313,0.036275492906570436,0.5544463681745172,0.2848773327897621,0.11917425632476808,0.8090088742926054,0.0,0.0,0.0,0.0,0.0,0.0,0.0,0.0,0.0,0.0,0.0,0.0,7649742.610819224,517.8088609275367,0.15605037065392985,9474001.05990747,125.72377546555576,0.4156052281443105,11386197.525473457,792.4818818503139,0.7025517220501749,11741600.604968939,611.5351646152765,1.0618328943668187
Steel,5,2,5010.99,0.22,0.7734396070241928,0.06228493607044221,0.012079889248273355,0.17863808756130614,0.050781603753566745,0.11721423828999836,0.26185806223400854,0.08876708447933197,0.21149736971215277,0.31727938284012064,0.09298223197460175,0.3513465185628232,0.28426232522298894,0.11509432196617127,0.5155804609210138,0.3070590089886216,0.030155779272317888,0.6490726577830793,0.0,0.0,0.0,177783093.85303697,528.8179387565159,0.07734396147585888,203921177.10524404,626.4931772732026,0.6810018881371878,0.0,0.0,0.0,0.0,0.0,0.0
Steel,4,2,4988.52,-0.23,1.6976544946432115,0.11697829496860505,0.016743042230064648,0.32053524446756576,0.06653404265642167,0.4885230386644503,0.21616219056598623,0.0760544964671135,0.801990302614201,0.3426736755273858,0.06379921942949295,1.1407033307646042,0.3327940098618163,0.08441211730241777,1.290591740002378,0.0,0.0,0.0,0.0,0.0,0.0,119318013.63820428,392.8784608769535,0.27466808278290633,129136005.46580675,331.4953486870968,1.5200962238319258,0.0,0.0,0.0,0.0,0.0,0.0
Steel,3,3,5011.82,0.236,1.8504835665225983,0.055410678207874306,0.017325514266728632,0.3283619545786572,0.08445680350065232,0.6251684637174086,0.29119278455528685,0.043735058307647706,0.9778339674296459,0.23920835124923545,0.09438847959041596,1.2676882442186552,0.0,0.0,0.0,0.0,0.0,0.0,0.0,0.0,0.0,299767156.76106954,509.55484590819435,0.30343471725936594,305225794.2827074,357.17803566278315,0.8313762878427355,287632680.272391,114.12338353395523,1.665435208019855,0.0,0.0,0.0
Steel,2,2,5012.01,0.24,0.9367591917514801,0.12438113355636599,0.027639892021426003,0.36631855348793413,0.0966800206899643,0.252480543312988,0.3446166415329372,0.14794858813285827,0.48215784158621755,0.0,0.0,0.0,0.0,0.0,0.0,0.0,0.0,0.0,0.0,0.0,0.0,37443258.415810555,502.08857053065856,0.10681914924401018,41211773.4345308,403.1788350355793,0.6521943043091902,0.0,0.0,0.0,0.0,0.0,0.0
Steel,2,4,5012.15,0.243,1.3181596189737321,0.08546650791168214,0.018145044500366664,0.2505824821238927,0.10925245583057404,0.32597969409463645,0.19022110051643962,0.12466034531593323,1.0252822971504858,0.0,0.0,0.0,0.0,0.0,0.0,0.0,0.0,0.0,0.0,0.0,0.0,9778036.927037206,519.8127243220723,0.16234124628114066,14814128.490493244,243.5246364000802,0.64687189134205,9245305.814148577,242.7548398402934,0.6563523452255462,13055905.167317951,735.1324327177717,1.0795545770371417
Steel,1,3,5013.07,0.261,1.142336402833462,0.09948922729492189,0.019315045994305002,0.35401150719688396,0.10495305001735689,0.6147888607286982,0.0,0.0,0.0,0.0,0.0,0.0,0.0,0.0,0.0,0.0,0.0,0.0,0.0,0.0,0.0,18702619.232444942,1067.3431356122705,0.14431372557619318,18806311.216074772,649.8466968374447,0.31757451345877746,21048398.07139011,380.4473816058816,0.8367586258621046,0.0,0.0,0.0
Steel,4,4,5013.23,0.265,1.0952857315540314,0.09111433136463166,0.038506098422345265,0.383811969005591,0.1306904947757721,0.22561429731222282,0.4076825009197709,0.09454911589622499,0.5474515117559542,0.24711955888023027,0.10320950567722322,0.7459954533386304,0.3063425737615786,0.0742354691028595,0.9106846695625053,0.0,0.0,0.0,0.0,0.0,0.0,28171880.042488556,668.9700050988918,0.13354877891403172,23951009.60887464,642.1033792071399,0.4999328589685563,28757677.461718608,246.82776067075238,0.6195652007827693,30013536.01559187,404.819296293855,0.9636556797732283
Steel,3,4,4986.75,-0.265,0.661258515715599,0.10907972812652589,0.028090498202952112,0.29006483551168316,0.12779512047767638,0.15511281998162513,0.2240300253630376,0.08860865652561188,0.3677600876520372,0.45040834802852947,0.0751333075761795,0.5131604964945509,0.0,0.0,0.0,0.0,0.0,0.0,0.0,0.0,0.0,15724683.995866537,516.8467035600696,0.07998354945329943,15981943.345470438,886.0171713628621,0.3813929085785014,14016736.345799157,597.321770108799,0.421447397255406,17177858.93453932,360.45844216882944,0.5810102246978647
Steel,2,4,5013.55,0.271,0.9264864593744279,0.12245150899887086,0.02461867233824872,0.2229408394780727,0.08680912852287292,0.1762037134934726,0.3674657143678542,0.06384621083736419,0.6529754397262562,0.0,0.0,0.0,0.0,0.0,0.0,0.0,0.0,0.0,0.0,0.0,0.0,15333647.456242189,750.9917535512046,0.12327752549946822,13025457.040767033,659.9082540309673,0.3639977365466118,10637790.263991116,121.61864517865203,0.4474355608490107,17671316.577807367,337.10364630719954,0.7843372197369832
Steel,6,2,4985.69,-0.286,1.2000228106975555,0.10770330142974854,0.015169712375835908,0.20548017843218003,0.05838151574134827,0.26765906302430076,0.31169673856522107,0.050786107629537586,0.5421733399248991,0.26121290149347026,0.031108137890696524,0.5865882204176898,0.2005493926451636,0.05901886940002442,0.6650239410778487,0.35434639270757406,0.07997009843587875,0.8223954614868219,0.47524207780786937,0.07379578620195389,1.0373530544312581,74689845.8906869,326.33013651836,0.1556958231380761,63179727.21100345,458.1463110865958,1.080020528427777,0.0,0.0,0.0,0.0,0.0,0.0
Steel,4,2,4985.56,-0.289,1.4694996237754823,0.0891773009300232,0.030688917466822473,0.3115950635711644,0.09077203571796418,0.3316958033176337,0.2508794459827295,0.13131473004817962,0.7437208444196007,0.3047768144143268,0.07188808768987656,1.0441535649731282,0.3035121567897754,0.12411669552326203,1.29215426339458,0.0,0.0,0.0,0.0,0.0,0.0,255745393.23581237,224.82463311254162,0.2341496662931271,218681394.51050967,180.90792248966238,1.2673364145295571,0.0,0.0,0.0,0.0,0.0,0.0
Steel,2,3,5014.74,0.295,0.8563324227929116,0.09391037583351136,0.02114856135416872,0.33016588543264547,0.02,0.29428319723755647,0.4669964039053982,0.0668157857656479,0.6032462374900408,0.0,0.0,0.0,0.0,0.0,0.0,0.0,0.0,0.0,0.0,0.0,0.0,15669464.733161846,549.208706710015,0.10298164966776055,15549304.937032547,538.9063163749563,0.5009873622274323,14985060.28550722,782.1054893583384,0.738776728149676,0.0,0.0,0.0
Steel,5,3,4985.29,-0.294,1.1161407753825188,0.09242570483684541,0.03466265335566978,0.3019904865654581,0.05293112069368362,0.1372633562809439,0.40809645381859994,0.1251555198431015,0.265665004231324,0.3747976294352685,0.09052848160266877,0.4758730101165829,0.3696467045655586,0.11944875836372376,0.6716121445531158,0.4292828600199354,0.09038360595703125,0.9040733397801654,0.0,0.0,0.0,59838404.45593268,710.1475203430713,0.12421951729102149,46278341.804893315,424.4040926587064,0.5912364940889967,54169584.059318095,797.9127299684116,0.9719792272551542,0.0,0.0,0.0
Steel,4,3,5014.77,0.295,1.826445233821869,0.10365196502208711,0.021226237157981352,0.48442159058220036,0.07732722014188767,0.40170005623182153,0.1701377911048286,0.09739833176136017,0.9550222814099467,0.24246347706082583,0.09584586799144745,1.0744264879991585,0.20722527760324186,0.05642802298069001,1.5147317337756054,0.0,0.0,0.0,0.0,0.0,0.0,42246957.16957625,756.5465030155437,0.22173492193972985,34720169.98780474,479.77123780400836,1.049342915461098,35248387.856938295,107.78465231229931,1.5719025636643493,0.0,0.0,0.0
Steel,6,3,4985.13,-0.297,1.1857477694749834,0.08658025872707367,0.007403307662944968,0.35390210420140966,0.06181405812501907,0.13299794529505338,0.1066324094542914,0.07467340469360352,0.23489590248098366,0.1768377487390575,0.06191928803920746,0.30915196962780284,0.2946535436195665,0.07014661997556687,0.4290634798386425,0.3472717765425668,0.06322573751211166,0.6633956304851513,0.33292103059054007,0.12820368885993957,0.9308965470094166,32531404.345551796,295.35116722053175,0.15521614339522932,30699086.22574579,267.02329474324347,0.4958273868238442,27477941.876711164,591.5858706133209,0.9549504711473987,0.0,0.0,0.0
Steel,5,3,4984.77,-0.305,1.1514400124549866,0.14036765456199646,0.012939669395005248,0.19564556057301083,0.08669819951057435,0.23371185393980365,0.32470488430842365,0.08067737936973572,0.39556514528869186,0.39291791523181485,0.07151582926511765,0.6623844092412374,0.3041624865899814,0.05318054437637329,0.7848272424024823,0.43140937119640177,0.08839621305465699,0.8891279908607946,0.0,0.0,0.0,49970087.63622589,361.8648210320582,0.13191361800151158,49040014.719086304,273.25427854042846,0.48174137188000166,39990733.87670688,706.2297298029112,1.0165146115580634,0.0,0.0,0.0
Steel,4,4,4984.76,-0.305,1.1141166299581529,0.10185671269893648,0.036622064452850975,0.2771132504516161,0.03945487290620804,0.3907782084302746,0.2587092358993269,0.02447332177311182,0.5250424478226282,0.23866635770534528,0.06814626753330232,0.6842527732970426,0.13793806002223963,0.07329565644264222,0.9041819437527939,0.0,0.0,0.0,0.0,0.0,0.0,10139181.308069099,779.9000215863553,0.14417984569665437,8262578.601688737,509.3166657367629,0.412248272064575,8427447.523205208,728.2624081949367,0.6696597042117116,8733654.565691533,386.3136217939731,0.9602578556697772
Steel,1,4,4984.57,-0.309,1.1119474813342096,0.10783178281784059,0.007736086443240526,0.4118516034482399,0.06909546375274658,0.3626002585994832,0.0,0.0,0.0,0.0,0.0,0.0,0.0,0.0,0.0,0.0,0.0,0.0,0.0,0.0,0.0,17341860.20383745,582.9587247551696,0.23083963444017486,20164311.5255426,582.3799164257415,0.6091375622254627,24609030.30471656,651.1632526805253,0.7275358136890027,18142334.351674464,341.0897850845744,0.992093752317601
Steel,3,4,4984.55,-0.309,1.4729322850704194,0.07947249567508698,0.012258019786977842,0.23509365827161166,0.09526633441448212,0.3806165205085704,0.3255205176790347,0.07564534693956375,0.7430579015730185,0.3734978900711837,0.07430979371070862,0.975511172499054,0.0,0.0,0.0,0.0,0.0,0.0,0.0,0.0,0.0,19499169.28026387,739.4814350490163,0.16580454973948244,15883825.95055799,508.5604498016269,0.5633942628169775,16828027.896369945,331.3114875370027,0.7731475159568277,17237954.983099926,561.4162918219608,1.2824069498154316
Steel,3,2,5015.62,0.312,1.0468429744243624,0.09106561338901521,0.021151328792079975,0.3221219345427925,0.02,0.4147960030072806,0.18124685652774467,0.092683042883873,0.6281680467790619,0.27551638748584634,0.032111380621790885,0.7150157494108995,0.0,0.0,0.0,0.0,0.0,0.0,0.0,0.0,0.0,17811625.65125517,644.9051693234579,0.18421948373439628,13768406.030021198,378.1545053622383,0.9325653764122694,0.0,0.0,0.0,0.0,0.0,0.0
Steel,4,4,5015.89,0.318,1.8486035972833634,0.07321761459112168,0.028342363293036587,0.3850291495691654,0.12212583899497986,0.5007076797757299,0.4014765453947792,0.07256851971149444,0.7911009591051216,0.28681402334469125,0.12208357810974121,1.1474384871963497,0.4803364615621988,0.13377485752105714,1.5296239523675945,0.0,0.0,0.0,0.0,0.0,0.0,91908538.86304036,630.2742813418575,0.23986206960552728,108207671.75891261,712.6448955515509,0.9965729257420504,109271584.99196424,238.8174116809808,1.2006288391319575,95702751.74513678,715.808493425221,1.6136636734610081
Steel,2,3,5016.1,0.322,1.280807676911354,0.08312157022953034,0.024354043730525205,0.265726505247362,0.09041556894779205,0.2347801576824789,0.31802689772967957,0.09177430212497711,0.8723224826287979,0.0,0.0,0.0,0.0,0.0,0.0,0.0,0.0,0.0,0.0,0.0,0.0,17560234.65695487,493.271182602781,0.1349282158831881,15173570.839725014,111.13855156267581,0.5148811484065656,14830507.79650441,900.7167376396061,1.1060067925876216,0.0,0.0,0.0
Steel,3,4,4983.85,-0.323,0.9068901315331459,0.12337291860580446,0.003669367190229355,0.21694918681423866,0.1014026165008545,0.1963419285983939,0.27339500692894264,0.115602405667305,0.4210487583085076,0.2599475969295796,0.11084099709987641,0.7046463231029916,0.0,0.0,0.0,0.0,0.0,0.0,0.0,0.0,0.0,20475169.092853047,158.41713073449677,0.16458939933824762,25792887.923653387,367.3718720248868,0.617510740705632,18389640.545267157,301.93394351479594,0.7300956226712148,20818511.911558427,383.83676455174833,0.8111755483078564
Steel,2,4,5018.14,0.363,0.42822909764945505,0.06285777854919435,0.0342344697434902,0.3447619795139021,0.12033136308193207,0.1204658651474462,0.3214683857322333,0.07125132679939271,0.3853961878845096,0.0,0.0,0.0,0.0,0.0,0.0,0.0,0.0,0.0,0.0,0.0,0.0,11520489.996023629,212.20214997460138,0.04764003745315929,12514715.760875832,913.4673302089652,0.13805307280920012,12314648.501104243,313.2779856280191,0.20375839679525293,11083783.714215573,106.12452759962201,0.3608461515503829
Steel,4,3,5018.35,0.367,1.2435242116451264,0.08796831053495408,0.014092107741672438,0.23295852511397738,0.03584794141352177,0.32163797745863015,0.19419385845512,0.09000452101230622,0.678095909227626,0.44467403229381,0.057148809731006625,1.0001039690926066,0.2881766832276469,0.0510344310104847,1.0820987871939842,0.0,0.0,0.0,0.0,0.0,0.0,29308281.187356237,538.1809091829696,0.15590881297119466,23235892.583087657,388.5125670547353,0.6373809302172448,26811234.522647068,338.4650064628853,1.0550437874764031,0.0,0.0,0.0
Steel,5,3,5018.8,0.376,1.3021908521652221,0.0881253024339676,0.019612304878989694,0.17852785345319155,0.12629561066627504,0.2705905405923976,0.33040640086477274,0.08815961718559266,0.48385418418683973,0.4253053926850586,0.05507165312767029,0.697716804532871,0.21924160355422548,0.09097136080265046,0.8377563763534035,0.42580356468078473,0.13331686854362487,1.1466032580962515,0.0,0.0,0.0,54506371.09655782,846.321731361639,0.14747704385791605,60263454.044335045,532.888740386762,0.5687491002323576,60049103.60917999,198.37567036356816,1.099943420688842,0.0,0.0,0.0
Steel,6,2,5019.04,0.381,1.32313791513443,0.10273705565929414,0.027724079397210662,0.2151844957205928,0.09036490857601166,0.25099914240675314,0.18846417424784898,0.10044204533100129,0.40006024515100436,0.22364389459207487,0.07637355297803879,0.5072489928429007,0.3492914068135691,0.06079004913568496,0.7176903855088814,0.17658096245224267,0.11551038324832917,0.9007142242632336,0.3959806886021024,0.035991569533944126,1.0903256248593838,73205177.89448509,478.1554345624673,0.15225375669935395,121109644.59187497,381.68573538688906,1.1908241222978493,0.0,0.0,0.0,0.0,0.0,0.0
Steel,5,3,5019.28,0.386,1.1344981804490089,0.10656486153602601,0.008232862835782038,0.36801142527217856,0.06616193532943726,0.11345981804490089,0.2959254690945296,0.10616614043712616,0.21212954763791322,0.1665043331687029,0.0661780446767807,0.41130410229590275,0.12806844282475158,0.10597928285598755,0.6108507276680699,0.3643679434306453,0.0373499608039856,0.8800378867565417,0.0,0.0,0.0,28611559.88035182,649.9227200675966,0.13201370429188738,25644035.990523823,592.2719910463999,0.47952889087793876,25068216.489423465,469.3160738303301,0.9381557844686897,0.0,0.0,0.0
Steel,4,2,5019.51,0.39,0.821884348988533,0.1023749886751175,0.015241979161794907,0.33324881436929205,0.06878025054931641,0.24129927744015162,0.26445286913601995,0.05839638918638229,0.4461160661953054,0.26084216607031513,0.06757860094308854,0.5667627835455845,0.2125822353273469,0.06539244085550308,0.687557991021371,0.0,0.0,0.0,0.0,0.0,0.0,25800266.12190812,473.2596267284611,0.1969984354263043,25438044.365675047,644.1170867788551,0.7396959132677954,0.0,0.0,0.0,0.0,0.0,0.0
Steel,2,4,4980.43,-0.391,1.3444516211748123,0.10155859863758088,0.016899715958449916,0.3452888131655981,0.09947380304336549,0.5879401230405953,0.20816786936232254,0.07424536406993866,0.9522977668852556,0.0,0.0,0.0,0.0,0.0,0.0,0.0,0.0,0.0,0.0,0.0,0.0,11720593.952668095,430.0043746098395,0.18892637360813141,11095706.833601952,522.9560524076197,0.5274134250962936,12244840.92598931,724.3277509891196,0.5607402990512367,15400663.772159105,410.74647017497347,1.2015554185080637
Steel,5,3,4980.0,-0.4,1.2644995033740998,0.09144118869304659,0.056287264692157064,0.3218127784825709,0.10104928016662598,0.20478750128044948,0.2970873494863637,0.11865770339965821,0.47895487892599703,0.34846000859658843,0.03660547882318497,0.6728841152813609,0.1893791865677286,0.040929159075021745,0.907635261306629,0.3142371808858323,0.14568468630313872,1.0442265443277294,0.0,0.0,0.0,32200326.153207373,237.94029250859302,0.15606047723889066,27837385.828519963,815.779261127242,0.7380409714411378,32437650.670995,238.30958529879942,1.1355345212276067,0.0,0.0,0.0
Steel,2,2,5021.09,0.422,0.7575286209583283,0.08496539241075517,0.03999130163881201,0.1397976029617759,0.03712778896093369,0.1995482180484882,0.24143297658246496,0.0727549821138382,0.49365453838104834,0.0,0.0,0.0,0.0,0.0,0.0,0.0,0.0,0.0,0.0,0.0,0.0,9154426.512466097,435.3605941581054,0.09039880242383193,9092187.306162847,355.78919402551907,0.5877127155985519,0.0,0.0,0.0,0.0,0.0,0.0
Steel,4,2,4978.84,-0.423,1.6346844017505646,0.12557205784320832,0.020958629586316904,0.30264145924560454,0.07891681909561157,0.42502990774514626,0.24500727155279517,0.03354597747325897,0.7898606470443605,0.270030000813708,0.05991601437330246,0.8646379318471619,0.2309310036349183,0.06161488026380539,1.1436369036154859,0.0,0.0,0.0,0.0,0.0,0.0,56934355.642019205,746.3298795487758,0.2113658905108064,51453384.151877284,464.19661875112484,1.4343952050563256,0.0,0.0,0.0,0.0,0.0,0.0
Steel,3,2,5021.36,0.427,0.5373650528490543,0.09002893447875977,0.007359791205826809,0.34165162356046813,0.09537293195724487,0.05374650528490544,0.21691123821259012,0.05519837766885757,0.19663036697984526,0.2434432701779467,0.07064767569303512,0.3109479203761845,0.0,0.0,0.0,0.0,0.0,0.0,0.0,0.0,0.0,26042010.841767646,300.56360539319473,0.06507585118540614,27887857.018496517,257.4272873029614,0.4477649241839603,0.0,0.0,0.0,0.0,0.0,0.0
Steel,3,2,4978.52,-0.43,1.110614389181137,0.07833587974309922,0.034912427250212166,0.2670222371214018,0.07330051094293595,0.22717083858887532,0.19182042537935964,0.12757847726345062,0.49525871845342095,0.2988804730740382,0.06303842663764954,0.7469236908860295,0.0,0.0,0.0,0.0,0.0,0.0,0.0,0.0,0.0,36778318.72678183,974.4901865266747,0.139139305528165,35786775.37251724,517.0810164861516,0.9804032739709877,0.0,0.0,0.0,0.0,0.0,0.0
Steel,2,3,5021.93,0.439,0.7468789905309677,0.12073575770854951,0.005702111851677744,0.25743168788039206,0.127967666387558,0.0903287886450644,0.34960994494780556,0.0356740065664053,0.49579324482557396,0.0,0.0,0.0,0.0,0.0,0.0,0.0,0.0,0.0,0.0,0.0,0.0,21965277.88186538,536.043629274787,0.12856552724075063,19678520.85966371,351.1253694398519,0.39138932503192303,14765634.02819885,355.559205687181,0.611151773696717,0.0,0.0,0.0
Steel,1,3,5022.21,0.444,1.728864586353302,0.034577295184795215,0.005753333952188443,0.1965823724631808,0.053200256824493405,1.1024937264689887,0.0,0.0,0.0,0.0,0.0,0.0,0.0,0.0,0.0,0.0,0.0,0.0,0.0,0.0,0.0,56249999.103363454,591.528391706562,0.3754777280685534,66669485.46604118,143.89257147106082,0.9337111764296975,51167363.27085496,395.65360068986286,1.2810157636147779,0.0,0.0,0.0
Steel,4,3,4977.76,-0.445,0.7648580089211464,0.13891083812713623,0.024460634481001473,0.30208050909071016,0.09446257174015046,0.20403603964584507,0.32604864334753947,0.09259581685066223,0.40373184124588424,0.14834059718478781,0.05484804391860962,0.4972971176831991,0.1608919478805817,0.046256568282842636,0.5588232178439974,0.0,0.0,0.0,0.0,0.0,0.0,19516783.380079467,927.4610173704458,0.08812486662699617,18009719.57664917,193.04953329262034,0.3374415076367696,23685039.905564375,188.30138296495687,0.6384634092723243,0.0,0.0,0.0
Steel,6,4,5022.34,0.447,1.3003805726766586,0.1194683793783188,0.03930173405423215,0.3915208093026274,0.13226960599422455,0.17293025450262214,0.26390232349329334,0.13270634829998015,0.31235917574700145,0.21011882361074563,0.05833376109600068,0.5304419381124946,0.23130475271447015,0.10398461401462555,0.6681593859871899,0.4536129701165281,0.07859489172697068,0.8649450676307516,0.17510616292736075,0.1338181722164154,1.0912635022377708,44985270.67192693,275.5798756024954,0.14982888882150946,41579878.35675036,840.1076701554762,0.6269099607145592,45805176.87582048,851.1178574697667,0.8413480354939624,48669899.89329935,270.8575205381438,1.1471638337253944
Steel,6,2,4977.14,-0.457,1.4385196626186372,0.14845389902591705,0.00985118828025828,0.19648861320817082,0.08188989251852036,0.3372690173127249,0.24072617295932455,0.03211315505206585,0.5204233929121946,0.2694841067678499,0.055057647526264186,0.572228669064098,0.31214805785208016,0.13273145377635956,0.6965745054585949,0.2729204390904699,0.024906028024852277,0.8561348289027062,0.2859974318719664,0.14907771468162537,1.1337256590570715,67085833.900677845,352.6293388449217,0.21415891459725953,69880021.38077073,383.77015003404887,1.2654204186326934,0.0,0.0,0.0,0.0,0.0,0.0
Steel,4,4,4976.7,-0.466,1.065742239356041,0.13268755686283112,0.04413365259466315,0.22268704797006614,0.13200282156467438,0.233118399987015,0.2780482394340081,0.11494452595710755,0.38913428162582636,0.3846278161198011,0.053299717903137214,0.6810456311682863,0.2787728742217597,0.07601927906274795,0.8631422963595443,0.0,0.0,0.0,0.0,0.0,0.0,19713120.26251082,745.457478578047,0.11963107527711944,21858531.67455336,322.2018518344946,0.3211275481563086,20364657.76768061,117.92870808133311,0.5977726753667456,20912287.124563895,232.03252293255304,0.9205842737550048
Steel,6,2,5024.14,0.483,0.9328371584415436,0.06809980648756028,0.011207749997331224,0.1666540651603596,0.07690933793783188,0.09329371584415436,0.2519489794014093,0.07261690199375152,0.17106683580994608,0.3580505224528065,0.082905533015728,0.26363467343998775,0.2953208409515042,0.0724207615852356,0.4579840220516592,0.2395507420802784,0.07707268238067627,0.6733212452110008,0.37035251718650486,0.10315480053424836,0.8395434425973892,74024361.36256,369.70430468069134,0.12977130712703824,81301861.42931312,382.9320596264745,0.8162827630733048,0.0,0.0,0.0,0.0,0.0,0.0
Steel,3,4,4975.62,-0.488,1.1981721729040147,0.1010712834596634,0.04871619866646849,0.2840891645502292,0.12510527789592743,0.34106355116958414,0.2882273583349598,0.08486760348081589,0.8725310916955742,0.47199796901419694,0.077381991147995,1.0432021308692685,0.0,0.0,0.0,0.0,0.0,0.0,0.0,0.0,0.0,29277771.987592887,243.68317817868834,0.1847207716052159,35564241.909630716,446.93352914141116,0.5250190069977031,32320209.903515413,777.4563344052342,0.6020890352900312,28654867.849668816,218.2869122040186,1.0747351959311913
Steel,6,2,4974.33,-0.513,1.139581562578678,0.12614091384410858,0.039914405922528026,0.510282212601082,0.10726358294487,0.1761994663595743,0.2880556820290349,0.11341446340084077,0.3578471374473829,0.2617050452965661,0.1136414510011673,0.5405135674156865,0.19497604479887679,0.14086638748645783,0.6807727057617319,0.3055134637486434,0.07271941989660263,0.8285048095740412,0.2789210881178557,0.056506322622299196,0.9611102948798876,80575350.845046,447.59708415781876,0.13334748642827332,90376680.99804607,932.5051654742423,0.9903669857097045,0.0,0.0,0.0,0.0,0.0,0.0
Steel,4,2,5025.81,0.516,0.8009050875902176,0.14385842108726501,0.007662975068980926,0.19930582031287283,0.07046862095594407,0.10667854322799408,0.27814872239812644,0.0788551014661789,0.2423500864846423,0.2722359900502592,0.1461249154806137,0.3786802868182745,0.2033392766438777,0.13225414752960205,0.6407932713450879,0.0,0.0,0.0,0.0,0.0,0.0,33109089.93399976,625.3799440561212,0.08009050955992686,45716376.02793116,671.9377996167083,0.7208145780302907,0.0,0.0,0.0,0.0,0.0,0.0
Steel,5,2,4974.16,-0.517,1.048551145195961,0.11128801679611207,0.0032024958802780988,0.23844107178634774,0.10020592212677003,0.10486511451959611,0.25391706889253796,0.07524654179811478,0.2934169095167885,0.30555168936135213,0.04722111836075783,0.4624071407498985,0.3087212312226575,0.02,0.5397937750097962,0.36668623521630367,0.09395647943019868,0.6980351522379336,0.0,0.0,0.0,45450033.235847786,316.33601784818563,0.12215599704439127,40716801.04370424,393.36889360627276,0.9226699387978942,0.0,0.0,0.0,0.0,0.0,0.0
Steel,2,4,5026.21,0.524,1.400044745206833,0.10555366730690004,0.01796790355022686,0.24846198851128523,0.14164311528205872,0.6140251399818032,0.2773877959274233,0.14990753591060638,1.1278716860534352,0.0,0.0,0.0,0.0,0.0,0.0,0.0,0.0,0.0,0.0,0.0,0.0,22594792.97718925,546.2221884622451,0.19739683311204329,18701367.956546225,278.53571203638364,0.6652594376436374,19210783.28455865,226.15515701856438,0.8275147817926644,17854037.24153651,483.58792452672515,1.1674461438091084
Steel,2,4,5026.4,0.528,1.0423790261149408,0.15374565637111665,0.017146159391126004,0.259504158194085,0.08828092932701112,0.3062529119135808,0.2339455157091792,0.10379827558994294,0.6442921691644437,0.0,0.0,0.0,0.0,0.0,0.0,0.0,0.0,0.0,0.0,0.0,0.0,14027602.649290938,593.2399322081194,0.12763936166078574,17045342.242280066,512.4657424306185,0.39363442180690456,17753305.926661868,352.9906329943911,0.5904327211879923,18097706.88104007,673.4090534789665,0.8583256559032425
Steel,5,2,4972.71,-0.546,0.8979381412267685,0.1118102538585663,0.026639686067479917,0.3351309480755061,0.08489877223968506,0.11248712551899881,0.3323091410377739,0.07634994298219681,0.2379567190194357,0.26083460839642725,0.1424592137336731,0.4136934507455158,0.3154984287177641,0.07827445596456528,0.6361145947597924,0.28269100274158054,0.09734875619411469,0.7839410763756393,0.0,0.0,0.0,50944067.09854817,176.72946011970816,0.12321289324280986,44491785.089788966,476.2170652595415,0.7507294604305101,0.0,0.0,0.0,0.0,0.0,0.0
Steel,6,2,4972.59,-0.548,1.1804774820804598,0.08379342716932298,0.01553518302315512,0.29832721676542423,0.045280974507331845,0.20107005992907673,0.1601641121659337,0.10131133794784547,0.3253705446788308,0.2839329511821916,0.08860220968723298,0.43304252670819354,0.20721984851418934,0.06128482460975647,0.59206584575332,0.3051180645705238,0.05115710303187371,0.7037092386345911,0.2985812441571076,0.05355551093816757,0.91239869047924,136366782.0489904,356.4253153198268,0.14246996465507752,156352791.3357428,639.7872606735052,1.035946120664115,0.0,0.0,0.0,0.0,0.0,0.0
Steel,4,2,5027.59,0.552,1.0990726858377458,0.13062132561206818,0.06000000000000005,0.29186494755941816,0.051504827439785,0.19384546958431553,0.5398268955023726,0.048475750982761384,0.3519191113613068,0.3045287730434808,0.10946169137954713,0.577972440664235,0.2586668811854138,0.07592144519090653,0.897386920310779,0.0,0.0,0.0,0.0,0.0,0.0,44759749.20080339,259.9203791376047,0.15710648037005082,74547795.01958027,490.88026842454855,0.9777054967365287,0.0,0.0,0.0,0.0,0.0,0.0
Steel,1,4,5027.92,0.558,1.7737663984298706,0.12325871574878694,0.017701828258407187,0.29289507835573075,0.09510954141616822,0.7304424695618099,0.0,0.0,0.0,0.0,0.0,0.0,0.0,0.0,0.0,0.0,0.0,0.0,0.0,0.0,0.0,14828098.17014575,279.97620645994505,0.256125965084764,14923706.176215796,691.2273144377396,0.7016401960443318,15019167.734070564,1099.9999999999995,0.9334598707420255,17220581.723859616,603.3310688375512,1.5121164164989158
Steel,4,3,5028.03,0.561,0.6847888134419918,0.10157624578475953,0.024938549583574377,0.4279426136867724,0.1003858757019043,0.09296152896189241,0.2581657700965585,0.05708812266588212,0.20407258278480067,0.29355743501737175,0.09407495558261872,0.4088100221726816,0.389647008098269,0.0811467781662941,0.5442167450389743,0.0,0.0,0.0,0.0,0.0,0.0,33150581.191342168,265.50817366484273,0.07860077522815094,29768420.1357889,734.1831743142898,0.33324071309935194,21695118.41169202,424.9014158801721,0.5934902927378829,0.0,0.0,0.0
Steel,3,2,5028.13,0.563,1.5904610723257064,0.10512768971920014,0.025485393732480197,0.17583670527658116,0.09153507947921753,0.19916425108439562,0.25276375061073314,0.11134393572807312,0.37897224558175135,0.4908672884004079,0.05385082185268403,0.934533098574458,0.0,0.0,0.0,0.0,0.0,0.0,0.0,0.0,0.0,95424656.19918106,500.7502822875792,0.16332296489381065,91079177.4185399,309.9137224892544,1.3132851333826965,0.0,0.0,0.0,0.0,0.0,0.0
Steel,6,4,5028.26,0.565,1.1484882324934005,0.10130488598346711,0.013518209210773777,0.6171643943101041,0.09251411557197571,0.2038943973120104,0.29819154755577376,0.10210692584514619,0.37587961897057076,0.2718132694404269,0.09861684620380402,0.5480997670116806,0.28339564892089836,0.0643205338716507,0.7540516860361314,0.26395268160199437,0.11550481200218202,0.8532921372518265,0.4702321550418222,0.08668631315231323,0.987983759018852,41631145.38264157,360.3007308729036,0.13489585254665348,53458429.71853816,362.8113294621107,0.3956186182657352,51299124.76716099,292.5620954074047,0.7382030451014485,52067386.79579907,412.46848470039276,1.0336394080955722
Steel,2,3,5028.51,0.57,0.6990527451038361,0.13516582572460176,0.040990941154149765,0.29270985947010936,0.1025923216342926,0.2132254759889534,0.37935544300548013,0.08071085333824157,0.3369338420598227,0.0,0.0,0.0,0.0,0.0,0.0,0.0,0.0,0.0,0.0,0.0,0.0,23762518.39769979,773.80308884078,0.103432613358304,21262515.25844321,279.70781560083026,0.5159265220632627,22229392.850217074,308.2827216694163,0.6088973159673858,0.0,0.0,0.0
Steel,6,2,5028.63,0.573,0.9668325245380402,0.10579581832885743,0.01929043157368091,0.23504029103034593,0.07740868896245956,0.12916059860298906,0.43250561086885286,0.08123738259077072,0.31235013427132297,0.37114989063220366,0.10578160822391511,0.5416423317165489,0.19551262868970357,0.08830288887023927,0.6487300822698331,0.35033112310954384,0.02,0.7112998757618872,0.246296810694338,0.02,0.7390806859369048,57574646.75315715,318.83413501511745,0.11414247446372276,81048973.71355848,184.77550063628988,0.8701492711174037,0.0,0.0,0.0,0.0,0.0,0.0
Steel,1,3,4971.23,-0.575,0.9007585361599922,0.09970639300346376,0.035227470479875,0.2033524505627378,0.0671486309170723,0.25374644483828757,0.0,0.0,0.0,0.0,0.0,0.0,0.0,0.0,0.0,0.0,0.0,0.0,0.0,0.0,0.0,7099551.419103192,991.9444873866202,0.10213259150024573,7097135.150734256,465.1571738748632,0.22733304773820262,8596514.17042008,453.6295763833901,0.6449071341529455,0.0,0.0,0.0
Steel,3,2,4971.06,-0.579,0.8048217728734016,0.06163939327001572,0.01658342797292811,0.1680606687199731,0.10195582807064058,0.15865090118607067,0.25686043355103133,0.10469545543193817,0.4177476851124632,0.17942433607105435,0.06334914177656174,0.5763310791227181,0.0,0.0,0.0,0.0,0.0,0.0,0.0,0.0,0.0,16871890.91895947,588.5970716543401,0.1066576099306624,16736745.728974154,450.66505093417334,0.6517103655214941,0.0,0.0,0.0,0.0,0.0,0.0
Steel,5,2,5029.3,0.586,0.8235183089971543,0.0899794716835022,0.005544917944372293,0.389741162481767,0.09897226691246033,0.13818650088625434,0.2320371825951014,0.13077653527259828,0.2924891767165549,0.2794984344535266,0.11293241500854492,0.47664042881642127,0.17312599934788525,0.06980246186256409,0.574169277299916,0.5190045552020541,0.07537367701530456,0.6758232223221973,0.0,0.0,0.0,57978568.65387697,840.549705723845,0.106710760873315,57832809.52786167,213.31627171686407,0.7144905077530869,0.0,0.0,0.0,0.0,0.0,0.0
Steel,5,3,4970.43,-0.591,1.4611177772283555,0.050619854390621194,0.0041256834513326325,0.26050491922703045,0.06446989208459854,0.14612177772283555,0.3499968870901922,0.13655489385128022,0.24964417069077494,0.4481479846472114,0.0721920770406723,0.6126665235788415,0.34958042941903034,0.04019408389925957,0.6987546097843018,0.14068975012199175,0.09471864759922029,0.9057746116599845,0.0,0.0,0.0,105508759.8098493,777.4364863988715,0.15612277772283556,86769261.50224864,408.9962666974721,0.63455993439877,77239299.70647119,384.6261957754801,1.2657792997924169,0.0,0.0,0.0
Steel,4,4,5030.16,0.603,1.1442000523209572,0.12184054529666902,0.005221696638737034,0.20749074340017773,0.11201025366783143,0.2656349471523263,0.2098322339883524,0.1000039005279541,0.4391120920770236,0.33929492368543085,0.08087513923645019,0.6639571369838835,0.2701030624715074,0.05922943770885468,0.8448013719036374,0.0,0.0,0.0,0.0,0.0,0.0,23271599.357736014,435.99500536039574,0.12687443599917436,16686680.825818315,354.0652027136087,0.22951039472800183,26323142.214786686,307.5909057855511,0.47428230289732504,21421813.552020293,826.4022733271324,0.9719559206909905
Steel,1,3,4969.77,-0.605,0.965061666071415,0.13116252171993256,0.050939833362857775,0.3184126901329212,0.05594034135341644,0.6025094203861397,0.0,0.0,0.0,0.0,0.0,0.0,0.0,0.0,0.0,0.0,0.0,0.0,0.0,0.0,0.0,19626077.9063062,575.1187133706089,0.20788999923390666,18050628.91651352,934.387786012416,0.3180576890534407,17869013.248704392,207.11233667055993,0.7217659387205974,0.0,0.0,0.0
Steel,3,3,4969.3,-0.614,1.2870332211256028,0.10970424246788026,0.01750391331041346,0.35177658177672244,0.1389467638731003,0.31398655381435614,0.4488460675402651,0.0768909388780594,0.8638248149250809,0.4140613950754026,0.10862237036228181,1.0459878773641615,0.0,0.0,0.0,0.0,0.0,0.0,0.0,0.0,0.0,36840709.41615685,800.2490226640267,0.14700496093952978,42456068.18015249,622.3639867483414,0.5969699846819272,49470220.8818264,850.655191844988,1.1122369047299134,0.0,0.0,0.0
Steel,2,4,4969.29,-0.614,1.7597211569547655,0.1056798211336136,0.017593660991376544,0.3815345166245983,0.12695747315883638,0.6165684876320094,0.23993634386686324,0.023327079769223928,1.1317460889969588,0.0,0.0,0.0,0.0,0.0,0.0,0.0,0.0,0.0,0.0,0.0,0.0,32993028.69395772,636.2286674946447,0.4211605634172684,27290968.648166075,783.0043693158514,1.0814431259490414,32382730.308417935,767.4271154356124,1.1973679174318477,26241511.46459251,470.042859075629,1.533636806894032
Steel,2,4,4969.14,-0.617,0.7237822413444519,0.08677636635303498,0.03686627667137802,0.27709244400568983,0.06067248731851578,0.10743054595196132,0.20200897156366296,0.08973625659942627,0.4805270617840565,0.0,0.0,0.0,0.0,0.0,0.0,0.0,0.0,0.0,0.0,0.0,0.0,8490806.004868336,641.8640165208877,0.13553528312879323,11820444.463071281,58.65042610749981,0.37337064471092674,10098883.050644126,132.82367333772294,0.35819948249920985,10607900.082302498,481.14126738222694,0.6060707543399366
Steel,2,4,4969.0,-0.62,0.8953317776322365,0.07364802724123001,0.0277632637321862,0.1588009470261197,0.07347459107637405,0.3515823434654007,0.3109354471546192,0.07067969292402268,0.5548281794775032,0.0,0.0,0.0,0.0,0.0,0.0,0.0,0.0,0.0,0.0,0.0,0.0,6825936.448343415,414.9340005438933,0.1202563581676594,7528031.528276841,1075.6471722937051,0.29031223297389636,7965174.098209013,265.31602121708084,0.418504116808763,5657398.200065705,364.82540574149886,0.7754816440952164
Steel,1,2,4968.81,-0.624,1.4908115655183793,0.05524940782785416,0.014637656795691569,0.2229383528969557,0.04544655054807663,0.5142307971602037,0.0,0.0,0.0,0.0,0.0,0.0,0.0,0.0,0.0,0.0,0.0,0.0,0.0,0.0,0.0,18713969.12833901,416.19896126413846,0.23849915143896233,21422104.693765946,570.5538627592575,1.077616109968055,0.0,0.0,0.0,0.0,0.0,0.0
Steel,3,3,5031.86,0.637,1.3104587912559509,0.1297579780817032,0.03201563360437389,0.20299198410949246,0.14255863606929778,0.32049244395712345,0.3185423499239463,0.051168197095394136,0.729112853042164,0.29014334519399504,0.107527694106102,1.0703784371399379,0.0,0.0,0.0,0.0,0.0,0.0,0.0,0.0,0.0,27073407.043195687,167.25617516761397,0.17908237690453022,22958766.271742385,381.02993823367945,0.9134217334907475,23882179.080915403,619.6188078865542,1.179412910819897,0.0,0.0,0.0
Steel,1,4,5032.2,0.644,1.093398705124855,0.08189379853010179,0.006821725797279757,0.3387862387488018,0.0652507072687149,0.2631800242445747,0.0,0.0,0.0,0.0,0.0,0.0,0.0,0.0,0.0,0.0,0.0,0.0,0.0,0.0,0.0,11120487.276618863,432.29665164573197,0.12741162654963084,11104458.427398415,591.5526223294513,0.5471002796623599,12403798.434613794,389.73915342672456,0.7822036314633383,11185308.521354802,306.30902058472975,0.9292777949537876
Steel,4,3,4967.95,-0.641,1.5408856362104417,0.06462070739269257,0.03024489635057366,0.17803844070417346,0.11887209951877595,0.38251129313499704,0.4903428048235357,0.09165715098381043,0.828551512644818,0.27199056425421936,0.09554067373275757,1.195959175454226,0.2875811709055539,0.09204017221927643,1.3867870725893976,0.0,0.0,0.0,0.0,0.0,0.0,58215751.45317061,332.38623134847154,0.17841686881214855,48639264.22812079,277.06546475587703,0.7744811018650444,50769898.35551514,163.19673469085313,1.3062055218795194,0.0,0.0,0.0
Steel,5,2,5032.66,0.653,1.220838764309883,0.11657836067676546,0.008742481272252575,0.3357205165038499,0.07951703757047654,0.28538218032611373,0.21717645868770685,0.08935870587825775,0.4424930319691976,0.3256153748399348,0.0603816705942154,0.6783528129676795,0.27591406169848565,0.14858553886413572,0.9386223146236703,0.5147034273995517,0.05246417433023452,1.0516027873566371,0.0,0.0,0.0,76945627.65015791,358.71326100485584,0.16619467689933826,64105670.84570808,597.4662023318535,1.0807586724963765,0.0,0.0,0.0,0.0,0.0,0.0
Steel,5,4,4967.49,-0.65,1.55921029150486,0.12440406215190888,0.030850304969906667,0.27045233386219314,0.10355840981006623,0.3284035044510837,0.2864243578095679,0.08449498862028122,0.4400458554130342,0.3616255857675582,0.05090737521648407,0.607989617574638,0.27086673410605977,0.14784588038921356,0.7554116350371167,0.19079472131763534,0.07015536040067673,1.0812955741091663,0.0,0.0,0.0,38527066.05138198,424.4964421575929,0.17731803873824037,36538553.18278413,190.3683154262644,0.9023433383350015,35698208.978324935,524.2811645774118,1.1251663236049958,42264265.500074394,454.74800526524535,1.3860487312162482
Steel,6,2,4967.37,-0.653,1.2292961448431017,0.11239554667472841,0.021183575142003117,0.22277300215450252,0.033415242061018945,0.24665420074049077,0.2421575572697417,0.07177956074476242,0.3994648630835417,0.43366458194249363,0.10227052211761475,0.5567053729781164,0.2747582878616464,0.02,0.7655788954583793,0.3114838303376037,0.12734964549541475,0.8765798150119037,0.316072948456409,0.13155989587306977,1.070954252417461,83313653.86878632,343.4058654579708,0.18269492960649958,87549300.0263012,763.347900943479,1.0592666313315342,0.0,0.0,0.0,0.0,0.0,0.0
Steel,6,3,5034.09,0.682,1.509585013985634,0.08491198545694352,0.020223953145736873,0.2748723803935442,0.10680317640304567,0.26460083140609975,0.32327182188859344,0.1074861228466034,0.5637686190800772,0.28416479251708593,0.1110833889245987,0.7979688275517841,0.4356321168681714,0.08819124698638917,0.9939173844851428,0.22249420248519397,0.09207488596439362,1.1243738091839584,0.3268921943719889,0.12460422992706299,1.236835317288963,86752404.9604047,376.7582409781491,0.1874185102152238,88317559.1355678,159.62371913212405,0.655785403061163,74724773.86223549,702.4547945379804,1.3304047518983542,0.0,0.0,0.0
Steel,2,3,5034.12,0.682,1.270419603586197,0.10352180778980256,0.030442502580645278,0.20821380570434206,0.06058661341667175,0.5955299209486113,0.42652705196181656,0.08651118695735932,0.7973168719877995,0.0,0.0,0.0,0.0,0.0,0.0,0.0,0.0,0.0,0.0,0.0,0.0,23421769.11778109,903.2829634412426,0.22138655100397414,19304294.983089823,850.4121257462638,0.9589079167212508,26089569.590010148,410.7463136637876,1.1433776419571577,0.0,0.0,0.0
Steel,2,2,4966.07,-0.679,0.6141771070659161,0.05970028495788575,0.02975371355479011,0.2734394301165202,0.07812772452831268,0.30466435530649805,0.4620385907652498,0.09452188730239869,0.4737812082937928,0.0,0.0,0.0,0.0,0.0,0.0,0.0,0.0,0.0,0.0,0.0,0.0,41748821.16755688,771.3103173866133,0.11079325261162604,34593916.922676235,307.6838631751478,0.5191429572327552,0.0,0.0,0.0,0.0,0.0,0.0
Steel,2,3,5034.27,0.685,0.9554756864905358,0.11782979309558869,0.03831471700044489,0.27791884444203313,0.0601704552769661,0.29860713011976975,0.34029927022972833,0.09254690766334535,0.7118780396597126,0.0,0.0,0.0,0.0,0.0,0.0,0.0,0.0,0.0,0.0,0.0,0.0,21253586.42505829,478.0190797108549,0.10782229835826783,16765156.185534006,699.4197698844802,0.5630845929485354,15172748.898891674,505.01184704388095,0.8229495640390792,0.0,0.0,0.0
Steel,2,3,4965.93,-0.681,1.0132446855306627,0.13789316904544832,0.02366170946698923,0.24293755541100623,0.09157492280006409,0.318574254987888,0.2888611136900986,0.10238980412483216,0.6370464473537605,0.0,0.0,0.0,0.0,0.0,0.0,0.0,0.0,0.0,0.0,0.0,0.0,18741264.559603732,319.69306195593947,0.11543291878598952,17660233.78390002,375.5038223138762,0.43337422607463977,21731312.11591459,516.6624008249485,0.8093579847049328,0.0,0.0,0.0
Steel,2,3,4965.05,-0.699,0.4894710198044777,0.05422531044483185,0.043380248355865486,0.16367312311874324,0.08783638417720795,0.19805114234839147,0.2755585502540501,0.07739736825227737,0.38927374702476303,0.0,0.0,0.0,0.0,0.0,0.0,0.0,0.0,0.0,0.0,0.0,0.0,8174376.46391959,135.41989923128054,0.09274855759152519,7066953.667315482,89.67399488493864,0.26395943317958626,7101228.040537814,618.4738370596864,0.4022497508851687,0.0,0.0,0.0
Steel,5,2,5035.23,0.705,0.8930879771709442,0.06476235854625702,0.016064216531214134,0.1879702642296566,0.12606964588165284,0.12465733637191226,0.22278865818007523,0.10240444123744966,0.25357074878121305,0.21318549798681588,0.07767312556505203,0.40772265686675035,0.37078863133201856,0.08365311056375505,0.5735068217781157,0.1922088568496724,0.12411732316017152,0.7617442885900025,0.0,0.0,0.0,117503291.87980758,639.4101143885235,0.14272358548426645,106721720.86305998,98.55638864818084,0.8037791785607619,0.0,0.0,0.0,0.0,0.0,0.0
Steel,5,2,4964.34,-0.713,0.7672870606184006,0.08657091039419175,0.022891111399401948,0.28750856715599415,0.06691256195306779,0.13649966687092147,0.2017649886408571,0.11461686849594117,0.3214141928421096,0.27256207827944406,0.05278529584407807,0.4200261720431472,0.24027213856747626,0.11000520169734955,0.5672177338939212,0.5026099853540211,0.05544147849082946,0.6558669070212151,0.0,0.0,0.0,48224215.65086355,269.4472065050643,0.10191794913834792,39711311.222328715,474.2659518829469,0.6905583537892735,0.0,0.0,0.0,0.0,0.0,0.0
Steel,5,2,5035.95,0.719,1.1849100589752197,0.10021535027027131,0.027792936276707734,0.35262181883444693,0.11466059386730194,0.1889917639531568,0.15217657369727522,0.131900315284729,0.39444590290197806,0.21398770053018756,0.11594487071037293,0.6303767091351297,0.4094486944940075,0.0721142616868019,0.8488993868500496,0.25455359657619936,0.10098915100097657,0.9942801723476324,0.0,0.0,0.0,57899026.402255684,622.881180134953,0.1274578486921686,61783299.91815992,511.45923440232616,1.0168338670304484,0.0,0.0,0.0,0.0,0.0,0.0
Steel,4,3,5036.03,0.721,0.5641564339399339,0.11808714520931245,0.022807596329906928,0.3386421355014238,0.0992947018146515,0.07581074859417392,0.2838119744852212,0.15,0.20846313707796682,0.3493317894079898,0.02,0.33298745532355045,0.20312298926819208,0.10920222938060761,0.47114903765246446,0.0,0.0,0.0,0.0,0.0,0.0,30296704.65368301,595.0369098353087,0.06423375723385172,34423388.44718736,851.4125447785801,0.391733040013036,30421447.364643067,655.0130021695225,0.4561919934771889,0.0,0.0,0.0
Steel,6,4,4963.65,-0.727,1.1305843621492386,0.09468327856063843,0.015324090391237714,0.31737761961566074,0.1083551597595215,0.1428311329718682,0.23034589756076904,0.04535274401307106,0.23970360076452016,0.21670295540429016,0.04896039128303528,0.4048370299778532,0.2979910516228429,0.08300835311412812,0.5767159868854883,0.30837681909279446,0.08176829367876053,0.7321616165502276,0.3446262936287126,0.11492306232452393,0.9018756494012395,22207446.14019726,480.84417389603055,0.15430430048571595,29447041.140226547,629.7595879347102,0.46240818897687586,22155226.881843086,734.3593004773428,0.6398866652780018,26268142.091363132,702.8621634291436,0.9981312597618482
Steel,4,3,5036.65,0.733,1.4455733239650728,0.09671846437454225,0.00889741735169712,0.4822271128983644,0.10815842270851136,0.3158547210486671,0.27582278968171337,0.060705573856830605,0.46753533483009346,0.18793757100802247,0.07192055821418762,0.6685080801005323,0.29160948434137307,0.11022134125232698,1.0962592423116053,0.0,0.0,0.0,0.0,0.0,0.0,52753977.63386394,487.1455025881793,0.2346768068872243,63355666.38028862,338.1550424728721,1.029166019744022,69289660.99980308,194.0663889649947,1.2990928644205688,0.0,0.0,0.0
Steel,6,4,5036.92,0.738,1.2221304506063462,0.06776630926132203,0.01545284749534031,0.2701234520412141,0.07396115690469741,0.22403487242518663,0.24799106733585333,0.07858679056167603,0.3801252510174884,0.2902909701464306,0.0828793776035309,0.48090478910696266,0.29234569521657267,0.14485648453235625,0.6435154606508535,0.2913184738668632,0.027754075303673745,0.8104655327205413,0.31956665441778676,0.1255054235458374,1.0156425363769983,30263547.218213823,606.3757378850062,0.1262809311868799,36205341.1308018,573.7513503093627,0.2125028796624145,36557747.17780028,322.10499921333087,0.6142794919671477,33782318.629518546,313.6171848529522,1.0654455663509794
Steel,1,3,5037.42,0.748,0.8393247604370118,0.11670462453365327,0.015137314408874976,0.22140374738775412,0.10361168146133423,0.4239307326006837,0.0,0.0,0.0,0.0,0.0,0.0,0.0,0.0,0.0,0.0,0.0,0.0,0.0,0.0,0.0,11721381.874591567,522.3773010767501,0.2123592493577851,17153018.169478197,560.7168801127101,0.5305043573690981,14075677.001529057,311.4582170770444,0.7553922835539858,0.0,0.0,0.0
Steel,2,4,5037.44,0.749,1.4227468430995942,0.08452411216497423,0.014642277496717676,0.27922245478405433,0.07759744882583619,0.34730704800305734,0.5939347164464954,0.09063194870948792,0.797142542479895,0.0,0.0,0.0,0.0,0.0,0.0,0.0,0.0,0.0,0.0,0.0,0.0,30190659.09188869,420.0426362813652,0.21982563594366766,30926546.554386225,525.5431460832075,0.661955106117143,30881290.527971197,281.5007798524581,0.9622559122169319,27591090.28512738,626.1725396485558,1.1978158116228323
Steel,3,3,5037.57,0.751,1.3442317456007005,0.13535431587696076,0.016959714992430423,0.2480136186184886,0.1098262244462967,0.4811209872033303,0.27857760908688867,0.05258969783782959,0.7048050002596884,0.25817876240002924,0.10055652320384979,0.8868791783742571,0.0,0.0,0.0,0.0,0.0,0.0,0.0,0.0,0.0,24868784.06065947,516.867185699598,0.2045756471971275,21633031.568344615,451.3804102061221,0.6539268953332227,28498357.428986557,492.4738583383633,1.1296666007866591,0.0,0.0,0.0
Steel,2,4,4962.43,-0.751,1.4011251568794252,0.11029440200328829,0.007550438933193813,0.3864345475460386,0.08162577360868455,0.5247215170081063,0.1455843628624907,0.09601219952106477,0.6199397901691542,0.0,0.0,0.0,0.0,0.0,0.0,0.0,0.0,0.0,0.0,0.0,0.0,18386849.082457274,452.4565701006133,0.18655393700965758,12321602.868593419,56.09631569923611,0.484047228693031,12493714.32415464,186.05698424476716,0.93496505832862,12907797.253577154,158.32719969813022,1.1873478320358748
Steel,6,4,5038.88,0.778,1.6729275345802308,0.12713993704319002,0.01442105712257649,0.22183146973123008,0.05492725014686585,0.1770663505608372,0.31888921562720185,0.05590907573699952,0.27076410525580263,0.16842468363774826,0.057254713773727414,0.5056634541099573,0.1972711799062369,0.06919656366109848,0.7334452806852999,0.32140031640444383,0.07169198602437973,0.9782908711747418,0.1890583149595129,0.12853479444980623,1.3178305755139998,29669330.767357875,286.03352526195425,0.2079605157584903,28330979.498804037,429.46253905254474,0.8033098193968734,25622003.573174167,210.40882699705054,1.1441581986915859,26010750.14647161,397.99434107537263,1.4786533184033308
Steel,2,2,4961.29,-0.774,1.395817267894745,0.11597286462783815,0.01105982561613547,0.4446285081853756,0.07521659344434739,0.8041776988841058,0.2377854230826271,0.05595225870609284,0.8917704600291145,0.0,0.0,0.0,0.0,0.0,0.0,0.0,0.0,0.0,0.0,0.0,0.0,41174793.88707854,381.7388239071338,0.27029182316097977,36275600.664968096,490.2343581182839,1.0750264538974585,0.0,0.0,0.0,0.0,0.0,0.0
Steel,4,4,5039.05,0.781,1.4687060207128526,0.08049128621816636,0.03258586376756069,0.30392638810076744,0.06141134768724442,0.27916702193958776,0.3040239432704452,0.06722695767879486,0.6358126698941743,0.30289864614653617,0.08222288489341736,1.0151428086312182,0.2825800687067945,0.031683067828416824,1.2145263302187417,0.0,0.0,0.0,0.0,0.0,0.0,16244777.596473586,326.1135370309081,0.18100197161134932,22661473.35099248,677.4322673456285,0.4780484245172706,16213151.00564729,641.3489007287419,0.5609968640819442,21860500.115623012,312.5838332574898,1.3024968788839146
Steel,3,4,4960.44,-0.791,1.0148229598999023,0.1417929346561432,0.005655048827037238,0.4278691987189343,0.13080212891101836,0.38146588825544453,0.2518375696141821,0.11878227770328523,0.592376708711157,0.20064942697937527,0.1398796957731247,0.7877972765411393,0.0,0.0,0.0,0.0,0.0,0.0,0.0,0.0,0.0,21698612.06853648,558.5062766275316,0.12501171970270702,33088337.472976867,303.1812876521227,0.2571804374262034,21433032.86702788,814.0070394622396,0.4727581522530631,25450185.095297553,508.05531647608825,0.9052723948059047
Steel,4,3,5040.42,0.808,1.13315626680851,0.1479724154472351,0.04214561395978778,0.27360552013006584,0.07901367664337158,0.18191683839004208,0.2556135130826089,0.06723595380783082,0.3877545525678574,0.23701059028034743,0.08306907504796983,0.545023875031427,0.30650351432461137,0.08355733007192612,0.8227698704038734,0.0,0.0,0.0,0.0,0.0,0.0,32126193.074529983,537.3743627568094,0.11972592442049593,38278535.34450288,378.3549188541815,0.9059139317338729,34495531.09601715,549.5375698642058,0.9996295373157824,0.0,0.0,0.0
Steel,4,2,5040.89,0.818,1.328514501452446,0.10994101893901827,0.013869572169997162,0.19008479736913264,0.0409595587849617,0.21082836460205112,0.2511432948072571,0.10701859533786774,0.39692776601736834,0.17108899816353285,0.113714280128479,0.7144673118041006,0.4125415778017478,0.060469152331352236,0.9835842377016831,0.0,0.0,0.0,0.0,0.0,0.0,35421597.76320002,704.3661022376773,0.1892039278927941,42475120.287044264,475.2262469632711,1.1177852695579533,0.0,0.0,0.0,0.0,0.0,0.0
Steel,4,2,4959.44,-0.811,1.4538654118776322,0.11794071197509767,0.04370401094516755,0.18850994735189153,0.08883439660072327,0.38930298973902544,0.222546657167171,0.08212953746318817,0.6459568334552317,0.24995146472177596,0.07025928467512131,0.8414405135280105,0.4026367691224668,0.08171995788812637,1.0945776892237526,0.0,0.0,0.0,0.0,0.0,0.0,42512080.288831234,795.6166051540052,0.2576425459791954,42786441.722783335,221.49174374067576,1.1799043536732228,0.0,0.0,0.0,0.0,0.0,0.0
Steel,5,2,5040.94,0.819,0.6381975762546063,0.06484674322605133,0.01569462446189891,0.3774164031161771,0.08057911932468415,0.10280184323168808,0.20279713687290726,0.07261795192956924,0.2349738507667779,0.26678558831237204,0.09789108872413636,0.34500584146716706,0.300568845538833,0.06966677993535995,0.4749069024930383,0.3324436483471718,0.08283148735761643,0.5733839895796097,0.0,0.0,0.0,40955351.888146065,558.8040824325084,0.09029726022629594,36951930.86369678,707.2694989549744,0.5590329767068241,0.0,0.0,0.0,0.0,0.0,0.0
Steel,1,2,4959.25,-0.815,1.0862020254135132,0.06056483435630798,0.011221695020273868,0.21466707731286894,0.10729212880134584,0.7953674644731455,0.0,0.0,0.0,0.0,0.0,0.0,0.0,0.0,0.0,0.0,0.0,0.0,0.0,0.0,0.0,9297022.929142939,531.4954932531397,0.44153907245765056,12429785.793231806,305.92852861793193,0.9175748174372678,0.0,0.0,0.0,0.0,0.0,0.0
Steel,3,3,4958.84,-0.823,1.0765211045742036,0.0802423598766327,0.03318990380439284,0.21188988175623621,0.07178075790405274,0.19647216906817405,0.45431093518361276,0.12690061390399934,0.5154493346281841,0.16738420554803804,0.06721884489059449,0.8495365061118026,0.0,0.0,0.0,0.0,0.0,0.0,0.0,0.0,0.0,32829902.017933384,653.2109732511012,0.13471096260723375,34743617.91692966,426.92037440443215,0.6370622918371256,46635716.62467895,771.6588154896532,0.9294032300151677,0.0,0.0,0.0
Steel,3,2,4958.08,-0.838,1.6198242753744125,0.09184426307678224,0.015667266765992807,0.20498237851628465,0.1246666604280472,0.31267788383018513,0.29411713823420327,0.1147072172164917,0.9606975026180209,0.167005795744907,0.08990519165992737,1.142126712020955,0.0,0.0,0.0,0.0,0.0,0.0,0.0,0.0,0.0,150819026.10225323,701.2290271878207,0.18129425184740808,177971560.15102744,247.68421810311318,1.3162427027442802,0.0,0.0,0.0,0.0,0.0,0.0
Steel,3,2,4957.11,-0.858,0.9933339819312096,0.11261894178390504,0.01695397306637951,0.12829497897384814,0.05284905910491944,0.39073223690940107,0.20815687312947276,0.09139713883399964,0.5453283837805718,0.3663448557635158,0.12314727544784547,0.7799443671412803,0.0,0.0,0.0,0.0,0.0,0.0,0.0,0.0,0.0,31593956.47207685,452.3538287026911,0.13318177297976663,39835013.45551976,859.4501942583753,0.7929187386631421,0.0,0.0,0.0,0.0,0.0,0.0
Steel,4,3,4957.07,-0.859,0.7622666418552398,0.097224755525589,0.036364788436260245,0.26526441512836363,0.0490696582198143,0.12064609566863499,0.22629564158928997,0.08973700046539307,0.21438501661889772,0.19157564478888936,0.1298180639743805,0.377219526152789,0.4013713776934857,0.07350754588842393,0.5808784706961959,0.0,0.0,0.0,0.0,0.0,0.0,23315750.90085455,640.0709675581526,0.09003666111201633,16854742.591944754,867.6415765672094,0.39243919862376037,16189866.035473583,735.7488051106991,0.6545052010914567,0.0,0.0,0.0
Steel,6,3,5043.51,0.87,1.396953144669533,0.09099333202838898,0.014880809837109748,0.29796253852398974,0.02980891302227974,0.284860545968,0.3273163333200175,0.08329251378774644,0.38995968206537973,0.24849968280790533,0.03285996161401272,0.5704618641357814,0.28886688054236137,0.03919408202171326,0.6450786798295773,0.2807191096953809,0.06334151715040207,0.8909844910802841,0.4917030289494937,0.07664362668991088,1.1287209165504608,30509715.853142288,531.5377206706853,0.16645461585544946,33363091.661430802,676.6988027595256,0.6228340701202848,39910450.886233695,590.1774448631126,1.1957854729739221,0.0,0.0,0.0
Steel,1,2,5044.34,0.887,1.1492723524570465,0.06368112587928772,0.015448032253612864,0.3340229221822436,0.10684241533279419,0.5785805434793377,0.0,0.0,0.0,0.0,0.0,0.0,0.0,0.0,0.0,0.0,0.0,0.0,0.0,0.0,0.0,45685008.867889695,830.7571855817229,0.18265490434625603,52046561.23214347,130.19713797159807,0.8351556501430886,0.0,0.0,0.0,0.0,0.0,0.0
Steel,2,2,4956.03,-0.879,1.0381385371088983,0.08336541402339936,0.013638540113821403,0.2187728136792851,0.10277847409248353,0.259139839412011,0.3237930935616005,0.1254178488254547,0.6537793809737755,0.0,0.0,0.0,0.0,0.0,0.0,0.0,0.0,0.0,0.0,0.0,0.0,30797225.187760904,206.21678036586152,0.1319075490918193,31347819.669897605,475.0095428493549,0.8797235486445365,0.0,0.0,0.0,0.0,0.0,0.0
Steel,2,3,4956.03,-0.879,2.023907393217087,0.08078201979398729,0.02131487836653904,0.21068975555072064,0.04601231291890144,0.8303510402366614,0.19425606118493965,0.10294690549373628,1.3673471182565238,0.0,0.0,0.0,0.0,0.0,0.0,0.0,0.0,0.0,0.0,0.0,0.0,29597842.69595267,408.09686651995315,0.2927180077192776,24725617.30507948,297.15171670906517,1.3930441373499123,28746834.06801278,429.13079963849134,1.8077967779455582,0.0,0.0,0.0
Steel,1,2,5044.66,0.893,0.8875392064452171,0.05339950436353684,0.037077376032901226,0.2810110201398593,0.05111652746796608,0.4431962733584968,0.0,0.0,0.0,0.0,0.0,0.0,0.0,0.0,0.0,0.0,0.0,0.0,0.0,0.0,0.0,6450889.263260452,345.5364321245469,0.19537803394547454,7547855.725975127,365.4513634641064,0.7140183450426967,0.0,0.0,0.0,0.0,0.0,0.0
Steel,5,2,4955.24,-0.895,0.9614123269915581,0.06673694735765458,0.026101088331249186,0.3076643855431671,0.10645012676715851,0.19110967426507514,0.21127973610046524,0.022779041603207588,0.33902270843812626,0.28178464343646364,0.06728726118803025,0.5061085288751361,0.27632385209800325,0.06367815911769867,0.6291312333819699,0.31402220124680125,0.12749272346496582,0.7962833521907067,0.0,0.0,0.0,56528474.95892017,541.5557051007181,0.11536310193728654,77058139.87977986,756.5913311342315,0.8362037836518155,0.0,0.0,0.0,0.0,0.0,0.0
Steel,4,4,5045.42,0.908,0.6150663129985332,0.0821219672560692,0.01647089696693305,0.2569039973323325,0.07687768489122392,0.061516631299853325,0.18606195171971046,0.09860776484012604,0.16193384330705246,0.31454024248563583,0.0707665354013443,0.29597142574512303,0.24484849022908592,0.05134967714548111,0.49594206832977616,0.0,0.0,0.0,0.0,0.0,0.0,14154978.746144079,518.5243931293948,0.07878800869115653,8983709.055082828,331.7509157906094,0.2633774450252057,11511070.528731152,332.4971976830447,0.39376812903637903,10134917.376967859,411.7439515335023,0.5361028398269658
Steel,4,3,4954.95,-0.901,0.9189085811376572,0.12100657582283021,0.014656415676411754,0.20821069236124745,0.08661713361740113,0.26684744388197557,0.29755226761088477,0.10512772679328919,0.41359159770638326,0.4184029103892907,0.09372736871242524,0.5613304521936088,0.225559585456283,0.10529901742935181,0.7704845792213456,0.0,0.0,0.0,0.0,0.0,0.0,25987404.076975107,842.2081680045542,0.1102922561703205,30992324.218926672,200.34079599129254,0.5385255659069988,25786753.897219572,225.7539407665368,0.8270177221049828,0.0,0.0,0.0
Steel,1,3,4954.69,-0.906,0.8214911863207818,0.0466273989379406,0.02229641582067353,0.2499477271302901,0.1212151998281479,0.3145668459975733,0.0,0.0,0.0,0.0,0.0,0.0,0.0,0.0,0.0,0.0,0.0,0.0,0.0,0.0,0.0,8972597.013915893,639.5299972055112,0.1734775148253268,9111778.587999115,672.9133634425444,0.5010664198411926,9511816.28985969,338.0306597997106,0.6520752162592831,0.0,0.0,0.0
Steel,5,2,5045.83,0.917,1.2738905280828476,0.08765086501836777,0.00672066987746886,0.29426806474064865,0.11159393668174744,0.22543074246322453,0.24649633973393661,0.04801990061998367,0.3165615754088877,0.24552562125215882,0.12422504425048829,0.5628328009996952,0.16403273806442656,0.0971318030357361,0.8963569185885183,0.4223705905855913,0.057559195160865786,1.079344509843623,0.0,0.0,0.0,107165118.19381797,231.48773820730855,0.1333760888355012,99795958.40169725,416.29166676320034,1.1321572705005587,0.0,0.0,0.0,0.0,0.0,0.0
Steel,6,3,5045.9,0.918,1.318769735097885,0.10956249821186066,0.012308262707581256,0.19067437335928356,0.06627468138933182,0.2546906078419647,0.3915852524120479,0.08742747485637666,0.480360678068296,0.20595334270929913,0.10072284698486329,0.6917274223071255,0.3254128268660134,0.08027470767498017,0.8817887803657171,0.19992986294145398,0.036342766284942624,1.0553556728029987,0.43796837109045855,0.10028024673461915,1.1545753417343347,46076554.52947331,701.983462553518,0.14904754126934813,35705604.2473658,428.9255538995269,0.8582655761463306,41182013.677941635,217.2643546753897,1.1868927602693269,0.0,0.0,0.0
Steel,4,2,4954.15,-0.917,1.2055376738309862,0.12567331099510193,0.01055100290546383,0.17758008201448258,0.12808119893074035,0.14082160961677953,0.20609696369737543,0.11855193495750428,0.49463931511522924,0.2962688422682519,0.08395579427480698,0.7652065418536695,0.27178545658190717,0.15,1.008974735569143,0.0,0.0,0.0,0.0,0.0,0.0,46442004.327763416,259.7925495512177,0.16616923656520793,42775776.2921191,644.6554277971053,1.0374677342909804,0.0,0.0,0.0,0.0,0.0,0.0
Steel,4,3,4953.92,-0.922,1.8722965687513353,0.06229890990257264,0.010735367544235467,0.23417479758241988,0.11381230771541596,0.31734785456742937,0.3575179504929514,0.08857415974140168,0.6186912905165195,0.23459359942888802,0.10674111783504486,1.083898457813003,0.2644478134759479,0.11567712545394898,1.4669177522184196,0.0,0.0,0.0,0.0,0.0,0.0,138841083.12058634,799.9868278650171,0.21791630612356985,190720900.93402407,370.13576688696634,0.5878345781266505,149050143.67701548,336.0560313605167,1.5136360547012404,0.0,0.0,0.0
Steel,3,4,4953.88,-0.922,1.82701013982296,0.10605300962924959,0.00786459423472678,0.3825800852147206,0.09209082484245301,0.46764240789185113,0.34434531679115216,0.09263245224952699,0.747725958895498,0.3935646945788617,0.08783442378044129,1.2737525769881195,0.0,0.0,0.0,0.0,0.0,0.0,0.0,0.0,0.0,36524022.48932172,467.62098571511785,0.19669005496254838,41129956.198004484,168.06794239164415,0.36768149722430155,33174411.753079794,619.3931372726668,0.7042102745795658,48692943.568464495,589.4928523831778,1.605396516018159
Steel,5,4,5046.59,0.932,1.2089133262634277,0.06659153825044632,0.026202605433886996,0.39662787075454214,0.059243575036525734,0.21372028735024237,0.22342816952488959,0.08012148290872574,0.3845577802150577,0.2259212906287515,0.051857381165027625,0.6904935955810962,0.2971014201303786,0.1293962687253952,0.9445417336012708,0.3553298945910046,0.1022256112098694,1.0827616125787052,0.0,0.0,0.0,30844985.23612697,408.6884342315729,0.16005377626660555,29819352.249282815,395.2612157908649,0.5549931406871103,27676834.51530836,554.3084198980687,0.7594432720917415,28713017.38010751,566.7529807082634,1.0727606125787053
Steel,2,4,5047.18,0.944,1.2408658564090729,0.12303754663467409,0.003759460087674274,0.1930322082761521,0.10649281382560731,0.6499602054411509,0.27224262988924447,0.11879287779331207,1.0196320402683163,0.0,0.0,0.0,0.0,0.0,0.0,0.0,0.0,0.0,0.0,0.0,0.0,22154452.33894553,425.1995062327411,0.1967918974293184,18694939.767738864,882.6639873661591,0.5032041319811458,17764284.59737552,477.5468294426116,0.6765646403263245,18767523.99786829,644.897060110744,1.098449611989134
Steel,5,3,5047.69,0.954,1.7482505768537522,0.10080383396148683,0.04724325004319499,0.2988855352672166,0.059848679006099706,0.2775651683717878,0.2978940751401215,0.04975145980715752,0.5703174233368138,0.4352894538422356,0.06075685024261475,0.785707218500809,0.44253666723756235,0.11995671808719635,0.9171150195631103,0.45736419067551615,0.08400752007961274,1.1671404622518644,0.0,0.0,0.0,72512008.5156857,448.0845334859491,0.2081602582170417,77154412.30904378,341.99570136923205,0.825717310828186,78395791.175771,509.36033346990286,1.4978499872382578,0.0,0.0,0.0
Steel,2,2,4952.61,-0.948,1.1716454088687898,0.07859432369470597,0.020973826352412843,0.18721488678323928,0.06200835049152374,0.30249977938325634,0.5153524661031643,0.049025200605392456,0.6680365008123014,0.0,0.0,0.0,0.0,0.0,0.0,0.0,0.0,0.0,0.0,0.0,0.0,32122104.754900202,507.70716764250625,0.159898762058978,31253360.348186553,256.6814120722831,0.901799515211021,0.0,0.0,0.0,0.0,0.0,0.0
Steel,4,3,4951.75,-0.965,1.401258471608162,0.11545672154426576,0.02115154684803213,0.282214279946318,0.07286860764026643,0.30004644886001675,0.452367417807242,0.07187746047973632,0.5444029278356889,0.24117557319730504,0.06446114003658295,0.9323245450418834,0.2259679688432226,0.07270159423351288,1.0769482320823385,0.0,0.0,0.0,0.0,0.0,0.0,30684697.28722217,466.74826026468986,0.18057205075295013,54094547.07064131,345.85849943980026,0.9210664231957724,33285031.142154388,406.5721518726618,1.2315464335843649,0.0,0.0,0.0
Steel,6,4,4951.65,-0.967,0.9779038771986962,0.11238440823554995,0.01726530274483975,0.13982287423988876,0.10914901196956635,0.15814693555968806,0.3520812306650215,0.09321458160877229,0.2890483205225821,0.20243052943373702,0.10357545673847199,0.4478568957018166,0.21946384499477029,0.09479862868785859,0.600190114152506,0.32596232037853873,0.10905356466770173,0.7234799108369685,0.25119634579826644,0.12562148213386537,0.8597711474073749,25110750.16403491,222.71263455087438,0.10413047927840315,18621234.967158623,554.7024743693496,0.5410702172626982,22617421.791560248,321.32816460184966,0.6358863404415163,25651935.587927118,792.4645188787458,0.8466497942730744
Steel,2,4,5048.93,0.979,1.3011197030544281,0.04577461007237435,0.033480321767580125,0.2042206353057459,0.0954769802093506,0.4302382637393257,0.32720079735197044,0.09909060359001161,0.6940019706002333,0.0,0.0,0.0,0.0,0.0,0.0,0.0,0.0,0.0,0.0,0.0,0.0,28893741.498102706,397.9697741881256,0.15216069624543652,30428931.766142666,804.2549399361094,0.2608829835867227,25111069.94734963,662.2086400890181,0.6428458884695316,25111069.94734963,556.156661580878,1.040017893790841
Steel,1,4,5048.95,0.979,1.0289297863841056,0.06270611888170242,0.018271853281304453,0.3233973312051637,0.11492447257041932,0.8478316885388584,0.0,0.0,0.0,0.0,0.0,0.0,0.0,0.0,0.0,0.0,0.0,0.0,0.0,0.0,0.0,16208188.412461732,400.902684902625,0.21175862857929112,14758359.14157887,760.3104754314926,0.4325320511935806,16039917.378925532,440.8013355920661,0.6146330070934514,13289185.143911457,535.5226249916122,0.9260368067167652
Steel,3,2,4951.28,-0.974,0.4191560599952936,0.09175868499279023,0.020667269698862577,0.2276831781218227,0.08225260078907014,0.06969734588555423,0.3995564288999092,0.12660416781902314,0.2248430592433917,0.33918300367847887,0.10066057920455933,0.3608822214990123,0.0,0.0,0.0,0.0,0.0,0.0,0.0,0.0,0.0,34354696.80520492,328.43603483991683,0.08998378610821488,35204538.45575083,174.21457187809344,0.34154492390004143,0.0,0.0,0.0,0.0,0.0,0.0
Steel,2,2,5049.96,0.999,0.8068343952298165,0.13106498420238497,0.03203117548661325,0.34825325120659456,0.13371839344501496,0.2008479656130469,0.23718969629850462,0.08716145753860474,0.41329434601090087,0.0,0.0,0.0,0.0,0.0,0.0,0.0,0.0,0.0,0.0,0.0,0.0,32684127.485994063,194.98320115094864,0.10647216018194712,33332703.755462877,238.06281244268374,0.6724841342247432,0.0,0.0,0.0,0.0,0.0,0.0
Steel,6,2,4950.47,-0.991,1.03398108035326,0.11208697974681855,0.0346845133748835,0.3752367955676873,0.09935834109783173,0.12195148945245628,0.2909835828980013,0.1222245717048645,0.3033075034276601,0.43239046201165227,0.08689614534378053,0.458447218873124,0.26681327280172684,0.11641831815242767,0.6032370043672539,0.23730115957067635,0.07040129721164703,0.7340785018061895,0.2196702210923624,0.052963587343692775,0.8311074454542071,76513637.36046009,713.6809203437681,0.1445672100919562,73924688.36328894,233.82100871049698,0.8946207424996171,0.0,0.0,0.0,0.0,0.0,0.0
Steel,2,2,4950.05,-0.999,1.1116309002041818,0.10080252206325532,0.04862163978017769,0.2222515227858786,0.10274305522441865,0.49265785298505044,0.23276571709392893,0.07420810103416443,0.7732432886156363,0.0,0.0,0.0,0.0,0.0,0.0,0.0,0.0,0.0,0.0,0.0,0.0,15703348.239172688,612.073094547953,0.23924904175487968,14883167.488178832,565.2130422104367,0.8892571492544794,0.0,0.0,0.0,0.0,0.0,0.0
Steel,1,4,5051.14,1.023,1.2806816399097443,0.07318363642692566,0.010788229092045557,0.3305318069239307,0.12420315444469453,0.8757198082278344,0.0,0.0,0.0,0.0,0.0,0.0,0.0,0.0,0.0,0.0,0.0,0.0,0.0,0.0,0.0,10411857.487338996,734.015481042942,0.1932434377238361,10786128.277345944,578.2083633862397,0.6205778394254394,11727235.279864287,257.97545940093414,0.8872649032467438,12493244.607143642,1010.2488502460454,1.1526134746380883
Steel,5,2,5051.37,1.027,0.9796928748488427,0.06410570269823075,0.015311165770103734,0.24720239214221554,0.08675117671489717,0.2652478954741372,0.21543292773829917,0.09973035156726838,0.4462841128839773,0.2327573606750295,0.059037497043609624,0.5971677196000739,0.23956007624407072,0.03941175773739815,0.7271427840425924,0.2050782821528884,0.09050266325473787,0.8817135873639584,0.0,0.0,0.0,89803648.76108795,684.5498890398104,0.14483575513426464,96064114.00244671,536.9050494055516,0.8717125873639584,0.0,0.0,0.0,0.0,0.0,0.0
Steel,4,2,5051.44,1.029,1.4195558905601502,0.1063212378025055,0.027054219272200114,0.2941338744581374,0.07202689617872238,0.2552211926381332,0.2859357587313858,0.10988344788551331,0.3534607228192241,0.2653072350388201,0.08206389129161835,0.5618257895770855,0.31011987522058493,0.1472691750526428,0.9358633250427051,0.0,0.0,0.0,0.0,0.0,0.0,76752657.01975669,490.9989631247417,0.1880002935325434,80902753.43083765,280.4905674520373,1.1842117730432933,0.0,0.0,0.0,0.0,0.0,0.0
Steel,4,4,5051.7,1.034,0.8689581215381622,0.14709430694580078,0.01385866558917482,0.39600459527410986,0.0717962047457695,0.24032589272553911,0.21197608811291713,0.09518760859966278,0.3476326660219297,0.17093531825763114,0.06853208988904953,0.5583820920502321,0.22863390915060217,0.0932848072052002,0.6550919695014026,0.0,0.0,0.0,0.0,0.0,0.0,17237367.966112234,249.68865942180668,0.10298560992764737,18653591.86768621,148.65324262582587,0.3151066040887797,20064657.294643655,811.7663592845746,0.5261908186786786,19041406.045388054,742.6762930043874,0.7600105767568102
Steel,3,3,4948.27,-1.035,0.561607051640749,0.03536081692576408,0.010343580133171191,0.2840417646430038,0.09533249974250795,0.22743657789905802,0.2219364683166158,0.07956391662359238,0.38447197408243594,0.27185123888755874,0.04339319959282875,0.4527133872327354,0.0,0.0,0.0,0.0,0.0,0.0,0.0,0.0,0.0,12422420.139354868,313.373497572119,0.08855375510225297,10905204.660664147,611.0661589338329,0.3194749739406023,12286298.04703733,439.93842977630766,0.505446345915067,0.0,0.0,0.0
Steel,2,4,5052.46,1.049,0.9665413603186608,0.1407611563205719,0.028696510719277063,0.21957809554205904,0.0921710616350174,0.4146350228122872,0.24347920543072868,0.11450403332710267,0.8517894100678554,0.0,0.0,0.0,0.0,0.0,0.0,0.0,0.0,0.0,0.0,0.0,0.0,22882658.252014957,407.4613602751431,0.14264574535815447,22413398.557844155,1038.3553958247967,0.2751680581408833,23082073.27608583,671.7559108017765,0.2912207808013756,25756724.816037253,159.74910970331442,0.8275547353509227
Steel,6,3,4947.99,-1.04,1.7003835320472718,0.07644026720523835,0.003926488808515458,0.24008236408879097,0.06787372589111329,0.37182987305470616,0.24467783341940136,0.09455546975135803,0.5581228886077308,0.3251696492265687,0.06946994215250016,0.7716849130034104,0.4083121256379519,0.060764277279376985,1.0061297617462757,0.3249879402175634,0.13990735828876497,1.1900529756848903,0.2442956993542529,0.1321023988723755,1.4315196747193581,88451643.76686788,724.601593270623,0.19181247978114394,62665851.29265,123.60852186121538,0.8079623279528543,87164673.56896698,141.20160587051376,1.5086041212058983,0.0,0.0,0.0
Steel,6,2,4947.98,-1.04,1.657574397325516,0.11523253083229067,0.012240651192724234,0.17439065985576563,0.08163927167654038,0.3481200351822572,0.1327911952215717,0.12386692702770234,0.4578336745476984,0.1705262768537298,0.10895598649978638,0.5885274183751161,0.2619528561025043,0.1032285362482071,0.7849172915032661,0.23521606184826394,0.023349541518837214,0.9235646892160188,0.36439490336516345,0.049707866162061694,1.144663879207413,78402025.91677356,360.81119061648064,0.2895331959072204,78148116.15899518,637.6099503148828,1.4454405857033978,0.0,0.0,0.0,0.0,0.0,0.0
Steel,6,4,4947.26,-1.055,1.5534851461648942,0.09178676807880402,0.012291904874690389,0.38854508995675724,0.1178449445962906,0.2670114003562619,0.23931631111623325,0.09955048322677613,0.4862656175718987,0.19680081741711075,0.10353301763534546,0.7470808812056648,0.31420060569653807,0.12077609419822694,0.878087099319703,0.32490869922489435,0.07402576088905334,1.0138530729031892,0.16352584177964063,0.09232783913612366,1.2113977038092838,36115610.07239865,613.694869636253,0.21913000879083816,36276438.6988553,697.7098190035883,0.7233230749364671,42620988.00629942,612.6214185221414,1.0998615589027254,37809144.08419664,293.7463770809637,1.3981366299949196
Steel,4,4,5053.41,1.068,1.4232563942670822,0.12258325743675233,0.008253447823732222,0.15447553103197487,0.06703448235988617,0.2312452004486435,0.32092888997746644,0.06553465873003006,0.4749536525573533,0.2715624087954469,0.10431427836418153,0.8704193606466728,0.37075944173599823,0.07646833002567291,1.1084118933391633,0.0,0.0,0.0,0.0,0.0,0.0,22371697.421208255,336.275006030081,0.18908468577005372,22847808.72778727,157.7386994260588,0.8555496310348782,25398845.895398933,591.1560411874027,1.012793994579789,24015734.957278494,256.2646565547784,1.2809307534171175
Steel,5,2,5053.7,1.074,1.3991501361131669,0.07860705333948136,0.049178809071093385,0.20021831517553512,0.07733832001686096,0.20766692644045665,0.26026157073883255,0.10851565659046174,0.3053946609374031,0.22334179029628312,0.06310381323099136,0.6213917853249141,0.22407069923623765,0.06749361038208009,0.908930213092363,0.22888620650330072,0.07691026389598847,1.087412735811014,0.0,0.0,0.0,381165995.10790616,906.4740447454825,0.16328891927558206,411091950.17919827,319.18755959848056,1.1800020933562392,0.0,0.0,0.0,0.0,0.0,0.0
Steel,1,2,4946.74,-1.065,1.351705089211464,0.07021808624267578,0.014212530734593446,0.36587499489543046,0.07291912078857422,0.13518050892114641,0.0,0.0,0.0,0.0,0.0,0.0,0.0,0.0,0.0,0.0,0.0,0.0,0.0,0.0,0.0,31940054.830905188,614.9883295449006,0.14961128344162,40072091.17943036,391.54500593489826,0.7992791826208714,0.0,0.0,0.0,0.0,0.0,0.0
Steel,3,3,4946.72,-1.066,1.5396832674741745,0.08466847598552704,0.03818147066961315,0.3798231183260102,0.10962728679180146,0.3062428506829984,0.2710756906963399,0.08581397533416749,0.7591666083602573,0.32175157462242077,0.13631347835063934,1.357263669802767,0.0,0.0,0.0,0.0,0.0,0.0,0.0,0.0,0.0,79979950.12352492,477.1674924137074,0.2089840637206793,59062186.52304286,502.5990704380623,1.276173404870731,55170887.9930773,361.3939735306751,1.3818352416117732,0.0,0.0,0.0
Steel,5,3,5054.11,1.082,1.1009958252310752,0.07047369480133057,0.02185223121982461,0.4166000226914049,0.10520643711090089,0.18348991936819847,0.12500329962559417,0.1270299381017685,0.45902400742489624,0.33708654449704384,0.06251124650239945,0.7238257039524805,0.12061296484207389,0.09126597046852113,0.8539765031613008,0.3012099751331408,0.03651077345013619,0.9908862427079679,0.0,0.0,0.0,25153861.59506949,452.3141002406128,0.13332369059143176,29116559.69488308,498.01968331480816,0.48796247500247175,31017815.11318155,341.58936215442276,0.9808852427079678,0.0,0.0,0.0
Steel,4,4,4946.01,-1.08,0.6712247841060162,0.09069320356845857,0.016157880055370864,0.23325531385671147,0.11695657491683961,0.09979506368402646,0.24310912989443606,0.13121620655059815,0.2974704457452989,0.1781817934158072,0.07131443917751312,0.42704295641093143,0.26659657429328054,0.08943998873233795,0.5840715697110269,0.0,0.0,0.0,0.0,0.0,0.0,15812170.17714139,276.1120928818997,0.0756372567524739,13077671.585164994,389.9560333381836,0.19283427046325574,15986775.88559705,405.7171930398734,0.3502294568743533,12931816.030286709,815.1711636591094,0.5640149540478796
Steel,2,3,5054.93,1.099,1.4647376745939256,0.11562889337539674,0.028834978320959916,0.16190589418703683,0.1030470484495163,0.6465026478573228,0.28300125348367955,0.056119748651981355,0.9338608122881488,0.0,0.0,0.0,0.0,0.0,0.0,0.0,0.0,0.0,0.0,0.0,0.0,18773238.738672253,207.52958300530176,0.1699579664455959,23543673.55558098,791.7586966231054,0.3275890933440123,20465700.245681915,875.4525671834448,1.1940050405976208,0.0,0.0,0.0
Steel,6,2,5055.77,1.115,1.3925654470920563,0.11440124440193178,0.020820371814558113,0.3745715610252669,0.12842687964439392,0.21040160860996482,0.23226877473558735,0.05448277860879898,0.40441171356401967,0.35730362027020096,0.10672952592372895,0.6788375614571858,0.21909264034336923,0.10892086982727052,0.9146348219477451,0.43406928908252845,0.0890925258398056,1.0440104272314767,0.31887384719417516,0.08437819004058839,1.2144722312344132,234430285.11994734,316.12412458589444,0.15637283876871272,240026948.7054348,489.22164548227255,1.2533089009902854,0.0,0.0,0.0,0.0,0.0,0.0
Steel,3,2,4944.83,-1.103,0.8046471074223519,0.12686680829524993,0.026498980670329082,0.31066654986633224,0.08604466676712037,0.15720266897783572,0.30052571593614313,0.08243592888116837,0.4341098937724205,0.17750143963968487,0.061503180265426644,0.6603317949449982,0.0,0.0,0.0,0.0,0.0,0.0,0.0,0.0,0.0,24626800.357353855,706.2033582570635,0.09384192988242053,30404554.247083504,738.8957208201238,0.6829147444875753,0.0,0.0,0.0,0.0,0.0,0.0
Steel,1,4,5055.9,1.118,0.8690763294696808,0.09771260392665865,0.007702106574616917,0.23559104401682207,0.10187036097049713,0.443931443860827,0.0,0.0,0.0,0.0,0.0,0.0,0.0,0.0,0.0,0.0,0.0,0.0,0.0,0.0,0.0,7624879.491020372,303.2369755646711,0.1266110854876752,6791357.515620737,538.133335288809,0.3187107999969519,6402111.347979216,896.2643332769572,0.4149755374914168,6239838.066254256,281.0069441568197,0.7501209131775799
Steel,6,4,4943.96,-1.121,1.569975483417511,0.10791013276576997,0.034028004909510884,0.3237538257671674,0.043469015806913376,0.26799695197000006,0.21289652750925947,0.09219124674797059,0.4637640349049061,0.33390379585074087,0.026250891201198102,0.5667270479375515,0.23298484231309133,0.031731007471680645,0.8589478171890261,0.3450704456957314,0.056837098896503443,0.9793599632389076,0.21888271148124214,0.1079990416765213,1.2900075130918998,16330435.772594668,219.65027282485173,0.17627807736478257,21485020.92583944,1030.2664280717893,0.674905299684571,25484744.198498663,498.83777104461393,1.0251140733200637,21924236.763337884,980.2772537058504,1.3928595513238924
Steel,4,2,4943.85,-1.123,0.3576929114758968,0.10181117713451386,0.013413015707113646,0.24715888337194403,0.07196240067481995,0.05132132923213678,0.25987611948199596,0.06023989051580429,0.13594841581155093,0.21028823111770012,0.10200961112976074,0.22727985162161857,0.2128012639102118,0.06923281162977218,0.32191362032830717,0.0,0.0,0.0,0.0,0.0,0.0,16930706.93690641,255.3142642140079,0.07645961395801043,18315192.7465676,285.20194018850754,0.3119126203283072,0.0,0.0,0.0,0.0,0.0,0.0
Steel,3,2,4943.83,-1.123,1.6307342499494553,0.08926913380622865,0.02487195131795927,0.25972916064538504,0.023836569357663394,0.24686693804162652,0.2113714809725319,0.08554410696029664,0.6973378129801611,0.2124119679637791,0.03647357434034348,1.1524028836596965,0.0,0.0,0.0,0.0,0.0,0.0,0.0,0.0,0.0,24002087.482354395,627.1808279451357,0.2001057630025389,23536962.540742796,399.80919286001046,1.282144763705967,0.0,0.0,0.0,0.0,0.0,0.0
Steel,5,4,4943.65,-1.127,1.3805718630552293,0.06686121797561646,0.006394881659264893,0.3643612652941545,0.09486921846866608,0.24470852535025703,0.313539777061612,0.0509039406478405,0.6584070971823794,0.27447592087275013,0.09490423440933228,0.804949385431061,0.498915146271346,0.08858198583126069,0.9354932679201742,0.1649613692796423,0.022738554663956165,1.0133889995525955,0.0,0.0,0.0,30626565.02791514,411.91452769650135,0.1739442540742448,32745683.073418513,615.7298629692776,0.5665058521312101,30896307.888896696,386.1302525066516,0.8802515986088606,31069715.02664004,386.88098382567205,1.2425146753691345
Steel,3,3,4943.59,-1.128,1.1858795404434206,0.08974903464317323,0.00795217505008709,0.4369211402952662,0.08978927254676819,0.2744750433960297,0.26665038620528425,0.13106787502765654,0.7563793437207377,0.3619449323998947,0.08770347237586976,0.9862841608407271,0.0,0.0,0.0,0.0,0.0,0.0,0.0,0.0,0.0,30211222.83356455,369.77538167383574,0.13950469113911523,30528854.482469864,750.5697882159078,0.486945890706146,27465334.39074491,587.9006473460836,1.0200487784059709,0.0,0.0,0.0
Steel,5,4,4943.53,-1.129,0.956952403485775,0.08771000623703004,0.034794958589286516,0.4676561866114936,0.05973921447992325,0.18403647730593137,0.27513484794925513,0.08546641945838929,0.31147088421392194,0.34970978013811604,0.10910212516784669,0.5113130023035316,0.3611269278997346,0.08725185275077821,0.7119032372408354,0.31774247333252587,0.1008596020936966,0.8612471631371976,0.0,0.0,0.0,25112759.952928025,641.1143386601649,0.09569524130552992,27057035.13707598,612.4991114041792,0.32260388187156874,29618356.581231646,742.8091687243477,0.47660333581203806,33062337.51080852,817.6231000508068,0.8444645513216893
Steel,5,4,5057.23,1.145,1.0489574298262596,0.055880312383174896,0.019128879554811164,0.34561836173336913,0.08182657480239869,0.13940958134529052,0.47333486485771914,0.08758138537406922,0.35286029569569366,0.3280816174547953,0.03730477094650268,0.5171217495702729,0.3284453707406218,0.04943005546927452,0.5726017086861835,0.291541236792126,0.07305550396442413,0.7649976393740922,0.0,0.0,0.0,26022793.393853616,699.4500191463665,0.11949436016873154,30722332.349778607,930.6761616504155,0.39447340679209547,29002072.374288287,437.6940992984241,0.6533429244660215,30178675.68585337,340.5366304323825,0.9054960219725813
Steel,6,3,5057.62,1.152,1.8634125590324402,0.1228823448419571,0.013972727255949799,0.219315789455784,0.12478540003299714,0.3940834988278107,0.24168505022456324,0.07581060528755189,0.5068282226776097,0.230582461044982,0.09974772393703461,0.7228708949948179,0.33042250957047503,0.08155601292848587,0.9493786079613381,0.6420967014945396,0.08831730902194977,1.2467539706388915,0.24525791439623043,0.09389479279518129,1.4550796461970164,114418976.70704128,691.2353477542691,0.2704551991911957,111936644.56871329,318.2195692634043,1.28724857056968,109970968.63449225,302.31833723873785,1.6770713012657836,0.0,0.0,0.0
Steel,5,3,4942.66,-1.147,0.7929004698991776,0.10857816827297212,0.008124588777901032,0.3287814521596045,0.06702440917491913,0.11077982679758532,0.27037838779198153,0.11336250126361848,0.2570912253053963,0.19345929649760082,0.11329721927642823,0.39871009998449153,0.48886608285901045,0.07599506080150605,0.5426730891714157,0.2776037865223687,0.055297555923461916,0.6694494796510071,0.0,0.0,0.0,30153876.078014795,652.4745199253695,0.10060242676277752,30733100.138822358,346.62383698341375,0.5589611282790627,29871655.898331743,207.12271468395787,0.6985954708442194,0.0,0.0,0.0
Steel,6,2,5058.39,1.168,1.4006267428398134,0.13266377341747285,0.027007959915930503,0.2455429466231532,0.04938851907849312,0.16951136373914755,0.3095315852164819,0.11012332141399385,0.37636393811215296,0.2605410046337805,0.05600823074579239,0.5806346252859563,0.271554918198652,0.06556341767311097,0.7164059237083901,0.31682916448929005,0.05871181935071945,0.9697300377684227,0.4935787133857647,0.08494273006916046,1.128120900585171,75289315.35758659,788.3786796842714,0.18943683378143716,88608649.13942249,623.8305637764794,1.2605640671552054,0.0,0.0,0.0,0.0,0.0,0.0
Steel,5,4,5058.77,1.175,0.8813936069607735,0.052387235224246986,0.008440468697736117,0.31667747301420596,0.11809899032115936,0.16151244968828493,0.3109376373837182,0.02,0.32607942176667815,0.2665897852986463,0.07646981775760651,0.4323606886082276,0.19503768532858026,0.09393552720546723,0.5340903429118128,0.16509619435563155,0.10015458762645722,0.6792154543839942,0.0,0.0,0.0,14714223.124479512,211.6786770684934,0.09293804846847087,14126212.739684166,852.2673416262036,0.34359732348166766,16747420.185036013,354.5541286159069,0.5024174639420942,16085124.771451643,299.0296640116219,0.7681512998964396
Steel,6,2,4941.91,-1.162,1.2140198647975922,0.1131249282360077,0.01860434399781213,0.3043181954975507,0.10335279285907746,0.2220694617593401,0.3038170775048031,0.05417176514863968,0.36435424224955404,0.32763066160386517,0.06462080001831055,0.5371067407892157,0.2941741357585416,0.13949958801269532,0.7588138800804831,0.24417402791661774,0.053926215767860414,0.9344455930087547,0.4876467314031845,0.07598098158836365,1.0804599247406146,74300792.1390669,392.5320517654579,0.13131391985078908,81095480.24405538,247.90232685281867,1.0475961457631522,0.0,0.0,0.0,0.0,0.0,0.0
Steel,2,3,5059.19,1.184,1.0721909672021868,0.0834227439761162,0.022874924530981444,0.23628247736876054,0.02,0.1832636808924169,0.357471635474492,0.13411243319511415,0.544945593471102,0.0,0.0,0.0,0.0,0.0,0.0,0.0,0.0,0.0,0.0,0.0,0.0,16056060.85360295,821.9997134421635,0.14394532118358402,21525665.235556353,687.8894767073351,0.6755362989625104,27150382.577590402,371.51881334843216,0.8866331178349895,0.0,0.0,0.0
Steel,5,2,5059.81,1.196,1.2511170864105225,0.10589188313484194,0.0363089720299479,0.37885601503045474,0.15,0.25614430304485447,0.19836736510504996,0.08709995687007904,0.3905405736933342,0.45285907093423594,0.11609447300434113,0.5867893947162974,0.2261395965572905,0.0632013139128685,0.8066428796829384,0.3925053901016783,0.06980732023715973,1.0660587022383101,0.0,0.0,0.0,116620616.94721793,319.4485486995775,0.1633764099271569,133426515.88321802,500.8820514075319,1.0255732057288118,0.0,0.0,0.0,0.0,0.0,0.0
Steel,4,2,4940.24,-1.195,1.2975762218236924,0.08921168112754822,0.013926056043133603,0.36313514898544647,0.08221424907445908,0.7924217720730253,0.40030971693039313,0.05178891450166702,0.8709670777368587,0.2683168909354898,0.11873796343803407,0.9701019098115421,0.17933993948894172,0.03721623539924622,1.1678085996413232,0.0,0.0,0.0,0.0,0.0,0.0,78515585.95596911,365.8469135925349,0.2946167834927248,110254986.62755856,796.3416452450259,1.1578075996413233,0.0,0.0,0.0,0.0,0.0,0.0
Steel,6,3,5060.99,1.22,1.400655633211136,0.07083765769004823,0.03573973650880571,0.2252836247629255,0.09213881969451905,0.3162401625118222,0.2934477667349792,0.1405293309688568,0.5622788239490346,0.2862071426937398,0.051152949780225755,0.7035712068865414,0.21027011592731726,0.08772469580173493,0.8674755565501866,0.25510873371567594,0.025563104785978796,0.9697096722179602,0.29088094438555595,0.10553369164466858,1.1115887119248036,38733891.17962172,251.14561073012618,0.16248116864119538,58630344.89266043,582.9831596918757,0.8179232665141993,46179573.70639268,226.29622535486143,1.2330016030782731,0.0,0.0,0.0
Steel,1,2,5061.22,1.224,1.2728484898805619,0.08987222611904146,0.013511071426641128,0.29643988775853103,0.08178602248430253,0.3235057453340079,0.0,0.0,0.0,0.0,0.0,0.0,0.0,0.0,0.0,0.0,0.0,0.0,0.0,0.0,0.0,24713058.344465356,414.65495679528385,0.39108365177352933,27309604.654690832,154.20477927968216,1.102317428766586,0.0,0.0,0.0,0.0,0.0,0.0
Steel,5,3,4939.46,-1.211,0.9489185094833374,0.11199160051345826,0.025139416250909864,0.3335162852949467,0.1270204383134842,0.12899813551032013,0.30829031289464476,0.12200302362442017,0.300536521630328,0.152159189297262,0.08722531378269197,0.4317573737774817,0.2287425453938403,0.07010731130838395,0.5481260576507856,0.3395746612357813,0.08332782804965974,0.7657593277698098,0.0,0.0,0.0,34241788.40634561,679.885831808047,0.11301739843445073,31260067.312202875,370.6559940593803,0.4428148036885786,30313155.98835457,366.3230043363036,0.8452076755072118,0.0,0.0,0.0
Steel,4,4,4939.21,-1.216,1.341551446914673,0.0649991604089737,0.025460446041769308,0.3605287803952484,0.09581248700618744,0.21265110527349665,0.23286882671104947,0.08835742354393006,0.48382767979217256,0.17683141738926628,0.06362811863422393,0.7486276251001109,0.5341277586510957,0.08966589152812958,0.9923612660254136,0.0,0.0,0.0,0.0,0.0,0.0,27997596.63842236,402.97609754476605,0.20132795694242903,24763614.6886323,629.1174114920483,0.7102758064369985,20606058.348056007,632.2828133878278,0.9225862967471167,28542125.124912664,161.95366512026757,1.1753062686748845
Steel,5,4,4938.99,-1.22,1.4264842867851257,0.11603959369659425,0.02421436667450956,0.2800477886959183,0.06853997021913528,0.2294845751430467,0.22377033140236693,0.11566489040851594,0.3441736271846664,0.36305493073281253,0.07891308426856995,0.5986487425286908,0.19535493712503504,0.08024114459753037,0.8081930005911657,0.5736830930020722,0.08645747363567353,1.0299163861995586,0.0,0.0,0.0,31226709.75248528,636.3835985896478,0.17050155346083476,26966073.166934278,795.5918977948111,0.7210822829003875,31053017.895944167,460.84781104331483,0.7903967817491009,36573485.98284824,194.45870533126123,1.2267557886973601
Steel,4,2,5061.8,1.236,1.7103109031915666,0.11624536705017091,0.031578124743709794,0.24797335241760118,0.11763312101364136,0.38093910704227746,0.30358743366131574,0.03766289204359055,0.7610664332457882,0.14864593445283947,0.0739171952009201,1.0608603944897341,0.2847514289761752,0.11926234245300293,1.310754261007055,0.0,0.0,0.0,0.0,0.0,0.0,76779665.51861802,417.0705252859258,0.24753533285512092,88003381.90983054,353.23739932040945,1.523807741650741,0.0,0.0,0.0,0.0,0.0,0.0
Steel,1,3,5061.89,1.238,1.3503795504570009,0.11526730036735536,0.014090532107156517,0.19015849983007785,0.048991765379905704,0.8970683052791912,0.0,0.0,0.0,0.0,0.0,0.0,0.0,0.0,0.0,0.0,0.0,0.0,0.0,0.0,0.0,12034936.72675343,688.257452154168,0.26313467885460606,12938335.889505202,565.1160266671027,0.7061761735577072,13223328.134107878,766.1370154861149,1.1512139891583528,0.0,0.0,0.0
Steel,6,4,4938.66,-1.227,1.0774518817663195,0.0845108408331871,0.02734695154752015,0.31781233730672426,0.05812697798013687,0.16415828644802577,0.25390772201698647,0.045599261969327926,0.271006355365147,0.17338887271626136,0.02,0.3395191844304218,0.3040487335822573,0.08406398802995682,0.4186088424015473,0.26786108475070664,0.10105189919471741,0.664981715089754,0.2536457530022909,0.054997940659523015,0.8394018300214412,15008280.420814075,164.1236852466862,0.11170265305775075,15329376.229770942,107.51376460259023,0.40808532601663666,14794436.023238111,1002.7025899953518,0.6866890378285941,16252139.313783228,187.92152467052958,0.9450751437173291
Steel,4,2,4938.5,-1.23,1.024268512427807,0.07619660115242005,0.006870222865246078,0.1807771156027365,0.0989191734790802,0.21690686764347378,0.4613601677224083,0.030159150883555412,0.35974795831175466,0.4422662894170074,0.04184072226285934,0.4808947937925271,0.2567481320054648,0.05198111087083816,0.6206613393923182,0.0,0.0,0.0,0.0,0.0,0.0,66653591.74659904,249.2207163696626,0.17107638798935682,46855358.34545694,418.4762402790052,0.9196909634533657,0.0,0.0,0.0,0.0,0.0,0.0
Steel,1,4,4938.26,-1.235,0.9976834163069725,0.07766786962747574,0.025219467200098298,0.22287190283700747,0.02,0.6858786373205371,0.0,0.0,0.0,0.0,0.0,0.0,0.0,0.0,0.0,0.0,0.0,0.0,0.0,0.0,0.0,4787202.468232895,476.86367647122614,0.1556573963095854,6266113.882786013,820.1785063265215,0.37845204399091137,3714674.175294105,524.3318093726411,0.441642176297532,5075460.9721584795,168.69060861279993,0.8120164705905732
Steel,5,2,4937.47,-1.251,0.5505978628993035,0.09874314653873445,0.0516180798539847,0.4136841260563688,0.04450976178050041,0.06453430748918688,0.22713843805691303,0.07158731400966645,0.12841479445197282,0.2502064618778548,0.06799158990383149,0.22861619542914308,0.30652187882844706,0.10244763195514679,0.32589050007310083,0.19091884968461334,0.09714820683002473,0.47172878948294017,0.0,0.0,0.0,28977998.00335686,258.3840191927311,0.0910141829941623,27491833.108413715,667.8867723054148,0.4510527475115567,0.0,0.0,0.0,0.0,0.0,0.0
Steel,2,4,4937.25,-1.255,0.9970064222812653,0.06984747499227524,0.023963925986444697,0.2397379402464654,0.08595710754394532,0.09971064222812653,0.42936288152567603,0.0859290111064911,0.43641859458791094,0.0,0.0,0.0,0.0,0.0,0.0,0.0,0.0,0.0,0.0,0.0,0.0,13060533.912386386,649.7994034845719,0.12153031262593685,14475783.523141826,251.95972781199353,0.44877291516466083,17227023.57287316,496.7961551049209,0.4881127003132063,12634966.604496198,1029.7126554974598,0.7875888530185987
Steel,5,2,4937.21,-1.256,1.1774471908807755,0.10845027935504914,0.008378348755357484,0.2633411515713109,0.0717582792043686,0.3211767802203781,0.2177381691140263,0.045619325041770936,0.45418898407031877,0.14551708774414954,0.07844040006399156,0.6126081148691763,0.3403358957545389,0.08499667197465897,0.8516358971153075,0.311224486362778,0.05680271834135056,0.994035548638324,0.0,0.0,0.0,36005744.359825425,158.9256618483613,0.16101336790821538,40023357.03525313,607.516020301999,1.044170991597368,0.0,0.0,0.0,0.0,0.0,0.0
Steel,5,2,5063.89,1.278,0.6261286787688732,0.12050416958332064,0.036490334786581445,0.21675472508173274,0.0870079654455185,0.09550331519218616,0.4252463702759909,0.09243054687976837,0.2258588550737758,0.16811024726301116,0.09748979628086091,0.33764467419372235,0.22195596527348094,0.11671508967876434,0.45813251162782553,0.15109765956720472,0.02,0.5502839241422764,0.0,0.0,0.0,33019714.271266643,391.9838840536839,0.0830775926225041,37947287.21166786,459.6804858646864,0.5274672821363118,0.0,0.0,0.0,0.0,0.0,0.0
Steel,1,4,4936.49,-1.27,0.8631159260869027,0.09795780193805696,0.02404469533113654,0.20722589961842375,0.12094667196273805,0.3106544173247091,0.0,0.0,0.0,0.0,0.0,0.0,0.0,0.0,0.0,0.0,0.0,0.0,0.0,0.0,0.0,5115229.211298329,1082.7538430816924,0.10149629306020015,4827431.447687818,627.1183373795209,0.2783122127968739,5869327.233210098,771.734385822539,0.3697251844719883,5789160.763986202,932.6023512783011,0.6966422966765198
Steel,1,3,4936.49,-1.27,0.6636947624385356,0.06610791331529618,0.024045000420252916,0.3437876334339386,0.09512535631656648,0.3370873024040484,0.0,0.0,0.0,0.0,0.0,0.0,0.0,0.0,0.0,0.0,0.0,0.0,0.0,0.0,0.0,9271200.542553423,467.0879887799458,0.18821555690505243,8319434.96752705,594.8862645531652,0.423092603035081,7196158.5244252365,915.5014411424239,0.5756558546687569,0.0,0.0,0.0
Steel,1,2,5064.55,1.291,1.290053367614746,0.06452214998006821,0.009577358030982419,0.45690534199607635,0.036351894140243535,0.57498964865609,0.0,0.0,0.0,0.0,0.0,0.0,0.0,0.0,0.0,0.0,0.0,0.0,0.0,0.0,0.0,21961777.12587786,268.1815925603549,0.2780134046617846,32993963.700667385,436.9255050953968,0.989343989828708,0.0,0.0,0.0,0.0,0.0,0.0
Steel,2,3,4936.26,-1.275,1.4923781514167787,0.06831279104948045,0.013590074981534373,0.12749946771878817,0.05890439540147782,0.5497169191869005,0.19611236687501976,0.08539968073368073,1.042845472572162,0.0,0.0,0.0,0.0,0.0,0.0,0.0,0.0,0.0,0.0,0.0,0.0,7807500.674884536,310.1713243252695,0.18779117597679965,10210763.042055765,538.0858681164246,0.654110016374829,6844667.284294893,1099.9999999999995,1.2242558605001335,0.0,0.0,0.0
Steel,5,2,4936.23,-1.275,0.7472140967845917,0.08745936596393586,0.019275598493261444,0.26222222237665027,0.059125629663467405,0.12634088896158627,0.24026559721502747,0.0959865826368332,0.26078628149455596,0.24706558277444926,0.06459965407848359,0.3742242249251807,0.26846990431818607,0.10043573796749115,0.4872086212105143,0.28124977928378087,0.10045517921447755,0.6466816204628356,0.0,0.0,0.0,45161096.426858366,524.5597215294537,0.07978323836770405,30060944.288213998,454.04322549587846,0.6351918191338559,0.0,0.0,0.0,0.0,0.0,0.0
Steel,5,4,4935.47,-1.291,1.0308593764901162,0.10270548546314241,0.041638497303339815,0.39000268599805,0.06205543875694275,0.10969659604378326,0.2600547803189506,0.09961953103542329,0.22522371957588935,0.42025108338317035,0.05654795587062836,0.4682294583248985,0.3994798827030036,0.10036586105823518,0.635893486575145,0.20759044090684375,0.13110199213027954,0.8283892802720633,0.0,0.0,0.0,32544037.435117718,85.62865594754312,0.1375962507782763,30817187.22729343,540.9532777922722,0.572776134840378,30250812.763572987,1009.2432942357385,0.7368157147066682,27185706.501796238,535.9434517743084,0.9043019521666125
Steel,5,3,5066.04,1.321,0.8926903486251831,0.07529003715515137,0.058233567181341414,0.3261752590712901,0.10280280470848084,0.1483349230715526,0.19540408147547447,0.06596283882856369,0.295949427752142,0.2852222026701526,0.07854164719581604,0.42336050564795014,0.23787355833690252,0.12170474886894227,0.6181516089588307,0.3043694315144662,0.09173746526241303,0.7595411925095129,0.0,0.0,0.0,19267723.41693168,166.01825479119876,0.11610126621192134,27053466.180966094,422.2513987953044,0.4364174396074058,29716335.29583756,353.3846127981995,0.7993991925463173,0.0,0.0,0.0
Steel,6,2,4934.21,-1.316,0.9149998903274537,0.08579692429304124,0.005651995657608829,0.41489760462539543,0.10542617976665497,0.1304466575282493,0.27014185512586975,0.032809930816292764,0.27749403106207005,0.17740971958426316,0.10649138033390046,0.38527564646569995,0.18653231027643052,0.08603900253772737,0.48863385551805916,0.29263274082186425,0.1262131267786026,0.6658265285005477,0.4924452177053853,0.061798351705074306,0.7733417246105034,56779065.84644356,138.30024584398708,0.11292172645046109,55531823.570167996,589.165333813561,0.7494082239547581,0.0,0.0,0.0,0.0,0.0,0.0
Steel,3,3,4933.99,-1.32,1.0344804316759109,0.12473264610767366,0.006982320504652107,0.3283055372767758,0.09321610808372498,0.19454017799492074,0.20353690600263283,0.09625282466411592,0.33059053707033415,0.2316348417206483,0.07929995268583298,0.672778860851393,0.0,0.0,0.0,0.0,0.0,0.0,0.0,0.0,0.0,23788530.051031273,452.7851198476279,0.13478888275804224,16163791.715586564,121.86445782894948,0.46671131698458695,21754351.58974303,863.6945389628298,0.8390428180663252,0.0,0.0,0.0
Steel,1,4,4933.92,-1.322,0.9340707883238792,0.06813617569208145,0.02402231997666202,0.4090025799009254,0.11163088977336884,0.2611709344778165,0.0,0.0,0.0,0.0,0.0,0.0,0.0,0.0,0.0,0.0,0.0,0.0,0.0,0.0,0.0,15624487.602665234,595.0533482350093,0.1286030303540397,11986556.583315914,521.0250362808017,0.3756778802918771,8645517.67884904,1099.9999999999995,0.46268139622958326,16055961.403576808,295.57779892329006,0.763583994581591
Steel,3,2,5067.53,1.351,0.5506412260234357,0.06225754702091217,0.0216914725429159,0.23241606039169624,0.11423488557338715,0.12511131239782575,0.11192970200347427,0.03991041526198387,0.2662459759493331,0.24410188052586204,0.10463450491428376,0.4336900026818046,0.0,0.0,0.0,0.0,0.0,0.0,0.0,0.0,0.0,13371303.574813725,260.7768515903958,0.0734412365769245,13134562.868227303,94.36370495277139,0.4545503392119476,0.0,0.0,0.0,0.0,0.0,0.0
Steel,6,2,4933.19,-1.336,1.461537018418312,0.10566769242286683,0.01980873623443467,0.3738943528280745,0.13043389201164246,0.1873341786401127,0.18097463553548682,0.055204518437385566,0.3165731296760878,0.3234622382832821,0.08168389201164246,0.5349861532270769,0.25709045400939556,0.09252358436584474,0.6266285757623563,0.26457170237822325,0.08266619801521302,0.908113453663406,0.2449491274225578,0.09227431178092957,1.134835512320681,138768188.2517567,425.7602974128706,0.15734538994671216,122751202.499008,368.10156095069806,1.2179753853812625,0.0,0.0,0.0,0.0,0.0,0.0
Steel,4,3,4933.07,-1.339,0.8070145189762116,0.11247775614261628,0.02469843610130294,0.47274485847879555,0.05478951096534729,0.13459851463473516,0.18658801636733713,0.1398058980703354,0.3879914916356565,0.38892848050168666,0.03882761180400848,0.5570381361531722,0.2321644549626158,0.10600321054458618,0.63778243014238,0.0,0.0,0.0,0.0,0.0,0.0,22994114.532598946,373.78078396151034,0.10557759855909236,20465974.950578753,331.6000789490136,0.44967526510187966,26685562.908576336,762.2718711895665,0.6970421234328761,0.0,0.0,0.0
Steel,2,2,5067.89,1.358,0.7504593014717102,0.08763663303852082,0.013563524338606197,0.34614334087820103,0.103375124335289,0.44845235536818706,0.28862750097530804,0.0714403036236763,0.6298325562327849,0.0,0.0,0.0,0.0,0.0,0.0,0.0,0.0,0.0,0.0,0.0,0.0,20995992.187903076,258.62830271405556,0.24363498237974746,21474724.365635194,396.56644991169713,0.6754133705740799,0.0,0.0,0.0,0.0,0.0,0.0
Steel,1,3,4932.46,-1.351,1.7096467554569246,0.0786578153371811,0.035221436793749894,0.3275944324366155,0.02,0.5217442309766097,0.0,0.0,0.0,0.0,0.0,0.0,0.0,0.0,0.0,0.0,0.0,0.0,0.0,0.0,0.0,9099849.644401826,605.7269390897048,0.26447923162967646,9574890.2252234,562.6124288367099,0.9950160062686683,7801737.651448276,269.0054189453246,1.2651159981348414,0.0,0.0,0.0
Steel,3,2,4932.18,-1.356,1.0978139698505402,0.08730950909852983,0.029541619718288076,0.5332631031726295,0.10910089313983917,0.2230666106084503,0.489381950716113,0.05638299971818925,0.3126699356851936,0.2880499171433711,0.049155299663543706,0.6312176342922928,0.0,0.0,0.0,0.0,0.0,0.0,0.0,0.0,0.0,90640022.93133466,156.33697732954064,0.12883125804646414,95404932.69481327,741.1720283558881,0.8961943388283485,0.0,0.0,0.0,0.0,0.0,0.0
Steel,1,2,4932.14,-1.357,1.005983443558216,0.09854846084117891,0.04287110344120946,0.1740372813704744,0.07695202499628068,0.19344581086830326,0.0,0.0,0.0,0.0,0.0,0.0,0.0,0.0,0.0,0.0,0.0,0.0,0.0,0.0,0.0,9287539.47565162,432.46387753916076,0.15013745903772657,12115690.45849422,470.4125887487714,0.6761062642503068,0.0,0.0,0.0,0.0,0.0,0.0
Steel,5,3,5068.97,1.379,1.008593611419201,0.12198168015480043,0.05180224319663572,0.26704661067360197,0.09948996663093568,0.16817459432367987,0.37289605877728355,0.10132959365844728,0.3308223198600471,0.23172697012646665,0.0918345320224762,0.4846146047131429,0.31567264115121896,0.07113417953252793,0.6339608448579068,0.37904473092910457,0.08577216386795045,0.8767183248558488,0.0,0.0,0.0,35669478.61562047,360.5916270295256,0.13656427133664886,32970270.54874361,476.60545335405465,0.6493392229769246,45566341.48145295,627.1429505110389,0.9033100708160855,0.0,0.0,0.0
Steel,5,2,4931.96,-1.361,1.3068065851926804,0.12949675798416138,0.02380793878830446,0.42541428515481244,0.09701101005077363,0.21575059700661744,0.3405602747615776,0.07451918810606004,0.49047922639290475,0.19908831140079575,0.11285982608795167,0.6999011260512239,0.2372672061326898,0.040091994106769564,0.9065943432115681,0.32509117717788105,0.1344671952724457,1.0843622762673244,0.0,0.0,0.0,63056717.54369884,352.23814722074854,0.17883074042988822,67736973.46707691,736.44650735013,1.1446506729931203,0.0,0.0,0.0,0.0,0.0,0.0
Steel,5,2,5069.31,1.386,1.4718684136867524,0.12068529617786408,0.023391112217001787,0.28335827109144945,0.06860838651657104,0.202955129185994,0.24530290353952733,0.098378204703331,0.6495701538694743,0.2680104780566323,0.0892436158657074,0.7630322249784742,0.2328027648065918,0.12249413013458253,0.901464181091533,0.30373505778203286,0.09601945221424103,1.096630517989442,0.0,0.0,0.0,137765833.50914574,682.9701021624752,0.1666744239021341,115557024.72805528,164.2819822744294,1.320572603351061,0.0,0.0,0.0,0.0,0.0,0.0
Steel,3,2,4931.18,-1.376,0.5806504927575589,0.054636582076549534,0.010615475667200829,0.11108679891009694,0.11253048717975617,0.13700210637843066,0.20807597321916863,0.11681339621543885,0.2584959345505721,0.24391127266305782,0.1041187733411789,0.4461525112154036,0.0,0.0,0.0,0.0,0.0,0.0,0.0,0.0,0.0,13597441.778638957,494.36884638914677,0.0851594327038276,14121267.368907822,336.50636842882307,0.4927339486164451,0.0,0.0,0.0,0.0,0.0,0.0
Steel,5,3,5069.8,1.396,1.2476343631744387,0.1068498650789261,0.018913944517411307,0.4276877426206553,0.1306739205121994,0.1725668605200442,0.27725324002577223,0.08615056693553926,0.3497916770864342,0.20775722239819597,0.07624907940626145,0.6500823164479121,0.4426811145623764,0.1319829308986664,0.8878957294804578,0.3043979073678815,0.04746356636285782,1.0404749472639192,0.0,0.0,0.0,60823868.293909825,604.7480716089711,0.15912417172697588,61943672.425814055,601.3910171275502,0.9038013820911012,65144530.33215915,993.3861722101412,1.109611256860917,0.0,0.0,0.0
Steel,2,2,4931.12,-1.378,1.7813159376382828,0.08610279548168183,0.010452283239570004,0.20649800981794195,0.04252053633332253,0.5874550771864813,0.37378993838932567,0.09317464530467988,1.514548889721174,0.0,0.0,0.0,0.0,0.0,0.0,0.0,0.0,0.0,0.0,0.0,0.0,54075815.6153142,700.735554522936,0.21672125318263144,49771988.57418977,578.6003371767658,1.4139728177906838,0.0,0.0,0.0,0.0,0.0,0.0
Steel,2,2,5070.29,1.406,1.4022881597280503,0.06151586747169495,0.010498587722852348,0.2581155195955346,0.06959689140319825,0.299474189164847,0.20669826789732665,0.11423084855079652,0.906418289704692,0.0,0.0,0.0,0.0,0.0,0.0,0.0,0.0,0.0,0.0,0.0,0.0,31220044.7596974,348.15097358834316,0.16951618507472493,32488939.125652533,248.97521481123755,1.0618103637383491,0.0,0.0,0.0,0.0,0.0,0.0
Steel,4,2,5070.54,1.411,0.9925318330526353,0.08946289694309235,0.03067502421037166,0.31462692672770837,0.10403991580009461,0.19369505892010336,0.28581570739044637,0.032469518184661865,0.29569750924127836,0.38768126873466746,0.11056176066398621,0.4129653663687347,0.5090176828037688,0.05537389904260635,0.6805726382991103,0.0,0.0,0.0,0.0,0.0,0.0,60142168.29493564,441.12806135146513,0.1306257556853014,53413239.61371679,478.87756970407435,0.7473380553570708,0.0,0.0,0.0,0.0,0.0,0.0
Steel,4,2,5070.6,1.412,0.8918613493442535,0.12225330233573915,0.03029259179250757,0.24863184420916898,0.05325467526912689,0.2596742391346833,0.1535644445306066,0.09437567114830017,0.38348307082938404,0.21438377405788983,0.035718520358204844,0.6388752557483034,0.22790019316315602,0.09359826922416688,0.7286996821930729,0.0,0.0,0.0,0.0,0.0,0.0,18815269.285869796,559.5930018598378,0.11584040632934486,25731476.633445535,964.706319408696,0.7881146297989835,0.0,0.0,0.0,0.0,0.0,0.0
Steel,6,2,4930.35,-1.393,1.3633986324071885,0.12117542135715485,0.05775489925578022,0.31387639218080404,0.05949098020792008,0.2765722106567954,0.34867301842282794,0.0816987693309784,0.4020499499622402,0.3546803294080872,0.08581060469150543,0.5783872185654205,0.3319141374122473,0.1410226845741272,0.7881233448641933,0.24081959533361239,0.11745580196380616,0.9673894359225521,0.3122851609382994,0.07564750492572785,1.155456666740121,153616529.8693237,644.5348297888613,0.18989163439089074,165414255.78588164,516.1075269472336,1.2270587678030709,0.0,0.0,0.0,0.0,0.0,0.0
Steel,3,4,4930.31,-1.394,1.6015852987766266,0.13470431685447692,0.02422744710990575,0.2091922702584359,0.13460591852664947,0.6069513871315284,0.18524931779576823,0.04919025555253029,0.8524187413735729,0.2642424867304538,0.07797130346298219,1.2451062139479392,0.0,0.0,0.0,0.0,0.0,0.0,0.0,0.0,0.0,29987850.562508892,379.58205024971335,0.20737460528847254,31767393.738254726,605.5512052431536,0.45392832290643487,27609996.032522377,258.52213907366826,0.5592405878300908,25854198.809711896,179.22594165321797,1.3149058222895662
Steel,5,2,5071.1,1.422,0.9354371815919876,0.0875112578868866,0.04943166880435832,0.20739067293377106,0.07719987571239471,0.10191958786913322,0.22335388308584678,0.0977580374479294,0.24615012325848443,0.23310738577064136,0.04505183085799218,0.4451167182791592,0.2268553469610336,0.0681538611650467,0.5529958306926593,0.30659208223186885,0.0877744495868683,0.7341315229578473,0.0,0.0,0.0,23183610.249136638,216.73151152870585,0.13292449179996055,30253764.184742622,162.80418512416296,0.8015503123270866,0.0,0.0,0.0,0.0,0.0,0.0
Steel,6,2,5071.37,1.427,1.4647856414318086,0.10450937092304231,0.024349679322937343,0.35894673349222783,0.1350227701663971,0.16293814508610013,0.22837416705474947,0.11329034626483918,0.35132101167118446,0.22642059570967046,0.09956381857395173,0.5363183472896468,0.19591147639608766,0.10425911605358125,0.7939880024247368,0.21912490596028122,0.09442791223526002,0.9802458172785172,0.2092075214790913,0.127190682888031,1.2275169458467468,120789112.47206451,579.0920848011341,0.15283814210192329,120437442.80746493,239.41515880322086,1.2766333981513862,0.0,0.0,0.0,0.0,0.0,0.0
Steel,6,4,4929.56,-1.409,1.7861796647310257,0.1073297828435898,0.008985241587739166,0.318006116765209,0.09490846514701844,0.2242355284254554,0.18138274288645403,0.1288031208515167,0.375345430589418,0.21651265707632827,0.06930633038282395,0.8596208964377738,0.37764726050576247,0.02,1.1702332966249493,0.2865570651087861,0.15,1.4425045090267217,0.1684808678066248,0.04988614022731781,1.5939246779946354,23590491.15994706,599.3940496095385,0.18337177661310874,23631710.132726658,533.8089553626575,0.7061693167374459,25566397.09015063,417.3061126305549,1.103501641640253,23696407.24828371,555.8048822951515,1.6075616964717434
Steel,3,3,5071.59,1.432,0.9074177667498589,0.08299048620462418,0.0046350839639989795,0.23165992463488386,0.07629046082496643,0.14846545561540644,0.3309563540457869,0.09613568902015687,0.3333155778717713,0.25113887821158654,0.14128596663475038,0.5143366819997148,0.0,0.0,0.0,0.0,0.0,0.0,0.0,0.0,0.0,22326793.4243013,624.0945910097995,0.11088528016960367,17045156.276842684,363.6791679398977,0.43437882234669284,17553789.86593237,863.890871194554,0.7764145386959092,0.0,0.0,0.0
Steel,2,4,5073.04,1.461,2.0748313039541246,0.13908980643749239,0.009095178019368684,0.19734063484274106,0.060381364524364475,0.6167316833718357,0.1666427505858215,0.07869643330574036,1.1429275654865185,0.0,0.0,0.0,0.0,0.0,0.0,0.0,0.0,0.0,0.0,0.0,0.0,27586430.731011897,559.967661919827,0.32909784421884875,32083046.90272915,868.7311140783676,1.0731256996991867,31419568.089374434,235.63567023301283,1.0658308491615507,31859880.66076316,470.2836386060025,1.6961374867462435
Steel,3,2,5073.04,1.461,1.0523828685283663,0.09520044577121736,0.02276108812410019,0.280213512598242,0.048471760451793675,0.30351615879001576,0.2835568714577617,0.025396475419402122,0.35130717627512,0.34269927209178674,0.08975732505321503,0.6749767404190592,0.0,0.0,0.0,0.0,0.0,0.0,0.0,0.0,0.0,21043619.661371563,161.43765948825856,0.1580138829889694,28361403.516212538,277.8588203532416,0.8279987331672606,0.0,0.0,0.0,0.0,0.0,0.0
Steel,3,3,4927.79,-1.444,0.7589095145463943,0.07315850722789764,0.04139824468011367,0.2927237872105063,0.0763557156920433,0.1760773972689959,0.2931474717488625,0.0694868379831314,0.43241842779989315,0.2226559097201102,0.10472958028316498,0.5678325418674501,0.0,0.0,0.0,0.0,0.0,0.0,0.0,0.0,0.0,13782244.137674106,159.36811694922991,0.10553516789781063,12302302.153733976,511.1471208582479,0.542066305397066,12409713.552049955,335.6775974906468,0.6582334169468393,0.0,0.0,0.0
Steel,6,3,4926.87,-1.463,0.7837111264467239,0.09843487584590913,0.03172219414232982,0.2805859263957553,0.06495981693267823,0.1288393732185022,0.3350216008264555,0.046414254307746886,0.2345308413189532,0.33815842718954786,0.05883219003677369,0.29555541395084595,0.3583069489245297,0.08864235520362855,0.3843686354800738,0.25126726489696094,0.12908090829849242,0.5267585444109828,0.3851553097870306,0.13365745067596435,0.6927275915307262,43555105.21580389,505.4876622521827,0.10919127246330962,39766590.180030525,451.220139876137,0.5436188434320757,28956188.51221124,608.9869396893414,0.7053400130183405,0.0,0.0,0.0
Steel,3,3,5074.76,1.495,1.0867732718586922,0.07738353472948074,0.01625689771901746,0.39120191319938663,0.1072725248336792,0.24108170913826107,0.1653958454116327,0.07656439334154129,0.5248090344130787,0.36359448438610087,0.13038981795310975,0.6910961776861624,0.0,0.0,0.0,0.0,0.0,0.0,0.0,0.0,0.0,42800867.93180378,466.52217852036364,0.1086773282726425,54312388.77781746,318.4576812404087,0.21786848139162834,35615915.75686403,1055.7919237938802,0.8691246193064063,0.0,0.0,0.0
Steel,5,2,5075.39,1.508,1.0648565620183945,0.09164388966560365,0.011662714038768231,0.3037798930768065,0.10042478919029237,0.1587470486006048,0.3220909569609073,0.09459170997142792,0.3194176582215437,0.22052797920704753,0.15,0.5286639771993472,0.2555567503475352,0.14690811336040496,0.6801777001262205,0.38621920884484123,0.05850021272897721,0.8308645286086269,0.0,0.0,0.0,91683094.21792439,192.63583567310255,0.10648565726669602,102933827.65674473,535.7796952526055,0.9166183496696361,0.0,0.0,0.0,0.0,0.0,0.0
Steel,2,2,4925.48,-1.49,1.0225767165422441,0.06808500319719316,0.010068303615653487,0.3344710202061123,0.08405095487833024,0.44559020156426576,0.2818587640216241,0.07037972122430802,0.6417480476920001,0.0,0.0,0.0,0.0,0.0,0.0,0.0,0.0,0.0,0.0,0.0,0.0,23220447.6103378,173.17476249802857,0.25838180193605853,23734130.949023187,308.87815560039843,0.832502195747331,0.0,0.0,0.0,0.0,0.0,0.0
Steel,3,3,4925.37,-1.493,0.25,0.07772605019807816,0.03417240994159963,0.2980925483952041,0.05040578484535217,0.028340537255676493,0.40279131796080486,0.08382284373044968,0.10612643500744685,0.2717731694513513,0.10082052588462831,0.2128102119387406,0.0,0.0,0.0,0.0,0.0,0.0,0.0,0.0,0.0,12635007.671154857,512.5106565956783,0.04083374634135281,13233396.044248894,268.55734595533903,0.1378043699368428,20890455.42443176,628.1403552255218,0.2022154901779058,0.0,0.0,0.0
Steel,6,4,5076.1,1.522,1.2480894416570663,0.08698429375886918,0.0022942655955347185,0.24131005861676835,0.06903616756200791,0.16138724476760877,0.2535696180500366,0.07975904196500778,0.3026889589806411,0.19569280059125205,0.053374329209327706,0.4222075337685303,0.22304533655550438,0.10212890863418579,0.5492617466200477,0.4304530235872223,0.07739550471305848,0.7836213814669306,0.249754720208179,0.0692004805803299,0.8720392567030361,17225659.944456965,617.4217868107368,0.13161549626629998,21010382.672822718,660.3837953963694,0.39980284573179553,23940988.07668105,271.55191393976617,0.7408371951265862,19170905.58693589,508.67082082222754,1.058146258729244
Steel,6,3,5077.76,1.555,1.4323015064001083,0.07431464505195619,0.016268788546364137,0.20118674456252722,0.07706250071525574,0.14324015064001086,0.28987028008783,0.034295176416635514,0.2542856414875511,0.34039414197952217,0.08821277260780334,0.513864190219273,0.49203970258439916,0.057791564166545864,0.683878710761454,0.50438037044702,0.15,0.891095063461886,0.18780486928276002,0.09183894097805023,1.1681778986135296,178899298.1802186,594.2093420523969,0.16787705622470878,160786519.49959973,794.8283187094156,0.6698663679977384,200041984.58452594,367.3996598439218,1.2890713543277958,0.0,0.0,0.0
Steel,3,3,5077.82,1.556,1.0554970741271972,0.10498126494884492,0.013353581676635097,0.140242771448828,0.07899451434612274,0.2980675781520121,0.23602805552186723,0.08374620616436006,0.6282650576938873,0.3745079500232531,0.1051314926147461,0.8505806657166665,0.0,0.0,0.0,0.0,0.0,0.0,0.0,0.0,0.0,18911528.751463104,475.02275589271034,0.1680438422265735,20532363.55478786,870.8026336571592,0.7330698288045658,20467171.088820826,416.3825683315887,0.9499473656589804,0.0,0.0,0.0
Steel,3,4,5078.54,1.571,1.938566118478775,0.11491474676132203,0.011717539771998006,0.2897368924686385,0.09535259187221527,0.33610637560220125,0.41346319072387744,0.10513683915138246,0.7070132176507555,0.28560251133092235,0.10439336061477662,0.9385230930879265,0.0,0.0,0.0,0.0,0.0,0.0,0.0,0.0,0.0,67566997.30545706,699.6972592831902,0.23378055447579163,41860744.51408264,239.82758587011153,1.1054929415813612,50935974.45649512,95.48867941759706,1.3051583782867144,38619092.04292358,692.6917087112107,1.6924783411776776
Steel,2,3,5078.87,1.577,1.7915058583021164,0.07923389101028443,0.010681612930961832,0.2651718461058346,0.12491692483425142,0.17916058583021166,0.2841664600705099,0.06396106064319611,1.2701760238560478,0.0,0.0,0.0,0.0,0.0,0.0,0.0,0.0,0.0,0.0,0.0,0.0,21430624.872735545,575.3385565772289,0.20051232451223241,29196458.179136895,301.48748039979307,1.2061125270115378,27074198.292643767,409.22635760619556,1.5794320986521455,0.0,0.0,0.0
Steel,3,2,5079.04,1.581,1.262786039710045,0.09673957324028017,0.027244284695744726,0.3055782393721534,0.1062407672405243,0.44196346269196074,0.30130879237966773,0.07722364455461503,0.7354631815899292,0.1997831998386798,0.11162144422531128,0.9232406418234569,0.0,0.0,0.0,0.0,0.0,0.0,0.0,0.0,0.0,46681734.30400413,384.4646491602963,0.20025484615486136,43574022.39088423,509.7837163264003,1.0725580331822289,0.0,0.0,0.0,0.0,0.0,0.0
Steel,6,4,4921.64,-1.567,1.1161864265799522,0.06633973842859268,0.012247049839287,0.35474213230475204,0.10667989611625672,0.21407695313915273,0.42757254865846056,0.026948446668684484,0.30825536000670234,0.2698386398835609,0.10970736861228944,0.4637073201438005,0.2690238582079578,0.1163106667995453,0.5833256414099487,0.25748553997051715,0.10127699613571167,0.7249585330444175,0.1672591981625915,0.10810189664363862,0.9406306604195608,48800674.52886568,397.19805511343407,0.1238208706459636,49369100.24494965,546.8650730911423,0.23735574101682255,40817794.55001061,1099.9999999999995,0.38355379676452445,50507094.82482476,633.00298853702,0.9858187208176028
Steel,5,3,4921.52,-1.57,1.6730887472629548,0.1014214587211609,0.020344128841241267,0.2530939775619413,0.047737803012132644,0.3042896027014109,0.23701625281021768,0.14504524052143097,0.4939237095431911,0.2666295481307892,0.1099604767560959,0.7336707443898307,0.3621174476245428,0.12062147855758668,0.9603194315774117,0.2938745267811127,0.074510195851326,1.177495571050303,0.0,0.0,0.0,120375262.71193059,496.7116399930667,0.23967387297867798,120430212.90281728,382.68139058237944,1.2017784645937046,103579028.76793818,1028.7965041113482,1.493047265556459,0.0,0.0,0.0
Steel,1,2,5079.79,1.596,0.6743963845074177,0.06627485448122025,0.007741996588309049,0.36738684018941536,0.07462984591722488,0.3734511465068969,0.0,0.0,0.0,0.0,0.0,0.0,0.0,0.0,0.0,0.0,0.0,0.0,0.0,0.0,0.0,13100738.974103265,413.91167836686424,0.11423801511582522,13876752.457926577,373.1598965488624,0.47788372099330245,0.0,0.0,0.0,0.0,0.0,0.0
Steel,5,3,5080.38,1.608,1.8019391417503359,0.08229826945066453,0.007669674740137669,0.4397253874922342,0.03957894355058671,0.5541184427088408,0.17036046574414004,0.061513640880584725,0.9653169943256543,0.506863563472214,0.05077113538980484,1.1731844489403989,0.2204954477873915,0.07522385388612747,1.3400746057414028,0.3089064543209677,0.1304749518632889,1.6018838688232002,0.0,0.0,0.0,58300861.44192569,520.91228238488,0.23645832790328686,57919080.42019458,102.64851662328402,0.863043309282785,50755709.1135109,226.28958588675408,1.6122969143721015,0.0,0.0,0.0
Steel,3,4,4920.62,-1.588,0.7407230257987976,0.09350455915927888,0.01655776393532055,0.2321710016881878,0.06692528903484345,0.12635460120577882,0.25082328335499166,0.0820447638630867,0.25333614716420594,0.3652287919569676,0.10746356666088105,0.5265298524637239,0.0,0.0,0.0,0.0,0.0,0.0,0.0,0.0,0.0,10348941.650158938,457.9230872639925,0.08726742584347733,11298041.378519125,662.0414934935105,0.36113695561070325,14426459.915389303,559.9485655770188,0.46935915084617563,13610833.251205292,591.472157946243,0.6411829325983357
Steel,1,2,4920.49,-1.59,1.3784544855356218,0.07933405655622483,0.017688777804058507,0.31542548410244264,0.11439413487911225,0.5159199136094148,0.0,0.0,0.0,0.0,0.0,0.0,0.0,0.0,0.0,0.0,0.0,0.0,0.0,0.0,0.0,50235484.0689637,388.75690851896024,0.19501472963552374,58028267.68471286,231.21873309829874,1.0761639726889616,0.0,0.0,0.0,0.0,0.0,0.0
Steel,1,4,5081.12,1.622,1.6495953619480135,0.10775078368186952,0.02437390586559061,0.2400449114872617,0.10115135252475739,0.9043289757947051,0.0,0.0,0.0,0.0,0.0,0.0,0.0,0.0,0.0,0.0,0.0,0.0,0.0,0.0,0.0,17483263.02308023,457.9822423259022,0.41093298717950333,18217903.579770964,466.0371350068868,0.715506774267374,14329889.614762694,636.4863006271438,1.1414563692594442,17442595.497724835,186.2954338258775,1.3276005871584087
Steel,3,4,4919.39,-1.612,0.6887797370553017,0.10050576221942903,0.021454888580627107,0.3323289337774825,0.08601130902767182,0.10833772655837978,0.5456205698232829,0.042122085690498356,0.2721957608829291,0.34747344463965507,0.13771315515041352,0.5693719586250342,0.0,0.0,0.0,0.0,0.0,0.0,0.0,0.0,0.0,19708214.34252945,392.81087588879205,0.08950746690532056,18060231.196849715,759.8637299704642,0.3710501903831628,18927216.672096543,520.5970781724083,0.38511084445155264,19540479.918536037,341.0157756738608,0.6005962331019294
Steel,4,3,5082.53,1.651,1.0703592956066132,0.11788741505146028,0.027303092859405843,0.26731454264675303,0.08385150969028474,0.27823315817381156,0.4273103805875968,0.12019091188907624,0.43553633478166587,0.31690918311100064,0.09338298201560975,0.573778522283825,0.3484033360102997,0.030605654492974282,0.7799879003727108,0.0,0.0,0.0,0.0,0.0,0.0,41838286.78063176,703.2645430778371,0.1421945472403249,48778539.893627614,436.6059679170526,0.7144464500990755,48147224.335998185,512.9327490342133,0.9633233649755927,0.0,0.0,0.0
Steel,3,4,4918.73,-1.625,1.2211251318454743,0.07382997059822083,0.031548013442790436,0.3933598753011657,0.10610702633857727,0.3708366474292728,0.27230919158507444,0.1128132724761963,0.6781702931532531,0.4385714287371158,0.09350859463214875,0.973600212488807,0.0,0.0,0.0,0.0,0.0,0.0,0.0,0.0,0.0,39615960.923668414,243.31594195439627,0.17354927436101267,32629810.710203346,499.7584050815204,0.8030845469717688,30965648.787470486,626.3732321873122,1.0281427318991652,36407314.83415762,213.59036877917154,1.0990126174398016
Steel,2,3,4918.33,-1.633,1.0091208055615426,0.11886574411392213,0.008701265158007709,0.4790991786177638,0.022137379962950947,0.12943634756611624,0.45891943930238827,0.08666590332984925,0.49953312460662336,0.0,0.0,0.0,0.0,0.0,0.0,0.0,0.0,0.0,0.0,0.0,0.0,21560786.44262273,206.3954240077159,0.11110809560093177,19108721.79665097,607.0681395503885,0.38663905587081593,23331808.317038596,429.7184708056829,0.7568479296111543,0.0,0.0,0.0
Steel,2,2,4918.2,-1.636,1.2316285461187362,0.09482706260681154,0.02974347494781789,0.389790097963774,0.03392950817942619,0.36737969977812096,0.3311322457212458,0.09633272051811219,0.55475109232545,0.0,0.0,0.0,0.0,0.0,0.0,0.0,0.0,0.0,0.0,0.0,0.0,25246525.470932264,258.2174380186754,0.21765596745122628,27504581.993516583,452.4723453847061,0.9613201013811443,0.0,0.0,0.0,0.0,0.0,0.0
Steel,6,2,5083.74,1.675,0.8008387058973313,0.12287077474594117,0.016751581893900063,0.34842630395338914,0.10804889619350434,0.12292353667020002,0.3772148394367597,0.08302829802036286,0.24417764318526292,0.3065868879481587,0.1303849983215332,0.3667001711652717,0.4873464369367294,0.07432290434837341,0.5003940136750983,0.36045542644406287,0.0368036861717701,0.5771236620870068,0.45794727327330254,0.1427212482690811,0.7156752703230914,105984825.4614779,256.55566420974435,0.13943309692993505,98371721.92820707,208.30642547761784,0.6825767702698331,0.0,0.0,0.0,0.0,0.0,0.0
Steel,6,2,4917.52,-1.65,1.7910720616579057,0.13918078446388246,0.03270972322791773,0.4265582406307486,0.06655772238969804,0.3895336715147764,0.289532811796206,0.1346596086025238,0.5553482752209598,0.30658965095741497,0.08799236357212067,0.787770337165554,0.2713325425676032,0.08220690339803696,1.0685636441432447,0.34324021000779964,0.11172464013099671,1.2675361102901523,0.28963388307671645,0.13924903690814971,1.4704791003599333,222059209.48478028,309.1561001437435,0.26620059882545305,211508176.73548457,135.980548184188,1.5666184407875627,0.0,0.0,0.0,0.0,0.0,0.0
Steel,1,4,5083.87,1.677,1.3674162685871125,0.06697200143337251,0.014041384986099267,0.28600198735570503,0.08907026410102845,0.6293588251095048,0.0,0.0,0.0,0.0,0.0,0.0,0.0,0.0,0.0,0.0,0.0,0.0,0.0,0.0,0.0,8596256.928472342,651.5649585131067,0.18098804524438494,8815806.410419248,1099.9999999999995,0.47832275859183865,6577674.454514517,1024.6647677469498,0.6091325101452876,6577674.454514517,222.1234291144569,1.0555479752390509
Steel,4,4,5083.91,1.678,0.9075711503624916,0.13155499935150147,0.010744020615764563,0.22074085311945763,0.08612679421901703,0.14610730127995686,0.31222754268571234,0.07461027681827545,0.3640735124690655,0.1804624330833148,0.031095404997467997,0.4917453410429241,0.34850424317701334,0.06221427351236343,0.6502629408289416,0.0,0.0,0.0,0.0,0.0,0.0,14466100.453847826,437.8257914149739,0.12171049545790057,14562981.819407932,254.68783638044223,0.28871296861143414,17078566.587874573,330.2181984244715,0.4617189919259661,17716361.124300525,421.61184306453896,0.7758741459981316
Steel,3,3,5084.08,1.682,1.5178038835525514,0.11260940301418305,0.02893285365313357,0.17951285916194312,0.06236035019159317,0.4560806213803596,0.11825169715220869,0.07864506006240846,0.7332980044091725,0.3112801035437653,0.13459871232509613,1.1156987931158113,0.0,0.0,0.0,0.0,0.0,0.0,0.0,0.0,0.0,20001113.043001644,733.4463928947748,0.21049395605351573,24578392.688292187,1053.582394009646,0.754078258001521,24425931.955409564,659.0435745082523,1.343934095500757,0.0,0.0,0.0
Steel,4,2,5084.35,1.687,0.7359157010912896,0.10969668424129488,0.013236772598797443,0.3789947367842215,0.06485585391521453,0.15064596427105365,0.30000570144535854,0.08999684989452363,0.3607073036347508,0.2674223773705902,0.06910763680934906,0.4888056339542941,0.11519303660520495,0.03755523875355721,0.5817335693424149,0.0,0.0,0.0,0.0,0.0,0.0,29586466.31945675,490.36392058829443,0.09619080542217694,31905867.06708979,1043.251671420142,0.6538518423950083,0.0,0.0,0.0,0.0,0.0,0.0
Steel,1,2,5084.35,1.687,1.222430381178856,0.10815829312801362,0.02186563085884687,0.18883055963438317,0.059931468963623044,0.42431397811782734,0.0,0.0,0.0,0.0,0.0,0.0,0.0,0.0,0.0,0.0,0.0,0.0,0.0,0.0,0.0,16970808.74460142,689.0667196889099,0.31242439590023724,16849800.638961285,315.99652696887557,0.948776992752106,0.0,0.0,0.0,0.0,0.0,0.0
Steel,6,3,5084.61,1.692,1.2105021864175796,0.09714153039455414,0.015176173808260458,0.30763550025163605,0.05251385450363159,0.2677708847715523,0.32952420485096307,0.060065856873989104,0.3939009091562937,0.26980070714539245,0.05748166263103485,0.5150669408093,0.18838453227363558,0.1101660704612732,0.9754701112106385,0.2566589435358222,0.02,1.0610943798083066,0.455087259832683,0.030675175935029983,1.0894419677758216,21935593.620799627,1026.4138648172466,0.164413340182877,24342443.012382522,129.22636417831683,0.609616749368852,22303221.009062,401.9159239873387,1.0434909346535117,0.0,0.0,0.0
Steel,5,3,4916.66,-1.667,1.80346117913723,0.08613288027048112,0.02301871922044724,0.20268341885362032,0.09758868396282197,0.18035611791372302,0.2668404191720894,0.05455764561891556,0.4921605587628551,0.5763974225960058,0.08730119585990906,0.6280123322190674,0.2737888356523364,0.09254796922206879,0.9773010613246409,0.3258284861318971,0.05998710006475448,1.3715595544271082,0.0,0.0,0.0,58036902.17350969,979.8296852952543,0.2306896103533417,75824469.2185749,148.28919162649308,0.8879863669732286,73107197.61475858,201.19653576061646,1.5888052383345996,0.0,0.0,0.0
Steel,1,4,4916.55,-1.669,1.3926606088876725,0.07440710425376892,0.019292190891438982,0.47063785022305193,0.12686700820922853,0.5133844516019839,0.0,0.0,0.0,0.0,0.0,0.0,0.0,0.0,0.0,0.0,0.0,0.0,0.0,0.0,0.0,32295196.566556945,181.17706585627528,0.1802883701050889,34980513.19576757,822.3571700648091,0.7049904267922225,39014168.23992741,847.4376133300326,0.8791850537470545,34594234.16755262,775.7386939528163,1.217181492572322
Steel,4,2,4916.02,-1.68,0.9605743959546089,0.0715967431664467,0.036791975942428064,0.43987292333500544,0.05210796713829041,0.18605935386460482,0.33773902586892524,0.02,0.40085768399190924,0.34623673385737586,0.036371420621871944,0.5703203498725271,0.22238540151459774,0.13690537095069885,0.7957430649810393,0.0,0.0,0.0,0.0,0.0,0.0,32356995.56075572,517.1215075370758,0.11460397774051514,26686112.39786344,816.2179817539209,0.8247009370342042,0.0,0.0,0.0,0.0,0.0,0.0
Steel,6,2,5085.66,1.713,1.1674298405647279,0.08020355308055878,0.01732789136276328,0.3609038308996083,0.11934252500534058,0.16718366071154667,0.2410446740895623,0.0730111238360405,0.35880854647374233,0.16427309821309224,0.07690081059932709,0.5697998531722799,0.434040994645292,0.06491953194141388,0.6953598075071842,0.38272009516713823,0.10178124427795411,0.7958816164708752,0.3699698394383722,0.042048962116241456,0.9628055153909154,191324281.0604824,447.70463062149884,0.14036332573932445,266089989.52107394,367.5237157395091,0.9456170135198405,0.0,0.0,0.0,0.0,0.0,0.0
Steel,3,2,4915.49,-1.69,1.6690797120332719,0.11408032870292664,0.005571324467004658,0.48015147979003325,0.12477146029472352,0.7888761438981604,0.44274859006297607,0.07300354957580567,1.1130481970818331,0.3401497016792265,0.09507650911808015,1.5021617408299448,0.0,0.0,0.0,0.0,0.0,0.0,0.0,0.0,0.0,712483812.9602937,306.94596065904847,0.4507426771515174,561249564.7544425,324.1812227871634,1.4921607408299449,0.0,0.0,0.0,0.0,0.0,0.0
Steel,4,2,4914.88,-1.702,0.4660521622747183,0.09865864336490632,0.002528692055752372,0.2261846074199756,0.10905332446098329,0.05538516490342358,0.3843006192072205,0.13976282358169556,0.19807304344987334,0.2925661045428232,0.09511756896972656,0.32875917194187665,0.21913299516857093,0.044118773043155673,0.4082767453720461,0.0,0.0,0.0,0.0,0.0,0.0,42075045.76686796,474.96574333427515,0.08894225655327787,28499007.275688265,623.3901331502549,0.3831141684561472,0.0,0.0,0.0,0.0,0.0,0.0
Steel,6,4,5086.95,1.739,1.6865152716636658,0.09475996112823487,0.010366474494877998,0.4695642220850055,0.11413461089134216,0.21702915163544004,0.2977288924444874,0.09411941707134247,0.3544522701705105,0.3003038320159662,0.13206119179725648,0.5521213656381329,0.48402089571425555,0.08345120906829835,0.863758200169082,0.22414863373258365,0.14416059017181396,1.0831835158088172,0.3212869414423833,0.13316011428833008,1.3372943356221896,64208207.874451496,603.5113325244004,0.16865152885288184,52153190.14110357,537.200241210211,0.7090142533132173,68146659.36581685,271.18411194658813,1.061167266165457,71791166.35861191,1099.9999999999995,1.5052943177172535
Steel,5,2,5087.03,1.741,0.6522443063557148,0.08510339987277986,0.0057691419307068885,0.27496015745545643,0.14291880667209625,0.07833810159156739,0.271692829590383,0.04059884577989578,0.21233473009413395,0.13232363828221813,0.10642653226852418,0.3445460331101461,0.42542757798151387,0.10313863694667817,0.4854763068230217,0.16401060298123768,0.02,0.5857147609359188,0.0,0.0,0.0,35231219.886932194,602.7852031307983,0.10869986694022163,35855746.81909093,397.48496450086435,0.5501647947302943,0.0,0.0,0.0,0.0,0.0,0.0
Steel,2,4,4914.23,-1.715,0.9196326598525048,0.10996304190158845,0.013437630554878713,0.28574734343748187,0.11450845003128053,0.10952298840043632,0.2872160796585659,0.07991147249937058,0.43697677925103573,0.0,0.0,0.0,0.0,0.0,0.0,0.0,0.0,0.0,0.0,0.0,0.0,22082755.477258112,484.30147078532923,0.14520367774826276,22081861.00705449,174.2970057227004,0.5043420084073229,27122857.982010644,263.09779116515637,0.6205756015315897,26483614.087289583,691.3080469293212,0.8203664594349479
Steel,5,2,5087.91,1.758,0.5662587597966194,0.09176397490501405,0.005604950667591299,0.25917439802334036,0.06546805173158646,0.08267668893833333,0.19526186677500423,0.0808492860198021,0.1807781507717257,0.3373678395392103,0.025182652212679388,0.2592094247699799,0.4383691787073085,0.06778587609529496,0.3416332462782991,0.38782522100385786,0.053347166478633884,0.46230950076223387,0.0,0.0,0.0,34682439.28582215,485.10497212430306,0.0641003543979914,34213748.48342456,119.83729601722129,0.49588247263718344,0.0,0.0,0.0,0.0,0.0,0.0
Steel,4,3,5088.14,1.763,1.011866879463196,0.0909953294992447,0.019058349886095304,0.1594652252348331,0.12718065619468688,0.3615237692401163,0.35808834695809855,0.10988218486309052,0.6129536139777709,0.23931098714793428,0.08347907304763795,0.7665504890691517,0.28687610488032034,0.03359468519687653,0.8936289516151799,0.0,0.0,0.0,0.0,0.0,0.0,32301868.918606684,448.19979682690615,0.12917449994472563,29515282.422526702,631.1497928240739,0.48574668797319276,21761868.62573207,610.5978619417601,0.8672537803472167,0.0,0.0,0.0
Steel,3,3,4913.36,-1.733,1.5806951344013214,0.12139064037799836,0.015182312912288474,0.3751194024139278,0.02,0.4161963359712009,0.28183427855236265,0.08450299292802811,0.6447994230174028,0.3912267895894805,0.0924046665430069,0.873661796265276,0.0,0.0,0.0,0.0,0.0,0.0,0.0,0.0,0.0,30048214.467322495,301.3160721341377,0.2057331225121256,28547121.563364327,329.4084916690953,0.7530560483807394,28482578.81483083,385.0486621466701,1.3869592419708967,0.0,0.0,0.0
Steel,6,4,4912.9,-1.742,0.7394296303391457,0.08250002670288087,0.010045900464205736,0.45400465175977894,0.13592875242233277,0.07477161813435637,0.28933327946110116,0.14282913982868195,0.21770535562714646,0.2424623252394836,0.10121321737766266,0.3433199776127164,0.3902477717150342,0.15,0.47253580372923804,0.3192117096497103,0.07583673745393753,0.5885899508825502,0.30179017181217654,0.07062752157449723,0.6651010174217693,40390682.13374907,390.90235567854546,0.1074208907608809,44468737.52097628,609.7663102706865,0.2519353398981788,35492892.55026932,510.155254707421,0.3661559609755321,46937418.85180831,315.98761693138545,0.6454202855553401
Steel,3,3,4912.44,-1.751,0.8623958170413971,0.07622098553180695,0.013461767466566759,0.26885981760799516,0.06841506272554398,0.2140906687957801,0.19039182597677895,0.030414327904582025,0.42116614954678777,0.24107123820720716,0.02,0.744029003581538,0.0,0.0,0.0,0.0,0.0,0.0,0.0,0.0,0.0,6897308.839552488,771.8267269357361,0.1044557868222677,7455976.507302115,326.22377658959334,0.35345088251210827,6157432.179512262,166.66998324137202,0.6990109856124944,0.0,0.0,0.0
Steel,3,4,5090.03,1.801,1.5475620687007905,0.07364170897006989,0.02716200660921995,0.3496312252792661,0.05486000776290893,0.31830161821744424,0.1940687564441441,0.039878016412258147,0.8822117297578318,0.3168762886592457,0.09335161566734315,1.3513396753710716,0.0,0.0,0.0,0.0,0.0,0.0,0.0,0.0,0.0,17323969.543108527,543.0198082104728,0.15993471055444636,16902770.051600702,367.4328399928503,0.4648811503662058,15604681.121637914,434.70408150392825,0.9808615623224897,13874497.69797463,354.2829523069371,1.3708485108375525
Steel,5,4,5090.3,1.806,1.4170014083385467,0.07235951042175294,0.018142656016902035,0.25750670477817955,0.06127114832401276,0.39320343881507835,0.3577754879892603,0.11739208519458771,0.6840222512226017,0.2994500950707933,0.09194764614105225,0.8913185414926907,0.22810007412987113,0.025649588406085968,1.1454449396002506,0.24966320339430212,0.09518327713012696,1.2752912675046921,0.0,0.0,0.0,20824006.343810186,585.4804647726769,0.19454501350214393,26332135.656120904,450.3604335451841,0.7694912170856882,17964270.552829955,397.5391901774066,0.9856293951804044,17254025.32388347,368.6172435363098,1.2426343044998747
Steel,3,2,5091.23,1.825,0.6501861706376075,0.11259852695465089,0.014729892910397033,0.18933166446313066,0.09009936392307281,0.10300507747412557,0.31008019336451037,0.07701691180467606,0.2594207866191506,0.2670357078273916,0.11928708374500276,0.5155712548474987,0.0,0.0,0.0,0.0,0.0,0.0,0.0,0.0,0.0,26065314.257892348,587.6040153877066,0.07957759318402781,23992434.424695596,579.6535999368731,0.5489292269266104,0.0,0.0,0.0,0.0,0.0,0.0
Steel,6,3,4909.91,-1.802,2.004079446196556,0.10305977416038514,0.012076833740430004,0.25267888933532245,0.07529808938503266,0.4935934630729899,0.2951251793001833,0.03769577905535698,0.6970735012948199,0.34700236342904334,0.11458265066146851,1.0284401905815992,0.3796158166970443,0.10108903050422668,1.2413023746410825,0.3284356000169339,0.07611535787582398,1.5531407652110958,0.33070399834755543,0.11024913549423218,1.6783932227631249,219656795.0423092,280.4107940831866,0.3116720791733692,129134973.25469448,435.0188286629537,1.4139121658717397,161629702.90709412,921.5575981703662,1.8036714995728211,0.0,0.0,0.0
Steel,5,2,5091.94,1.839,1.507056114077568,0.13785195004940035,0.019256943375626216,0.40149145661189223,0.09132902085781099,0.4260421920407147,0.34274756080427354,0.049349402189254765,0.7658331733310537,0.3306321892636163,0.0673870787024498,1.0197780439851998,0.3460921034833519,0.09058453500270844,1.2426084409027662,0.23660663485047598,0.10141303837299348,1.3563405026698117,0.0,0.0,0.0,69863749.9347307,310.9885460422694,0.19967800922353104,105537450.62422535,234.50335928810418,1.334478099039591,0.0,0.0,0.0,0.0,0.0,0.0
Steel,6,2,5091.98,1.84,1.095653973519802,0.1427816404104233,0.013670873909156953,0.4928491346834183,0.09884339213371278,0.18219385966029789,0.22638140349404848,0.06069330006837845,0.33607274480445215,0.2587831265965039,0.03856013774871826,0.43717305236010817,0.16662251663269484,0.09911651492118836,0.5232825723974986,0.34580582435394697,0.08552107810974122,0.6668372949588298,0.5568041882335084,0.04072743773460388,0.8700847294190672,74596961.22548883,180.07897416048885,0.21269410433077823,79811910.9800488,543.1967474507403,0.9352160338194057,0.0,0.0,0.0,0.0,0.0,0.0
Steel,3,4,5092.16,1.843,1.9896815657615663,0.09547418391704561,0.0330088421133553,0.16480420463545103,0.09117758214473724,0.7788318448605596,0.2538535592118372,0.033672034665942194,1.0286683441481599,0.31462606094830375,0.1016092175245285,1.6353828184447845,0.0,0.0,0.0,0.0,0.0,0.0,0.0,0.0,0.0,26679032.130528543,590.7078418071807,0.21133581280687264,17688274.65885118,319.85968893702665,0.6666451746975092,22663024.24828977,534.2732212166015,0.9896852973927738,21378061.096894838,564.8208831354888,1.76367425643113
Steel,6,2,5092.58,1.852,0.9299498304724694,0.08895331758260729,0.015046857954101054,0.31827593217615724,0.1319334948062897,0.13842787466380002,0.15342383562685885,0.116010981798172,0.3053733182408083,0.39328642784329443,0.048248858302831654,0.4245547557042507,0.2911622956522522,0.08221228867769241,0.5135305549960177,0.4099106206942431,0.10251991868019104,0.6464535087012019,0.13626971962229145,0.11997216880321504,0.7958442513281124,68245580.50072981,108.77321433529106,0.15908967640404847,57113938.625139646,69.21326507784187,0.7831501725233928,0.0,0.0,0.0,0.0,0.0,0.0
Steel,3,4,4908.69,-1.826,1.174216265976429,0.06985697567462922,0.011479261384586723,0.3602876343136929,0.095861496925354,0.1174316265976429,0.21787839983702154,0.13538552880287172,0.2852757543387802,0.15240000607453735,0.057106649577617644,0.7072415577727527,0.0,0.0,0.0,0.0,0.0,0.0,0.0,0.0,0.0,15780637.105796956,433.0113147056811,0.1422053760896268,23296616.377244562,509.95138031292566,0.3037842509296949,19045576.713420797,684.2498566361091,0.5213060483936536,18005397.06285655,389.62340974673623,0.979495213584584
Steel,3,3,5093.06,1.861,1.28757463991642,0.0587895948290825,0.03000223704487751,0.29781881013586614,0.0634424078464508,0.37672494082279034,0.21883761168246846,0.05723199486732483,0.7014428755467983,0.5372679018054769,0.07179280310869217,0.9021092853746192,0.0,0.0,0.0,0.0,0.0,0.0,0.0,0.0,0.0,66622652.052154474,466.25187774612385,0.17924214744664152,71171270.6923704,146.08625976870795,0.643529191326552,75124811.13199963,1033.4064931997468,1.154722878057881,0.0,0.0,0.0
Steel,4,3,4908.1,-1.838,0.8692009881138801,0.08452419257164002,0.02426959835666054,0.2196696648687901,0.08467916518449783,0.17882523528367122,0.2772993597574377,0.06187331944704055,0.4052983037012947,0.26504991316779436,0.10808240115642548,0.6039045129629204,0.36559673485858163,0.06968449711799622,0.7744242207894383,0.0,0.0,0.0,0.0,0.0,0.0,32675253.908336036,427.03605138349076,0.10008147368870243,20126275.36045542,699.2668112744377,0.44706354203344945,23318698.57002291,472.0115794407408,0.722519944958447,0.0,0.0,0.0
Steel,6,2,4907.76,-1.845,1.429236701130867,0.1193238674402237,0.04094162570610883,0.3273081050857278,0.05004332065582276,0.24968813442455226,0.1593051861719896,0.058627762496471406,0.32546435433558707,0.1507221857783823,0.10614810168743134,0.44397871117762727,0.24528663345125248,0.10248324453830719,0.6667525535173604,0.28792385371412976,0.13898923397064208,0.8829269957438683,0.2905896788067134,0.09985863745212556,1.079728095078703,71602951.08290043,364.6325061426152,0.17344096759824346,67012893.43476258,269.99278399336276,1.211065753280951,0.0,0.0,0.0,0.0,0.0,0.0
Steel,1,2,5093.98,1.88,1.423790094256401,0.06421213573217392,0.017161531186758148,0.21531254132000127,0.07412070840597153,0.9298813778988709,0.0,0.0,0.0,0.0,0.0,0.0,0.0,0.0,0.0,0.0,0.0,0.0,0.0,0.0,0.0,9105139.097306553,392.4397026756829,0.31065233447334367,10097295.013675295,449.2315693884339,1.1100373664979801,0.0,0.0,0.0,0.0,0.0,0.0
Steel,5,3,4906.92,-1.862,1.2314030468463897,0.10583003771305086,0.02664699660791254,0.2974761797223296,0.05722760140895844,0.3960172623493855,0.23791484065860177,0.09577551066875459,0.4855325835016253,0.3331463879772961,0.0995362800359726,0.7336375235630646,0.16027121493625449,0.08686076521873475,0.8442686637669821,0.2068318667556368,0.08647013485431672,0.9606586901321886,0.0,0.0,0.0,23781667.664872475,326.7036964440499,0.19855691559717625,21439718.736330215,360.0227586291729,0.6336401586333308,27994169.210481573,475.6005068806511,1.1011017141117942,0.0,0.0,0.0
Steel,5,4,5095.03,1.901,1.3945905297994614,0.11096727883815767,0.023667583400876827,0.1753876719428859,0.10862884044647217,0.23605033848371215,0.35528878608765596,0.0655614572763443,0.5031287362504606,0.35754592281118963,0.05049207329750061,0.6043004134238457,0.3108962967770878,0.087876033782959,0.6916425358556899,0.22960275511303455,0.08307742416858674,1.078471472112325,0.0,0.0,0.0,19703691.267760076,409.23696111893383,0.15150489898792258,26558866.531098414,88.53078611330115,0.6374190885467317,26938139.42849881,371.96826716735563,0.8602167833387803,22764242.592001654,392.8327293416265,1.1764812300607086
Steel,5,3,4906.29,-1.874,1.178889724612236,0.1110337793827057,0.025256453496139572,0.5226726877227683,0.04572876825928689,0.12917078840633933,0.2892286707674223,0.07013056099414826,0.32714297010979365,0.2902229794395923,0.10301162183284761,0.5843715501560817,0.3712374410528839,0.09444144129753114,0.7133247189567182,0.31070593849280725,0.06256464213132859,0.9203567266082254,0.0,0.0,0.0,32659683.652522545,278.1137267960774,0.1612603137141185,37087956.628599465,673.5433950980615,0.5632385750568232,40718066.150491334,496.0615535018426,1.0217527622521914,0.0,0.0,0.0
Steel,4,4,5095.52,1.91,1.183578896522522,0.12539837098121645,0.033296909994209846,0.2418920533905277,0.053473592698574074,0.1437777450187031,0.31698307140174714,0.11277239859104157,0.34309414829139684,0.20824157801965043,0.08638162255287171,0.693042276562145,0.32151077584374443,0.08842210114002229,0.9140250099486528,0.0,0.0,0.0,0.0,0.0,0.0,23100423.816128783,817.4246681443984,0.1285838048957748,19947092.76092044,579.1569618237673,0.5834044368942177,21598024.188463233,684.5822341529603,0.7916470456260113,24810346.814908464,451.35323590736357,1.0403480330279344
Steel,4,3,4906.12,-1.878,0.9387690022587777,0.11438611102104189,0.034275624671808516,0.3211942310623834,0.07464782655239105,0.14613338845065743,0.20956567938529305,0.13796931624412537,0.4209683019511347,0.3008016769234477,0.03994217678904534,0.5789604623825075,0.3286091977272051,0.0966204184293747,0.7179971771964613,0.0,0.0,0.0,0.0,0.0,0.0,23400789.89919366,301.14068777780943,0.10181140526324459,21233842.18593118,270.42727966167587,0.351774864134222,26144539.399342943,226.9381107415604,0.8029420123723526,0.0,0.0,0.0
Steel,4,2,4905.95,-1.881,1.2975250571966173,0.09368909668922425,0.023413660895354408,0.2960076325419948,0.03763911157846451,0.31218578240837136,0.2481368561593737,0.0931104326248169,0.4860326962312435,0.4532035291039957,0.07377811938524247,0.7387620509587813,0.27011628712332125,0.1351991128921509,1.044925694391217,0.0,0.0,0.0,0.0,0.0,0.0,448799644.9935132,631.7573321455817,0.1448945941669116,330053190.3560751,194.60867933396204,1.1142954829090375,0.0,0.0,0.0,0.0,0.0,0.0
Steel,2,4,4905.76,-1.885,0.7409164369106294,0.10586319065093995,0.023279063354845225,0.3085947646267459,0.12895780622959138,0.3411117813645319,0.25832880022336097,0.06796592265367508,0.5285899949828482,0.0,0.0,0.0,0.0,0.0,0.0,0.0,0.0,0.0,0.0,0.0,0.0,16571713.183950279,506.3524562919386,0.23544466836895672,20596762.518030666,758.696047947812,0.5175542086120046,18416778.50701696,807.208130181489,0.557299215245997,22712061.758203283,490.52426300173215,0.6412358207911015
Steel,6,3,4905.67,-1.887,1.1921907633543016,0.1069149183034897,0.018864841135815758,0.396981275255386,0.1020383894443512,0.15223554128936756,0.2092537111693803,0.1439673787355423,0.30824580512414235,0.21060553853835165,0.07533213287591935,0.5238017950191063,0.39717840185787284,0.07043695628643036,0.6897839696139587,0.27915503648858087,0.09033506870269777,0.780287377241627,0.179863109897268,0.10913198053836823,0.9819765361641577,37700823.02827346,821.6270714496095,0.16834037121459208,30602035.466790076,672.1801812088539,0.4906199431059518,41177415.8507089,150.82041457984917,1.042925471395558,0.0,0.0,0.0
Steel,3,2,4905.45,-1.891,0.3333966743201017,0.08357569015026094,0.01187439286553306,0.41751900994512164,0.0898808765411377,0.07195134311203827,0.35411599488127904,0.037868416011333464,0.15776022348300792,0.3370680395908598,0.11482636749744415,0.27458365694857273,0.0,0.0,0.0,0.0,0.0,0.0,0.0,0.0,0.0,36631569.00080884,419.62878205615556,0.04194760077773221,25779279.571167372,440.25302461467663,0.26434352449581044,0.0,0.0,0.0,0.0,0.0,0.0
Steel,2,3,4905.31,-1.894,0.9483409225940704,0.07166716670989991,0.02660985198651912,0.26316484423812136,0.05336721986532211,0.3886867064905335,0.3173665733573093,0.12393946945667268,0.7206774442969233,0.0,0.0,0.0,0.0,0.0,0.0,0.0,0.0,0.0,0.0,0.0,0.0,16698197.582149861,134.9188970856092,0.12204262169397834,13496667.522195794,592.1438187518163,0.5191330422240341,14672742.972213512,1099.9999999999995,0.8310484348894414,0.0,0.0,0.0
Steel,3,2,5096.93,1.939,0.6042619206011295,0.05358307701349259,0.015018116243214509,0.19968607209380887,0.10873588740825654,0.2452019938235772,0.21105674079713502,0.02,0.47722997581155957,0.2578660816348572,0.07413312554359436,0.5438257285410166,0.0,0.0,0.0,0.0,0.0,0.0,0.0,0.0,0.0,14964834.683388432,165.93197510519894,0.16683361174242392,12194288.77518142,617.5986122486872,0.5209871978851679,0.0,0.0,0.0,0.0,0.0,0.0
Steel,5,2,5097.41,1.948,1.2346167147159577,0.11328963494300844,0.018509734253868322,0.37728830795893736,0.07487687528133392,0.23826335795258988,0.30723758165991855,0.0945142161846161,0.479474981924371,0.29645857036269185,0.060496198832988735,0.615342144642285,0.3788374585524617,0.05661739885807038,0.7115164987543678,0.2222674956772492,0.07920974731445313,0.923011039034013,0.0,0.0,0.0,84387293.41072822,346.8320542167718,0.1497438498911254,90748678.2262014,330.4241149971209,1.1111550420097454,0.0,0.0,0.0,0.0,0.0,0.0
Steel,3,4,5097.52,1.95,1.4057341635227203,0.11576142048835755,0.013703588639543511,0.21274548085986691,0.06605376869440079,0.41144268096796877,0.32424112952152623,0.053268285691738124,0.5963181469543523,0.23506270424544404,0.10045424938201905,0.7595850477911441,0.0,0.0,0.0,0.0,0.0,0.0,0.0,0.0,0.0,18829539.760149874,93.68221889452585,0.17411446682527038,14664605.70467492,463.2923280065754,0.7366034502856413,18686030.592448134,216.9835171867934,0.9140856605526059,19570841.630256813,655.9883639455372,1.1809258582314683
Steel,4,2,5097.97,1.959,1.237616902589798,0.08021157681941987,0.03606038639306954,0.32858993712706935,0.05928196161985398,0.1775887267039195,0.34168001310200213,0.023950421772897246,0.40038876542848534,0.47316690648532395,0.0756151932477951,0.7309807061938576,0.3251849264471849,0.10760040700435639,1.0274134825630732,0.0,0.0,0.0,0.0,0.0,0.0,143441723.4644402,781.6766155476017,0.15210745506133647,156147050.5745356,639.1785751480982,1.0034768245918468,0.0,0.0,0.0,0.0,0.0,0.0
Steel,6,2,4903.42,-1.932,1.243886113166809,0.10537374258041383,0.01599515301054303,0.31131724266448657,0.12850087881088257,0.17557270909253336,0.27724454477546395,0.06894655495882035,0.5266737926640485,0.16162040804560618,0.058572216629981994,0.6273309249605623,0.30038111484467667,0.09333396434783936,0.7789672026874336,0.4188421788288597,0.06627331763505936,0.9514449626939676,0.2457270603172831,0.058826037645339974,1.0825640785886192,58081413.34002011,166.39999113634295,0.15852022994370693,88620330.40475269,265.1388586443541,1.119497500606242,0.0,0.0,0.0,0.0,0.0,0.0
Steel,6,3,5098.55,1.971,1.2922614961862564,0.09967142033576966,0.033496521550855446,0.2687913722130551,0.05149271830916405,0.15664616406810147,0.30590858372682334,0.0591538655757904,0.24030557246255965,0.2745892718654942,0.10443281650543214,0.3345360822774329,0.16681902449084046,0.10803314328193665,0.5647375380358204,0.3341074401461184,0.05045685395598412,0.7897178268986357,0.48677063770156204,0.1313046258687973,0.9969686927475765,45329971.01063869,635.8520440954566,0.17321994439871047,44441991.38722743,664.8309707846082,0.7677033329958367,44504861.60138659,672.0893899084858,1.1372252656961157,0.0,0.0,0.0
Steel,2,3,4903.35,-1.933,0.25,0.0966960097551346,0.015475056217106192,0.14092615971273517,0.09092273831367494,0.06283140561287037,0.5493253186623589,0.03746532008051873,0.1659950329895128,0.0,0.0,0.0,0.0,0.0,0.0,0.0,0.0,0.0,0.0,0.0,0.0,7895619.309464813,493.0357293097565,0.0287807258365205,7865620.733695387,695.1519333009327,0.10039587982237128,9850127.939703332,568.1641720650084,0.2048151109733561,0.0,0.0,0.0
Steel,5,4,4902.82,-1.944,1.3082267343997955,0.14565082955360412,0.024684142182464498,0.22502624156954346,0.10391175389289857,0.2065558668436826,0.3971440611410184,0.06965058147907258,0.3988103888613519,0.3097582250611098,0.09754980146884919,0.6405709183250936,0.3392193924103518,0.0697469624876976,0.9157374903828485,0.3934039857155733,0.10609394669532776,1.1773940609598161,0.0,0.0,0.0,36657156.24231026,176.6623169083542,0.13082267474820627,43033777.047404334,279.77443611172254,0.5187405758777006,30900431.00234476,374.18278309587055,0.7751938875790115,39216596.84797271,504.0565661138742,1.1673930609598162
Steel,6,2,5099.3,1.986,1.0000904142856597,0.13095040893554688,0.015880605582431664,0.2485749381726147,0.08484445065259934,0.15831773162911683,0.3180889821819876,0.08446859687566757,0.3031291855213098,0.20897292698374254,0.10808357119560243,0.42808204730245364,0.16940581968506105,0.08971663713455201,0.5701933047923545,0.28439890300499604,0.09934127867221833,0.7341880934606432,0.1929980065859279,0.1025792807340622,0.8491027028028822,50000109.41620391,595.84258514183,0.12656244023501634,44414525.79457595,755.9652753583749,0.8687045267806226,0.0,0.0,0.0,0.0,0.0,0.0
Steel,3,4,5099.61,1.992,1.0454446583986283,0.09625103080272676,0.020341999354222765,0.27019236606496916,0.05859700441360474,0.28965472112136986,0.26566715735218716,0.09347426056861878,0.5058621033318835,0.2869016395190611,0.06709287583827972,0.897091588158053,0.0,0.0,0.0,0.0,0.0,0.0,0.0,0.0,0.0,14875607.719663903,324.8638675340802,0.11453459080963951,13661140.159732392,327.1252961139565,0.3411321536392653,14956695.2379231,250.39942546569338,0.45056006705035,16010340.055401746,559.3892997469987,0.8825389393283337
Steel,4,3,4902.11,-1.958,1.2157472223043442,0.0634359701871872,0.01823686458169493,0.21320524970011875,0.10541223227977753,0.284242482516997,0.2916784436540629,0.048440988808870315,0.47889626895171944,0.3782192959475911,0.08102564036846162,0.6259767658680941,0.13336763098464918,0.12189480662345888,0.8048040656523712,0.0,0.0,0.0,0.0,0.0,0.0,27728402.878834974,701.3425950907051,0.14122333298922038,31854294.76529418,288.16790800422444,0.4268697358007218,27947643.696581237,202.0531398288058,1.000952377106982,0.0,0.0,0.0
Steel,1,2,4901.97,-1.961,0.9784122705459595,0.1338243293762207,0.004664342755048798,0.32241280763896746,0.11062946021556855,0.3315067635518303,0.0,0.0,0.0,0.0,0.0,0.0,0.0,0.0,0.0,0.0,0.0,0.0,0.0,0.0,0.0,25962355.419844344,242.92787560062868,0.1374010994279277,24832046.67735315,811.5475475644266,0.6510827939843684,0.0,0.0,0.0,0.0,0.0,0.0
Steel,2,2,5100.73,2.015,1.5097303479909898,0.08998686063289643,0.023081874403854282,0.28650002900823535,0.09638355135917664,0.37402877324623796,0.29423705932753114,0.04727972492575645,1.198115645062655,0.0,0.0,0.0,0.0,0.0,0.0,0.0,0.0,0.0,0.0,0.0,0.0,35015075.96101188,484.25174016416696,0.19455343071643655,24032897.04259774,328.4624420389891,1.2802354972733423,0.0,0.0,0.0,0.0,0.0,0.0
Steel,1,2,5100.75,2.015,1.7163496524095536,0.08548886519670487,0.01627724121824075,0.18942642298946047,0.0889735770225525,0.6800257104409808,0.0,0.0,0.0,0.0,0.0,0.0,0.0,0.0,0.0,0.0,0.0,0.0,0.0,0.0,0.0,85554171.12555817,469.30158893468433,0.22708526770076104,102881884.22866686,359.0571187163859,1.095251294624721,0.0,0.0,0.0,0.0,0.0,0.0
Steel,1,3,5101.18,2.024,1.0808716967701912,0.08183866494894029,0.02224712125297653,0.318948766549341,0.02410099942237139,0.7676809245470816,0.0,0.0,0.0,0.0,0.0,0.0,0.0,0.0,0.0,0.0,0.0,0.0,0.0,0.0,0.0,11922714.878788617,356.6182893850931,0.3938069920739847,9475658.157529274,462.32901752924164,0.7381902063597813,7899762.374853085,659.0194671820157,0.9431333470180883,0.0,0.0,0.0
Steel,4,4,5101.7,2.034,0.7602334544062614,0.11970748341083529,0.012070887773998402,0.4917795555978123,0.10614542067050935,0.12192613421565071,0.3068049802527334,0.08607273995876313,0.3636871210209017,0.2207772834852777,0.050518707185983655,0.48825795631283525,0.32629352393557637,0.10633954644203186,0.665543541101095,0.0,0.0,0.0,0.0,0.0,0.0,24904730.44805205,740.0027573175385,0.08600311249035128,26006753.8917465,816.9015622094464,0.19010868787204566,33339099.16359731,347.47288109447,0.4349206321872632,31618979.72062032,1099.9999999999995,0.6842101082054018
Steel,6,3,4900.03,-1.999,0.6173471637070179,0.12956303000450134,0.024080703485658817,0.2458133997052517,0.06972057074308395,0.1035088573320381,0.22713936537694435,0.0787002068758011,0.22406394403893368,0.35768211143414114,0.07360470175743103,0.3198793131211351,0.2977122762652918,0.06602769076824189,0.3950735402062904,0.2684340838912682,0.03710090517997742,0.45672321485763545,0.4923051116962512,0.05807984709739686,0.5179983840288747,27493703.935767546,278.63369049089835,0.11651770919769648,29672572.81832531,846.9378984986877,0.33997514855639976,28090966.41746496,560.1991101507049,0.5556124467189689,0.0,0.0,0.0
Steel,5,3,5102.12,2.042,0.8219322055578232,0.10426038956642152,0.030335382324876183,0.23284747266816716,0.12753865718841553,0.12723770656061686,0.23145234075514337,0.07966195583343506,0.30195596208563075,0.19262736712636278,0.07302588880062104,0.41202900437883455,0.21921894483153703,0.07314494222402573,0.5014125205747028,0.19935688816792652,0.09668333709239961,0.6628412718475084,0.0,0.0,0.0,21105078.819319904,560.1156539815887,0.10362011094571993,24540434.64141489,395.6590280948207,0.5393683563491204,18395794.165950373,470.5718761808782,0.7226846907420328,0.0,0.0,0.0
Steel,6,2,4899.82,-2.004,0.9997662246227265,0.10771978056430818,0.003949507752464006,0.14502190329012263,0.05093943893909454,0.13298469641095742,0.291255953735463,0.10952868580818177,0.24696037177037444,0.19072149651493717,0.03240497618913651,0.3647808837670621,0.23355077508275054,0.04943956106901169,0.4973400634642303,0.17742077664080272,0.11744321823120119,0.5921334180937236,0.4116041108241526,0.07329572230577469,0.8183015267933798,30194521.425564148,536.507283279235,0.15732843056252777,46580054.04605022,834.1790234259975,0.8860159984847548,0.0,0.0,0.0,0.0,0.0,0.0
Steel,1,3,5102.28,2.046,1.4844555735588074,0.10227575838565828,0.020578220834496487,0.2597946664001862,0.08733360826969147,0.6962186229486902,0.0,0.0,0.0,0.0,0.0,0.0,0.0,0.0,0.0,0.0,0.0,0.0,0.0,0.0,0.0,14162769.089731306,370.56335541001476,0.31481573217769465,18965182.38333184,227.0965840488573,0.8835286955536024,18337813.829620823,797.438420625374,1.235482248632169,0.0,0.0,0.0
Steel,4,2,5102.76,2.055,1.2869447857141496,0.10308084070682527,0.011032459941810025,0.16292807395057504,0.07987250864505768,0.41285651806321,0.3912301033155129,0.04905147224664688,0.49026837248251715,0.2645010319464357,0.02,0.7341007867314798,0.3061726422690727,0.09254810094833375,1.006211143488066,0.0,0.0,0.0,0.0,0.0,0.0,39447543.515729725,121.9238863399051,0.22323695552575715,32253374.686935503,719.4879367973759,1.0901401212322734,0.0,0.0,0.0,0.0,0.0,0.0
Steel,6,4,4898.82,-2.024,1.8185728281736375,0.13805774033069612,0.007806242105021857,0.3059921612788896,0.025421675816178324,0.3328849274613218,0.26571662479972535,0.13148192167282105,0.6937216802825061,0.36913961693338615,0.0672919374704361,0.9659911746361789,0.3235627945868602,0.09964827835559846,1.1361627035318942,0.4352025749554522,0.11711157023906708,1.4330983644045796,0.23787348956826668,0.036304672211408616,1.6342485956844235,46481163.43608081,222.68683780586912,0.19959195975488722,40250425.37725667,290.266892923173,1.0874930729180585,31837177.666507345,111.76160513457128,1.2545117135896056,37140690.86863312,71.46360879671315,1.5721491689449214
Steel,5,4,4898.21,-2.036,0.9003359317779541,0.09589413523674012,0.03873309881826666,0.2158017297711046,0.02,0.15578339647332812,0.3136877851849445,0.08253206580877305,0.36318078647589036,0.22944282482860853,0.06752840548753739,0.47855706584629504,0.3462965167618296,0.11591989696025849,0.6259675381505462,0.35817498006089343,0.10057128429412843,0.7850726045430173,0.0,0.0,0.0,22359829.77048864,538.1963921115978,0.11079316930008387,26482501.257971857,612.2483881564928,0.5178449331074614,21129678.99413214,222.57829511109867,0.5973412371000371,19224451.565513782,521.7101234202174,0.8002851098227093
Steel,5,2,4898.11,-2.038,0.7109032556414605,0.09920470619201661,0.01056183557679064,0.2964827531579413,0.0749589329957962,0.10830061119960128,0.2070800282860486,0.03549742460250854,0.238629781921873,0.3810254640451199,0.0742169150710106,0.3326687890336326,0.4183665410338681,0.10716071248054505,0.4684291385162658,0.2754615831334818,0.07498366266489029,0.6059672607677139,0.0,0.0,0.0,49560782.746264085,517.0575705631641,0.08508983142825219,46690057.760365814,170.2571584245595,0.6166456134860603,0.0,0.0,0.0,0.0,0.0,0.0
Steel,6,4,4897.99,-2.04,1.450666630268097,0.0751601084470749,0.03480439672076838,0.3322567456076064,0.07531748801469804,0.22441187471437912,0.17311896718025982,0.09336962342262269,0.329180516561112,0.1940593681979848,0.13268193244934082,0.5613432835896176,0.3166479866403393,0.08638115763664246,0.8287995731797214,0.27360847306225666,0.13190804839134215,1.0778837069000602,0.1558470657231473,0.06538735777139663,1.2019602110721728,26792567.37590737,459.16108847010486,0.1783604678660109,30329230.217627224,155.2329814056219,0.8639610190920752,30169131.741011575,252.2363315952177,1.1172033829332675,30319929.882728368,399.2447014271764,1.3008779640336678
Steel,3,3,5104.22,2.084,1.4037331193685532,0.09413313615322114,0.010753379907044535,0.23844495098218985,0.02,0.43300651677580354,0.41218298886143534,0.11410178005695344,0.6351330917427026,0.2704117848788066,0.14858494222164154,1.0657004625493722,0.0,0.0,0.0,0.0,0.0,0.0,0.0,0.0,0.0,32948153.01375059,324.451549244858,0.18368995022393553,38319521.47207313,109.44040476719452,0.8707602443040701,40968061.459092766,478.6268276721725,1.2583192861690236,0.0,0.0,0.0
Steel,4,2,4897.85,-2.043,1.28043133020401,0.10399711275100709,0.012797899957862366,0.1421024903344479,0.08140913039445877,0.24413568490553655,0.26122483296581356,0.07858994811773301,0.4490176091414129,0.3830539545713216,0.05687254875898361,0.6087289633590953,0.2569329940169979,0.11028014540672303,0.8860159213345132,0.0,0.0,0.0,0.0,0.0,0.0,51283988.33071099,507.3252333845428,0.15345988155810603,46738142.483099915,490.0165984493888,1.0904933853857894,0.0,0.0,0.0,0.0,0.0,0.0
Steel,5,2,5104.4,2.088,0.8879786267876625,0.08874072659015657,0.02674647937127638,0.36096895621308805,0.0677783289551735,0.11246143161263258,0.22400915761151793,0.07425932705402374,0.19528600613062172,0.23505631075929823,0.09883547306060791,0.34781542804541354,0.29357127039245545,0.11132113933563233,0.5850134823949267,0.17378500844400932,0.02,0.7013364023647319,0.0,0.0,0.0,38702342.32410433,571.4111881627288,0.0976978483635643,41139598.04790889,924.6020046676107,0.7654591884636363,0.0,0.0,0.0,0.0,0.0,0.0
Steel,6,2,5104.58,2.092,0.9277036592364312,0.12098803997039796,0.028530367255352688,0.33483369136863944,0.06069992899894715,0.15319830247203997,0.32298789345966167,0.07157586544752122,0.3270651387992019,0.3091406488494044,0.0832983136177063,0.42394521858630946,0.2567266294603891,0.06510913640260696,0.579695520771461,0.26884553836286174,0.06994457513093949,0.6844316435360871,0.21322627712973405,0.05410294979810715,0.8089701119274385,48865948.20062612,757.582696421908,0.11805397664864739,42142190.987988204,365.4183622477046,0.821783413929008,0.0,0.0,0.0,0.0,0.0,0.0
Steel,6,4,4897.56,-2.049,1.170568746328354,0.07933312976360321,0.008058432577183233,0.40227883266706693,0.09048417508602143,0.13927401522868318,0.1927624632579511,0.09107792735099793,0.2517476537947492,0.4645267399984223,0.11035740673542023,0.46088748114474776,0.17456096294136683,0.14710575699806214,0.648408665872534,0.25092198562518797,0.08870255410671235,0.7789376685040765,0.29122533738973116,0.04954117819666863,0.9616037375860392,30913328.138737652,485.68249366262864,0.11705687580340417,27070242.51884574,1004.1409707565606,0.43508702696350293,31662987.980981275,244.71169618772356,0.5909735463626933,30422105.679833267,552.6044336805064,1.0231160176192549
Steel,1,4,4897.43,-2.051,1.5114487737417222,0.10240758299827576,0.00858698755267775,0.29357809044493866,0.053873350918293,0.7414044863778139,0.0,0.0,0.0,0.0,0.0,0.0,0.0,0.0,0.0,0.0,0.0,0.0,0.0,0.0,0.0,11239624.294461917,468.257976991783,0.2606608004296826,9447757.019696733,392.6496320027581,0.7075576015636501,10689069.725688074,707.82299609907,0.8058292985115887,9740593.901113423,334.6038134086364,1.2208809949297583
Steel,3,2,5105.34,2.107,0.8071200460195541,0.06062914276123048,0.011973784864259311,0.3528765389537139,0.03255709774792195,0.19612008629915034,0.2970867903507118,0.10353368401527406,0.3383506474756422,0.18475405469352763,0.08171406507492066,0.6369581704105882,0.0,0.0,0.0,0.0,0.0,0.0,0.0,0.0,0.0,44271602.420065746,434.41422528259255,0.09438832879195394,41782068.208857365,147.5837946463197,0.71932737845892,0.0,0.0,0.0,0.0,0.0,0.0
Steel,5,2,4896.67,-2.067,1.3467725545167923,0.10585210299491883,0.019114428384032045,0.2545746799455063,0.08712240457534791,0.26547085267382764,0.2458628830166309,0.09349270224571228,0.41320727975353655,0.17521571481678788,0.09609456717967987,0.611029724994851,0.15655653030888508,0.0912865275144577,0.7859416772730271,0.3196565548828276,0.06964989185333252,1.032467147544304,0.0,0.0,0.0,36950640.299992576,502.7373602687167,0.17918865712726234,37305325.88778786,497.3186127676028,1.0967804461079667,0.0,0.0,0.0,0.0,0.0,0.0
Steel,2,2,5106.45,2.129,1.1159678190946578,0.13560729217529296,0.017994882751362837,0.2977798690467464,0.07154640913009644,0.32429109749952634,0.2961895106931449,0.08089252322912216,0.6028050954630868,0.0,0.0,0.0,0.0,0.0,0.0,0.0,0.0,0.0,0.0,0.0,0.0,32708817.903264698,560.8708404513826,0.14960845054286764,30098831.739514552,250.77424721140193,0.95553068040341,0.0,0.0,0.0,0.0,0.0,0.0
Steel,5,2,4895.73,-2.085,1.596003943681717,0.11648513972759249,0.01539379621055607,0.29651746303527154,0.14534802496433258,0.19464790123665748,0.3542308675808176,0.09742128312587739,0.42699893954520185,0.28699093483090293,0.07907060176134109,0.6847114989533687,0.27436146437342585,0.03074940949678421,0.865836963428062,0.25806997890023897,0.13555313110351563,1.0533165287828037,0.0,0.0,0.0,127960083.07276142,451.7885653700126,0.18253333664859336,108415859.29264753,931.2708815867278,1.3248776857852151,0.0,0.0,0.0,0.0,0.0,0.0
Steel,5,3,4895.47,-2.091,1.5756786853075029,0.0971741670370102,0.02497815436320809,0.13623093668793498,0.14468138933181762,0.28829851783052995,0.18605914553888353,0.061845749914646156,0.5921736857794644,0.31049923894125403,0.08699677646160127,0.7396337442671147,0.23924073217348577,0.08581224739551545,1.037938116048991,0.2933729151464299,0.10478987991809846,1.31591653331916,0.0,0.0,0.0,32426265.982605167,678.5542515207993,0.19911581629299632,38074012.76505443,275.9444916223486,1.1041763332730192,34617958.07325292,677.1250339624004,1.4096660838024226,0.0,0.0,0.0
Steel,2,3,4894.76,-2.105,1.7463084161281586,0.11090160775184632,0.03404951869129829,0.18660603153790084,0.130292689204216,0.8398090486350597,0.4305851243513128,0.0645186772942543,1.2217833997784338,0.0,0.0,0.0,0.0,0.0,0.0,0.0,0.0,0.0,0.0,0.0,0.0,30645206.013203613,687.0971694197536,0.2517012552409007,21884959.581612483,584.6397888992358,0.7458286996599794,27613880.43449544,710.399895266235,1.430371896443651,0.0,0.0,0.0
Steel,4,2,5107.92,2.158,1.5702185153961181,0.11665123450756074,0.04152542483219104,0.21047778753187119,0.10026703536510469,0.3965443883784483,0.1783257990215548,0.07977451980113984,0.8763686489718348,0.2531237297985146,0.07727892309427262,1.1454229428835587,0.3004271746223141,0.12471856832504273,1.4016566643741795,0.0,0.0,0.0,0.0,0.0,0.0,52236007.53915395,437.7049400914227,0.1961889532300784,49580255.07201558,808.4087353535268,1.3310327295579407,0.0,0.0,0.0,0.0,0.0,0.0
Steel,2,3,4894.2,-2.116,0.8650928765535355,0.11316778922080994,0.008612295427978214,0.22369216158629412,0.06690682023763657,0.37302310166317865,0.27970056239304897,0.15,0.5809768662762834,0.0,0.0,0.0,0.0,0.0,0.0,0.0,0.0,0.0,0.0,0.0,0.0,18215867.831671916,621.8484075473112,0.11134289851651935,20472867.084458005,513.881354264993,0.292681745854116,20288387.439727,891.5030095861949,0.6842303085252504,0.0,0.0,0.0
Steel,6,2,5108.6,2.172,0.8399250075221062,0.09508842658996583,0.034953371575259594,0.24488531091491006,0.061356623172760014,0.1176279579635616,0.46781200766063896,0.09101448178291321,0.2205236769641184,0.3684531360455335,0.08009440541267396,0.341240235164193,0.48896353665202885,0.11620367407798768,0.46450678442687826,0.3528977103324106,0.108945192694664,0.6032543171787068,0.37069681369694474,0.08114053279161454,0.7212029091172123,164614283.200623,749.2681980744584,0.0920409229768642,216807114.0765001,736.412834168801,0.7535687053332755,0.0,0.0,0.0,0.0,0.0,0.0
Steel,3,2,5108.67,2.173,0.33198822736740113,0.07918284124135971,0.006864335851082806,0.3627639186917092,0.08581979453563691,0.05191795126015515,0.23531937742941872,0.07959362864494324,0.14968632265796677,0.38963119334514573,0.15,0.27917617130913236,0.0,0.0,0.0,0.0,0.0,0.0,0.0,0.0,0.0,45356528.5732163,301.0034817197898,0.066025241774092,34300479.30807748,268.17975317973514,0.2987894042986728,0.0,0.0,0.0,0.0,0.0,0.0
Steel,2,3,4892.8,-2.144,1.0334727421402932,0.13190343952178957,0.02234470323743089,0.24713895571759667,0.05996151030063629,0.2771552596915345,0.2378836320564813,0.04857945054769516,0.5371864596089727,0.0,0.0,0.0,0.0,0.0,0.0,0.0,0.0,0.0,0.0,0.0,0.0,15661039.90905935,552.0428268011257,0.13963951378997486,11516964.164948909,774.0062676059262,0.39950073132418773,13262134.253865829,360.9449871848144,0.8498850195285007,0.0,0.0,0.0
Steel,2,2,5109.76,2.195,1.0256867870688438,0.08589280712604523,0.03399437134316638,0.24882486372959145,0.06029569208621979,0.48650347914849423,0.2996320607260601,0.12118845939636232,0.8481182310038367,0.0,0.0,0.0,0.0,0.0,0.0,0.0,0.0,0.0,0.0,0.0,0.0,28116543.669449527,444.8506903004416,0.20959020321854116,23598864.352535684,626.0959545782034,0.9109515655057796,0.0,0.0,0.0,0.0,0.0,0.0
Steel,4,3,4892.52,-2.15,1.0214137136936188,0.07070399218797684,0.008736084481019118,0.18402524190438152,0.13877353608608245,0.27906129698546245,0.26949800226922976,0.11139993488788605,0.5276859315364653,0.23069536404092733,0.05841982483863831,0.6664090717159402,0.23403304133043087,0.11158202707767487,0.8272457434515033,0.0,0.0,0.0,0.0,0.0,0.0,29660160.005869932,274.4494875164553,0.12135168512796264,28011472.83979854,600.7785698173695,0.3229717602727821,24594051.666009687,440.1168290960086,0.9192723413028432,0.0,0.0,0.0
Steel,1,4,4892.27,-2.155,1.0621075108647346,0.09797393405437471,0.02797884881782209,0.436098795803104,0.09422081530094148,0.6075351194844317,0.0,0.0,0.0,0.0,0.0,0.0,0.0,0.0,0.0,0.0,0.0,0.0,0.0,0.0,0.0,11743804.044647394,553.7566863691897,0.15742627811109017,12277498.243744325,243.89116534663145,0.4920646463876445,13726984.783949738,319.77998958841897,0.8324838770400925,11452534.823634729,567.8843145245286,0.9558967587161536
Steel,4,4,5110.12,2.202,0.6303688369691371,0.0782409110069275,0.03493812958239087,0.17184264364056007,0.1168961900472641,0.09660354231157489,0.2407876766348839,0.07220271974802017,0.2333170584787545,0.3831563157130352,0.10906287074089051,0.37882618117220707,0.3459287546817888,0.12115971207618714,0.5135387646487618,0.0,0.0,0.0,0.0,0.0,0.0,20572094.076971024,156.94304573037823,0.06519891582118656,18140036.482657198,521.9218808319717,0.21505009225901417,26623838.76034918,531.5713429799177,0.407668570704939,22409261.039830253,451.44878316196264,0.5432337344505656
Steel,2,2,4892.18,-2.156,0.5892170116305351,0.07786225485801697,0.013919674273157165,0.3208085485413682,0.06231086760759354,0.09408612221593812,0.2897795703620206,0.10463797628879548,0.2907568074104553,0.0,0.0,0.0,0.0,0.0,0.0,0.0,0.0,0.0,0.0,0.0,0.0,15842934.362042319,249.8959162223358,0.07713549598693363,19425210.22651242,396.22471528049545,0.44806928739985347,0.0,0.0,0.0,0.0,0.0,0.0
Steel,5,3,5110.21,2.204,1.6372207999229431,0.10401613104343416,0.013661423571858953,0.5775842420516186,0.10865053653717041,0.2595324958460324,0.42322689567502925,0.02,0.3301603562260953,0.33013879907060295,0.15,0.4555776817766859,0.25613765971556257,0.12227630138397218,0.9514257629629304,0.36151091468042224,0.06897984683513642,1.3642589720092637,0.0,0.0,0.0,78256322.26085523,416.7011977228726,0.16372208162951513,69160220.47099292,948.8154760677905,0.424126204650649,90002422.7874924,408.89342238104734,1.4680556227632415,0.0,0.0,0.0
Steel,1,2,5110.42,2.208,1.5876545161008835,0.07383512508869172,0.013250551880872966,0.3899100592857564,0.09844498217105867,0.42886029872691156,0.0,0.0,0.0,0.0,0.0,0.0,0.0,0.0,0.0,0.0,0.0,0.0,0.0,0.0,0.0,40901082.18338368,282.2602614664386,0.2955344021190156,33316918.561170973,682.8527442047589,1.1176333044180082,0.0,0.0,0.0,0.0,0.0,0.0
Steel,4,3,4891.84,-2.163,1.3546762764453888,0.12454281020164491,0.015902647165560335,0.29273682163868553,0.046328349411487585,0.3106542269722151,0.3028675799678967,0.0743317300081253,0.5801162108958076,0.3131345563041536,0.02,0.6810026874254075,0.31516333184563405,0.09546660482883454,0.8957460540415821,0.0,0.0,0.0,0.0,0.0,0.0,27413403.750575874,356.8002873831398,0.16765906896126334,25305665.393580273,292.0714461246953,0.8692909940050306,23033200.95493578,424.84653368772274,1.1643395941361931,0.0,0.0,0.0
Steel,2,3,4891.82,-2.164,1.347060576081276,0.09983715116977693,0.041178281351242935,0.1941640398896687,0.06861339986324311,0.4878077526565705,0.3393655246241021,0.083832083940506,0.9678456904597461,0.0,0.0,0.0,0.0,0.0,0.0,0.0,0.0,0.0,0.0,0.0,0.0,15971304.6191737,843.4013750359034,0.18718398093765687,19886736.86177622,233.42455893871085,0.606589650398023,15575905.570291834,963.6570460118046,1.0957800452942839,0.0,0.0,0.0
Steel,2,3,4891.75,-2.165,0.7462142363190651,0.08049036788940431,0.021453510476502055,0.39076164771238364,0.12323951482772828,0.2715545254756504,0.1918550548072036,0.08370907485485078,0.575579054368963,0.0,0.0,0.0,0.0,0.0,0.0,0.0,0.0,0.0,0.0,0.0,0.0,17509828.963207632,618.6136015091179,0.08298839033858078,15611836.233768782,526.3849842173316,0.1674496680571349,16918145.681284744,348.80221176136007,0.6485736936612476,0.0,0.0,0.0
Steel,5,3,5110.97,2.219,1.4046201199293138,0.0739112109541893,0.018980914035731693,0.5343437848460914,0.10663461327552796,0.18360739162052458,0.1953123432367627,0.03247708082199097,0.36120605679853734,0.4943568220999485,0.06573752492666245,0.7906374384964221,0.2098305852023321,0.13069137811660766,1.0386025250795736,0.5184800505239469,0.08664970874786378,1.2352234237198902,0.0,0.0,0.0,80625946.97405256,403.56662393762474,0.1404620133975515,106894227.28313246,481.57881069415873,0.5296835650728218,89296127.9193157,1099.9999999999995,1.2641581065317622,0.0,0.0,0.0
Steel,4,3,4891.25,-2.175,0.8862981334328651,0.03532771900296211,0.021564363929576256,0.37527088487500393,0.11831724524497987,0.14109684460821928,0.2562676493161767,0.10938478648662568,0.31984618330654924,0.2093371664124598,0.04739338338375092,0.4608047911701106,0.36275788376101276,0.15,0.6962098272146536,0.0,0.0,0.0,0.0,0.0,0.0,95109840.78559114,193.93131590486323,0.09516864238765023,103630904.7078133,571.451905319493,0.5411861057590821,110983619.80942765,1091.3012712684547,0.7810558350109557,0.0,0.0,0.0
Steel,2,4,4891.04,-2.179,1.1458647772669792,0.10208618485927583,0.01616957022935678,0.3281643958711609,0.07571817606687546,0.38735764150402413,0.23705093594915197,0.09280143380165101,0.49923928959536296,0.0,0.0,0.0,0.0,0.0,0.0,0.0,0.0,0.0,0.0,0.0,0.0,11399622.895368455,204.39458402490737,0.14091101048485485,14877607.423751192,938.3950394660924,0.5703928103899517,10596080.575210553,203.49067652528367,0.6460842485489814,10555520.752495192,550.9523942950234,0.9350724730698794
Steel,3,4,5111.95,2.239,0.8329753294587136,0.11351147270202638,0.014718064692834147,0.2364114178096203,0.057282655239105223,0.16716180360341149,0.2981217086217936,0.09047058403491974,0.3758329821715001,0.2949824595845167,0.12814287781715394,0.5612974209769339,0.0,0.0,0.0,0.0,0.0,0.0,0.0,0.0,0.0,15233106.020952236,478.98989436248564,0.1317686119039368,14634574.423639365,677.2614072207032,0.4793748579903061,15779953.823247831,223.844470848387,0.5372932764317269,13300041.167918593,529.1391285439537,0.7040655538695015
Steel,3,2,4890.27,-2.195,1.1061010956764221,0.1396909943819046,0.019578335538733577,0.27505330333111433,0.13839810073375702,0.5673781479226399,0.21500022420085613,0.08546659767627716,0.6945496780471715,0.2019655230123575,0.08945858538150787,0.877658267456079,0.0,0.0,0.0,0.0,0.0,0.0,0.0,0.0,0.0,32981776.93101511,336.4344431827032,0.2684969124000368,36831224.86742346,791.5967043418285,0.9954909850026789,0.0,0.0,0.0,0.0,0.0,0.0
Steel,1,2,4889.95,-2.201,1.4839777797460556,0.07127448171377182,0.041516666233770594,0.2916596707581718,0.11374704897403717,0.8371208465436608,0.0,0.0,0.0,0.0,0.0,0.0,0.0,0.0,0.0,0.0,0.0,0.0,0.0,0.0,0.0,32258294.979466796,393.8143928841028,0.20838187358181293,40556478.41941784,663.6078905689631,1.070484864294202,0.0,0.0,0.0,0.0,0.0,0.0
Steel,1,2,4889.88,-2.202,0.565511056035757,0.06466143548488618,0.013157203726936899,0.32256329976487363,0.1109556919336319,0.2709981399635834,0.0,0.0,0.0,0.0,0.0,0.0,0.0,0.0,0.0,0.0,0.0,0.0,0.0,0.0,0.0,11783430.843515662,298.7112503162568,0.11045807935354757,11783430.843515662,735.7517487958598,0.434519703862073,0.0,0.0,0.0,0.0,0.0,0.0
Steel,4,3,4889.83,-2.203,0.8535628065466881,0.07412011170387268,0.003834709727805473,0.2466557685445505,0.10323478937149048,0.1612802041732834,0.1748880455350086,0.08249229222536088,0.33450948618708765,0.24238736673313113,0.042170351743698126,0.45853332391273255,0.14906131204961032,0.09439770817756654,0.6861292873909212,0.0,0.0,0.0,0.0,0.0,0.0,10934358.105019592,801.1183858256747,0.1288196766657002,15593117.229691155,418.2242950356948,0.4375967430740546,12690771.734498031,896.5288744326702,0.7225295917843937,0.0,0.0,0.0
Steel,2,4,4889.79,-2.204,0.3055340476334095,0.11528912019729616,0.01715758489861448,0.3495057157353416,0.08886138498783112,0.07357338381629841,0.39349294021952247,0.08849322557449342,0.22953636964161325,0.0,0.0,0.0,0.0,0.0,0.0,0.0,0.0,0.0,0.0,0.0,0.0,15257734.05540425,653.2051241245914,0.09675129451088035,13199796.22093461,319.34321483808384,0.20254923436797137,12032623.918244723,813.6741400609834,0.20984582930647688,14665157.59154828,412.83838671232326,0.2666933126761104
Steel,3,3,5112.91,2.258,0.8756947606801987,0.07422820788621903,0.022020501900480913,0.26397955654797456,0.1234690672159195,0.2802183891990789,0.47284487831182737,0.03905745282769203,0.48864463631631766,0.30081958264768804,0.08434299975633622,0.6532089409574253,0.0,0.0,0.0,0.0,0.0,0.0,0.0,0.0,0.0,22418503.22251648,1099.9999999999995,0.15139409282705513,21636173.938321337,634.4559541988907,0.6428940168766201,22260758.713412542,844.3848595040288,0.7727167111650753,0.0,0.0,0.0
Steel,6,2,4889.28,-2.214,1.5031726747751237,0.12294225203990937,0.0479308916668226,0.2890508098855824,0.02234562635421753,0.20361299572169633,0.285334339293918,0.0990913474559784,0.29739155949247914,0.26420275768551155,0.10859883010387421,0.6126041182527295,0.1993321419383589,0.14983008086681365,0.8331855207278352,0.45488500769842033,0.10076529383659363,1.0652963930078319,0.21142975578770867,0.061721419692039495,1.223402230425407,141902481.98508388,729.3326703158264,0.17425308878305118,137641945.47536793,362.07860638375,1.3219162615139068,0.0,0.0,0.0,0.0,0.0,0.0
Steel,6,2,5113.79,2.276,1.1639220863580704,0.12046984016895296,0.046622080840885885,0.19098433551800814,0.09358799457550049,0.2063752386000159,0.1916283735493601,0.0856677669286728,0.4149631832146802,0.3145674666375653,0.0496907126903534,0.5264501596089355,0.25397224588916334,0.03974189475178719,0.6535927740152427,0.3369740120533524,0.10640620768070222,0.8180277953314901,0.1591197163270332,0.07789981871843338,0.9786275415508615,44006599.876002565,250.68267422622083,0.14217987427570408,54394203.0543094,878.9955328498461,1.0433510024776467,0.0,0.0,0.0,0.0,0.0,0.0
Steel,1,4,5114.82,2.296,0.8472166284918785,0.12158836460113527,0.025841993080834236,0.45519155903700986,0.13274649381637574,0.3694227019711537,0.0,0.0,0.0,0.0,0.0,0.0,0.0,0.0,0.0,0.0,0.0,0.0,0.0,0.0,0.0,20013055.35438722,157.14425790014946,0.17830719691479746,21546619.135392893,370.9189964685099,0.4819764750687184,19648316.115815148,382.82001500119674,0.4479199628051161,26815567.416487135,188.41964702934564,0.6483333443728851
Steel,6,4,5114.93,2.299,1.1910599589347841,0.0977595444917679,0.01891220469539094,0.2738111126387456,0.06391739338636399,0.21920752728601833,0.2511778037591193,0.09543420016765596,0.3923487233055972,0.3751783605681959,0.08987995445728303,0.5816641856990438,0.2774340304646901,0.07334584414958954,0.668497102147639,0.6273245485164958,0.09726133644580842,0.8717862727746654,0.28975273824259923,0.057153265178203586,0.9826626635671637,41154037.8686674,512.4479731303294,0.15098191547191092,52888762.476099454,718.6606037727631,0.7893968787347019,36425538.77414218,281.50308602324424,0.8213919866207018,37644666.0446357,196.628042561106,1.0418028411012767
Steel,5,2,4887.48,-2.25,1.0900275737047196,0.07586712002754212,0.034326055849393085,0.3184912122987708,0.03447578474879265,0.1657628855270652,0.19426366979583176,0.046947375684976575,0.30324367998777074,0.26182705310358645,0.06033966153860092,0.4883218316017144,0.17827010150943726,0.057685412168502814,0.7243838432566536,0.4706688974642861,0.07994214922189713,0.9602627118464733,0.0,0.0,0.0,44258422.41221055,460.9268386632095,0.1342872769447203,39539614.03411154,431.752092174392,0.9223531145037185,0.0,0.0,0.0,0.0,0.0,0.0
Steel,5,4,4887.2,-2.256,1.0424801424145698,0.07646226477622986,0.03924766519296641,0.28623689150735265,0.11558353006839753,0.2185565167994195,0.41236107839222613,0.0910398429632187,0.4510643523517388,0.25035695131482977,0.049524541944265366,0.5613587188564336,0.3159488569338929,0.12094351053237916,0.6826942370677228,0.3206890757324394,0.04301561787724495,0.873915982562602,0.0,0.0,0.0,16304987.34150696,760.161144898183,0.11207996531544824,24158109.080702927,546.3819539071823,0.378795892330494,19737025.711953893,223.38465521030116,0.5880750056453976,22580811.54387434,641.5536017897856,0.9089088397185368
Steel,4,2,4886.21,-2.276,1.0874097973108292,0.0774684357047081,0.03518882809318173,0.3187463386640442,0.048727369457483294,0.2878790054054415,0.20595190882924108,0.1178916609287262,0.5237191548790658,0.2503906908119812,0.0951415354013443,0.6670060007561881,0.24776825277387254,0.056727150082588204,0.8691489098653689,0.0,0.0,0.0,0.0,0.0,0.0,40909457.793582365,900.427458122885,0.17641265799820896,39535173.01287141,486.4117336567828,0.9465451057271713,0.0,0.0,0.0,0.0,0.0,0.0
Steel,3,2,5116.46,2.329,1.5316823989152908,0.08513477116823197,0.03663737282072807,0.3416567682635398,0.08913125336170197,0.7116453899814483,0.22625863494360052,0.11975947737693787,0.9013036186176024,0.32609200948421074,0.028370670452713968,1.0963834791792542,0.0,0.0,0.0,0.0,0.0,0.0,0.0,0.0,0.0,96830432.02774669,324.5490456086702,0.4173550176815197,96189422.8759584,323.34867634588653,1.2669987892833228,0.0,0.0,0.0,0.0,0.0,0.0
Steel,1,2,5116.48,2.33,1.2149901181459426,0.04181683951616287,0.008938889144352995,0.20313151919583647,0.02,0.3890943450651901,0.0,0.0,0.0,0.0,0.0,0.0,0.0,0.0,0.0,0.0,0.0,0.0,0.0,0.0,0.0,9270600.685509454,761.2855377283139,0.15627920933371184,11253299.246414917,257.93319420402497,0.7972996334337894,0.0,0.0,0.0,0.0,0.0,0.0
Steel,1,3,4886.06,-2.279,1.5957912355661392,0.04904293367266655,0.026760863970788244,0.31332012920083013,0.06800547152757645,0.4485355524784137,0.0,0.0,0.0,0.0,0.0,0.0,0.0,0.0,0.0,0.0,0.0,0.0,0.0,0.0,0.0,90455687.48690638,492.80132729220696,0.28830168864036715,60908207.90472481,428.49323274617745,1.1890411946505965,77865137.0484735,1099.9999999999995,1.4097791155912525,0.0,0.0,0.0
Steel,2,2,4885.86,-2.283,1.0663666352629662,0.06278809982538223,0.01050240986917299,0.3456013072098209,0.10166588306427003,0.3544668341012694,0.28516167845976576,0.07357148349285125,0.6340380152526448,0.0,0.0,0.0,0.0,0.0,0.0,0.0,0.0,0.0,0.0,0.0,0.0,54592715.60142917,320.5586389653097,0.2477662447727294,67490218.51628318,228.62816936436616,0.9597299706703029,0.0,0.0,0.0,0.0,0.0,0.0
Steel,6,3,5116.89,2.338,1.8621127128601076,0.09583571767807007,0.023172365289900902,0.2521021940480832,0.053844003081321715,0.21199372116380716,0.32801739269420993,0.07174085259437561,0.5481330478864173,0.3010770727267813,0.02,0.6188609364343938,0.16589839525764333,0.05740670263767243,0.8948221356727807,0.4102579885646928,0.0860114485025406,1.1710385917259127,0.3251522785798614,0.13365449845790864,1.432044308119569,59734566.83135836,285.8477023853973,0.24368595744800367,63164266.8315905,852.9950893328926,1.2233081229657343,70404099.51320463,175.17281235903246,1.6383742737153189,0.0,0.0,0.0
Steel,6,4,5116.95,2.339,1.4516086548566818,0.06053192687034607,0.009351528181614756,0.41013509086573363,0.13737238705158233,0.3543773354496782,0.2772117783706159,0.05439260423183441,0.5810399557275472,0.19947500348201352,0.05327129602432251,0.6553393277391416,0.20239236458130636,0.042427634447813035,0.8285181940525681,0.18213108650571905,0.0653806009888649,1.0777256372597366,0.1822827584137696,0.05176525607705117,1.274150259699527,76337896.50407171,351.5885989855841,0.16110414959688762,65648491.34195269,428.2692801059148,0.2512655798806529,74273555.46551691,340.56744944530095,0.3981376542615031,71301360.18652469,419.83213874825896,1.2482887785709893
Steel,6,3,5117.12,2.342,0.7926364317536354,0.08254154193401338,0.00542426189226465,0.2875310624613432,0.10796645104885103,0.13312847278116066,0.27928766144129086,0.08487001717090607,0.2598096414668691,0.20310363416950689,0.0697523981332779,0.35687776230893786,0.37256245999609183,0.03354074910283089,0.4436133395660589,0.3425336508662413,0.10651815176010132,0.5351260150697571,0.410938012795582,0.13269731342792512,0.7133627885782722,46331640.49366293,686.5849940446309,0.10167177638851102,40322985.34660435,1041.9144714870704,0.459822277307577,46086146.95749958,469.4172123178443,0.6940797898906579,0.0,0.0,0.0
Steel,4,3,4885.23,-2.295,1.3540575593709947,0.08284270298480989,0.027257402263937903,0.47557522457455775,0.09271257281303406,0.14294729081353025,0.30806971117157717,0.08674403250217438,0.5028907981788802,0.22401033576869814,0.12604559421539308,0.8070556674593061,0.14526479422986194,0.05123119130730629,0.9697207748735317,0.0,0.0,0.0,0.0,0.0,0.0,41757510.25147439,557.3421235075045,0.17049521899956138,47134591.687774524,461.0399595435294,0.8440314813289655,53139503.22703527,499.22244628662446,1.1990516965528693,0.0,0.0,0.0
Steel,4,2,5117.55,2.351,1.2646714121103286,0.12948620355129242,0.015662670385766946,0.3049312308369991,0.07977255165576935,0.2977820457437218,0.1364224044545065,0.07136875689029694,0.4263711926851787,0.5566391330175078,0.022553832549601794,0.5915673927548771,0.2477144339810767,0.10736196696758271,0.7588978738669829,0.0,0.0,0.0,0.0,0.0,0.0,52552131.92720812,361.2259425614942,0.1752995746917386,46988464.14675848,806.6955582401532,1.1212340101376177,0.0,0.0,0.0,0.0,0.0,0.0
Steel,6,2,4884.59,-2.308,1.5756414145231248,0.11765195047855379,0.011320865508720579,0.3515867608099994,0.058713419437408446,0.29294111814767415,0.3428779091807302,0.04974587693810463,0.44059435730871016,0.22932623209124875,0.058735863268375405,0.7794347598476108,0.3320525937861061,0.1152308213710785,1.1553330514250957,0.27534725054227616,0.047126494348049164,1.2471408380883495,0.3475089819155842,0.06228129118680954,1.3411468121938626,84300762.63221835,345.3840652008934,0.2328614536599859,90755785.7061822,477.94950544819653,1.4180772714951708,0.0,0.0,0.0,0.0,0.0,0.0
Steel,5,3,5118.14,2.363,1.4166958540678025,0.08573649656772614,0.025642629060994796,0.2213663553509982,0.052666819691658026,0.34728852123953136,0.3406956096839238,0.08364909291267396,0.5936243242304489,0.47898341958330864,0.07779518932104111,0.7133083577351981,0.17172388554712414,0.12556026816368104,1.0266492730567685,0.26854338197736427,0.05555870711803436,1.1509667883663528,0.0,0.0,0.0,71679181.30441977,616.0473833406653,0.20354415501988754,53115547.35965332,440.0853859958935,0.8302983663709624,46219201.619321115,432.74773289937076,1.2750262672443264,0.0,0.0,0.0
Steel,5,3,4884.49,-2.31,1.1652179628610613,0.039805289030075075,0.025407702150389226,0.20425044441303927,0.08783013105392456,0.3328828491309286,0.16895357322517568,0.0936765843629837,0.5894504413291544,0.35376383899961655,0.08146079421043396,0.815707673527327,0.15993150294501837,0.06923589169979096,0.9694136362868255,0.13641840561456142,0.07175533473491669,1.0486861665749554,0.0,0.0,0.0,33888670.73335126,744.9175534915704,0.1547059077574299,30020624.897454355,1060.995379287571,0.6050862872091566,30523422.357405264,97.23412393838437,0.9908181440604845,0.0,0.0,0.0
Steel,1,2,5118.6,2.372,1.0142517134547235,0.06394596004486085,0.015436496484251784,0.2778078928456374,0.09874569773674012,0.4404108014496798,0.0,0.0,0.0,0.0,0.0,0.0,0.0,0.0,0.0,0.0,0.0,0.0,0.0,0.0,0.0,14586443.017190626,327.08678211038887,0.17215390758097215,17533419.269247778,523.4582486166613,0.7782395201838955,0.0,0.0,0.0,0.0,0.0,0.0
Steel,3,3,4883.91,-2.322,0.872466978430748,0.08276775127649308,0.007407776826061281,0.39617218279388833,0.08398794323205948,0.1433421303041276,0.2346090848514313,0.035062580704689025,0.27627471990578945,0.18948246973377222,0.05538041561841965,0.5195985493342152,0.0,0.0,0.0,0.0,0.0,0.0,0.0,0.0,0.0,16036128.994387561,540.3045783658157,0.09619496795940756,16036128.994387561,869.7547405029668,0.3291979687433775,18370453.6826547,510.80045409287163,0.7105971927256667,0.0,0.0,0.0
Steel,1,4,5119.15,2.383,1.154052881896496,0.09913491320610048,0.01873170347907015,0.36651563846781704,0.07805747956037522,0.4148662118970038,0.0,0.0,0.0,0.0,0.0,0.0,0.0,0.0,0.0,0.0,0.0,0.0,0.0,0.0,0.0,12364028.009234287,297.9316267014104,0.16068620757556598,13958639.653714774,696.5649200430787,0.5682559379114327,11277021.07870908,919.3152457209723,0.7442094133683868,15020441.826710878,428.8654945696747,0.9676223927678288
Steel,4,2,4883.48,-2.33,0.9428805872797966,0.06753814899921418,0.02763925637729012,0.38785639852700343,0.08644407629966737,0.1879494739961344,0.22140425624408355,0.07812436550855636,0.4129201231179278,0.3428241395611902,0.10231187641620637,0.5608888612328429,0.27837911135945137,0.059121565520763406,0.731895533323021,0.0,0.0,0.0,0.0,0.0,0.0,62929742.734355226,752.4469904142898,0.20506617994080611,54537940.17968382,206.63188789739573,0.8455072134256257,0.0,0.0,0.0,0.0,0.0,0.0
Steel,4,4,4882.67,-2.347,1.5392478168010713,0.09203293097019197,0.01599932675303957,0.2509492340208545,0.1176162987947464,0.2881906750866,0.5207834734306923,0.1217883563041687,0.5092884042864052,0.38374759491321764,0.06680942803621293,0.8160749145830627,0.2860674178862669,0.08048051446676255,1.0555496351932907,0.0,0.0,0.0,0.0,0.0,0.0,44774577.54227336,377.8580075711649,0.17864495733576713,44782617.26091795,494.48150733285405,0.4609856649767745,39373150.08413452,395.45638011918834,0.9919026986510477,47588316.00239421,661.7701120933382,1.3365847267581739
Steel,6,4,4882.6,-2.348,1.6415191799402238,0.048573202162981034,0.016523305610465663,0.18671145004617845,0.12982371270656587,0.27230763469250907,0.223023435112292,0.06967824012041092,0.5056440727067576,0.2774849383682394,0.11908396184444428,0.6337659949281962,0.16800238180399218,0.0646138146519661,0.9028407641919638,0.25868865623527887,0.15,1.0306543134803912,0.17579979864643852,0.05819527804851532,1.2624142684079316,87986393.47937842,234.14313197929908,0.23944793588890395,148780177.81431848,705.1593794997108,0.8478703423693782,86824054.74310753,622.4956167797741,0.9453736487868092,91210397.1586737,217.0718162915867,1.3983820730532566
Steel,3,4,4882.59,-2.348,1.8395004838705065,0.09009786415100099,0.011933194247464333,0.1722777881688212,0.058559171855449677,0.4924434729269219,0.240226919782849,0.09219066560268403,1.1887278084584119,0.34496480597085455,0.07960804879665374,1.5511345977342883,0.0,0.0,0.0,0.0,0.0,0.0,0.0,0.0,0.0,23748106.813401066,306.1353376714613,0.2106004664597155,31895732.788974628,168.5110953219316,0.6794209500185959,20583522.767552793,567.8361704210644,0.9979162010653693,20558733.78007895,163.87030572451008,1.589901806412749
Steel,3,3,5120.56,2.411,0.7256248846650124,0.06867611914873123,0.03470484593225784,0.33496403470506914,0.1125673395395279,0.13613755271701944,0.3299490558150973,0.1179571831226349,0.3345248025151234,0.3049117858273539,0.10797402143478395,0.5053750111315307,0.0,0.0,0.0,0.0,0.0,0.0,0.0,0.0,0.0,36526404.6822599,655.6074130002069,0.09122637786415567,43298851.0988858,441.21816563766885,0.5549955438119465,42791125.28134868,464.6001641325309,0.6360568459449477,0.0,0.0,0.0
Steel,4,2,5120.95,2.419,0.7110686033964158,0.12071412408351899,0.011395716428369427,0.23648396938169716,0.14691794633865357,0.14637735776064398,0.37411500959412386,0.08269779682159424,0.3194535001304615,0.36448035206083546,0.09285670459270477,0.4968484859979753,0.31178522134037956,0.12931861221790314,0.6354356871768105,0.0,0.0,0.0,0.0,0.0,0.0,71885302.02444248,583.0178146310569,0.09330365440917801,52301414.287086874,537.0241297973434,0.5988511742684599,0.0,0.0,0.0,0.0,0.0,0.0
Steel,5,2,4881.54,-2.369,0.9428750187158584,0.09261194360256196,0.025796701761561396,0.29741356406188274,0.10350852429866791,0.1702690015074324,0.2986752448421511,0.08878991186618805,0.3872832712185893,0.5239485315698088,0.10532034933567047,0.5497786163926612,0.3063236951470729,0.10566561937332154,0.689898458419376,0.20663781606982962,0.026505369395017624,0.8073193023643584,0.0,0.0,0.0,129172425.84497747,376.1276064593961,0.10845675764187104,117906062.40014607,428.50270271142324,0.825592112938443,0.0,0.0,0.0,0.0,0.0,0.0
Steel,2,4,5121.59,2.432,0.8938069835305215,0.024900697901844977,0.0059474082646913985,0.2561075529515392,0.06132915437221527,0.24851246943260266,0.211245345736487,0.14108505308628083,0.6318754316505312,0.0,0.0,0.0,0.0,0.0,0.0,0.0,0.0,0.0,0.0,0.0,0.0,33482807.949114464,829.4769268876017,0.11602795114059283,33817727.59917507,440.20924288800927,0.43593175826200525,29749874.13490836,442.7951892995776,0.5920734007434592,27466362.573514674,516.5901547626763,0.7939303196159674
Steel,6,3,4881.19,-2.376,1.1758254706859588,0.0934215625524521,0.00921849932284982,0.32292938263282606,0.06541033625602723,0.14879974840882002,0.18704201218494582,0.12483848571777345,0.3300288460633894,0.35080269312817725,0.07342486053705216,0.47047052959730373,0.3520402028579189,0.12413789570331574,0.6692302209309547,0.25347454704936456,0.025111693888902664,0.884153061739547,0.26631319190435987,0.07739729076623916,1.0479398834009102,41412154.010440424,754.4123906516764,0.16163318658672432,36123974.58291139,261.55789808529136,0.8240817855546382,36894105.62074144,389.4944172219077,1.0329581763806963,0.0,0.0,0.0
Steel,4,2,5122.16,2.443,0.6474220402538777,0.08203550469875337,0.008852613070256895,0.2556475452025078,0.1077718448638916,0.12434680722495352,0.6439690384154853,0.02,0.2511283269685403,0.1867011462199301,0.09206344902515412,0.36624467425412766,0.43107383615226785,0.03325865924358368,0.44250998349780746,0.0,0.0,0.0,0.0,0.0,0.0,33307728.784376707,521.1635306585636,0.07392296944940255,27733436.838915072,328.71253957794227,0.5291765900592194,0.0,0.0,0.0,0.0,0.0,0.0
Steel,6,3,4880.53,-2.389,1.1840143471956255,0.09972473418712617,0.020353230069905262,0.25182548614038636,0.021386344116181136,0.21119328267064646,0.28614115531448253,0.02,0.3227868155695882,0.324762353006368,0.1349265867471695,0.5020621191134507,0.40013776534616335,0.08820379197597504,0.747441401423901,0.29825182915431947,0.02,0.8760817100524977,0.43756328494244406,0.10080060422420502,1.0372269281225002,34856604.65902627,481.4694563748931,0.1434995783270751,36042311.12794484,840.5567519978393,0.7992311155004105,43389542.95312573,1099.9999999999995,1.064602145546083,0.0,0.0,0.0
Steel,6,3,4880.07,-2.399,1.1957658916711806,0.10697702610492707,0.02781966206206088,0.2819931748303325,0.1045011979341507,0.31574340217913377,0.37718486614073704,0.04291513785719872,0.40077130631806035,0.2865911814376028,0.0298568507283926,0.45890114670277005,0.2846874737430186,0.09125158131122589,0.5788320880134192,0.542463407015148,0.1293654215335846,0.7735260299065018,0.25578631659336565,0.0628203073143959,0.9187185445533964,74665729.66781713,580.5008198802194,0.17363590084251768,53786803.88582891,249.68161904279478,0.8257234435632127,60634870.72460072,585.7152046219221,1.0557941557630546,0.0,0.0,0.0
Steel,5,4,4880.04,-2.399,0.7195129722356797,0.08858155101537706,0.03248335794830651,0.3218072458949102,0.03414469756186009,0.13159841272820721,0.38056013577378695,0.04980564966797829,0.25923138996891826,0.19387741822297905,0.10711037755012513,0.4224730080155753,0.5258771987211598,0.054783622026443476,0.5228805351271555,0.27646359189496056,0.06752474814653397,0.5948832720109021,0.0,0.0,0.0,15348974.753530918,389.89303660285526,0.07817421111581618,21649062.166340094,87.14129411462258,0.23583587218021762,25769850.03214015,785.3170589386586,0.3198921137828983,20175377.387158975,427.67014641486884,0.6449508544264981
Steel,3,3,5123.17,2.463,1.6477291762828827,0.12184173023700716,0.023635097996127417,0.2748286084502852,0.02,0.24327918744685356,0.22092276472859443,0.09081833362579346,0.5304386389350293,0.342221017161051,0.05946328282356263,1.1391324406741843,0.0,0.0,0.0,0.0,0.0,0.0,0.0,0.0,0.0,27593620.54424171,261.3862329166146,0.20774970993684164,20775036.65197656,437.6116346716841,0.8139547324850667,23486894.344417322,514.3592544209608,1.3605564001726114,0.0,0.0,0.0
Steel,1,3,5123.77,2.475,1.0049008265137673,0.1520776835680008,0.019558255158531185,0.338404257779377,0.0340692600607872,0.49506566228839644,0.0,0.0,0.0,0.0,0.0,0.0,0.0,0.0,0.0,0.0,0.0,0.0,0.0,0.0,0.0,25479587.908997238,387.77595705615505,0.14212468497281333,14684854.666673278,128.68476085049113,0.5732190650549409,13727097.568627765,898.4711731719535,0.820590999230785,0.0,0.0,0.0
Steel,2,3,4878.99,-2.42,0.7547155037522316,0.11258758318424227,0.007440947934212943,0.4253274985425224,0.07901855051517487,0.07548155037522317,0.31501738903118937,0.1067020183801651,0.32764493658544835,0.0,0.0,0.0,0.0,0.0,0.0,0.0,0.0,0.0,0.0,0.0,0.0,29462633.064021256,868.8209912299125,0.09032800746867602,27488116.376163904,110.00704399742683,0.40982413058730977,22482391.369904127,429.84268579122187,0.6139670336774405,0.0,0.0,0.0
Steel,4,4,4878.85,-2.423,1.3517722427845003,0.060849825203418736,0.014535551035714278,0.20211801761276976,0.07570824623107911,0.3195108377105165,0.4739856577609112,0.06825301229953766,0.9273825997716174,0.4320138169631027,0.02951142571866512,1.0638252451233419,0.23701819141257188,0.02380970010533929,1.1363431086738016,0.0,0.0,0.0,0.0,0.0,0.0,36347705.41386166,440.0082551058039,0.17055760845598567,37937344.12645721,305.39224670407253,0.5550096045954711,32561951.65440871,664.0879957893808,0.6742689475871572,27590383.355719436,252.5663087727538,1.2066229296412754
Steel,6,4,5124.45,2.489,1.2093923330307006,0.09396987676620484,0.020207825331750518,0.13976901136052897,0.07482441723346711,0.12802386789932946,0.3980993544691498,0.0961791741847992,0.2902830373343295,0.3096297830450768,0.10198737263679505,0.5484589280455772,0.3984263914406548,0.058461814522743225,0.7582814649162725,0.16231951922392848,0.03702964320778847,0.8120405837314622,0.1728712348905599,0.06138791978359223,0.9393105614628543,25106157.61331908,745.1083211329703,0.14977131747068329,22732943.0132252,148.77596776860614,0.3616263829172731,23487117.89176769,635.519715056841,0.4484861911575372,29223003.08223553,714.8863667529728,1.0539103619754249
Steel,2,3,4878.48,-2.43,1.100512021780014,0.11779529440402986,0.043163455927803275,0.39434353639925235,0.11057361602783204,0.8921286483216286,0.2484795216537064,0.0800507265329361,0.9904508196020126,0.0,0.0,0.0,0.0,0.0,0.0,0.0,0.0,0.0,0.0,0.0,0.0,48226482.68953224,954.4648018092361,0.5609883840999026,50927607.02507356,699.3452849885806,0.9804498196020126,36797937.45504191,352.0928200350772,0.9804498196020126,0.0,0.0,0.0
Steel,4,3,4878.39,-2.432,1.236341866850853,0.07879477328062058,0.03422154942286383,0.2640625005866478,0.08060329884290696,0.46744968354581107,0.20536783792890392,0.050301688164472586,0.6887429579180356,0.46114815238434886,0.08641657650470734,0.7766484140432806,0.3150984900040623,0.0738730823993683,0.9218277108601313,0.0,0.0,0.0,0.0,0.0,0.0,29518579.775678314,1038.918566842095,0.2493395736932644,44894704.41330884,797.2644816516298,0.61660803074821,27716161.699000776,408.99455241358226,1.0919923731762666,0.0,0.0,0.0
Steel,6,4,5124.79,2.496,1.411326876282692,0.12218205356597901,0.036997485689478915,0.301176156549736,0.06880364358425141,0.14114268762826923,0.29593315454732794,0.14902809262275696,0.27664105479695217,0.27764767083114084,0.14065037190914154,0.4953688549471326,0.3559733835896772,0.10756277203559876,0.7639740838858365,0.1283039853599024,0.1361272329092026,1.0212415142613147,0.26387507675963723,0.12417342305183411,1.2484445008144618,45035575.901820764,362.5850913837947,0.16087694477196826,48889832.90586692,555.1166917002779,0.704546031232169,43126329.414506614,468.0150245728088,0.8933372840560666,47985234.30937176,225.81463708630946,1.2226003991042882
Steel,6,4,5125.61,2.512,1.4543459624052049,0.13300881111621857,0.025430319211449046,0.21853990685967947,0.05342321127653123,0.32811627232231266,0.2631086228989969,0.0823659861087799,0.6039472103818174,0.24754808298518513,0.12261382281780243,0.7426416965549053,0.19680966953811843,0.09636452078819276,0.8771559933300292,0.3173428884278397,0.07428812086582184,0.9988211253969712,0.177434773341996,0.07130661308765411,1.1440102544724715,21694624.817900147,505.30596597674713,0.16620745462116163,23765776.806212317,422.09648527215137,0.44518424372457494,28559585.866931953,418.0603451497249,0.7697506637781449,29140375.699116316,860.9499120367997,1.2947051621822188
Steel,6,3,5125.68,2.514,1.0266738563776017,0.11696994960308076,0.01652282079441804,0.3186849423149563,0.1420486307144165,0.17156613153134748,0.30473197986363093,0.09444122433662415,0.33820931201489696,0.29025624860523674,0.06597270280122758,0.4733518853838221,0.3152748869021259,0.08811752676963806,0.6232134033217103,0.3824208788958102,0.049388894885778425,0.7938897932935658,0.230040363075835,0.07927085280418396,0.8769945367042753,42923075.16767446,321.24522276262405,0.12631757366499693,50435246.33316367,689.1072868080569,0.6810556732813009,52414531.9934094,245.57924490502907,0.9185226179864221,0.0,0.0,0.0
Steel,1,3,5125.7,2.514,0.750243230164051,0.059673856556415564,0.010785175284947253,0.3751003499259899,0.08725990355014801,0.4016122725616165,0.0,0.0,0.0,0.0,0.0,0.0,0.0,0.0,0.0,0.0,0.0,0.0,0.0,0.0,0.0,15450305.515142383,442.6006099808502,0.3225715630073023,16049952.293885306,486.3371389090752,0.5618134729056737,13783101.907743625,204.04590884872917,0.6334164543110989,0.0,0.0,0.0
Steel,3,4,5126.14,2.523,1.0425012588500977,0.16,0.026738356975546138,0.18713063659451815,0.08072395235300064,0.21643109966046228,0.17682728996914424,0.09814561486244203,0.41846423324327287,0.35668768733505074,0.08065252959728242,0.6276064309918137,0.0,0.0,0.0,0.0,0.0,0.0,0.0,0.0,0.0,21647882.841887634,203.72264808955796,0.1382590853929161,17752090.710130796,374.4979439458764,0.5057895674318226,29076601.27757831,400.0380023222221,0.8061238905321901,19124815.52607806,430.33580548626827,0.9379520448442904
Steel,6,4,5126.78,2.536,1.3688575893640518,0.0971371376514435,0.047423386607932154,0.169611012426393,0.09869857847690583,0.1562842890795062,0.41653741795528165,0.09970058917999268,0.3069358497309458,0.34170777132243524,0.0665401640534401,0.4801677143824356,0.31880367342661203,0.06364112079143525,0.793175398801313,0.21285618555080213,0.07320882946252823,1.0190655325442097,0.25258112511651426,0.057164035737514496,1.120142385763198,30056949.00247715,327.7930311321407,0.17385249969969643,25551006.74235791,536.2537462610252,0.6217856247680973,29548480.337577716,471.6783345380547,0.6741158390140016,29627779.28751668,720.9399506672795,1.1974138218443073
Steel,5,3,5127.0,2.54,0.8889663025736809,0.09230205631256104,0.01445056980754401,0.37388103585969357,0.10371679127216339,0.14340690439413453,0.24399245369111722,0.0694914522767067,0.32804870926338603,0.21054342853949834,0.07612038284540176,0.465548800806351,0.22630508096899243,0.13814058363437653,0.6533282998259554,0.34009449404092984,0.1150603210926056,0.8000596723163129,0.0,0.0,0.0,34183022.52533842,308.0653057510912,0.10860603489642527,32258371.893103696,442.8874060691732,0.5616890901809439,27744480.373429712,575.6282290515012,0.7777709322680374,0.0,0.0,0.0
Steel,6,4,5127.19,2.544,1.3052183866500855,0.061162501335144046,0.010068838583083982,0.13609597434811807,0.03165520578622818,0.19431137206208837,0.41832903366273655,0.1286965775489807,0.41101356948243867,0.26971757097943017,0.09466209053993226,0.5624782795096162,0.2375715434852295,0.07039864718914032,0.7036952443307762,0.40927480397449845,0.08780022144317627,0.8800500317569615,0.32187113427386443,0.11071062684059144,1.117811839563305,44194504.977042705,415.38524548322886,0.14277358845766633,41949368.41940433,378.0068395489331,0.5098463352927829,47953122.89274862,182.9611016021339,0.7887141625863757,40139599.47331895,826.2643616632033,1.1496225229429622
Steel,1,4,5127.26,2.545,1.7288591831922533,0.11572910547256471,0.019736404180876754,0.2659147595476256,0.037871079593896864,0.8270854816125308,0.0,0.0,0.0,0.0,0.0,0.0,0.0,0.0,0.0,0.0,0.0,0.0,0.0,0.0,0.0,16673275.229634881,237.59008496719278,0.2969258603277728,15360036.336983519,503.7665336210055,0.7870528575055313,14988313.320547398,1099.9999999999995,1.0792519318637015,13088118.51733895,659.907373949369,1.4158028579439732
Steel,4,4,5127.3,2.546,1.3105497628450393,0.10145222485065461,0.016671879982993652,0.30635726813046454,0.07647914707660675,0.28559375828725864,0.29577548342247945,0.11092606127262117,0.5208850076869268,0.33645917604747977,0.09445408701896668,0.6294295203790801,0.19182109068731973,0.10389617919921876,0.925302973804417,0.0,0.0,0.0,0.0,0.0,0.0,24611737.537521414,237.89772910333943,0.19863483549590083,25314173.290764466,585.0184005369055,0.6018621336198351,27990589.098915108,715.7329450163513,0.8863491528381559,31574677.506924417,257.9340787534725,1.1412355268966747
Steel,6,2,5127.37,2.547,1.2307319521903992,0.09467500090599061,0.004879191000115105,0.21424016671539944,0.0462474675476551,0.1981384465680326,0.3255951083250909,0.062368145287036894,0.31685288490254476,0.31708646485618386,0.06890693634748458,0.41052252844495196,0.1684765811668637,0.10191369891166688,0.5271477227073517,0.45597772273658993,0.046074441224336626,0.7995273323240595,0.40629036913162436,0.09187786996364594,1.0314086572111176,69736635.34769969,511.29380218393766,0.1579506961320819,71468857.67893706,394.65126173859375,1.0141251984350295,0.0,0.0,0.0,0.0,0.0,0.0
Steel,3,4,4875.74,-2.485,1.8707073777914047,0.13183604180812836,0.012249546120819976,0.2685493679282184,0.07428506791591645,0.39110023854610243,0.4313176915779348,0.1110564935207367,1.3491000294434699,0.2866306274204415,0.07076044499874115,1.526141946549506,0.0,0.0,0.0,0.0,0.0,0.0,0.0,0.0,0.0,27627565.954933077,500.8118211170735,0.18886798942149463,33790013.66673862,245.0222596426813,0.5927076387283038,34267409.94437992,382.51665253389734,1.0589295640063212,39732190.65282561,944.4593983426905,1.6618809552942373
Steel,4,4,5127.51,2.55,1.045092184841633,0.05500951665639878,0.012149194580383757,0.33988464223883996,0.06441909223794938,0.22738596386438426,0.1920542768053607,0.07825171381235123,0.3718159156815661,0.5002525477250224,0.0794923621416092,0.6651068937597222,0.2914421583216228,0.030618867799639703,0.8345452883065652,0.0,0.0,0.0,0.0,0.0,0.0,22008923.925921727,531.2178075325065,0.11533102928753383,20779385.456304744,529.5124655892615,0.4995562845277016,22045716.953633834,1037.2299694662597,0.6982228134820158,26283220.700868882,227.1157519378174,0.9405829653123775
Steel,6,3,4874.98,-2.5,1.657846209406853,0.0990704016685486,0.022260568850935695,0.3860156317341376,0.0552661082148552,0.3427996753537308,0.18874411340707345,0.08583933651447297,0.6179881985181691,0.34970968961130394,0.10579137921333313,0.7498369834854168,0.30139662207821877,0.06257154613733291,0.9606365124684366,0.3971600881331032,0.08267668962478639,1.1792405143370182,0.1688292131011546,0.14482064723968505,1.3583822911088754,39572475.462595396,615.5709296016903,0.21369903419030695,41037910.644370876,790.9370113152054,0.7932840721733204,56766235.13661345,248.00039669373132,1.4709765654665024,0.0,0.0,0.0
Steel,3,4,4874.7,-2.506,1.1023394480347632,0.10311559331417085,0.008621848686934748,0.20121379506001133,0.11439027607440949,0.4010440024664761,0.4015621567363369,0.06794603198766709,0.7270056381347507,0.2825902115064766,0.09828695714473724,0.8454588659681843,0.0,0.0,0.0,0.0,0.0,0.0,0.0,0.0,0.0,19028340.824225247,524.1714010358141,0.14296287712976707,13588409.980815118,223.5491224867742,0.46478228507461317,13094628.762512172,275.1873234780239,0.7407840428197733,18037096.83370237,451.9816727788184,0.970337722816484
Steel,5,2,4874.16,-2.517,0.9030453413724899,0.12338956701755525,0.007577521659333162,0.3453488607854559,0.0581716874241829,0.23537565004239108,0.294061954941715,0.1227247053384781,0.4212244920051178,0.24392554617227083,0.025316035710275173,0.5449968703426844,0.4295371815973426,0.07872592061758042,0.6143170371435791,0.41548400476683073,0.06847999602556229,0.7483683968859445,0.0,0.0,0.0,65579135.47344482,494.18738061754954,0.12186781234843443,51031414.81842354,394.7172833264628,0.7971180685351614,0.0,0.0,0.0,0.0,0.0,0.0
Steel,6,4,5129.52,2.59,1.5239767193794251,0.09297418832778932,0.029595058412228283,0.2535614316075482,0.050827173292636876,0.2133597876491072,0.15121786691258737,0.11157775759696961,0.4656920951013018,0.35811900897725024,0.09590866267681122,0.7036158895749156,0.3541792903512537,0.04042348131537438,0.7931815303241133,0.26946962620367876,0.1240332043170929,1.038618033695247,0.25397534300038926,0.08830032408237458,1.2993728701140181,30475364.61104132,363.0280947412744,0.17977168596753804,29472321.648355566,712.297128890646,0.5242637546586469,29340794.045791823,325.48028910360233,0.9323528893281009,26170725.237797268,188.85623852348374,1.371579045917506
Steel,6,2,4873.54,-2.529,1.1155630230903626,0.08423474973440172,0.010281459890191693,0.22484237238921423,0.10821283340454102,0.17856244499233398,0.2333484821010051,0.06756434738636018,0.3470164829279492,0.3833083441631649,0.11019483327865601,0.5056465176633695,0.2758880276130123,0.07264648228883744,0.6218559805380411,0.16804328496616713,0.1050699532032013,0.7465257797360997,0.23404462835477527,0.03897115081548691,0.901739507329019,278009135.49616015,450.05387843885154,0.13662982552072792,236343823.6976399,375.8349176142024,0.9350216206086576,0.0,0.0,0.0,0.0,0.0,0.0
Steel,2,4,4873.22,-2.536,1.5714615732431412,0.1270055902004242,0.034718554431794814,0.2900006832814803,0.031896234825253486,0.7056025365559294,0.26569061012472606,0.06296684890985489,1.1380656902519837,0.0,0.0,0.0,0.0,0.0,0.0,0.0,0.0,0.0,0.0,0.0,0.0,21643403.505274843,396.5532281779369,0.25225451970461976,18338624.862546053,617.5129579423196,0.47374973786804014,16868752.47962906,240.43615251030468,0.748225994852521,18077848.401898466,628.5231879867589,1.3174974014669654
Steel,3,2,5130.51,2.61,1.2337233185768128,0.09782502937316896,0.01645952409563294,0.2475907846847461,0.020035505986888892,0.14123876443336303,0.17464839440080732,0.14116526663303375,0.31411784291666733,0.2588091255266398,0.08767260193824769,0.7246586974549116,0.0,0.0,0.0,0.0,0.0,0.0,0.0,0.0,0.0,20528096.23540999,761.2685681820454,0.1626022357607836,27056507.62601453,487.97817289345136,0.9640877155371529,0.0,0.0,0.0,0.0,0.0,0.0
Steel,5,3,5130.56,2.611,1.868295693397522,0.11820520758628847,0.027387579212899922,0.3583720803204308,0.048932796567678453,0.43861183800681647,0.26788127024409364,0.08797607600688935,0.7493431757303034,0.26669915986869097,0.09062315404415132,0.9912034391679089,0.4027753368229316,0.1252141225337982,1.3696106353825659,0.18303714919443925,0.09521877348423005,1.5385154022255736,0.0,0.0,0.0,52536857.86127303,891.256931532387,0.22076698234445494,57574808.21733111,503.66029736266046,0.8720651556351986,49225165.9030288,484.33542709305743,1.6490940461520258,0.0,0.0,0.0
Steel,4,3,5130.61,2.612,0.8906814754009247,0.05458301430940628,0.004911953537586106,0.15683500536968917,0.055285100042819973,0.14337797864644788,0.33650779784196033,0.10407683014869691,0.24818305241428396,0.2829077472497894,0.10052669107913971,0.36172367501968994,0.23541711282860106,0.07887978464365006,0.6246756849669355,0.0,0.0,0.0,0.0,0.0,0.0,34176502.36319618,465.569182483456,0.09721208219387147,23566853.596338704,147.26302517489802,0.41540891944734865,25380383.01427578,682.2077657892107,0.7368647141869213,0.0,0.0,0.0
Steel,2,4,5130.73,2.615,1.1560954973101616,0.08312124437093736,0.03350406641901234,0.34282568354561116,0.1057199913263321,0.23596544795929333,0.3423375914535821,0.05642307549715042,0.5641298728185129,0.0,0.0,0.0,0.0,0.0,0.0,0.0,0.0,0.0,0.0,0.0,0.0,20144137.755264796,298.9664325879586,0.16624663238966003,22643347.903850574,354.8537710504824,0.6208231200349528,29491144.690989558,614.2139863805684,0.7789603157382876,24488420.790316995,284.1063919463678,0.9676287559556278
Steel,4,2,4872.01,-2.56,0.9890511497855187,0.10032029366493227,0.02677298443541907,0.17462350776375546,0.04832504257559776,0.20216987727655805,0.36566776411217017,0.05234672874212265,0.4196462433208471,0.40092248702816424,0.10687819838523865,0.6306884682075429,0.3737120837846027,0.10562840282917023,0.7431612735255295,0.0,0.0,0.0,0.0,0.0,0.0,68370482.74632445,912.0137359466025,0.12250404078992545,55221406.54627372,333.9888837810071,0.8235649990254784,0.0,0.0,0.0,0.0,0.0,0.0
Steel,5,2,5131.74,2.635,1.078729122877121,0.08211562782526018,0.0230896184687402,0.34350909536282404,0.04616869911551476,0.20643689051089598,0.2895671488345383,0.14682290196418762,0.3921642861424318,0.36389780320562026,0.07901275455951691,0.595616319920018,0.15620188939977878,0.08320567518472673,0.7942847300436081,0.37205857792515923,0.10911683201789857,0.9411429490601326,0.0,0.0,0.0,85360973.82989933,833.1728207812388,0.13844359982565924,102681992.56775734,306.46411740632624,0.897440107862131,0.0,0.0,0.0,0.0,0.0,0.0
Steel,4,4,5131.94,2.639,1.5397972851991655,0.05924244093894959,0.007700756839834107,0.3628179488080246,0.09260107815265656,0.36145492903294135,0.2912757836880115,0.1203639304637909,0.7605734138914422,0.18526638964054873,0.07855015128850937,1.1139741134380745,0.3158420521217042,0.08035944253206254,1.2643070123398035,0.0,0.0,0.0,0.0,0.0,0.0,43548945.09297248,278.1294111997451,0.17274519106816513,38764770.94885188,716.2881526614684,0.7929821997627773,34443006.36161568,354.7024314714703,1.1490547930574961,45561517.7576458,599.5113412307036,1.3858175551394518
Steel,1,3,4871.26,-2.575,0.7852699935436249,0.08357164442539217,0.024288621153922118,0.4667845251077643,0.07754419267177581,0.6391260539337388,0.0,0.0,0.0,0.0,0.0,0.0,0.0,0.0,0.0,0.0,0.0,0.0,0.0,0.0,0.0,14338313.45927865,932.7054112750641,0.2615428614687128,13912216.287810164,543.0639858840611,0.5964980182094985,12855785.773600137,426.4114266332309,0.7044868554294433,0.0,0.0,0.0
Steel,3,4,4870.9,-2.582,1.793480107188225,0.1019335983991623,0.024027826116746035,0.36088725996754895,0.09008657097816468,0.5874560981148687,0.24036850846914573,0.11279406368732453,1.0270457725132167,0.3451316215384519,0.06478309452533722,1.4722746232207498,0.0,0.0,0.0,0.0,0.0,0.0,0.0,0.0,0.0,28933393.046470605,342.08413109253314,0.17934801251230262,26302490.014500603,295.3031161728428,0.2957181620657639,26426639.12374602,334.3113976754866,0.8209598544628092,24825851.680461723,1099.9999999999995,1.5589087197934801
Steel,5,3,4870.67,-2.587,1.109785830974579,0.08803561514616014,0.03617363498357185,0.2675558536686259,0.0704978758096695,0.2079597385197675,0.3228495711319233,0.06004044532775879,0.4767648021183545,0.3804621484883402,0.042838074117898944,0.608659067537925,0.2978341908776496,0.05326043248176575,0.7794065216385739,0.2501548226677085,0.112138392329216,0.9650019952184956,0.0,0.0,0.0,27507045.229652368,248.73128196235095,0.11097858420724373,27016589.62154982,395.58636734718436,0.4259997852576792,23673753.163758066,514.2656767890945,0.9802817015579725,0.0,0.0,0.0
Steel,5,2,5132.91,2.658,1.081043991446495,0.08368732845783235,0.014149699868301805,0.27228986161546603,0.07333174169063568,0.3300467132817614,0.4384675982135919,0.04551185190677643,0.5209927978166052,0.3455562522941296,0.07724846333265305,0.683107661473696,0.35296396846253675,0.09486501872539521,0.8261380738044097,0.25524050233111245,0.09602869629859925,0.9552890999434354,0.0,0.0,0.0,156026013.6513092,434.65480638313903,0.19387191293931905,154429204.70766595,533.9868609771809,0.9729395912208015,0.0,0.0,0.0,0.0,0.0,0.0
Steel,3,4,5133.04,2.661,0.9955947637557984,0.07198622035980225,0.013760913325067162,0.36504866537753095,0.090712588429451,0.2533323459450303,0.24621491249083383,0.0734073331952095,0.4295343141473066,0.3915107830549838,0.10815509080886841,0.6661011541857214,0.0,0.0,0.0,0.0,0.0,0.0,0.0,0.0,0.0,16522365.614040138,114.30358898910565,0.11825894734416616,23765240.516073663,848.8712463455189,0.5088802424226251,20982282.510944538,706.32082685062,0.6363382576786697,18447352.63984601,1016.1969653797408,0.8566141670348736
Steel,6,2,4870.31,-2.594,0.9196093380451202,0.06531421065330506,0.035289907111568715,0.17108567652789985,0.0422817263007164,0.16180991019953309,0.20652761062526115,0.05780731320381165,0.34208623516811115,0.384071431244959,0.02,0.40715582294538066,0.31840162113343334,0.10174422144889832,0.5807387325273929,0.29484987881374597,0.04373671069741249,0.685262891176531,0.23211697988368177,0.09345252573490144,0.8097415817865369,118953956.02509055,515.345940981973,0.11133405555778307,120023632.0689848,495.7509967875645,0.796195413362061,0.0,0.0,0.0,0.0,0.0,0.0
Steel,2,2,5133.24,2.665,0.6219005398452282,0.05427258533239365,0.01915257396867449,0.24179810764604973,0.0841514426469803,0.22917139690981042,0.17253278418662418,0.12660939037799834,0.3487744016817349,0.0,0.0,0.0,0.0,0.0,0.0,0.0,0.0,0.0,0.0,0.0,0.0,12549256.238296503,642.5016993301573,0.09337611177862325,12173004.660965502,522.6354294371686,0.5262550105960959,0.0,0.0,0.0,0.0,0.0,0.0
Steel,3,4,4870.02,-2.6,0.4605318408459425,0.09826112973690034,0.02948897906966781,0.23588878073752467,0.08289320886135101,0.09487403868076043,0.36254059928415694,0.11220544874668122,0.23567285028840904,0.25870557130750754,0.06031265765428544,0.3558679503969926,0.0,0.0,0.0,0.0,0.0,0.0,0.0,0.0,0.0,13668844.912993036,428.7820791694522,0.05478649026287916,11592862.775374081,343.64638963031604,0.16570918652948774,9659312.971576164,343.3037508997611,0.250193206460884,10802979.236848526,382.0170411590093,0.40859125623359577
Steel,3,4,4869.97,-2.601,0.7880212500691414,0.09600820267200472,0.02931434173418437,0.49756059121781177,0.07213968873023988,0.1583058409634397,0.3224007673998632,0.11519125699996949,0.3832232876791266,0.31540029172986095,0.06752031594514847,0.6214744721507889,0.0,0.0,0.0,0.0,0.0,0.0,0.0,0.0,0.0,18972558.93711973,705.5960089740042,0.08242879748469376,16421310.78505751,745.2811045150379,0.27213932477446073,19416789.49129446,967.9609480660476,0.4514946703163466,26187478.292703584,344.3409593624167,0.6952835101600594
Steel,6,4,4869.72,-2.606,1.3230568677186967,0.1325468113422394,0.004646522188841111,0.2211114471717446,0.08851723074913026,0.1513214967837867,0.3008074778056131,0.13152565479278563,0.3774516330352916,0.32361654095259945,0.09235480427742004,0.5798697054431792,0.28849585053397886,0.1098112463951111,0.8072559989650618,0.24002298133751207,0.093259996175766,0.927145643348425,0.26599756665110674,0.06420981019735336,1.0758803671534323,26947024.888117835,618.9136242499544,0.17815057146913402,35177583.04213569,719.8843360682189,0.5496093652509981,27469750.811863158,92.50217645566755,0.8436615018469893,34580757.91498961,457.91898682756556,1.178177447271795
Steel,4,3,5134.04,2.681,0.882421861588955,0.1290587955713272,0.014803562414839126,0.21018890630020814,0.08137042611837388,0.1371603535644972,0.44824736592646763,0.11356194257736207,0.27445496217848253,0.3741172972018437,0.0856835275888443,0.501513980447036,0.34270273675502494,0.10877019822597504,0.6711668981392023,0.0,0.0,0.0,0.0,0.0,0.0,44762248.09726287,559.4946058651714,0.10892075412493545,54731949.759505555,705.5758446903302,0.6362066889084135,55991155.14853496,441.60804500397205,0.7941796745476375,0.0,0.0,0.0
Steel,4,3,5134.1,2.682,1.014625634253025,0.07940987581014634,0.014873436167730457,0.2945688408863823,0.09439935088157654,0.18605016160218307,0.31469387530664733,0.07309462666511536,0.36028990315497833,0.47922370520981294,0.1284489166736603,0.5148403515637201,0.36349407826145713,0.07783562928438187,0.777775693427947,0.0,0.0,0.0,0.0,0.0,0.0,45199238.84295108,690.9947838116751,0.11661914626397132,62525436.353506975,537.0967777119125,0.4611513175810915,54945025.49851794,268.7724301840054,0.9131630698130969,0.0,0.0,0.0
Steel,4,3,5134.15,2.683,1.0298788130283356,0.10738124310970308,0.017870548866593342,0.4101452553004367,0.06550660103559494,0.20087805471607448,0.33765632798352274,0.06289680153131486,0.36381065392462614,0.271293868222394,0.025044581294059752,0.6821312327867,0.4341971978105253,0.07337549030780792,0.9185670940833012,0.0,0.0,0.0,0.0,0.0,0.0,36677968.56355719,355.1890567769601,0.11799723003312604,22716753.982917946,312.15641167261407,0.49886227485209406,29468730.499360602,306.38261903548664,0.9085660940833011,0.0,0.0,0.0
Steel,5,3,5134.48,2.69,1.0092377454042434,0.07713004213571549,0.020280341097711548,0.41018642257118604,0.04474015682935715,0.1717334774199849,0.2467225223574749,0.10538699507713319,0.2562737026606327,0.37794684743859697,0.09412778556346894,0.43427149174614993,0.2527780229006694,0.12370092868804933,0.6755541782328492,0.3364248528117699,0.0690293100476265,0.8539379860292642,0.0,0.0,0.0,62468075.81232241,296.2380804261301,0.10424748332076214,40040745.72553106,96.5278159980254,0.3384298707883202,33636656.2066351,285.4653235549768,0.867256183538407,0.0,0.0,0.0
Steel,6,4,5134.7,2.694,1.472657495737076,0.06140726345777511,0.006638639913535025,0.2921818669558403,0.09309338569641114,0.31017695166736603,0.2742326221459991,0.07797277957201004,0.6028745302235726,0.16345879530993201,0.11644867718219758,0.8408902600554697,0.30183977416947944,0.08755703926086426,0.9709588181387454,0.36808613205789276,0.08881565272808076,1.097143582122807,0.45542991414164646,0.08896816074848175,1.201151966075604,202532638.43610245,987.1020584741194,0.17235349002986758,176633397.22785735,526.614089823175,0.39222433873351903,189774411.7346177,461.30926024523814,0.6201785491322466,196488461.88269603,465.6968399387058,1.2937586816426907
Steel,2,2,4868.56,-2.629,0.9662316158413887,0.1005742348432541,0.025252768447676224,0.37206094497886416,0.07381742805242539,0.4127417217858509,0.42514406871922267,0.05325524479150773,0.5950068315211781,0.0,0.0,0.0,0.0,0.0,0.0,0.0,0.0,0.0,0.0,0.0,0.0,33619631.77724626,650.3716116637553,0.13489326893087836,26182077.647273615,212.75123609676066,0.7350457166240063,0.0,0.0,0.0,0.0,0.0,0.0
Steel,2,3,4868.1,-2.638,1.165766714513302,0.12500144982337952,0.011472017447906272,0.31918230749086024,0.08853490531444551,0.3645024696564726,0.24153883192322848,0.11387682259082794,0.7565044643341897,0.0,0.0,0.0,0.0,0.0,0.0,0.0,0.0,0.0,0.0,0.0,0.0,14500605.884689633,485.4184778246317,0.166189428359439,20059210.78542828,591.0124587903618,0.5061706183571291,21935253.24684018,627.3909279229401,0.9524456611660498,0.0,0.0,0.0
Steel,5,2,4867.88,-2.642,1.2974799573421478,0.124570427775383,0.022548215119176485,0.2310307630168079,0.07195481479167938,0.2754079169961198,0.4543683157555044,0.04405479088425636,0.5332371310128401,0.22709663277867473,0.11238582074642182,0.712599003272486,0.4021306204962741,0.04778592184185982,0.9434965451885888,0.2529102789697703,0.08516321659088136,1.0673465464616434,0.0,0.0,0.0,59388462.94421248,317.1928681663502,0.16064693968494353,53259285.74460348,647.5709939686961,1.1611250645730136,0.0,0.0,0.0,0.0,0.0,0.0
Steel,4,2,4867.84,-2.643,1.2673384785652162,0.13379038929939271,0.01677995471176182,0.27797189542061074,0.0900802093744278,0.40686334501644605,0.3491606355608203,0.06619399130344392,0.6849915441969758,0.34887125216046133,0.04762947753071785,0.9568997682124296,0.30704290907741694,0.10238621652126313,1.0829941844176088,0.0,0.0,0.0,0.0,0.0,0.0,63739388.69362393,219.53898568756,0.16648713710740864,47852006.51198449,347.97517746195444,1.1303330737218156,0.0,0.0,0.0,0.0,0.0,0.0
Steel,6,4,4867.36,-2.653,1.1328326284885408,0.07764084452390671,0.02413850146927189,0.2740817828255834,0.046184591501951214,0.2669757373971593,0.1683729607008011,0.05693728059530258,0.4159942128615288,0.20509108271550755,0.10327460944652558,0.6055002794688022,0.2666881320878663,0.09952047288417817,0.808970885438557,0.4232553304864443,0.07989962100982666,0.9460030447053913,0.20293868197361004,0.061153020858764645,1.019539365639687,22801707.575752813,323.02492186482067,0.14898620151970218,21042568.628896624,444.551188747791,0.44389714746840375,21603304.56102259,728.3090293147138,0.6364362241000407,31620768.97959724,168.31522542071392,1.0044223102168766
Steel,4,2,5136.37,2.727,0.5298839077353478,0.06500928318500519,0.009597369069223632,0.4209025761597329,0.10303632438182832,0.07533352309770805,0.4460122862023719,0.03353601858019829,0.2128217113730284,0.20859707500115893,0.04975963458418846,0.2836198518502565,0.21093741776356953,0.10406760931015015,0.4619633519436252,0.0,0.0,0.0,0.0,0.0,0.0,37112670.702982016,177.59422602370546,0.06381279122630379,55071984.891664036,391.6132684471589,0.4488267273219116,0.0,0.0,0.0,0.0,0.0,0.0
Steel,5,3,5136.4,2.728,1.0498131141066551,0.09000562500953675,0.03165241177814673,0.33583737376906897,0.08773685336112977,0.17052952155193385,0.4236876043863517,0.12022888004779816,0.3005762975990568,0.36907731224878565,0.15,0.5524323597923456,0.2378839594949161,0.05022872537374497,0.7144513038278123,0.36795052683666396,0.07038528084754944,0.9003584071552903,0.0,0.0,0.0,56694434.922828265,621.1367812115311,0.1268282360635877,62943818.635455854,794.6431400981469,0.6001041545145549,63446372.998594396,620.3760892248409,0.9441968710746624,0.0,0.0,0.0
Steel,5,3,5136.68,2.734,1.7193228244781495,0.1162790278196335,0.010628228620618893,0.2332595757016771,0.06361800283193589,0.48928597759889647,0.2775068354693806,0.06611285954713822,0.7970687753025889,0.38372413185486864,0.05658664852380753,0.9600398784200666,0.17548690991760224,0.11165707230567933,1.067105096948231,0.29020566393228614,0.06911340564489366,1.3752521163867835,0.0,0.0,0.0,27030070.480159394,633.4236605366566,0.22582371667832835,39349758.130947776,855.8180510954396,0.8378968164242349,28088493.49716899,350.8100269124735,1.477173730745326,0.0,0.0,0.0
Steel,2,4,4866.77,-2.665,1.5698004871606828,0.0679697169661522,0.015685417000150144,0.31624982123922707,0.0620021516084671,0.24347044211522367,0.3503830440569211,0.09570338666439057,1.3846681459691852,0.0,0.0,0.0,0.0,0.0,0.0,0.0,0.0,0.0,0.0,0.0,0.0,33220424.33796901,354.0730277733954,0.19932586439669903,36293957.05694514,244.60225083787134,0.5622991275988201,38003635.94903182,1099.9999999999995,0.7478507441234519,31785332.434123766,558.9427152501358,1.3117439069987131
Steel,5,4,5137.22,2.744,0.743748851120472,0.08233519303798677,0.007431212041878024,0.37702330755047236,0.1167977285385132,0.07438488511204719,0.50761558473025,0.09066594183444977,0.21001133618392084,0.2950938069046268,0.02,0.31702549729159435,0.4555666879171947,0.042997441589832305,0.4646472818653059,0.2742055731907238,0.07246979087591171,0.5390449590964582,0.0,0.0,0.0,33210940.544435773,774.1018301980566,0.08949726323728333,35896780.23867653,1014.1783039314893,0.24378391576900366,34994779.63663966,787.4191711315225,0.37170132955305013,30830511.704010114,548.7796595749908,0.627865643429592
Steel,5,4,5137.79,2.756,1.4371935725212097,0.10068206441402436,0.042356735264806815,0.5140394074899849,0.1323697644472122,0.28031389671492096,0.3551326177983865,0.10310472905635834,0.5377482236868875,0.22542342177756225,0.09082749247550966,0.8025117993339475,0.25898939584716285,0.11467441737651826,1.103510443489859,0.2848977508528556,0.06323627173900605,1.293464215269089,0.0,0.0,0.0,53118272.97078374,129.8505502839028,0.16933589492676845,47143105.05811291,208.10336861831607,0.5810699574655025,49284160.15466056,868.0780875097457,0.8781435586363441,45466823.01691905,572.5152789561168,1.2813622497467756
Steel,4,3,5138.97,2.779,1.3867569386959075,0.09268924403190613,0.02051449624758538,0.2825907753963339,0.13103405237197877,0.388115473574567,0.2369242680275689,0.09180826425552369,0.7201457846805135,0.35286215631712015,0.0717636489868164,0.8928047430362285,0.2527587411670264,0.12274835407733918,1.2064729398263558,0.0,0.0,0.0,0.0,0.0,0.0,37316086.37001231,492.0027940300584,0.13927234517262957,47371566.61669881,309.80191161162656,0.4969560490883459,35016839.860746466,596.3377388638617,1.2479134924391118,0.0,0.0,0.0
Steel,3,4,5139.02,2.78,0.9141998916864396,0.07705507349967958,0.019589424264316615,0.3960896709085706,0.07207990437746048,0.38213292224610257,0.2828589318475575,0.054312251210212714,0.6429269649241586,0.2725899728044121,0.13393675684928893,0.8219573052456811,0.0,0.0,0.0,0.0,0.0,0.0,0.0,0.0,0.0,26113994.900506612,859.0199857592378,0.16901093358276986,19011927.265350692,835.9717497030288,0.40537778112302786,21756094.134165667,206.39813728162795,0.4594461539655652,19469316.7139774,197.58812381511336,0.8119563052456811
Steel,1,2,5139.55,2.791,1.1429195031523705,0.08261622279882432,0.022906038138881802,0.26803754230848087,0.1175240981578827,0.45929256846852357,0.0,0.0,0.0,0.0,0.0,0.0,0.0,0.0,0.0,0.0,0.0,0.0,0.0,0.0,0.0,16396583.942229271,266.17267561580974,0.15427334087330144,17458658.214177415,107.3515650077701,0.8462763791302612,0.0,0.0,0.0,0.0,0.0,0.0
Steel,4,2,4864.05,-2.719,0.8812626078724861,0.08204836976528168,0.031193930900485896,0.28935822317939847,0.10862918913364411,0.1457382815873261,0.47456800039304237,0.10860096096992493,0.3796712353934925,0.25011249983942035,0.07163832694292069,0.5459684192568187,0.18294547416693593,0.07365974009037018,0.6776944184574836,0.0,0.0,0.0,0.0,0.0,0.0,88650166.8721623,972.9963956969905,0.09090554566061562,81725783.18949834,538.3622206718138,0.7482105574780401,0.0,0.0,0.0,0.0,0.0,0.0
Steel,4,4,5139.77,2.795,1.4663351356983185,0.09890711688995363,0.0150947115159834,0.17148801655699308,0.0621503359079361,0.4213660736566448,0.33677596461932513,0.02,0.6497785490798645,0.22492227631375716,0.06643200129270554,0.9048593344553507,0.4149291338847186,0.13977473318576814,1.212565655713255,0.0,0.0,0.0,0.0,0.0,0.0,42940560.85886339,544.357177767475,0.16410974415747412,75116097.71034683,581.2496036228782,0.4328845900462909,42973690.65022931,333.2322701298179,0.4612413513126837,59218307.08398215,407.0188783710342,1.2381809120723917
Steel,5,3,4862.8,-2.744,0.8521210446953774,0.10232732868194581,0.03484654075925124,0.18353803729317475,0.06227012932300567,0.13706822392058918,0.3097807237924735,0.08800727188587189,0.29072708679148324,0.2248396533047867,0.05734021574258805,0.38584357207112835,0.3050177718396588,0.06675411462783813,0.5203564650086582,0.401801712368035,0.11120052456855775,0.6879505852304386,0.0,0.0,0.0,24194301.841716934,694.562822090127,0.12290291901109777,25392378.68954189,523.7805738544936,0.609548948520038,26753313.903462954,803.7659879666769,0.7588652474396154,0.0,0.0,0.0
Steel,6,3,4862.67,-2.747,1.337435892224312,0.0492825074493885,0.015039342372643143,0.34180366704366455,0.11529278695583345,0.36791914869514464,0.2044961150767053,0.10963878571987153,0.5628591143086562,0.16598160298794692,0.06535758763551712,0.6789394080596406,0.2114208129219186,0.07985646903514862,0.7972931745432448,0.28107865799071896,0.07776278853416443,0.9709022328580071,0.23924394179386485,0.10790696501731874,1.1008393820388145,51781596.54975574,405.3949135374364,0.187151754893287,50232403.91050031,680.28425991004,0.6230231466845504,47046491.4268984,1077.1969648464933,1.1813941890414204,0.0,0.0,0.0
Steel,4,2,4862.53,-2.749,0.7929492637515069,0.1370557293891907,0.021649386231544283,0.2827390323760815,0.14846719443798065,0.15446232208410884,0.3642808681130939,0.0681248077750206,0.3426387560592521,0.33770462227461845,0.08081153094768524,0.4656707230651287,0.31457840482372434,0.058642585575580594,0.6406427349954882,0.0,0.0,0.0,0.0,0.0,0.0,45538107.709811926,551.1607945947794,0.1104586974380303,38574697.59409707,189.11677642934663,0.6615329642623741,0.0,0.0,0.0,0.0,0.0,0.0
Steel,2,2,5141.81,2.836,1.1435727894306185,0.09387317717075348,0.013358644498857042,0.21846347946382727,0.04529113292694092,0.18008497502024562,0.25797194162663845,0.06003268122673035,0.44705192610664746,0.0,0.0,0.0,0.0,0.0,0.0,0.0,0.0,0.0,0.0,0.0,0.0,16157370.849650653,427.3787920496555,0.14241126842697707,14916788.046803381,280.29825231698646,0.9151223660248147,0.0,0.0,0.0,0.0,0.0,0.0
Steel,3,4,4861.81,-2.764,1.117363268136978,0.11745001971721651,0.031816115843339446,0.18983719079824768,0.10308579921722413,0.2558193349776077,0.2398237510077835,0.06577288568019868,0.5611896270040141,0.5124215372598748,0.046169894337654116,0.6510449954332891,0.0,0.0,0.0,0.0,0.0,0.0,0.0,0.0,0.0,24962536.36287679,643.7830137285515,0.11174637828246639,19053402.51566762,179.61623033718138,0.15781500982836422,21193603.382043693,584.6618437122489,0.3091504970013922,25261895.788257767,209.8789214248434,0.8914713846516884
Steel,6,4,5142.19,2.844,1.4401256144046783,0.114137188911438,0.021985865667974544,0.24632689557669374,0.12737623870372772,0.16286123450872603,0.21327435083122587,0.03650236621499062,0.37658782145082925,0.2813507034471697,0.08795886635780335,0.5269043214902192,0.28012715763536006,0.04433564484119415,0.6759614874533387,0.26222078171478086,0.09541153550148011,0.9115855734056791,0.1690061748993439,0.03778545558452606,1.1141265518461094,26293701.205065235,492.3932681003942,0.1832012982758488,36484568.96765346,473.8977079252005,0.7367515094904917,34732108.48185418,110.70255416202814,0.8612895908365528,36489445.20624733,562.1111141405837,1.262265549688614
Steel,3,2,4861.56,-2.769,0.8021762639284135,0.10051422607898713,0.010346910955992305,0.3520022417361675,0.048398065418004996,0.11863317922998717,0.2134205064962783,0.034260958582162854,0.3480627709234565,0.3822565344306609,0.08556144058704376,0.612208501892589,0.0,0.0,0.0,0.0,0.0,0.0,0.0,0.0,0.0,23726245.758117877,924.6615471783847,0.13302285362596605,22730682.378066283,675.3689608593581,0.7070181027264488,0.0,0.0,0.0,0.0,0.0,0.0
Steel,4,2,5142.44,2.849,1.1122463643550873,0.0768581702709198,0.0304774312765753,0.2655388258625485,0.070574432015419,0.19930450557963122,0.2067891855737941,0.15,0.38768653149260623,0.23178309673990807,0.06600084185600281,0.5884962102816039,0.4166786775201972,0.05863353133201599,0.8253206865151363,0.0,0.0,0.0,0.0,0.0,0.0,66271672.650120825,303.9910963596264,0.13384161475750403,58512119.44142274,1020.8924723124177,0.928654495083309,0.0,0.0,0.0,0.0,0.0,0.0
Steel,5,4,5142.46,2.849,1.0532266438007354,0.09836146879196168,0.01824289632342172,0.2373532216788604,0.035142060071229934,0.26278167553475007,0.28989198795317106,0.09999040246009827,0.5423740596120459,0.16146843409912237,0.08099253833293915,0.676202873583583,0.21491293126043934,0.09639102876186371,0.775176528056314,0.2590693893957143,0.034458878263831136,0.8547761408674522,0.0,0.0,0.0,22266615.297701053,725.5839422880252,0.1778243713162465,17259609.44045085,357.3814942163896,0.3952426287224995,15891769.352232046,620.0708683523603,0.4667621764610905,17484630.067851804,714.4931279555195,0.9152245361537413
Steel,3,3,4861.17,-2.777,1.6956645876169205,0.10516312789916993,0.03772103545036017,0.23557434929172175,0.05653028517961502,0.4407558774717409,0.27437038318878143,0.07495731353759766,0.6281547086043453,0.14647218814967713,0.09757113337516786,1.0523102189661282,0.0,0.0,0.0,0.0,0.0,0.0,0.0,0.0,0.0,14506749.746326836,598.9116480231409,0.2814044878152613,16583273.066084241,377.7780354977018,0.6658618338921695,17171917.847629122,324.6345103898105,1.4374419896288135,0.0,0.0,0.0
Steel,4,2,4860.04,-2.799,0.7498617008328439,0.10379002749919893,0.016721506572512798,0.5032041060640313,0.070773164331913,0.08482939223298205,0.44208085091633054,0.12698722779750823,0.3120231040643255,0.35413222333396754,0.08343521595001221,0.47107210956064194,0.3785327163932594,0.10626931309700013,0.5858012278593223,0.0,0.0,0.0,0.0,0.0,0.0,61678844.34479698,567.5087906207249,0.1081460466433281,77094487.3445076,414.3936273368133,0.6080119786732647,0.0,0.0,0.0,0.0,0.0,0.0
Steel,4,4,5144.22,2.884,0.8137203380465508,0.09386645686626435,0.011247540853851429,0.1510081020133972,0.05116896227002144,0.18577393302929435,0.36481622169510747,0.07535373598337174,0.34589487975201355,0.34473773017732345,0.04949243173003197,0.47457056461696157,0.3122747258794447,0.0622967728972435,0.6336239455336972,0.0,0.0,0.0,0.0,0.0,0.0,12494801.187525524,648.9783852436198,0.10432664974176616,13716073.236906087,382.43263429319296,0.4599916226144446,16091536.061713513,242.8250571362561,0.5644131734619255,14979234.326719994,544.1268839600069,0.6838167281775087
Steel,3,2,4858.69,-2.826,0.6408303491771221,0.1077175122499466,0.006005004010215888,0.26265865487658413,0.07356920540332794,0.14521484801166695,0.3167206349888177,0.15,0.3089185943601432,0.25098729422448257,0.05431235194206238,0.47588429559403234,0.0,0.0,0.0,0.0,0.0,0.0,0.0,0.0,0.0,26291177.58660301,615.1015241152165,0.06498635798068023,26129155.043279093,760.974344493218,0.5570137039625505,0.0,0.0,0.0,0.0,0.0,0.0
Steel,1,3,5145.71,2.914,0.7696629077196121,0.061250474691391,0.03710790905569569,0.49328116648803494,0.10465581357479097,0.24582253558601927,0.0,0.0,0.0,0.0,0.0,0.0,0.0,0.0,0.0,0.0,0.0,0.0,0.0,0.0,0.0,34484243.071854584,251.69191479639784,0.09374260799297264,28329445.978031717,669.4309044974121,0.41757263447179704,31765806.681023475,202.28678704967422,0.6070962382871774,0.0,0.0,0.0
Steel,2,3,5145.73,2.915,0.9857441946864128,0.09268608701229096,0.029230053689866618,0.2732521718530131,0.06745377868413925,0.5854869223456527,0.2245630318232044,0.0683036881685257,0.8661953994913129,0.0,0.0,0.0,0.0,0.0,0.0,0.0,0.0,0.0,0.0,0.0,0.0,14709948.83304829,602.3416134011811,0.3720217346234967,11324688.550956534,390.3552738911647,0.6776008046172519,11310958.599698914,456.91156825347565,0.8871697742320274,0.0,0.0,0.0
Steel,2,4,4858.17,-2.837,1.000351530313492,0.047879131823778155,0.034701488450655876,0.2797812549817835,0.07329456001520157,0.5086739132263772,0.3410415818902272,0.10157878875732422,0.6982336994983245,0.0,0.0,0.0,0.0,0.0,0.0,0.0,0.0,0.0,0.0,0.0,0.0,18297729.158735402,986.4867196856532,0.16200044803752825,17242716.81431538,815.3640775131055,0.41251215133239494,19135340.464530304,726.9385609959867,0.4959636441387758,15832498.631836992,446.78624394454556,0.8354278868743502
Steel,3,3,5146.3,2.926,1.5381666332483293,0.07590214347839357,0.029576945500650004,0.30992478097692133,0.15,0.3020966377346833,0.2582748501160122,0.0672998759150505,0.5093054261244481,0.23088531919701566,0.06441431909799576,1.030455906585364,0.0,0.0,0.0,0.0,0.0,0.0,0.0,0.0,0.0,74387558.42074388,623.8432811223396,0.1849171893780937,81848770.95787486,807.3562432177539,0.1964353596734622,99143168.54070106,435.89616806006876,1.1886287427517757,0.0,0.0,0.0
Steel,5,2,5147.29,2.946,1.3082566171884538,0.13334828805923463,0.018380399967973724,0.2260665242782818,0.07084231674671174,0.17740378241949467,0.3074449375482418,0.02,0.3283959249411593,0.2625071680508638,0.07479288041591645,0.5491872172125503,0.32592710180287465,0.038813515156507494,0.7684540829479527,0.30125196329754167,0.08507069051265717,1.0375422385731214,0.0,0.0,0.0,38196525.31954779,523.6340015082596,0.14524417104159795,51179856.34018393,530.5819957099716,1.1354028861256826,0.0,0.0,0.0,0.0,0.0,0.0
Steel,1,4,5147.66,2.953,1.507612419128418,0.03804199200868606,0.016948125562230756,0.20210017634811236,0.09277158617973329,0.9012305995911868,0.0,0.0,0.0,0.0,0.0,0.0,0.0,0.0,0.0,0.0,0.0,0.0,0.0,0.0,0.0,7278126.1835424295,271.2674105270287,0.32457757948971966,7761276.348664957,151.62933686140892,0.616696573917541,6766861.211585732,257.2721551594652,0.7373443755486064,9286699.253439715,995.191462165326,1.22856055554522
Steel,3,4,5147.92,2.958,0.7432905197143556,0.1197678645849228,0.03154901418817374,0.32208818761367897,0.07397656887769699,0.08752027797252021,0.24586265945468447,0.07980374366044998,0.24703317298573407,0.29251798886264097,0.11929226756095887,0.5108739830349793,0.0,0.0,0.0,0.0,0.0,0.0,0.0,0.0,0.0,16126114.735912656,408.50183800867114,0.10305430919970568,16224485.21241796,354.2335471045875,0.2692436914991789,15313891.08183659,857.6639810808273,0.43781334893008467,19294330.275832567,593.1733646028785,0.6510566581595079
Steel,6,2,4856.05,-2.879,1.2657707899808883,0.11236694729328156,0.012911030699211746,0.3356667803683474,0.07250121921300888,0.22248328943952222,0.26828097534289397,0.09939121067523957,0.4864608663166571,0.233176758626882,0.10711387991905214,0.6354960112605084,0.4059652288793055,0.09958965241909028,0.8420871169001825,0.22248687111640233,0.14043569684028626,0.9752363181437709,0.31405320679792714,0.04460735931992531,1.095724514920461,99879056.0240322,873.1922944268745,0.13771790181664983,99105635.39168991,269.59283248969155,1.1119865177568138,0.0,0.0,0.0,0.0,0.0,0.0
Steel,4,3,5148.33,2.967,1.1663008004426958,0.10977141165733338,0.01592812943853754,0.23389911789953252,0.14964363396167754,0.2318844413644961,0.31048520644539684,0.12103031814098358,0.4870541669531696,0.16906756574823237,0.059870433211326596,0.6297710974868761,0.4594560610724575,0.08889082193374634,0.8484189835336421,0.0,0.0,0.0,0.0,0.0,0.0,33290564.719981506,279.3223147352786,0.12647728471975772,48003156.57063361,463.1500639831277,0.5439025449243438,29168938.637748234,213.71488597511075,1.0286883353745395,0.0,0.0,0.0
Steel,4,2,5148.54,2.971,0.8834769114851951,0.10106533336639405,0.03427339587842908,0.16695859955838968,0.08199441730976105,0.13746956287987616,0.23903244667659113,0.15,0.30096558339423884,0.2483111713439026,0.11541466474533081,0.4767202693044574,0.3429648178206856,0.09208763241767884,0.7197820804969672,0.0,0.0,0.0,0.0,0.0,0.0,40575825.66859093,681.9798285338189,0.09910105436154479,37784970.33702001,75.41990667972641,0.7489342933550237,0.0,0.0,0.0,0.0,0.0,0.0
Steel,3,2,4855.74,-2.885,0.7370017364621162,0.11118623888492585,0.019281652681916502,0.3254566241717486,0.08704688668251039,0.16731080743941248,0.2651402376373035,0.09218005001544953,0.43714422005123943,0.376226833401473,0.06384268909692764,0.536968297686608,0.0,0.0,0.0,0.0,0.0,0.0,0.0,0.0,0.0,32686023.34682242,256.8266463345833,0.08396392003099433,26345443.297826722,243.5193008694709,0.623092211991684,0.0,0.0,0.0,0.0,0.0,0.0
Steel,1,3,4855.4,-2.892,1.0907423347234726,0.09535782277584078,0.010223506306693312,0.3259065129278694,0.06251325726509094,0.344743366802319,0.0,0.0,0.0,0.0,0.0,0.0,0.0,0.0,0.0,0.0,0.0,0.0,0.0,0.0,0.0,13304448.46084771,755.3302397772234,0.1616789754939383,7954161.582269453,318.9710823567645,0.753251199062555,11564668.183724886,118.46888860640254,0.9404517623544669,0.0,0.0,0.0
Steel,5,2,5149.11,2.982,0.9476670160889626,0.10956795740127565,0.013065083033041314,0.2420391309158373,0.08995784342288972,0.1396194158934953,0.2339395442642282,0.06656656742095947,0.3038288660081794,0.2612762564307417,0.06829526156187057,0.40863610821910573,0.23644571553877333,0.07968623995780945,0.5209945555658624,0.2967553867925885,0.0872951364517212,0.8219587663338833,0.0,0.0,0.0,33252331.2435778,434.38476201313676,0.1247496238356324,37083048.44622257,673.2978281216456,0.7913132146513481,0.0,0.0,0.0,0.0,0.0,0.0
Steel,2,3,4854.92,-2.902,0.6982287630438805,0.1078840471506119,0.008078722373406101,0.4284464668438417,0.09329052567481995,0.40754913370059664,0.1535922973420874,0.053980192542076116,0.5138601537419863,0.0,0.0,0.0,0.0,0.0,0.0,0.0,0.0,0.0,0.0,0.0,0.0,18736001.15533526,324.26449021455204,0.17185704372108135,13487166.528422518,238.94416170181682,0.35709982298144477,12274382.233666018,748.8768772630315,0.6284058860412636,0.0,0.0,0.0
Steel,2,2,5149.71,2.994,1.541229784488678,0.10120361590385438,0.019075360353960534,0.39652966297006625,0.09157857239246368,0.4415173202479072,0.36135174899153477,0.10664068043231965,0.928090108812849,0.0,0.0,0.0,0.0,0.0,0.0,0.0,0.0,0.0,0.0,0.0,0.0,64082508.22084627,237.1333402466817,0.26530058177259874,68649104.05252828,696.095418107118,1.1890391255341375,0.0,0.0,0.0,0.0,0.0,0.0
Steel,5,2,4853.93,-2.921,1.167956979572773,0.10290926980972291,0.023702237350309137,0.283981786303815,0.04219551533460617,0.2315924695463244,0.1940371915210743,0.1019585555791855,0.40749204626021107,0.27944434655004075,0.11983172535896303,0.6436131876275045,0.3412203291385044,0.08555819392204285,0.7867518976755365,0.2854603188157503,0.09267070710659028,0.9462203127814097,0.0,0.0,0.0,58146587.27027708,731.547042050462,0.14729211883038185,61691305.623269744,530.0793275013324,1.023834754533044,0.0,0.0,0.0,0.0,0.0,0.0
Steel,5,2,5151.94,3.039,1.5440780222415924,0.1060069662332535,0.02548709146707078,0.34060967516937024,0.09536639213562012,0.20667266793557973,0.31115189146135497,0.1029850596189499,0.49173748628157776,0.25312946448037044,0.030448394641280175,0.9643338081319137,0.3190117302634086,0.047523571550846105,1.1507485297736213,0.23905090786790267,0.07621366828680039,1.2473102876803583,0.0,0.0,0.0,57517523.08686685,464.4207771681422,0.222182987281576,68869133.86797372,477.7138114132389,1.2718100871620268,0.0,0.0,0.0,0.0,0.0,0.0
Steel,5,2,5152.4,3.048,0.6776006244122983,0.08370191591978074,0.028947266300477583,0.3567195035712489,0.04776761576533318,0.07106005829154344,0.18306817645593357,0.09320355534553529,0.17126911739204692,0.3859522501747111,0.0751995000243187,0.330911923763867,0.15389257776979653,0.11297658205032349,0.4327342150645808,0.2731288770432358,0.05868781805038452,0.546680245723558,0.0,0.0,0.0,30849362.824163627,580.7818049667804,0.09653672422522937,30261551.40950762,167.80658732072817,0.573034078988086,0.0,0.0,0.0,0.0,0.0,0.0
Steel,1,3,5152.53,3.051,1.860250496864319,0.07179719275236131,0.006136402338455101,0.28558586954548293,0.10645431876182557,1.06497587887821,0.0,0.0,0.0,0.0,0.0,0.0,0.0,0.0,0.0,0.0,0.0,0.0,0.0,0.0,0.0,13461629.403732475,918.4164736366695,0.4461444430771296,15309448.358458819,594.4040935077738,1.030915324659109,14718696.019064305,201.50187122443057,1.5541559054922993,0.0,0.0,0.0
Steel,5,2,5153.21,3.064,0.9222270041704178,0.10419034266471863,0.013692921170087904,0.4429045676571785,0.12239616453647614,0.12494502325952878,0.4517577332495378,0.09972651600837708,0.28827271416371497,0.2917620411811227,0.08365329653024674,0.4918341122214237,0.2156381642117298,0.10090807735919953,0.6639947111510022,0.3781870245681466,0.09656928539276123,0.8149988082787116,0.0,0.0,0.0,84971388.89090902,603.6847491732259,0.13558069558230526,103368017.02859616,536.9109823394668,0.7944641028360919,0.0,0.0,0.0,0.0,0.0,0.0
Steel,5,2,5153.38,3.068,1.3368000835180283,0.10307405269145967,0.015350654067691642,0.29294584363040516,0.04708731159567833,0.1747928728804628,0.28081168191192857,0.10521695196628571,0.32408616031595916,0.3605776103378762,0.0918435823917389,0.5828235281102319,0.31522788235438814,0.06229195326566696,0.8400044910955389,0.2578250936979691,0.08236135244369507,1.0153225659042315,0.0,0.0,0.0,131667084.69996634,507.55600334125677,0.14094958121275622,140650575.30285046,283.7293696030165,1.1345795733076587,0.0,0.0,0.0,0.0,0.0,0.0
Steel,4,2,5153.68,3.074,1.4547485530376434,0.08401542150974274,0.02245610098736444,0.29715431926779584,0.02,0.2372143149319756,0.22286777820515716,0.10711339175701141,0.36348999403563986,0.25814946554016416,0.12340277016162873,0.6221253870124472,0.38266332544868964,0.15,1.2140399021966803,0.0,0.0,0.0,0.0,0.0,0.0,432846881.17964673,140.75764550184647,0.14547485675851288,295230463.72885925,351.68875555877014,1.1954964263933872,0.0,0.0,0.0,0.0,0.0,0.0
Steel,1,3,4850.86,-2.983,1.5605987936258316,0.11435541260242463,0.017309981862239688,0.39133335305009875,0.12913236677646636,0.30634868007864396,0.0,0.0,0.0,0.0,0.0,0.0,0.0,0.0,0.0,0.0,0.0,0.0,0.0,0.0,0.0,26691652.2135491,490.2871317762052,0.17655361627972502,20059897.30866095,361.7048405075712,0.4692402754741873,18800040.906556144,231.62745503392094,1.1467370066466418,0.0,0.0,0.0
Steel,6,3,4850.75,-2.985,1.0232577353715897,0.10309284245967866,0.02048846702359223,0.3151226729599014,0.06594840705394744,0.11049271043183909,0.5297314637058473,0.15,0.22227081544168734,0.2531060812514619,0.07982005834579468,0.44542433427820327,0.3705495286638244,0.07546502143144608,0.5830414199072451,0.2333655469727832,0.1115339857339859,0.7215063114422476,0.30513538844600857,0.12096907317638397,0.8927387030868944,78294823.85813136,1014.7111561471199,0.13513094088584918,55692636.01611014,934.504218342167,0.6609827147478988,70154352.62186114,766.0602418591461,0.9147450706290973,0.0,0.0,0.0
Steel,4,4,5153.94,3.079,0.9063779890537262,0.08562006348371506,0.021887993423832974,0.2669010315656027,0.0407405735552311,0.2558455637361189,0.42040404674263776,0.09573619425296784,0.4400862809495399,0.2850694738649537,0.07305257499217988,0.6058857488423224,0.34124962331974407,0.11506174683570862,0.7583175237449475,0.0,0.0,0.0,0.0,0.0,0.0,22050327.018314034,233.71064559600416,0.1050077492488719,18981144.37563345,477.84980606654995,0.35535305051294724,29181059.609342862,599.9665631808358,0.6561175975834717,25347424.606226753,593.4844542501812,0.8157401892419757
Steel,2,3,5154.0,3.08,1.0078502357006074,0.11076870822906495,0.027424983002858026,0.30990332287985745,0.07984606266021729,0.3230652558106394,0.24429937174563904,0.08003164947032929,0.49648633838489964,0.0,0.0,0.0,0.0,0.0,0.0,0.0,0.0,0.0,0.0,0.0,0.0,17542382.119086653,342.7992500346026,0.2155757967267319,17045061.863143083,641.4616920985852,0.5214437028017765,20437969.776258916,820.9845828047572,0.8961702146335169,0.0,0.0,0.0
Steel,6,4,5154.24,3.085,0.6676791250705719,0.0842147919535637,0.018880810441093267,0.42990280831120126,0.12406860768795014,0.069597218148108,0.3723153715031167,0.06755130261182785,0.17325258891857176,0.24055388955204185,0.09575217187404633,0.26130675175490925,0.2726065366738541,0.11850211143493652,0.3803174709318395,0.22076506589188175,0.09028612077236176,0.5060095620442382,0.4207871658987815,0.05545720428228379,0.597065338473236,50134099.69775453,656.2958848540418,0.08915236566979688,49101293.64213322,516.1798038559438,0.3538293554416028,54150736.43710168,257.4466608725472,0.446034102595799,53004119.1295654,343.096409875707,0.5870643384732359
Steel,1,4,4850.02,-3.0,0.7967791125178337,0.12621457481384277,0.025352875943977383,0.39515094804889234,0.09054348289966584,0.3469242628547283,0.0,0.0,0.0,0.0,0.0,0.0,0.0,0.0,0.0,0.0,0.0,0.0,0.0,0.0,0.0,8744758.906769639,558.3933903433948,0.09841894892492449,12038218.141698724,265.8149955061879,0.21412420553450573,10444753.854540141,868.7365759603367,0.3757073191095803,11766639.862031216,123.10955438983426,0.6331514829797689
Steel,1,4,4849.66,-3.007,1.2528333067893982,0.11521465516090394,0.038808026482850734,0.377366529430637,0.0636808517575264,0.8318286315359237,0.0,0.0,0.0,0.0,0.0,0.0,0.0,0.0,0.0,0.0,0.0,0.0,0.0,0.0,0.0,14658467.294137524,487.60188321798466,0.1945781620107278,16814835.428269375,484.8707378476305,0.5573612445362432,12267253.87447777,301.061637522484,0.6294018791000772,12083536.678893398,242.04239223300624,1.0654891099858095
Steel,5,2,4849.57,-3.009,1.0644550189375876,0.12972408032417299,0.0196382332511827,0.2717865721525108,0.04481077179312706,0.14409528061325605,0.43502092342207105,0.05311477810144424,0.24834007342326325,0.21383321926716012,0.058091942667961124,0.38068069706971536,0.3341372012416691,0.09847962617874147,0.5966594971834571,0.16871486968141763,0.09742744326591492,0.8552988764427796,0.0,0.0,0.0,39078575.98822002,327.03126262056344,0.1142526924823031,44445558.9074056,726.2071128231867,0.9219176162780818,0.0,0.0,0.0,0.0,0.0,0.0
Steel,4,2,4849.37,-3.013,0.5680361516773701,0.09572150635719301,0.02548731379783231,0.2531220681539733,0.0678497439622879,0.06262996110795603,0.4347740487876198,0.07726948142051697,0.13834256109276732,0.20087932307852335,0.10161422312259674,0.3023621511379797,0.3470883661888176,0.08807569980621338,0.44106455038084724,0.0,0.0,0.0,0.0,0.0,0.0,35011943.59855727,421.1001579085297,0.07263096110795603,28749978.9440677,779.254233202927,0.4712301922115061,0.0,0.0,0.0,0.0,0.0,0.0
Steel,5,2,5155.62,3.112,0.8905492082238198,0.09469908905029298,0.006024417046291222,0.32605859083853117,0.11157271325588226,0.1309767445038319,0.27305372102661085,0.06597633689641953,0.2954549990551262,0.20383817467245977,0.0434758423268795,0.3604133824633981,0.17502808319954935,0.09986702919006349,0.5071949004930452,0.20242318623235236,0.04764051347970963,0.6854735147533269,0.0,0.0,0.0,36469001.57290604,277.3774509653156,0.10371955074317583,36822653.31975728,132.17260416268513,0.783741512491176,0.0,0.0,0.0,0.0,0.0,0.0
Steel,4,2,4848.92,-3.022,0.8128022968769074,0.10479596567153932,0.03459070900421523,0.28244576140865096,0.15,0.12925060619080359,0.28726793756573676,0.0853556376695633,0.33082901648578134,0.32551968773652973,0.06333913058042527,0.49259963857123334,0.4285114496158117,0.07196292370557786,0.6306303562150837,0.0,0.0,0.0,0.0,0.0,0.0,41609787.45041409,1029.8184026651604,0.08128023050049304,42079047.76489665,326.9339548975548,0.713939898450674,0.0,0.0,0.0,0.0,0.0,0.0
Steel,1,4,4848.66,-3.027,1.3128726810216904,0.06364101141691209,0.02112368745291478,0.3039002095152816,0.10726099491119385,0.31506510909818236,0.0,0.0,0.0,0.0,0.0,0.0,0.0,0.0,0.0,0.0,0.0,0.0,0.0,0.0,0.0,14786539.054316029,407.5078631351968,0.19305996223464364,11101344.998257287,683.6615180634317,0.7149882006344943,10286230.899297915,708.400679811774,0.8486004342868039,10054161.184213461,909.5105549368468,1.0598390481696685
Steel,4,3,5156.12,3.122,1.3264124512672424,0.08846965032815934,0.014370005008688038,0.29247939833661785,0.1362889152765274,0.34424797860876954,0.3096044417277638,0.06688383400440216,0.6849758328788891,0.22667727959259,0.08029132068157196,0.8004330660219562,0.2560911793860791,0.09997149586677552,0.9389963938819426,0.0,0.0,0.0,0.0,0.0,0.0,26459728.684478637,971.3176000861321,0.2737796698354015,29326615.982979562,340.3211699316536,0.7282750004315102,32536652.444298096,376.5988509795352,1.1285721952730225,0.0,0.0,0.0
Steel,1,4,5156.17,3.123,1.658277690410614,0.15078893399238585,0.010639005587132825,0.17680982813970894,0.12043042898178101,1.1267487216552483,0.0,0.0,0.0,0.0,0.0,0.0,0.0,0.0,0.0,0.0,0.0,0.0,0.0,0.0,0.0,21778300.437298495,457.01490947971047,0.23957942359121148,20052322.05006493,370.29989967262003,0.5984448956379067,19315616.647166368,400.39889262068857,0.9583811355006157,21140170.95328088,457.5385912194587,1.4924499197112748
Steel,3,4,4848.35,-3.033,0.8390961736440659,0.10810259246826173,0.02997907219024028,0.33840525237199803,0.11658235609531403,0.23416674741489785,0.2819450152635026,0.10851357996463776,0.3604417506328785,0.3329570404154426,0.028243113905191422,0.6238292628251934,0.0,0.0,0.0,0.0,0.0,0.0,0.0,0.0,0.0,16049922.504079366,348.1773738834363,0.1204327081468802,24918277.22159363,666.5708188376025,0.442455748942329,25250252.161738735,542.4591573145315,0.5214981552012294,21316346.91825968,207.54779134423848,0.6923729293815634
Steel,3,2,5156.4,3.128,1.6765842616558075,0.12648138105869294,0.008621670918779328,0.379405279317106,0.03927679255604744,0.6275549360675128,0.3056025963701981,0.12224053382873536,1.107409293786988,0.21540365570879966,0.06235518962144852,1.210167713090535,0.0,0.0,0.0,0.0,0.0,0.0,0.0,0.0,0.0,50424421.13828579,281.95073327245626,0.2329863394067962,56304959.55897369,800.769550881162,1.279695329585219,0.0,0.0,0.0,0.0,0.0,0.0
Steel,2,2,4847.94,-3.041,1.2660219818353653,0.08891319465637208,0.013337008544897517,0.25154155720487487,0.10762699246406555,0.5599144122893221,0.30893506073086613,0.10128388464450837,0.7474356361346564,0.0,0.0,0.0,0.0,0.0,0.0,0.0,0.0,0.0,0.0,0.0,0.0,35895980.12402766,585.4294904654628,0.2805880003562419,30436650.036884595,803.2295859576619,1.0841172325414057,0.0,0.0,0.0,0.0,0.0,0.0
Steel,2,2,5157.08,3.142,0.6614656277000904,0.11591201794147493,0.0018697883874615295,0.2925666470064755,0.10615141034126283,0.13801045441478815,0.13544606780258678,0.12310930728912355,0.49502430466350467,0.0,0.0,0.0,0.0,0.0,0.0,0.0,0.0,0.0,0.0,0.0,0.0,17748110.43496059,969.1814467424433,0.06813117677732732,30096830.072746195,430.3898388233516,0.5251242243940857,0.0,0.0,0.0,0.0,0.0,0.0
Steel,6,2,5157.6,3.152,1.1948294907808306,0.11436590778827668,0.02101068346378466,0.29421701558113034,0.02,0.155662856849624,0.3962788875702052,0.1218951165676117,0.36018907727360633,0.32862490171075914,0.07891851991415023,0.5744337228065042,0.2723024129563095,0.06775292128324509,0.7427083924158117,0.46906875110855883,0.08041170299053192,0.8221940728239041,0.44781123618441904,0.08177765011787415,0.9857469238200267,137593081.73283535,480.1678304880497,0.1873825218274869,125994851.77498235,978.3744949485454,1.075346540507918,0.0,0.0,0.0,0.0,0.0,0.0
Steel,2,2,4847.15,-3.057,1.7239567518234253,0.11754508578777315,0.02045586743376136,0.34401093015206974,0.07401630371809007,0.7667731718885876,0.27543147019904396,0.08909081339836121,0.8738390695904215,0.0,0.0,0.0,0.0,0.0,0.0,0.0,0.0,0.0,0.0,0.0,0.0,123117584.87236382,387.07260028903147,0.21860376150771008,150262909.4976003,472.63834277748407,1.4893439657954628,0.0,0.0,0.0,0.0,0.0,0.0
Steel,4,3,5158.32,3.166,1.2980692327022554,0.06773272889852525,0.026966205941109687,0.1663831536954141,0.07878060251474381,0.40849407830623174,0.29205033471098946,0.10780806183815003,0.7271189985638814,0.493423865892718,0.04860674500465394,0.905669611125718,0.391881776981908,0.02,1.1286673310530024,0.0,0.0,0.0,0.0,0.0,0.0,84258537.945979,850.0304901347546,0.15905783988868566,86233738.10467033,88.13833027813503,0.37799257157375893,104281150.48229088,452.64246029598024,1.0864698963574568,0.0,0.0,0.0
Steel,5,4,4846.44,-3.071,1.3086745351552964,0.09004459261894227,0.02535920992457403,0.25261045485099776,0.11941285908222199,0.20118438300886038,0.22202017946766828,0.0876568877696991,0.3901116055841785,0.31287367372260017,0.10677428960800171,0.7062328527965929,0.5755511087429257,0.05177687317132949,0.9567204492911986,0.3191240098064116,0.03809829384088516,1.071656379385145,0.0,0.0,0.0,24016076.814811632,469.8327256772521,0.15170185677253428,25927678.17610355,642.7351770804921,0.5366333167866801,28918310.145643447,434.18858429506724,0.6397384863014788,27847796.75398909,192.73601893149794,1.1666947229286828
Steel,2,3,4846.39,-3.072,0.6934628441929818,0.09439731860160828,0.043094675206490234,0.3590292228563507,0.055054493844509125,0.37704905427325025,0.35844479890491837,0.08115008294582367,0.5195804960968178,0.0,0.0,0.0,0.0,0.0,0.0,0.0,0.0,0.0,0.0,0.0,0.0,16140547.470669745,282.44649662230296,0.1091163446920878,16391064.02551297,286.4118086628262,0.33320102266177,13770907.022319479,839.4651242682817,0.6099683368656275,0.0,0.0,0.0
Steel,2,2,5158.56,3.171,1.5025220900774003,0.14704244887828827,0.013936706197061726,0.3193595904924819,0.06244172602891922,0.5590775863097898,0.21515551967954474,0.04711758732795715,0.8943863556828664,0.0,0.0,0.0,0.0,0.0,0.0,0.0,0.0,0.0,0.0,0.0,0.0,39421034.661504775,233.92629859375486,0.27105462367049427,40330875.529709026,1085.1698834892134,1.273298369150891,0.0,0.0,0.0,0.0,0.0,0.0
Steel,4,3,4846.17,-3.077,1.6137105435132981,0.08814245021343232,0.013489509518802581,0.2174643251778318,0.07556954622268677,0.38481520248659207,0.3907920447663879,0.14417357683181764,0.5618015379370485,0.2520056774395184,0.11691791713237763,0.9135583256509165,0.25750055345820483,0.03391137450933457,1.3540780833673636,0.0,0.0,0.0,0.0,0.0,0.0,43984542.01386025,621.1331127050731,0.20464823829111986,44932974.05747249,706.7649081113535,0.821245017796091,43153968.41546129,652.3670008531957,1.437016390421913,0.0,0.0,0.0
Steel,6,3,5158.77,3.175,1.1617071762681008,0.09491736352443696,0.017716026288271715,0.2112226168364755,0.12017154812812805,0.20661945159904593,0.23106098383394436,0.07265912801027298,0.35121586973034175,0.38810435028405826,0.0980598533153534,0.4669808770490748,0.2697516710561455,0.13278535306453704,0.7263463481237024,0.22571788439640852,0.02,0.8154388118097018,0.25546356013748134,0.08455374240875245,0.9003577623617331,50545602.13046135,397.87508454382476,0.13053413595101557,58005712.903067484,575.6064053427651,0.30285074581094573,42320686.92790797,784.7052062079043,0.9794908057722321,0.0,0.0,0.0
Steel,6,3,4845.87,-3.083,0.7505015894770622,0.08426597714424135,0.03075662444835125,0.4217361370173799,0.05780156761407852,0.08312059185392737,0.3469384702912796,0.10748454213142396,0.197338998310572,0.20597441092563956,0.06066615670919419,0.3339698615881108,0.18964843760040692,0.09758164048194885,0.41937200590830337,0.47530211615392476,0.07016147404909134,0.5365377648588434,0.16152666101177846,0.09162309587001802,0.6441942794867904,32602886.35803095,455.81091740427206,0.0968818505177956,29179716.164486535,593.9158635115826,0.3589365477304714,23691077.438411716,420.5065670979353,0.6585308539432535,0.0,0.0,0.0
Steel,2,3,4845.68,-3.086,1.060269443690777,0.11194025874137879,0.013609930324955334,0.40317184574295,0.08600588500499726,0.38986061303681163,0.22403929058233232,0.038112330436706546,0.7686004527594557,0.0,0.0,0.0,0.0,0.0,0.0,0.0,0.0,0.0,0.0,0.0,0.0,17058603.818190727,919.904458418444,0.15811424851136158,17426513.480044056,232.85343579682015,0.5689747190375971,16090076.716342427,227.89082917498607,0.8940494965874598,0.0,0.0,0.0
Steel,4,4,4845.48,-3.09,1.0290540590882302,0.0940216248035431,0.006692487410885023,0.27058960643777213,0.14327816367149354,0.21588242804357965,0.255559565810709,0.055131069421768195,0.5579340889255693,0.4171851476626041,0.0694803524017334,0.6604454336403794,0.2980373452098143,0.0905757635831833,0.8014579998511062,0.0,0.0,0.0,0.0,0.0,0.0,22019217.903972883,474.4892775057703,0.13511940583067167,18259901.59296972,475.6233415593208,0.6730275198097041,25972390.004055094,464.74225377688293,0.7687073042065021,18042792.782697633,398.4383985835397,0.9261486521503531
Steel,3,4,5160.26,3.205,1.450410145521164,0.09475709187984467,0.02058442297438252,0.0995048959684843,0.10420801401138306,0.3828470787862023,0.16298555381956337,0.03934230506420136,0.7927303387878353,0.3521759600901557,0.05806431889533997,1.1569339650004542,0.0,0.0,0.0,0.0,0.0,0.0,0.0,0.0,0.0,12713583.781625753,656.718523593567,0.20285786725575708,11280898.052054673,586.2467291262759,0.8360879312059516,11003244.61249137,614.8307589606321,0.7704389703069126,13340019.793643959,484.6168577711579,1.2651390360914814
Steel,1,4,4844.53,-3.109,0.9530858352780343,0.08422853726148606,0.009863547113390046,0.36286319851123044,0.1296217066049576,0.6633096243417873,0.0,0.0,0.0,0.0,0.0,0.0,0.0,0.0,0.0,0.0,0.0,0.0,0.0,0.0,0.0,7652365.072634268,486.23059482762176,0.2277655108079507,12822238.731012018,566.5473198646223,0.63880259123711,10856871.73508704,572.8948797195678,0.7311935269478662,7424307.192105609,298.9006519228494,0.8539694981290513
Steel,5,4,5160.57,3.211,1.573735311627388,0.12393599379062654,0.014848063312383059,0.2417310493252767,0.02227190589532256,0.2580476121597741,0.32936619359917313,0.05025444492697716,0.5020729284039991,0.3825116085166887,0.03734544336795807,1.0089967811011222,0.1553429502267506,0.10974985420703888,1.20065928248271,0.296645372068408,0.0772868886590004,1.3268990101521403,0.0,0.0,0.0,20414476.622289967,584.617400773352,0.2006862274407687,23734830.02068962,654.0404613058819,0.8412276682510375,24787062.50325436,1042.2684678576304,1.1716395757906997,20963354.393245522,1099.9999999999995,1.4163617788909137
Steel,3,3,5160.7,3.214,1.3352710992097856,0.07022243243455888,0.017857175768338368,0.31629286848322874,0.0682634574174881,0.4303961645167529,0.12415766588659036,0.0592905780673027,0.7891560556926758,0.3205067113680523,0.08915134549140931,1.0928161956205873,0.0,0.0,0.0,0.0,0.0,0.0,0.0,0.0,0.0,15393332.4803906,452.6644514312642,0.16940611745911757,16012412.650226677,362.56443708806876,0.8593339392138246,18266316.422024105,849.0525620588118,1.1259286414437932,0.0,0.0,0.0
Steel,4,2,4843.76,-3.125,2.0342846602201465,0.14232014846801758,0.025728607522495436,0.27974687206919,0.022922483272850513,0.5681989782713096,0.2830532467121366,0.10815945327281952,0.9529877770210415,0.1494510995070076,0.1124624389410019,1.5350809246075512,0.18525634673134614,0.059962606728076934,1.767828035069067,0.0,0.0,0.0,0.0,0.0,0.0,91719991.03178672,308.15271164545356,0.2361154575426093,73719264.29250772,536.8225065922949,1.7254903237451937,0.0,0.0,0.0,0.0,0.0,0.0
Steel,3,2,5161.64,3.233,1.119349977374077,0.0640118892788887,0.022531055691546075,0.2082492444070348,0.07018376290798188,0.13194444833328908,0.33237984941947796,0.10625782191753388,0.3952367086545233,0.25321528917034886,0.02,0.7183709728198122,0.0,0.0,0.0,0.0,0.0,0.0,0.0,0.0,0.0,147399743.17623338,474.13169983780443,0.15587058580448915,179443226.0314044,379.011960912879,0.8795245947012493,0.0,0.0,0.0,0.0,0.0,0.0
Steel,6,2,5161.67,3.233,1.463648110628128,0.1511396255493164,0.019880939224149276,0.34431151034800694,0.06502373516559601,0.20235638774662668,0.17907701569511783,0.08260931551456452,0.42151528796625515,0.16565440631523126,0.025168935731053353,0.5255458662415442,0.2664690277679736,0.11475941956043244,0.6028950820823666,0.25338818806485225,0.1145272558927536,0.8029440788792738,0.31979780465423696,0.047914709448814395,1.1825337369755826,79681267.23970951,674.5885041693656,0.14711720505511153,73939883.56293404,760.7803843907493,1.2628071213116023,0.0,0.0,0.0,0.0,0.0,0.0
Steel,4,4,4843.34,-3.133,1.579425722360611,0.11187831175327302,0.008755892982832357,0.2262787280658016,0.1420057886838913,0.39500308761981096,0.5358216826233632,0.08742028415203094,0.7934834246496444,0.36555112789212124,0.10287241816520691,0.9930428838559929,0.3463233986308241,0.07449245542287827,1.1202802365146989,0.0,0.0,0.0,0.0,0.0,0.0,39376552.06573177,912.8173697094818,0.18663828605409688,38806512.461256675,330.0214641737983,0.5662508738073817,49765678.746457525,325.1110392291185,1.0265223999761328,34416687.26390388,665.331735034343,1.4214831485451243
Steel,4,4,5162.71,3.254,1.0998797416687012,0.06540754586458207,0.021626427070510625,0.2653956419369097,0.08947076618671418,0.4344260690385466,0.4863879723706207,0.0620189505815506,0.573080476898953,0.4797841509974062,0.0803624102473259,0.7277176951815306,0.09806228365592898,0.09741810619831086,0.8894585513790032,0.0,0.0,0.0,0.0,0.0,0.0,35563282.220528275,291.52174050601536,0.17998996747830232,43665426.89568061,386.198086053237,0.322653846882058,40737023.442551285,485.5284515606644,0.5510040983397433,46026365.11432592,218.7779331725013,0.94194755122913
Steel,6,4,4842.35,-3.153,1.4199862688779832,0.0696921843290329,0.020763684334078537,0.19707218826775483,0.15,0.21308519177486065,0.3770301720511065,0.02,0.33077349851288745,0.3523568393165036,0.13717551052570343,0.5956683392791038,0.19769343030209519,0.10320777773857118,0.7192902188392358,0.41030902350936127,0.04081483617424965,0.9424334366358286,0.18576674175015973,0.08679967522621156,1.0807703478903739,24584936.664074473,896.2749202546504,0.15605755936711913,28443382.494585108,113.06481602206469,0.6262440346867453,27926113.455533586,231.7165260314592,0.9819109420323008,31645204.51991367,215.86185973353352,1.2779876405701984
Steel,4,2,5162.79,3.256,0.7800115048885345,0.11165874230861665,0.008985369847392547,0.25729153529652987,0.07393828302621841,0.12291499049687449,0.2249769893236022,0.11676535487174988,0.31278685984868937,0.31423336131422636,0.05927107095718384,0.4869281675313174,0.20877053898147235,0.10064567863941193,0.6234245735937449,0.0,0.0,0.0,0.0,0.0,0.0,34340318.86826593,109.07394422760683,0.09240491115295218,27074611.048383493,409.4995636456506,0.6717689610961388,0.0,0.0,0.0,0.0,0.0,0.0
Steel,6,3,5162.79,3.256,0.9542512089014054,0.07389820623397828,0.012782695640130248,0.2497960942532157,0.10406785726547242,0.13297928608493104,0.3298733441928898,0.08950302362442017,0.27369729065478093,0.26764634365342976,0.09874761939048768,0.4396382741991442,0.43776191251540447,0.07196248203516006,0.5699569453013349,0.36650540170951096,0.05427480608224869,0.6985908498434008,0.5923953892516536,0.03863803446292877,0.8069099773559676,52747289.02368276,451.3417131227368,0.0984134282462096,63174304.159034364,526.9290218817933,0.3192644083803743,63216378.38421615,510.1681818082761,0.7864263800237543,0.0,0.0,0.0
Steel,3,4,5163.84,3.277,1.1240697488188744,0.14045000791549683,0.0154925414798435,0.20778772496613834,0.0415346446633339,0.31416672567265225,0.2525520832288415,0.11135721683502198,0.5734601379307783,0.24967462724210415,0.02,0.7836988174942788,0.0,0.0,0.0,0.0,0.0,0.0,0.0,0.0,0.0,17114127.354065694,377.1384368206249,0.13320308090664815,17046963.68634148,646.9074504510347,0.39370993357489703,17844568.025534775,607.2616677366957,0.5035688888317538,18743678.115310207,184.21534821594224,0.9063916768378599
Steel,6,4,5163.92,3.278,1.381685134768486,0.11275595474243165,0.012620778465565748,0.2675924748976002,0.12993904292583466,0.23098647300940695,0.24621850724095404,0.07538366496562958,0.5272979272375422,0.5858714432289445,0.06630111575126649,0.6656021157891627,0.3717054189204533,0.04531731158494949,0.7602266937650415,0.13341137014049223,0.07238326996564866,0.903283321632736,0.15166295105674993,0.08830568611621857,1.1041989444305205,40533463.346326806,529.7120496891279,0.1610977944579601,34071082.42337609,516.7382011500663,0.7092429736624001,35346937.108919464,178.46917362348768,0.8789660913345112,36278784.139016345,347.0241979216411,1.233502400623259
Steel,6,2,4841.28,-3.174,0.7682954668998718,0.09786834740638733,0.01944290675464047,0.28339249395501753,0.05135805532336235,0.09808988325088196,0.4070921290825177,0.0955111050605774,0.2304435225433599,0.22506908118551466,0.06918209701776505,0.35779350084380696,0.3439648922157641,0.0984531956911087,0.48013685090918573,0.26508148180976815,0.03468427836894989,0.5829390309207438,0.4220387456407878,0.07543277949094773,0.6442054437381995,49698853.76155265,126.7540827632727,0.11053874707754294,54804723.962888636,489.74658762578275,0.6914659194415892,0.0,0.0,0.0,0.0,0.0,0.0
Steel,5,2,4841.22,-3.176,0.5488579072058202,0.07692941480875015,0.0166555202297254,0.271660325283747,0.09575065314769746,0.0672841662738184,0.2207027446201174,0.03881941184401512,0.17746948965365458,0.24348584242586085,0.08080917537212372,0.2845389092273626,0.1806189703521965,0.05727076500654221,0.36160276199415115,0.2125489025255913,0.10133191823959352,0.4814309021506804,0.0,0.0,0.0,18999668.656452235,1012.4215096233678,0.08948625251585236,20732050.603127673,327.949383963799,0.4455909337304048,0.0,0.0,0.0,0.0,0.0,0.0
Steel,6,4,5164.12,3.282,1.4389816880226136,0.05429049909114837,0.015679932419614157,0.2261333182141367,0.07194648116827011,0.27777397897995704,0.22248449573844142,0.059364333152770996,0.41659689461272825,0.17920852534575232,0.054960832595825196,0.7025050591871422,0.27049196899104994,0.09314997375011445,1.0026688276123277,0.33147301445464783,0.06942101359367371,1.138577871813311,0.23669408329312067,0.10109325349330903,1.240531237822305,22396991.416808657,771.3329480800818,0.15048354431967648,19768462.342294633,413.8863655159146,0.7603632301512163,21679471.636425436,365.1221810039465,1.054873196352691,18520898.457775053,406.352378919819,1.2950835177813707
Steel,5,4,5164.44,3.289,1.1149601295590401,0.09872005712985993,0.011536215876791614,0.37163485741823593,0.06335882365703582,0.25828161219499207,0.18299571471920736,0.09471624553203584,0.4192614221059743,0.3347367697035353,0.09512237310409546,0.6092630190285016,0.3655130076841111,0.07353297680616379,0.7349583029554595,0.39653507817662104,0.041629625111818315,0.9247314423086042,0.0,0.0,0.0,18887729.844862957,431.846205134621,0.1298046695859475,25569012.824339475,825.7483418004318,0.5487270314614201,20914165.48721341,425.76897691860484,0.6664074886245823,22174678.104261007,1075.4846728607429,0.9752299216355356
Steel,2,2,5164.48,3.29,0.8546054512262344,0.07145460110902786,0.01727390330400796,0.26693669977674306,0.1129576987028122,0.2100071323273413,0.1334583339243544,0.035336828976869586,0.39765615242082564,0.0,0.0,0.0,0.0,0.0,0.0,0.0,0.0,0.0,0.0,0.0,0.0,15028159.996668536,358.4665621305034,0.11306599873742464,15130454.488621475,419.80190489697327,0.6705537737047902,0.0,0.0,0.0,0.0,0.0,0.0
Steel,3,3,4840.62,-3.188,1.0267668679356574,0.0835356772542,0.015381995982612747,0.20719114134741282,0.1369604402780533,0.38133278706784257,0.22654552710745152,0.11734780192375184,0.628038297072157,0.38392778587300597,0.091164448261261,0.8187472998474087,0.0,0.0,0.0,0.0,0.0,0.0,0.0,0.0,0.0,19647775.15876949,447.99225880424785,0.16988462670879267,24053250.44903934,835.5488363236032,0.5044642033222623,22123696.35539742,567.5396062381215,0.8727516388933767,0.0,0.0,0.0
Steel,6,3,4840.61,-3.188,0.8987900212407113,0.09786061990261079,0.01116724971516723,0.3382225967972702,0.07073418885469437,0.12381842591693563,0.3656978122578144,0.04503966748714447,0.32513841242357555,0.32418667540442914,0.07238494366407394,0.41870680558289536,0.49280127653067085,0.10127412915229798,0.532244811410576,0.3666912884699086,0.07836996138095856,0.6463547952385678,0.2590988963639007,0.10707397460937501,0.7696357015736652,33057030.21827933,551.7464167974291,0.10522007562772234,56313978.91262692,561.8417310362985,0.3871114000459549,39492509.67762147,526.0238739638152,0.7957937891944955,0.0,0.0,0.0
Steel,6,4,5164.78,3.296,1.4758821904659272,0.10232134473323823,0.03759241746228899,0.41505660217861146,0.11132021725177765,0.27558148776892755,0.23789922781793713,0.04168766990303993,0.508607493662978,0.2874765443091964,0.1392272013425827,0.6607750930028693,0.22475389119739042,0.08541271388530731,0.8878324558131993,0.39789651432299505,0.10767515003681183,1.034497107524411,0.4510349951844351,0.1009557855129242,1.2985217684152424,38182044.49118739,533.0734485665197,0.154814310865896,43161214.14970212,143.86740717961158,0.6914776351970455,42698434.45639893,363.0969197240497,0.9916099132570753,51521882.72172388,281.6052737137143,1.3277671959957262
Steel,4,2,4840.37,-3.193,1.2353525370359422,0.09834623384475709,0.02639541522070484,0.3730985069586189,0.042362929731607435,0.27427085761971537,0.1955926698109152,0.13046882271766663,0.5123009578858648,0.3779340258479707,0.11063842535018921,0.896023197396042,0.22055509071450582,0.0502804259955883,1.0716659013410887,0.0,0.0,0.0,0.0,0.0,0.0,56497020.099119484,336.54810750558346,0.174465842574577,47522261.09419837,569.8645641006383,1.1118172820969954,0.0,0.0,0.0,0.0,0.0,0.0
Steel,5,4,5164.92,3.298,1.0914083018898966,0.07571080523729325,0.0036997199286204012,0.4109248387441523,0.11655425965785982,0.15356470662970317,0.5680533572425013,0.10119705379009247,0.30332416232478077,0.34500090211759793,0.12728489816188812,0.5186488635285493,0.29001432460793763,0.08795189261436463,0.7288121071173311,0.19463852321620823,0.09738279581069947,0.8412536004985324,0.0,0.0,0.0,91364285.0387222,496.0645778271291,0.18540847402462435,57457975.35246544,329.5828196868728,0.6336279258997823,66944222.064664766,259.02151207158477,0.7884923415123971,82483347.2030073,535.8851511662824,0.9658854335642453
Steel,1,2,4840.16,-3.197,0.9049368888139725,0.06148724693059922,0.025310549314561514,0.31252937859632024,0.11049285233020784,0.45678797439535196,0.0,0.0,0.0,0.0,0.0,0.0,0.0,0.0,0.0,0.0,0.0,0.0,0.0,0.0,0.0,18739408.683460716,670.1370846530384,0.19336190189112412,18032951.063467316,1099.9999999999995,0.7364411261826092,0.0,0.0,0.0,0.0,0.0,0.0
Steel,6,2,5165.53,3.311,1.0197610080242159,0.08103571975231172,0.038483416749139535,0.33709366360894144,0.06369000285863877,0.12463493297190441,0.390313525728134,0.0453105528652668,0.33327548184774314,0.29479345435183996,0.02,0.4320326127398932,0.15307903509335813,0.08744803965091706,0.5351032784688192,0.24956018447274914,0.038542823493480684,0.6661007855605304,0.32923074581936085,0.06755203098058701,0.8426435113083431,40544597.192633204,491.1979744049355,0.11266942090477534,42672152.04133385,122.02598565617325,0.8829572974891449,0.0,0.0,0.0,0.0,0.0,0.0
Steel,2,3,4839.73,-3.205,0.8673091098666191,0.06583167833089829,0.028029349430553355,0.40670272629333337,0.044834728538990024,0.21112369018611077,0.5486565253908047,0.15,0.4625520773744485,0.0,0.0,0.0,0.0,0.0,0.0,0.0,0.0,0.0,0.0,0.0,0.0,46607615.46883169,783.247418570945,0.10067037717562557,66857592.352986164,521.8146989699538,0.5088909420168564,43377865.200529,254.32329975843524,0.6995948935495084,0.0,0.0,0.0
Steel,2,2,5166.19,3.324,1.0745488956570626,0.08571628487110139,0.03358086023457995,0.27067252447363355,0.09071426212787628,0.5562468903153676,0.15534210803761386,0.13361729741096498,0.8046294989982165,0.0,0.0,0.0,0.0,0.0,0.0,0.0,0.0,0.0,0.0,0.0,0.0,19007036.123143695,549.131177279223,0.2026177202049093,17450656.339002684,396.838084060924,0.8364300088005983,0.0,0.0,0.0,0.0,0.0,0.0
Steel,2,2,5166.35,3.327,0.842621074616909,0.12375661075115205,0.015393906079383806,0.21783419964834774,0.11261057674884797,0.2054682282386358,0.4629325291591401,0.07190659523010254,0.6327174836406132,0.0,0.0,0.0,0.0,0.0,0.0,0.0,0.0,0.0,0.0,0.0,0.0,34794603.7236007,792.6972143060408,0.10984675515278164,34161896.807499334,105.78637069510998,0.7006156228658535,0.0,0.0,0.0,0.0,0.0,0.0
Steel,5,4,5166.64,3.333,1.0548791289329529,0.09074735534191132,0.013560104311009529,0.2461070719620585,0.10269567251205446,0.19137444656866592,0.43867642494787845,0.1040346622467041,0.40971810946718223,0.5349305691049764,0.11523024022579194,0.5457481786766166,0.31024877030624415,0.06140464514493943,0.7435447523291219,0.203823568757408,0.06583494812250137,0.8394526182841577,0.0,0.0,0.0,39122988.190403834,326.6168157376468,0.11303669683374604,49841656.09697534,871.5540128384455,0.5246168508193192,52373592.823937364,827.1920874822887,0.661144785274353,44510517.28828408,209.06932628448982,0.9359758984480461
Steel,2,4,5166.95,3.339,1.1393193438649178,0.11550381445884705,0.029285134953983872,0.4114566594766568,0.10361322343349458,0.3726235493831286,0.23554333526561524,0.06051767408847809,0.613043743187931,0.0,0.0,0.0,0.0,0.0,0.0,0.0,0.0,0.0,0.0,0.0,0.0,17383867.591725964,457.2846469844372,0.17294386447695648,27960953.64162656,865.7355751374342,0.513958583157005,22939717.375277866,469.8756042403719,0.6953513106653876,19188238.372495037,631.3453446546097,0.9959866961960877
Steel,3,4,5166.98,3.34,1.5576598048210144,0.07904977244138718,0.010945142610342684,0.3011410565092468,0.07656609803438187,0.4223868866390116,0.3390098530445355,0.080508514046669,0.7688496857273122,0.21585393021829358,0.10617135524749756,0.8775291219115576,0.0,0.0,0.0,0.0,0.0,0.0,0.0,0.0,0.0,25561323.303496674,335.01850159398816,0.23483794991712725,27454427.97254371,225.61295257566292,0.9008775260931373,28738469.443576965,191.74565911775542,1.1579178127679808,30703457.230037406,466.53995526338457,1.3903111793750695
Steel,5,4,4838.17,-3.237,1.1421326816082003,0.08584741544723512,0.020312564309194613,0.28280467475527216,0.0885037249326706,0.15746946784557075,0.3421580394216568,0.14004105269908906,0.36285725468930646,0.29669033079774276,0.15,0.5908178511400171,0.2363595065106408,0.06686342418193818,0.7232550377818103,0.3735322637744859,0.11027445018291473,0.9697436165729634,0.0,0.0,0.0,39488999.884530425,254.069770605101,0.1249374181959576,30341940.35369687,274.22824060823007,0.2875342524234452,29658491.121892236,355.48198898562686,0.4966222211468257,34842618.23406642,836.4202142280045,0.9959106705291084
Steel,4,3,5167.58,3.352,1.654069620370865,0.07043742293119432,0.019553370084861823,0.332760351985718,0.07196892112493515,0.7114597317833663,0.2671041357147678,0.1437208491563797,0.8409012401967936,0.24877183048083767,0.07347681105136872,1.1917491258220558,0.34924926124033134,0.12339444816112519,1.353058440065207,0.0,0.0,0.0,0.0,0.0,0.0,69962544.14063844,87.50178246857823,0.2632636714286927,58274316.69349243,97.29490522412748,0.8822766839521768,50395893.42899544,830.7677901577587,1.4773482640550581,0.0,0.0,0.0
Steel,2,4,4837.62,-3.248,0.8621635362505913,0.07950574171543122,0.00678291332127576,0.3106307833198058,0.0826086413860321,0.2410692535822446,0.2696687952531162,0.08273272752761841,0.6703727078713944,0.0,0.0,0.0,0.0,0.0,0.0,0.0,0.0,0.0,0.0,0.0,0.0,10127093.255665373,538.6711445902463,0.12533755089027332,14096141.408557964,496.236143961497,0.5236568208030208,8910256.019852377,507.1195914492212,0.710856004997703,12832313.205399487,526.4723415391574,0.7759471817633686
Steel,5,2,4836.68,-3.266,0.626016590744257,0.07061803323030472,0.03441120056509621,0.2949132014864974,0.08848140120506287,0.07624931329760629,0.5018256501389196,0.08590058147907258,0.18426090142221596,0.2857650115749199,0.07430865854024887,0.3060340010139299,0.22714446107118555,0.07754520386457443,0.40544804444670823,0.37176210822106487,0.10410128474235536,0.5369627317191431,0.0,0.0,0.0,49217067.25973081,270.42805249174023,0.06379196202275235,60849365.7661674,172.23974071756504,0.513171513890939,0.0,0.0,0.0,0.0,0.0,0.0
Steel,3,2,5168.93,3.379,0.7725704148411751,0.08659741920232773,0.006251971353725429,0.36778163517229306,0.12403696238994599,0.32498113174141074,0.37575788521661774,0.0451026500761509,0.5326099653568244,0.35875390115574046,0.02524427928030491,0.6933104222710944,0.0,0.0,0.0,0.0,0.0,0.0,0.0,0.0,0.0,31193167.45747581,363.21004238033555,0.17201623514224423,33290811.11794026,162.47695381479417,0.6536355984311873,0.0,0.0,0.0,0.0,0.0,0.0
Steel,3,3,5169.41,3.388,1.6919651865959169,0.1170575420856476,0.013348404331458162,0.36571231149146227,0.1328539127111435,0.18024253823017736,0.3420122749928893,0.04353627368807793,0.5866326973308293,0.33187938062490957,0.0490409903228283,0.9659649688932415,0.0,0.0,0.0,0.0,0.0,0.0,0.0,0.0,0.0,49754613.276275665,469.5867195584796,0.2273628695431607,39857462.568675175,165.16533957413773,0.9219620191782201,37700341.93584126,991.0000086966858,1.408626060595444,0.0,0.0,0.0
Steel,2,4,4836.12,-3.278,1.2085878133773804,0.09538879203796388,0.022635985543898198,0.23752311433059092,0.14112880170345307,0.4239794616173226,0.4122831658666712,0.144600168466568,0.8485321409905775,0.0,0.0,0.0,0.0,0.0,0.0,0.0,0.0,0.0,0.0,0.0,0.0,26467921.05829934,529.8930319259632,0.14844880244228004,18461249.357241668,367.2375122308014,0.5810395525280014,18570624.44747563,253.43615962729677,0.8302254133312718,17993428.499251544,360.6990212500205,1.069991270846515
Steel,5,3,4836.07,-3.279,0.9276020467281342,0.09476552188396455,0.013166597624039395,0.24174509513837433,0.10034346759319306,0.10680656182428652,0.35289550437706374,0.09993947088718415,0.254035235087266,0.3057051271379173,0.09908391654491425,0.45018025491117575,0.3587895780290903,0.07635893523693085,0.6063589330237104,0.33615658741445364,0.09984252035617829,0.7668283790637141,0.0,0.0,0.0,44118024.459832355,464.35070497885266,0.12252894915452174,25484150.863558188,838.7556314661974,0.5152602408036533,29068326.036932968,645.7768894557624,0.8348418411277188,0.0,0.0,0.0
Steel,4,2,4835.73,-3.285,0.916172431409359,0.1420878324508667,0.034629820501146755,0.2469681528408017,0.02,0.3621571569844411,0.19126147776934044,0.07189119100570679,0.42381641006971504,0.18311014230038414,0.0636498612165451,0.5036245857269911,0.24986715151707284,0.08903723180294038,0.7027815982640977,0.0,0.0,0.0,0.0,0.0,0.0,23122995.577766355,64.7118530723611,0.15697428132760294,23454346.367658935,500.24289921428374,0.8245551873522506,0.0,0.0,0.0,0.0,0.0,0.0
Steel,2,4,5170.14,3.403,1.2929301649332048,0.06731319653987886,0.002649974220319662,0.23224476496380725,0.09815430104732514,0.28312331601728113,0.3430559851376269,0.06864843130111695,0.5701083675122265,0.0,0.0,0.0,0.0,0.0,0.0,0.0,0.0,0.0,0.0,0.0,0.0,12537038.930937542,312.2080972791983,0.1517992598419745,15388173.683577148,639.8962419078953,0.6392396541843547,12359216.91081446,299.96453964461256,0.806994675170895,15872409.403204968,970.8602496590917,1.0345840594161495
Steel,6,4,5170.75,3.415,1.1035402178764344,0.06658289241790771,0.041036801204693225,0.32428911808397404,0.050187636464834214,0.16846889917727478,0.3301494377918998,0.09209965825080872,0.29851395958651095,0.3472441823073297,0.07605424851179123,0.4981135729380096,0.4043766745599002,0.02,0.6394977681417862,0.4079777080691101,0.05864351153373719,0.745337583136003,0.1947925050598647,0.0773191460967064,0.937259857142089,25066759.86650364,390.3577281309148,0.11035402289118366,18869243.199533887,507.55126507292806,0.4050527535458118,27720932.55514913,280.26252828576673,0.6591916782734224,25282854.177493013,857.4383518579702,0.9799174874143994
Steel,3,3,5171.04,3.421,1.3912839055061341,0.11109910345077516,0.042218202915734054,0.29160924249675485,0.11082875430583955,0.28974638960328286,0.3754874761137239,0.12185435891151429,0.6796121384006948,0.3248881504242021,0.13366013169288635,1.0453014466718216,0.0,0.0,0.0,0.0,0.0,0.0,0.0,0.0,0.0,33990559.55041572,365.4732266704993,0.1575147042144605,43557500.35478557,500.7961733178865,0.6312996553515611,33805742.01005168,215.43446912220386,1.1477608019998173,0.0,0.0,0.0
Steel,5,4,5171.19,3.424,1.2628587067127228,0.11394097125530245,0.0194738302621719,0.505001111145942,0.02,0.1268660755893354,0.26404124222622194,0.09978225946426392,0.298746079583879,0.23735844928963198,0.0431318624317646,0.5470432603027708,0.41222696675871773,0.07540887892246247,0.7553534353072769,0.23655400654388972,0.15,1.022238792185942,0.0,0.0,0.0,23621046.536315646,645.9769732619934,0.14703588963908137,23846924.041472904,342.10062051882574,0.5149243248209309,26294160.921267264,446.9434066486031,0.7656547061445389,24010973.666021865,171.1180122180779,1.119477100288793
Steel,2,3,4833.82,-3.324,1.0329547554254532,0.06898357731103898,0.016430012214632896,0.2270818854134454,0.09848379492759705,0.21127680322470493,0.32490307359436227,0.15,0.444477909083595,0.0,0.0,0.0,0.0,0.0,0.0,0.0,0.0,0.0,0.0,0.0,0.0,27925864.869558744,455.89585611580435,0.11752425918001423,28340879.41364191,653.2037551876523,0.6571267268480906,36334691.80880207,464.9512620280536,0.8693938960151711,0.0,0.0,0.0
Steel,6,2,5172.64,3.453,1.198508381843567,0.110862521648407,0.015603188492144203,0.24283266300075987,0.12918174088001252,0.2826394085509978,0.1894001318864582,0.08424766093492508,0.44541485793251845,0.285180323120437,0.048271873593330385,0.6167835762724133,0.28193525711126133,0.022036852966994046,0.681157056514851,0.47254187257753516,0.09506217420101166,0.8628600793957184,0.260499776561003,0.10386791229248048,0.9852678775151835,114482752.88248551,185.26997838730261,0.14924940901427414,93641855.87220474,923.5094290400546,1.078657542460702,0.0,0.0,0.0,0.0,0.0,0.0
Steel,5,4,4832.98,-3.34,0.8235891565680504,0.12187881040573122,0.023121244121765416,0.4979683210120216,0.0912542623281479,0.14544945287441013,0.26342947201508704,0.11521368145942688,0.2745222720582848,0.30547623027766174,0.09046969294548035,0.4485586313059797,0.2588921797969755,0.08571738123893738,0.5713401270609373,0.24539057853689342,0.06628495216369629,0.6714378670942773,0.0,0.0,0.0,31793953.089131378,300.65856330207686,0.10037503107863346,39317862.516186014,862.2933690053148,0.43402205436534,37380920.89616656,406.8136673791633,0.43776831279078554,33050133.84074443,441.05847847197697,0.7120422893241216
Steel,5,2,5173.09,3.462,0.8709959954023362,0.11758118414878846,0.027437251950000612,0.249480341311931,0.13789705276489259,0.10949368256096927,0.2921972846333539,0.14165679931640626,0.2764077653134046,0.4136141035457329,0.1382719224691391,0.4726793809868847,0.3827930097221839,0.03529028795659542,0.6149924452846107,0.205719809487406,0.07919705122709275,0.7597793849076716,0.0,0.0,0.0,66981270.14240888,454.6319240904817,0.12010584886701774,65713265.73657368,952.5858300982311,0.7324748809227255,0.0,0.0,0.0,0.0,0.0,0.0
Steel,1,4,5173.43,3.469,1.7205423951148988,0.12191958081722261,0.022146803876471107,0.233061394376893,0.08893507421016694,0.5764435675817816,0.0,0.0,0.0,0.0,0.0,0.0,0.0,0.0,0.0,0.0,0.0,0.0,0.0,0.0,0.0,20728530.209335864,386.308984980832,0.19513635294258655,27178661.801684614,1008.1957118434664,0.5075214886849464,20372419.55363273,675.6524839061252,0.7005884073552706,20775314.23815167,448.94194806245065,1.3452071942321382
Steel,5,2,4832.34,-3.353,0.6520809158682823,0.09796674823760987,0.008621171820088997,0.1979908579448058,0.12054360508918763,0.07816442023681539,0.2528277824710961,0.10392824292182923,0.23195449572290888,0.24516877032047954,0.10125664830207826,0.38340418114690106,0.2876297769097584,0.0766669499874115,0.5154418785538306,0.2091225020275278,0.023846774511039257,0.579373360250866,0.0,0.0,0.0,24968325.177501015,540.403408919144,0.10714551572576986,25130783.787510864,618.6203194829512,0.5646829269264466,0.0,0.0,0.0,0.0,0.0,0.0
Steel,6,2,4831.84,-3.363,1.0835582256317138,0.09825980937480927,0.04195174364688424,0.25093312126871753,0.08030367583036423,0.24399642217441372,0.32839737346999565,0.10861723303794861,0.4252222866479118,0.2377226250313845,0.02213509678840637,0.5546363242478928,0.3576524235917106,0.15,0.6765068809911777,0.36903067293339714,0.05256788164377213,0.8210298394598012,0.30422743911911915,0.09233684301376344,0.9446643903501388,115053319.68275397,322.97353766584575,0.13380804248053194,112165634.66192833,908.6154826924613,0.9614723005460338,0.0,0.0,0.0,0.0,0.0,0.0
Steel,3,3,4831.18,-3.376,0.9274626672267914,0.08517243534326555,0.011851222309349329,0.3686706899265294,0.08242993146181107,0.13751321166587518,0.1812399852595011,0.0728852903842926,0.478961661000299,0.16941109141363922,0.0514878386259079,0.6032165903129673,0.0,0.0,0.0,0.0,0.0,0.0,0.0,0.0,0.0,14351116.88647828,362.7162978090077,0.10381292688354833,16296300.917967187,146.99895483526407,0.3542043647272294,15824451.084088093,788.9104247679956,0.8347163995766496,0.0,0.0,0.0
Steel,6,4,4831.16,-3.377,0.7848520755767823,0.13699148869514466,0.020961239188273258,0.2680222338516053,0.06222700834274292,0.12233921049950852,0.4465482379158269,0.025180021561682225,0.22636669726596415,0.18730682614803268,0.07400907427072526,0.35330933487501953,0.3685608021101011,0.08792819738388062,0.4639095078568074,0.15165603739845196,0.033967008516192436,0.5873978138227686,0.23941098073698922,0.0725482338666916,0.681119764469723,15745402.964091605,412.2498442684803,0.07848520834253031,18195958.054060373,276.7484513305217,0.27160902729590924,17185020.927946027,715.0104561604657,0.5071203635089092,19584680.281130165,241.45114974469016,0.6962395461214633
Steel,4,4,5174.94,3.499,0.9291558966040612,0.09395294058322907,0.011207590014809142,0.4151161493483977,0.07887814581394195,0.09487340187566386,0.18005387173081408,0.07257875949144364,0.25692725688068485,0.43777063974377306,0.07957858473062515,0.5729269363033613,0.25347422946680365,0.084841827750206,0.7635488568880017,0.0,0.0,0.0,0.0,0.0,0.0,26551585.578737274,213.26277439839643,0.11818988496192465,24324862.86888907,152.22911841688503,0.44022686769397823,30540122.932526715,655.5957967866932,0.552829058376474,23804443.549341507,430.54837028561434,0.8151971441706419
Steel,4,2,4830.87,-3.383,0.7128891929984094,0.10818436181545259,0.01744508765790467,0.31971606445272965,0.037886202931404114,0.17558418454486582,0.4103387082033641,0.09182373821735383,0.26957494733951753,0.21704669495328044,0.11880188941955568,0.41303938134579143,0.25016730703410106,0.15,0.5926997939390632,0.0,0.0,0.0,0.0,0.0,0.0,33285889.072477803,795.7425791401004,0.11025960784886091,35654334.889721215,447.5890682476256,0.5717508598706325,0.0,0.0,0.0,0.0,0.0,0.0
Steel,4,4,5175.49,3.51,1.5137719124555589,0.07891110479831696,0.00750561717292678,0.2151902608182758,0.11282609641551972,0.3725608110556712,0.28834726394398047,0.08227834939956666,0.6519896323355295,0.21437977005107914,0.08928985953330994,0.8734622659630162,0.24285841048130724,0.11180721700191498,1.116468635215416,0.0,0.0,0.0,0.0,0.0,0.0,34186822.37551815,408.470163257218,0.2032070536101187,35295283.616178095,344.06297627679106,0.9922139684630735,37396297.2618794,110.76960197977793,1.1694022127084822,42339725.67315976,912.9810340553731,1.3435271201858878
Steel,3,4,4830.32,-3.394,1.3445465624332429,0.059883133947849276,0.013932650666198174,0.37437879817913317,0.08133666932582856,0.29819075334290557,0.21935095420452597,0.0569680541753769,0.7373690860901089,0.4639340379394373,0.107827045917511,0.8818006236459451,0.0,0.0,0.0,0.0,0.0,0.0,0.0,0.0,0.0,46789019.812865056,232.44489765736802,0.1852304443364588,51247607.41539826,817.6095478310378,0.9337635536102225,45651701.28361387,206.47353337202406,1.0678376278084851,66563095.29524025,347.81477717293967,1.158314685997437
Steel,3,3,5176.2,3.524,1.859791558980942,0.06496318477392198,0.04175012286809302,0.2916116817674452,0.10627662003040314,0.43444218537327617,0.18138476186086905,0.07445141106843949,0.9017996796254302,0.17275227117300188,0.07936892300844192,1.4162931026082821,0.0,0.0,0.0,0.0,0.0,0.0,0.0,0.0,0.0,21506002.928766377,466.0336722249234,0.21967340657781745,18749994.005534682,145.85798977944452,0.8272484501649174,17764846.70661691,1053.7522244350748,1.550676922539329,0.0,0.0,0.0
Steel,4,2,4829.68,-3.406,1.305360522866249,0.11559902441501618,0.020664827795819924,0.4874435234903356,0.1147133231163025,0.22079750453267777,0.1881529529041468,0.06306339651346207,0.5359470530265341,0.2168049270310697,0.07266448229551316,0.89172203712284,0.38682184936320235,0.08341646432876587,1.0206287345541585,0.0,0.0,0.0,0.0,0.0,0.0,50057233.59207078,664.4375424884936,0.1675516762608996,77125490.289131,414.42047136466874,1.0036463158785645,0.0,0.0,0.0,0.0,0.0,0.0
Steel,5,2,5176.86,3.537,1.0485488295555117,0.10239860284328461,0.0375587752541428,0.27881438793374647,0.0745048725605011,0.143265563096875,0.2821339792131452,0.07480698287487031,0.3282674752268386,0.27230370832025313,0.07231722474098205,0.4886791409301518,0.49266091945973306,0.07120915114879608,0.6648775633891293,0.30267545398641504,0.08969412744045258,0.8858387508698667,0.0,0.0,0.0,90701019.11100926,269.88771425883346,0.13143803900635403,71911707.41639969,85.74231762004402,0.9383506097623403,0.0,0.0,0.0,0.0,0.0,0.0
Steel,4,3,4829.0,-3.42,1.3175522595643998,0.10258852338790894,0.053891624021373145,0.37639710958674344,0.11483462750911713,0.2658562856852419,0.28089559162966105,0.069446901679039,0.5864950661811685,0.35659954628903656,0.030587165355682372,0.7564806354230957,0.21827309073138332,0.08333140403032303,0.9085388641969437,0.0,0.0,0.0,0.0,0.0,0.0,28601410.52997379,419.2638988134064,0.1954777332898997,35558725.0478202,553.9731132137848,0.7718380452080463,30060114.593553077,414.36646926648876,1.1524851966061385,0.0,0.0,0.0
Steel,2,4,5177.25,3.545,1.1857311189174653,0.04983841162919998,0.027319791599206025,0.2834968790417723,0.12694576501846314,0.27044108221702595,0.11316455681744061,0.09560888469219209,0.5946689669276277,0.0,0.0,0.0,0.0,0.0,0.0,0.0,0.0,0.0,0.0,0.0,0.0,8535126.261101013,687.0226879024373,0.13669235717224798,12536190.380885633,488.62502044664353,0.3732149161989487,10789564.59957398,615.7907494225473,0.5791763069469904,12069294.1909599,703.401490395079,0.9941236571461962
Steel,2,4,5177.76,3.555,1.4109862565994262,0.1153387099504471,0.03142538781640913,0.13687258779463748,0.08068979263305665,0.6951130208260743,0.205583224231564,0.1209139883518219,0.7993639199017529,0.0,0.0,0.0,0.0,0.0,0.0,0.0,0.0,0.0,0.0,0.0,0.0,15766744.357416991,146.62483333962757,0.2081088676390883,13299377.841582404,578.4161634684511,0.9628118743144263,10911864.899805216,410.5425866787045,1.0231299565510246,13069965.590105304,412.20547040906234,1.249138928296557
Steel,2,2,4828.19,-3.436,0.9952645644545556,0.1026659084558487,0.020756522842797907,0.341006328025807,0.057135807573795314,0.6357369197836076,0.2832862455166513,0.06975942999124528,0.808919104721485,0.0,0.0,0.0,0.0,0.0,0.0,0.0,0.0,0.0,0.0,0.0,0.0,22402237.420278054,448.4700561371425,0.2790570041738015,17707112.927116275,569.9162461738565,0.8898232170738997,0.0,0.0,0.0,0.0,0.0,0.0
Steel,3,2,5178.24,3.565,1.0615529701113702,0.10300389575958253,0.011365996269667417,0.22088001669804913,0.11766323983669282,0.2613883723045926,0.2846990679836344,0.0955991291999817,0.5430111131875577,0.2614210728212322,0.10357498407363892,0.8106648197508336,0.0,0.0,0.0,0.0,0.0,0.0,0.0,0.0,0.0,28828006.05885499,947.8508423256517,0.11811661514187079,39413347.67511749,645.4353152038882,0.8842124734509601,0.0,0.0,0.0,0.0,0.0,0.0
Steel,6,4,5178.53,3.571,1.203162929415703,0.06019690614938736,0.019896017237530775,0.21566953474853812,0.1416987657546997,0.1947740612203133,0.3128568597252942,0.0877553415298462,0.393893742969402,0.24311090796957785,0.08609125912189484,0.5490057923079359,0.19077175821368525,0.11992435216903687,0.75763823168638,0.6127541368405679,0.07346394062042237,0.9231180542197234,0.15779922039091968,0.06503213077783584,1.067826384247313,43529718.33632186,244.78397186691683,0.13765985854812415,43652712.29528464,420.10057962119583,0.372475209809073,48633214.230384044,303.40595043761215,0.9061374144491262,41246008.37126699,422.50134277609226,1.0828466352709698
Steel,2,3,5178.76,3.575,1.0475224494934081,0.07229757189750671,0.019020437215387147,0.241925873405417,0.04371728301048279,0.2513670663751194,0.20647724820382904,0.020825852248817684,0.5507571680044396,0.0,0.0,0.0,0.0,0.0,0.0,0.0,0.0,0.0,0.0,0.0,0.0,6197633.67491869,433.7473223705752,0.13595162863711566,6495135.230750495,101.4745297973184,0.6065586787469297,7160569.209868592,447.3171240376014,0.86682728884156,0.0,0.0,0.0
Steel,6,3,4827.04,-3.459,1.4718548506498337,0.1419160245656967,0.022522980983264225,0.2592154689967822,0.09276109457015992,0.21162890048600458,0.2342620548136713,0.0927699899673462,0.35435178707038734,0.14902672697656097,0.04599425092339516,0.47730198932707024,0.2820495923388536,0.1402132499217987,0.7290667251171192,0.25115849145960734,0.06545243442058564,0.9431900812347697,0.2466812909650462,0.09521000981330872,1.1451754942330903,37178600.55814415,322.3033389486445,0.15973594159424973,32442561.26000422,393.68108767283843,0.8234333846230765,31634358.40652484,668.4415410751781,1.2419105450117163,0.0,0.0,0.0
Steel,3,2,5179.18,3.584,0.9200463876128196,0.09279333257675172,0.015043851270933335,0.17609613752211184,0.05406217277050018,0.36412219022272246,0.20915874589550124,0.10401763856410981,0.49929213219167473,0.364972820422348,0.08748071551322938,0.7173534777904902,0.0,0.0,0.0,0.0,0.0,0.0,0.0,0.0,0.0,32469607.95567048,430.08122678222935,0.13154869494877686,29343733.893981535,736.0360801715021,0.7825615209706465,0.0,0.0,0.0,0.0,0.0,0.0
Steel,2,2,5180.07,3.601,1.055106943845749,0.12892321300506593,0.03867883069722373,0.24733763891824362,0.06496471017599106,0.711354035239419,0.26808183203172226,0.1001627779006958,0.8423706055368743,0.0,0.0,0.0,0.0,0.0,0.0,0.0,0.0,0.0,0.0,0.0,0.0,31451905.645586215,332.1718140916478,0.41570449901304357,30081060.9195425,403.1622435921673,0.9495962484060672,0.0,0.0,0.0,0.0,0.0,0.0
Steel,5,2,4826.08,-3.478,1.2243740856647491,0.09546058249473573,0.014317498544359595,0.26589843831321225,0.05671648412942887,0.18657799223612542,0.3221264267942197,0.14082773745059968,0.4976942313511793,0.2975542241595893,0.05250947266817094,0.6928861066339081,0.3515214722116156,0.04382971525192261,0.7978563907029227,0.23706767221169,0.02,0.9975780782096516,0.0,0.0,0.0,67964539.25006458,261.1286976390964,0.16678037133167178,59179577.21601704,619.6256548280079,1.0248093524425705,0.0,0.0,0.0,0.0,0.0,0.0
Steel,3,3,4825.88,-3.482,1.5690386414527893,0.0956492419242859,0.02636328305953994,0.47524964232539413,0.11017250180244446,0.3145365457342713,0.344824587724871,0.0758742019534111,0.7998495949645282,0.3310721756316956,0.02,1.1406021000135,0.0,0.0,0.0,0.0,0.0,0.0,0.0,0.0,0.0,54175393.85642052,465.01212234637785,0.23039482883340917,56353382.61231532,561.8889386944915,1.1605742163142598,62414450.6922032,490.52828157932123,1.4121347757384717,0.0,0.0,0.0
Steel,4,3,4825.75,-3.485,0.9510193467140198,0.0903583563566208,0.021345528884542633,0.46761079833618496,0.03183242216706276,0.15254799574548752,0.15507642171397346,0.08530824720859528,0.29527926118689085,0.18972487710944244,0.06302679598331451,0.5526364168004809,0.36176513059468657,0.04954227462410927,0.6630524358056533,0.0,0.0,0.0,0.0,0.0,0.0,15498654.793396685,674.7158824021346,0.11480490896951462,17302255.059955634,804.4477226338881,0.5898971506797638,15624872.394459995,690.4999621564351,0.804560472643391,0.0,0.0,0.0
Steel,1,4,5180.75,3.615,0.8141333490610123,0.09011983633041383,0.02452360305041323,0.31382700940605657,0.10305210828781129,0.3848097036925632,0.0,0.0,0.0,0.0,0.0,0.0,0.0,0.0,0.0,0.0,0.0,0.0,0.0,0.0,0.0,9795215.887093304,215.71749372458004,0.09181988187739885,10230836.048958467,754.8901599810226,0.14448602783359504,9657975.386566216,470.888190593538,0.36817822787148596,8152770.775268213,196.3891636243212,0.6380476576420661
Steel,3,3,5180.87,3.617,1.1715518459677696,0.10268926024436952,0.024759189301401686,0.4487573990628636,0.043440202623605734,0.17129050843963756,0.1914808382950382,0.07686766594648362,0.555197621344932,0.3391202512398285,0.07729917407035827,0.8267148316673437,0.0,0.0,0.0,0.0,0.0,0.0,0.0,0.0,0.0,21701231.323994208,748.558063458957,0.14357211748313237,19224486.138587788,389.4911521426891,0.6397127262383533,24147119.11115372,341.76942021987475,0.9900186734798687,0.0,0.0,0.0
Steel,3,4,4825.17,-3.497,1.124810864031315,0.07845962136983872,0.01248373037942522,0.29758820816839016,0.06109510004520416,0.3345258029827527,0.6973179817540686,0.06312072068452836,0.6713982280304485,0.5089642340123416,0.09242160499095918,0.9508123695840011,0.0,0.0,0.0,0.0,0.0,0.0,0.0,0.0,0.0,32892425.38825557,95.37644283479557,0.1362085521246888,42996801.07387476,391.8918879188453,0.4023316547053787,35305164.478511274,447.2964153119822,0.8161253625041582,39900814.09963585,475.9751522258729,1.0123297765033725
Steel,6,2,4825.15,-3.497,1.1454895332455637,0.09049703669548036,0.019296735263106855,0.2629959615633083,0.1273435550928116,0.1401403101875766,0.1647821062115461,0.10512640953063966,0.3127451899003858,0.374841592653139,0.06772090017795562,0.50914273492994,0.2955773857430921,0.0958605283498764,0.6216583648430201,0.29759325969214745,0.13504355192184447,0.8136392118206777,0.29525169559746467,0.06663470476865768,1.0006017014613116,144151615.0947769,550.2886637404542,0.15554180172876877,144071613.20435476,575.1238632722077,1.0153854852396234,0.0,0.0,0.0,0.0,0.0,0.0
Steel,5,2,5182.04,3.641,1.2970806747674943,0.13216213738918306,0.015751669094752625,0.35509595081267903,0.0907787072658539,0.16980460951613663,0.24394865586022846,0.1288611501455307,0.31830594139135965,0.4178640007584734,0.10843207240104676,0.5146408808323242,0.40705038438971697,0.11082233846187592,0.7765203721141096,0.3849645683266474,0.09738968431949616,1.0250400313604742,0.0,0.0,0.0,118474770.3614665,157.5199642052289,0.14625007996649292,117960304.31566247,480.1724960823958,1.0850276389927451,0.0,0.0,0.0,0.0,0.0,0.0
Steel,5,3,4824.1,-3.518,1.5232972443103792,0.12966751635074616,0.024744212665451286,0.2643468708681281,0.03385179162025452,0.27498930704871066,0.25978687826730734,0.05787941396236419,0.5647145483732063,0.19204014570164032,0.07324629783630371,0.9256542608493195,0.26287377899958586,0.051569423675537115,1.0433465417048498,0.32551812002807307,0.07792077481746673,1.2213402787125578,0.0,0.0,0.0,26190221.425636433,358.79370881355754,0.1593480134118114,33972301.143437214,722.4335702263106,0.6387561387893586,26164601.564628508,503.3093108818001,1.3436950307021882,0.0,0.0,0.0
Steel,5,4,5182.76,3.655,1.607363373041153,0.10821876740455628,0.024818694498854026,0.2901000612243745,0.07743986934423447,0.19121093447119364,0.47779285929834425,0.060505380928516386,0.48611645670860654,0.18027909366500114,0.05752097517251968,0.8406356514744834,0.3756255450799847,0.12110296130180359,1.0015418192099945,0.31170257418046887,0.10796310365200043,1.1856933866716046,0.0,0.0,0.0,42735622.90492239,651.6039385268391,0.2114007823338903,34453057.28729219,386.6946929856727,0.8531614353396297,34967931.23270408,1032.4583361009281,0.961474477597817,31240623.393824585,402.661518879142,1.4401750151076373
Steel,4,4,5182.89,3.658,1.7863484859466554,0.0942396538257599,0.004210626876581004,0.3970536096243194,0.1169987040758133,0.592888991895799,0.2845013544841407,0.08318385124206544,1.1344527546883476,0.2134167313535317,0.07087336927652359,1.296408974056669,0.26810061290966347,0.07688384503126144,1.3738019920911264,0.0,0.0,0.0,0.0,0.0,0.0,65655827.12023521,505.20383263422497,0.3354256477178079,74671198.50976707,793.8187637989917,1.2718082674636282,64177711.253340766,649.1109447864985,1.439566643149391,55044553.38349564,318.6304632869387,1.6077136355656414
Steel,1,4,5183.2,3.664,1.4669039011001588,0.06950216645002366,0.016526712827164034,0.3550385695490739,0.14658367931842803,0.7786181241116861,0.0,0.0,0.0,0.0,0.0,0.0,0.0,0.0,0.0,0.0,0.0,0.0,0.0,0.0,0.0,33505961.991270285,362.9385380458774,0.19202380533186,36224108.25662693,885.4805359419867,0.4068834085818883,35743171.57977323,205.07942206454308,0.9878256711652174,34420424.59397317,1099.9999999999995,1.2209565192890801
Steel,5,4,5183.21,3.664,1.8956406503915788,0.09708032822608949,0.022880040666489066,0.17477806944286609,0.08833391427993775,0.2413125120909592,0.34107207547398294,0.053434938788414,0.3959885562524711,0.32375179670072235,0.10405987620353699,0.6761892018296781,0.3449919789228642,0.06936741262674331,1.0894457335843306,0.226022617470868,0.08523893594741822,1.5514951781630666,0.0,0.0,0.0,36634173.092401445,855.5845941236096,0.20743279964006825,34835456.646394774,321.94174143364944,1.0177058566685802,30456563.79700228,704.8947649961478,1.1729506230829316,37213567.2036511,197.76573543839618,1.6683672885860332
Steel,6,2,4823.09,-3.538,0.8700640052556992,0.09070501065254212,0.04233443752110464,0.2759560458646026,0.05698570162057877,0.12311952575522017,0.24345731659911163,0.04105382055044174,0.2067730992283583,0.4310313707322505,0.07876101404428482,0.2748228165707821,0.29529531625384486,0.0739138013124466,0.4011706351292663,0.3861881197307422,0.10366275250911713,0.564952613961344,0.30804300440965154,0.08422555029392242,0.6905112342467804,76059633.03920098,871.2271239220623,0.09527062067937966,77786572.80040845,615.6124477177832,0.7727309794933765,0.0,0.0,0.0,0.0,0.0,0.0
Steel,2,2,5183.93,3.679,0.838553872704506,0.05214397966861725,0.025169118615169045,0.3216556065828362,0.04551274493336678,0.3836476938784004,0.4434278955617761,0.09496221721172333,0.6361168974398297,0.0,0.0,0.0,0.0,0.0,0.0,0.0,0.0,0.0,0.0,0.0,0.0,34798919.6592641,805.5711633580913,0.128448454257101,43671700.81265538,437.0753686403565,0.660741900161095,0.0,0.0,0.0,0.0,0.0,0.0
Steel,2,4,4822.53,-3.549,0.8707998275756836,0.0966444902420044,0.007332794642573627,0.3980819212041225,0.06805366784334183,0.25968949442811895,0.21929353114127473,0.06705491155385972,0.3762481817002943,0.0,0.0,0.0,0.0,0.0,0.0,0.0,0.0,0.0,0.0,0.0,0.0,11960006.746901888,475.83252922876176,0.1071945332445788,15053697.151818668,126.5140856260985,0.4117380348386386,13299506.578815913,191.37048310757638,0.6333232676634504,13155669.698547924,359.83925401464165,0.7384729420274795
Steel,2,4,5184.6,3.692,1.2132466614246369,0.10462746715545655,0.01779340910010003,0.1449741500218648,0.10957695186138154,0.28662545431096426,0.20871784624173575,0.11491763830184937,0.6753741563660036,0.0,0.0,0.0,0.0,0.0,0.0,0.0,0.0,0.0,0.0,0.0,0.0,8511772.47742705,544.5125592897224,0.14044521966122725,8511772.47742705,491.6251805144471,0.41664691443135876,8943999.681720832,257.0765102554136,0.710797290695934,10750268.667042574,524.343197633401,1.039954596139397
Steel,3,3,5184.83,3.697,1.230988436937332,0.11551981961727144,0.02043556765295188,0.34237324161030697,0.08299501776695252,0.2801961317300689,0.21339935504761273,0.12225479900836946,0.7684401466254026,0.26492960939453686,0.08789580821990968,1.097917557368843,0.0,0.0,0.0,0.0,0.0,0.0,0.0,0.0,0.0,24784157.661690958,569.5960230838284,0.1417828246708048,23933419.178935137,977.3772024430903,0.4045834629108417,29537611.384520106,362.5645752399845,1.0341304804438258,0.0,0.0,0.0
Steel,5,2,5184.84,3.697,1.362739557027817,0.1104127267599106,0.018337479980958703,0.4298535773494027,0.10615100741386414,0.19404477257459435,0.3028340827818988,0.10233447909355164,0.4404069982592516,0.19033139990587838,0.10746526360511781,0.5904501568489794,0.3667788232797065,0.05406681418418885,0.8365482996954398,0.37665867652039503,0.04868168756365776,1.0957173827372364,0.0,0.0,0.0,109589985.15772659,635.5400567401789,0.14541793262862868,109875383.5473798,787.8316826572301,1.1805815468917191,0.0,0.0,0.0,0.0,0.0,0.0
Steel,4,4,4820.69,-3.586,1.4020729154348375,0.0911861641407013,0.023773695882157057,0.26656081511850455,0.11571898341178895,0.3581492386236703,0.3110479178696358,0.1012185561656952,0.6187596321831177,0.24857188846981484,0.06284318894147874,0.8903549269736957,0.32192172729669244,0.14497392237186432,1.2618556238913539,0.0,0.0,0.0,0.0,0.0,0.0,35956710.99817883,819.3771239808157,0.1739857952364683,31112665.753133778,207.06647050159552,0.6376803056527596,27641048.825010244,788.2852594068399,0.7644848516912269,29369357.07348586,811.7111482194215,1.2126663847521553
Steel,5,4,5186.09,3.722,0.740033957362175,0.11764892888069155,0.022943961624365763,0.3988554726838859,0.07699065566062928,0.1480345556365958,0.25471765535855867,0.060992985069751746,0.2848625930495822,0.17471838590036662,0.09968594431877137,0.45427174716927865,0.301310478562653,0.06124837517738342,0.6017814569810097,0.32897685165824747,0.02,0.6509586657835582,0.0,0.0,0.0,20887817.304759536,509.4485537110627,0.08457349525596586,16010018.969053524,194.77581974016397,0.35144057494721526,17549108.76780406,498.6456395942155,0.4791733555317019,16878274.05613389,347.598618957582,0.6660305608859236
Steel,3,3,5186.45,3.729,1.150057354569435,0.07716157847642899,0.03290717162830708,0.3318340793969841,0.07842106729745865,0.25788156919333294,0.4675962556458427,0.08543860971927643,0.7231349698357741,0.26169640036649133,0.11359065115451814,0.8838891212748055,0.0,0.0,0.0,0.0,0.0,0.0,0.0,0.0,0.0,27259309.77985129,632.6508138739481,0.14807424032020014,33024774.934048742,321.13219925197006,0.700799553581852,35599132.97561979,257.0364980691203,1.0252875033969704,0.0,0.0,0.0
Steel,5,2,4819.38,-3.612,1.2663867503404618,0.10969826698303224,0.013120600308929514,0.37190084632084386,0.11921975612640381,0.26237845754729094,0.2839087136945791,0.1253448647260666,0.45874167112900305,0.20020554831752732,0.13089085817337037,0.6918632545199882,0.4141301629112165,0.04856274649500847,0.8439811992635765,0.4911657556958855,0.07669793665409089,1.1123159529869417,0.0,0.0,0.0,93141535.06471393,628.0874617251316,0.1690056047840951,63317658.732496046,830.1861629536055,1.0660257454241604,0.0,0.0,0.0,0.0,0.0,0.0
Steel,6,2,5187.53,3.751,1.308041262626648,0.0996711494922638,0.0194174518492162,0.2282289351064366,0.08775420248508455,0.2765818921654547,0.21586630112454414,0.08497363537549973,0.48650657203661685,0.2826826686097244,0.06582864850759507,0.6889770007457287,0.30202011426549225,0.059374917745590214,0.7602328190046389,0.3015973406711849,0.04600358605384827,0.9068844667681437,0.27788780438281196,0.09588950037956238,1.0901984012873704,100570505.36934274,600.362535150581,0.17920173603481518,102814641.10034128,519.764199456147,1.1599893689771121,0.0,0.0,0.0,0.0,0.0,0.0
Steel,3,4,4819.03,-3.619,0.8200245037674904,0.13301536214351656,0.02000031374064169,0.28606240500071334,0.1029908710718155,0.14285728778255402,0.3161915666084257,0.07778517425060272,0.46018241918030534,0.2525417289917669,0.04379049375653267,0.6371165959534398,0.0,0.0,0.0,0.0,0.0,0.0,0.0,0.0,0.0,16474798.909579776,568.2217623351006,0.08750407179379664,14900392.401201252,428.5424625217569,0.19201935616065352,16358652.619467128,901.6514397478923,0.2363707860462843,17722923.398735266,223.31048658217586,0.6845218022906518
Steel,2,3,4818.99,-3.62,0.7470031529664993,0.07540852272510529,0.020467047399531785,0.17629147405755127,0.1168429183959961,0.3439203614385656,0.19938209858317596,0.0608127099275589,0.5469690314345187,0.0,0.0,0.0,0.0,0.0,0.0,0.0,0.0,0.0,0.0,0.0,0.0,5708189.851307723,672.3370780146536,0.12471392529557121,6768734.0144323455,434.96255679034255,0.3274855178904564,5378797.5475382125,412.43799535680694,0.6250003925231828,0.0,0.0,0.0
Steel,6,4,5188.38,3.768,1.4064814537763597,0.046298996955156324,0.00952378109324372,0.2683991312172587,0.15,0.2749369090000678,0.32798069189616663,0.05325059562921525,0.48659507558164433,0.332989027156284,0.0711680293083191,0.6153262587578231,0.250155011741659,0.06480149745941162,0.8056643704968418,0.369779520923049,0.10518392741680146,1.0213976909221973,0.2780293992623355,0.09615728437900543,1.2264581641161452,102560257.49039184,274.4169138738975,0.1688199113558115,83427910.68472473,545.7827883762684,0.5984489351718627,86618755.93130898,822.2285492356989,0.7111212962563334,88739546.55023532,292.24717208571917,1.1967215641796158
Steel,4,2,5188.52,3.77,1.2199864983558655,0.14399286103248596,0.022966279595604093,0.2797691062242933,0.10839340686798096,0.2531898841078362,0.1741264627598437,0.10553145229816438,0.45573618646294295,0.23360680388620228,0.08123881220817566,0.6530563758202487,0.2722322859845642,0.10888839542865754,0.9112239320292892,0.0,0.0,0.0,0.0,0.0,0.0,40439683.77822924,450.91162504934533,0.15123344363714475,55891429.07509107,570.8645094432633,0.9906201157464376,0.0,0.0,0.0,0.0,0.0,0.0
Steel,6,3,4818.28,-3.634,1.6847872525453569,0.0926593919992447,0.012869987618362416,0.46164786530880786,0.12901289880275726,0.297421883679009,0.2817723319300052,0.15,0.7541296925696779,0.3309717730440388,0.02,1.0338392991746246,0.3231153215523376,0.1244901317358017,1.1376139543963242,0.29425996964018525,0.09840710699558258,1.3311760024030528,0.3238741048036927,0.09275677859783173,1.5162985272908214,80142859.2469841,359.28225069415595,0.18287962696373172,59852397.80803147,395.48953222317465,0.6801285635685524,67294293.04991628,95.47974729457873,1.5062975272908214,0.0,0.0,0.0
Steel,4,4,5188.63,3.773,2.027414485812187,0.09406029617786409,0.023862621898283,0.29055354415494455,0.1179217952489853,0.7469808688110919,0.38132938410824746,0.06892949253320695,0.9448689982912052,0.2180720101164283,0.1263510286808014,1.2551209143560564,0.3333289458141196,0.08683178544044495,1.7234696028828513,0.0,0.0,0.0,0.0,0.0,0.0,38603649.02766543,347.4612299676026,0.27189956248937414,33121607.09120293,289.54444614703544,0.8518436893102991,39238287.28489878,416.541812880827,1.4748711019075946,33539803.83490721,333.9917472205448,1.824673035203554
Steel,4,3,4817.94,-3.641,1.3212995171546937,0.11132557940483094,0.027946273895006462,0.26233210350154107,0.04344171553850174,0.23742881067978816,0.22892321572214827,0.08303739100694657,0.37785382656521016,0.3024892707581978,0.0781214714050293,0.7236612357068691,0.36210161650302597,0.10615175902843477,1.0084123753849932,0.0,0.0,0.0,0.0,0.0,0.0,23771959.938740738,625.0589234885679,0.15408929729052623,22735091.721405208,529.2241197433466,0.7646608637420906,25488280.678438198,205.31308738871235,1.156031360260221,0.0,0.0,0.0
Steel,2,4,4817.91,-3.642,0.6522508673369884,0.11154260122776033,0.016522126352969853,0.24882982773681242,0.08524325966835022,0.1678537942839145,0.3364440092798742,0.11166414678096771,0.4419396159208647,0.0,0.0,0.0,0.0,0.0,0.0,0.0,0.0,0.0,0.0,0.0,0.0,10313560.054839788,178.6094871246863,0.08143804308051542,10083567.972955348,779.7738814986669,0.3348488230184933,8710448.597218275,385.13347524094485,0.3736936293795825,11940438.22652655,397.0847111007308,0.5352683528663233
Steel,5,3,5189.27,3.785,1.109555920958519,0.08145386826992036,0.007228947330340997,0.3034290595106493,0.13474952340126037,0.2904900414332087,0.2592541558507694,0.06826520860195161,0.415981259924284,0.34430129535209036,0.10783143937587739,0.6231740948740712,0.4378281042521166,0.08574984014034272,0.8056326968077863,0.32509724305364335,0.06946664899587632,0.91826350630391,0.0,0.0,0.0,57327760.53597108,329.3281071247209,0.13410790775604817,54622086.68739169,197.18074061519684,0.46306379382705054,56523461.47505433,330.238645887884,0.9663535524771507,0.0,0.0,0.0
Steel,3,3,4817.5,-3.65,1.0983853816986084,0.11077195835113526,0.03384459870846644,0.4362427833688977,0.09853931367397309,0.3376823583465785,0.4440548061143171,0.025449953377246856,0.6393425644990156,0.17801380234873315,0.07918643951416016,0.884429813471958,0.0,0.0,0.0,0.0,0.0,0.0,0.0,0.0,0.0,20600371.99943432,91.52335862862543,0.1387857355658106,21204932.653104793,414.2878472156937,0.48038443059756347,22661514.373792786,340.6318215159349,0.9225478568128456,0.0,0.0,0.0
Steel,2,2,4817.08,-3.658,1.1028991714119911,0.08953381562232972,0.024136376763153698,0.35338810044100954,0.08713600337505341,0.3754648621216612,0.2545254769758289,0.08463952720165253,0.824834932802995,0.0,0.0,0.0,0.0,0.0,0.0,0.0,0.0,0.0,0.0,0.0,0.0,22395745.46208168,565.4511831271486,0.2612457628765891,22897756.038874492,426.05363293388876,0.9593793623512832,0.0,0.0,0.0,0.0,0.0,0.0
Steel,1,2,4816.41,-3.672,1.3402667075395585,0.10282869386672974,0.0220615075758391,0.2899154734288142,0.06313787996768952,0.9762941414141773,0.0,0.0,0.0,0.0,0.0,0.0,0.0,0.0,0.0,0.0,0.0,0.0,0.0,0.0,0.0,19387759.578488234,616.2032699330211,0.3752282084900639,16726646.40252195,491.23568990891494,1.065991527279281,0.0,0.0,0.0,0.0,0.0,0.0
Steel,5,2,5190.83,3.817,1.3627609491348267,0.09421132528781892,0.02955296062327925,0.2895886335672039,0.0793817275762558,0.2745691427198718,0.19398646778938256,0.08872464537620545,0.5943560303845388,0.33181682543928814,0.0664182785153389,0.7851789522702904,0.2654976741824603,0.08669688224792481,1.026989048708388,0.17439578587569338,0.05920991510152816,1.1601082481628415,0.0,0.0,0.0,187067257.84102654,44.99999999999999,0.15902637816810403,182600624.97116455,529.5839964392256,1.2019610790549453,0.0,0.0,0.0,0.0,0.0,0.0
Steel,1,2,5191.14,3.823,1.1040226429700852,0.07892318695783615,0.03325711482853487,0.39038477063041155,0.10236245930194855,0.3145234353092279,0.0,0.0,0.0,0.0,0.0,0.0,0.0,0.0,0.0,0.0,0.0,0.0,0.0,0.0,0.0,29050521.825059142,197.97349025659116,0.16636767784822734,38544802.99931951,918.3933769456372,0.8540803962311783,0.0,0.0,0.0,0.0,0.0,0.0
Steel,6,2,4815.81,-3.684,1.5619307279586792,0.12605599594116212,0.004388506640186848,0.322231656982392,0.07334625482559204,0.23999174613277274,0.5223198964084897,0.08680722236633301,0.44600495412677,0.21941427931481097,0.0836833068728447,0.6996595144876823,0.2711889176992515,0.07646063566207886,0.8736953505512065,0.2749459124467159,0.1312941652536392,1.0988458366508762,0.24399564179048264,0.10726545035839082,1.2900603302585982,147821696.0181174,675.555817877883,0.18427252403939517,165855498.29563716,549.4092249190634,1.3576544950936789,0.0,0.0,0.0,0.0,0.0,0.0
Steel,3,4,5191.25,3.825,1.1022930800914765,0.08234707206487657,0.012950458653349959,0.4201079993330224,0.10617713570594789,0.32549664395630323,0.42182105352050364,0.08692500889301301,0.6261160681427739,0.40761632836054495,0.13229863226413727,0.8605835216300373,0.0,0.0,0.0,0.0,0.0,0.0,0.0,0.0,0.0,34040293.403202355,296.7031107588041,0.15742240893611792,37808812.201304846,303.9659037153834,0.390094727780681,33001240.437164355,818.9693150089718,0.5606903907313361,40637872.24413077,647.4667500406085,0.9421532903106987
Steel,6,3,5191.66,3.833,1.8766419231891633,0.140095050573349,0.04478814294609933,0.1847048946072441,0.15,0.2634329267998953,0.24264617311272077,0.08016953587532044,0.6010264413091078,0.3377574157779497,0.13128180623054506,0.7797784529250841,0.18272377590228575,0.08777482151985169,1.039438847357331,0.2226965685962803,0.11860918164253235,1.3366578940539007,0.209565511553555,0.10574117600917816,1.680385891207979,65715974.2577823,538.4715703507509,0.2001013757443147,65267844.24602482,414.60013424304225,1.2297574268969074,59207440.99415766,186.29003895394771,1.670384891207979,0.0,0.0,0.0
Steel,6,2,5191.74,3.835,1.1036625057458878,0.07396715706586839,0.011731607392083395,0.2984650989443431,0.07740514397621155,0.12140684117180123,0.34300314311275804,0.09631613850593568,0.25639529488556534,0.12362283454028361,0.07072731971740723,0.44345877499826847,0.3284928881957818,0.03489750251173973,0.5933360019447491,0.3274735844443854,0.10010840594768525,0.7391526629374697,0.1400379965894476,0.10588756263256073,0.9447839742375366,75571085.33251068,180.2799466798434,0.18222851005696797,55487583.23341353,254.75534115819838,0.9182934243317579,0.0,0.0,0.0,0.0,0.0,0.0
Steel,1,3,4815.33,-3.693,1.038025511801243,0.0870488179922104,0.016385850075739204,0.3531110063713739,0.07376694977283478,0.3205786919476845,0.0,0.0,0.0,0.0,0.0,0.0,0.0,0.0,0.0,0.0,0.0,0.0,0.0,0.0,0.0,13186445.864545638,484.4700762132508,0.17361048093500492,7356505.952591383,388.2936048008104,0.48271763330538703,7124416.082111328,78.0641912363302,0.8629871162198561,0.0,0.0,0.0
Steel,5,2,5192.02,3.84,0.6876503661274911,0.15473401510715484,0.01602169828715341,0.18178234365468815,0.10478161215782167,0.08587553591154007,0.26338161963666046,0.049265639781951906,0.21009074443075998,0.2291127813382866,0.15,0.3435220245435123,0.20786447004259984,0.056919210851192475,0.4809020113651374,0.3181478240346244,0.08891085982322694,0.5672810457211365,0.0,0.0,0.0,34769325.80347188,304.8892579738114,0.09781177828200044,45884896.04289618,1070.5309352515544,0.6188853288270916,0.0,0.0,0.0,0.0,0.0,0.0
Steel,1,2,5192.92,3.858,1.0352024152874946,0.04283217680454254,0.025642751072148067,0.2151442452832807,0.05573267877101898,0.3513763761493138,0.0,0.0,0.0,0.0,0.0,0.0,0.0,0.0,0.0,0.0,0.0,0.0,0.0,0.0,0.0,9312752.209962154,539.7188638907296,0.15051505820811173,8583859.311665304,491.00139530986706,0.7320934572659347,0.0,0.0,0.0,0.0,0.0,0.0
Steel,4,4,4814.1,-3.718,1.2790281623601913,0.0778006929755211,0.034482033239145685,0.28207463969249713,0.1317877358198166,0.3393246079919271,0.31376310110732475,0.06750556260347366,0.7365611050100516,0.18586241823840047,0.07242855280637742,0.8583673347049428,0.29106700660088763,0.054748443365097044,1.0032017874840922,0.0,0.0,0.0,0.0,0.0,0.0,19974346.539490025,950.6142011762711,0.1425207548119763,13949027.746002879,444.6024328406742,0.2658179609514322,20878764.508398168,591.8133615366978,0.5851023909067605,13130794.948092027,612.4652711908011,1.0987069773250608
Steel,3,2,5193.25,3.865,0.9346022829413414,0.07623984724283218,0.013991621474592777,0.215490519117851,0.11786531567573548,0.16350198077071704,0.2220843904148636,0.04270627617835999,0.3550032977116411,0.32235979594824266,0.10902702569961549,0.7398129859200658,0.0,0.0,0.0,0.0,0.0,0.0,0.0,0.0,0.0,25132087.87354418,128.81048452088348,0.1246207796217999,26007276.941238813,646.0292809084299,0.809799012468679,0.0,0.0,0.0,0.0,0.0,0.0
Steel,6,2,4813.73,-3.725,1.1042913123965263,0.12056046271324158,0.025675776416089605,0.38061291189459384,0.023592694643884898,0.17437067358087194,0.2511480031150551,0.03226806804537773,0.24707092615956236,0.13975130161206825,0.0725441774725914,0.3805740063303965,0.25009407667088573,0.15,0.5477626442948011,0.4396215883646885,0.13163525104522705,0.7810843371277805,0.2868502071325616,0.08478752940893174,0.9094194196653643,62030597.125646934,278.13110686393287,0.14360640844203953,68206208.82138428,459.80284936724127,0.9459028022135652,0.0,0.0,0.0,0.0,0.0,0.0
Steel,2,2,4813.64,-3.727,1.1184130251407622,0.09499136304855348,0.017585263805868518,0.3393005149037597,0.050473112463951114,0.3124695019670949,0.5107105646046377,0.07629979789257049,0.5435091476242984,0.0,0.0,0.0,0.0,0.0,0.0,0.0,0.0,0.0,0.0,0.0,0.0,40145680.14827615,508.23761403522144,0.1781341376327239,39633908.80081351,596.3881858543522,0.9103900852746574,0.0,0.0,0.0,0.0,0.0,0.0
Steel,4,4,4813.4,-3.732,0.9771289095282555,0.06892766928672792,0.04326468847956753,0.17850841105767104,0.09393717765808106,0.16194658415440055,0.31900743492451616,0.06641685277223587,0.4255191387170747,0.30483326603334804,0.06882328629493714,0.5841162848543008,0.3477569484901983,0.04923498436808586,0.775426469239114,0.0,0.0,0.0,0.0,0.0,0.0,21474635.118374523,830.9173765831814,0.13611402332441136,20465056.669998482,929.6747059100455,0.7335261919228997,19881765.85452105,403.03736880627605,0.8235707123248864,22821111.931804176,534.1410123908973,0.874250157156524
Steel,1,3,4813.3,-3.734,1.7911906003952027,0.1144923324584961,0.03231140310961863,0.26321024234054136,0.08320851504802705,0.8323295876776724,0.0,0.0,0.0,0.0,0.0,0.0,0.0,0.0,0.0,0.0,0.0,0.0,0.0,0.0,0.0,22456950.72873511,429.54715071611844,0.2865737480278202,18088668.66172359,568.9160108149447,0.6329473727031971,19438258.15586724,223.39674239215148,1.3571606591566217,0.0,0.0,0.0
Steel,6,2,4813.21,-3.736,1.275539043545723,0.12542023313045503,0.010230546000555547,0.20251662072820104,0.13344287633895874,0.1561484528730285,0.22435834099364946,0.05847598284482956,0.3386958377092355,0.31930388249648495,0.15,0.5316934084756287,0.19803119887944612,0.12237226009368897,0.7507303557455437,0.3480833540360743,0.12612443625926972,0.9826036496916655,0.26180643799332126,0.09910992085933686,1.1115011650715902,95056544.91217193,384.8831250109621,0.14310650039364356,75961792.7524738,130.4897834750151,1.1479851379156116,0.0,0.0,0.0,0.0,0.0,0.0
Steel,2,3,5194.86,3.897,0.789823479950428,0.09246197247505189,0.026335262160441048,0.2797025008880964,0.09600828647613525,0.3262062002518369,0.23647877286988545,0.04829682990908623,0.5799935966824951,0.0,0.0,0.0,0.0,0.0,0.0,0.0,0.0,0.0,0.0,0.0,0.0,12942793.492608568,299.7570448834549,0.1859766618306046,9730321.77548664,487.5207898886372,0.4960986744433138,9107485.705256853,247.3413450650933,0.6952531889983138,0.0,0.0,0.0
Steel,4,3,4812.35,-3.753,1.197158694267273,0.09074514627456666,0.031317714641723456,0.2707506961721968,0.07043722361326218,0.22760148364926958,0.24715699809936026,0.06398111402988434,0.38385742355551977,0.357707797709453,0.13894635319709778,0.6903620552196928,0.19842736808407438,0.05844265997409821,0.8537169519619302,0.0,0.0,0.0,0.0,0.0,0.0,20465927.396727707,589.6269663158836,0.2115303583527355,22222687.19976485,493.3756974924289,0.619449329550128,25081624.862244945,612.8691418911925,1.0080434892078558,0.0,0.0,0.0
Steel,4,4,5195.01,3.9,0.8892950132489205,0.10834736728668214,0.012175119917526369,0.39204398994329426,0.07194808512926101,0.19101610080383524,0.16568948490320054,0.08449675142765045,0.35235186048609096,0.25761728586391497,0.08973475337028504,0.5999994319551833,0.3479472629803733,0.0714008167386055,0.7865846407181141,0.0,0.0,0.0,0.0,0.0,0.0,22892668.384804457,111.5413029106715,0.11065712579461993,27175077.16140126,588.5100576120938,0.38601178593325924,19866920.401705522,402.35554130808555,0.4711666495530047,21603029.342968833,648.9743050155745,0.7672912617900376
Steel,1,3,4812.13,-3.757,1.449258279800415,0.07233838039636613,0.00887614829183316,0.14235211510676615,0.07698807150125504,0.700108673826619,0.0,0.0,0.0,0.0,0.0,0.0,0.0,0.0,0.0,0.0,0.0,0.0,0.0,0.0,0.0,5852827.992072237,765.4960604736953,0.27263609283493156,7383313.232414192,834.3203225386361,0.9109567169433506,5575590.173929883,1009.9072682907112,1.142588574161758,0.0,0.0,0.0
Steel,2,2,4812.12,-3.758,1.2804463267326356,0.07856284660100937,0.016282482788936434,0.3242995862545121,0.06736759096384048,0.5886665302168117,0.2792086313437739,0.05239127546548844,1.1001292039630095,0.0,0.0,0.0,0.0,0.0,0.0,0.0,0.0,0.0,0.0,0.0,0.0,36796755.52593797,512.0751552400806,0.15551184192660367,40419301.8346321,694.0236607791605,1.1130780821303454,0.0,0.0,0.0,0.0,0.0,0.0
Steel,2,2,4812.05,-3.759,1.3164699733257295,0.0747830011844635,0.013663492983623736,0.20172523729630298,0.08725322425365449,0.33575933459388463,0.22571923417255862,0.09535234391689301,0.737665006732122,0.0,0.0,0.0,0.0,0.0,0.0,0.0,0.0,0.0,0.0,0.0,0.0,28596836.56452969,597.4455995407473,0.19271536869687184,25884861.923229158,523.1639298811635,1.1308493570186267,0.0,0.0,0.0,0.0,0.0,0.0
Steel,5,2,5195.29,3.906,1.263444784283638,0.08689027720689775,0.016313864179437414,0.22345232348155072,0.05442711651325226,0.1915462075976409,0.20849159815321444,0.05442058444023133,0.4057048069445956,0.31551672568110933,0.033123006373643876,0.5803900993698837,0.2593659237392397,0.06659285068511964,0.7548551505706591,0.1720062255646208,0.09362598598003388,1.0994280533246976,0.0,0.0,0.0,66044498.81562561,501.9520849088173,0.14367663895976884,54663008.8522276,256.06987538510674,1.1156771627106887,0.0,0.0,0.0,0.0,0.0,0.0
Steel,3,2,5195.34,3.907,1.1839471936225892,0.05713021284341813,0.008914318005478532,0.3300745365163696,0.09136359512805939,0.21085110964099313,0.23470901296268068,0.03392615981400013,0.6352334893567781,0.18618920729369487,0.02,0.8511317483830108,0.0,0.0,0.0,0.0,0.0,0.0,0.0,0.0,0.0,27611466.23241394,578.5645118444725,0.2635163409775975,22289781.08363864,202.6402740161331,0.9571683300064281,0.0,0.0,0.0,0.0,0.0,0.0
Steel,3,4,4811.92,-3.762,0.9231190770864487,0.07602383261919023,0.0014552173684166583,0.3368682895894521,0.07405899077653885,0.09232190770864487,0.30873032860889016,0.05516060709953308,0.20254613752845438,0.28334829027996583,0.0746587908267975,0.40604891138581856,0.0,0.0,0.0,0.0,0.0,0.0,0.0,0.0,0.0,24974934.632260602,655.9688674789498,0.1352033267186915,16157892.342321666,427.24291632070623,0.525015351857865,20499992.2468622,760.5088073851424,0.5603410811110076,14413359.43191574,638.4501575800348,0.7248614149755173
Steel,5,3,5195.46,3.909,1.0304281160235407,0.09925763070583345,0.023309284801790422,0.36828513852652284,0.04628243118524551,0.21124745455973387,0.4243338093692476,0.05692325562238694,0.41422386792026766,0.2691741796861745,0.10278797388076782,0.5471845111700748,0.1946529314825888,0.06422917395830155,0.66967207753151,0.22610633260411084,0.13383907794952393,0.8617893520913488,0.0,0.0,0.0,29026979.12977492,322.7346931208122,0.11960906944846716,24976638.460908398,779.3252021679542,0.4413048998672892,35741567.642599136,257.12730580740384,0.9150852826233373,0.0,0.0,0.0
Steel,6,3,4811.89,-3.762,1.062145608663559,0.10528741967678071,0.007261398279868258,0.21958417714797182,0.0694385913014412,0.19010794813152715,0.2721684283031494,0.046129694581031805,0.30707181850614274,0.28387849390772213,0.03911893218755722,0.4411445087164243,0.5351901965528666,0.08178666174411774,0.6694271862954836,0.1864726756270395,0.02272368025034666,0.7552651988247017,0.21494353104542163,0.11783274829387666,0.8808684029892865,28940607.373792164,190.2123860957073,0.1398887287804772,32136027.535432734,456.1804900696734,0.4546630945967197,32575028.035663515,616.4694717035088,0.9278641816189253,0.0,0.0,0.0
Steel,4,4,5195.68,3.914,1.0211797788739205,0.06573248612880707,0.029699894172461355,0.41886111064732234,0.13220249533653258,0.14446195928848954,0.3381412556430849,0.053148503899574276,0.3583956467304911,0.22419231461497915,0.06512395560741424,0.5576241636923513,0.24942371758492443,0.12121899664402008,0.83807736100988,0.0,0.0,0.0,0.0,0.0,0.0,48553770.228646964,244.45428850002355,0.16084884826292703,44867928.75898439,243.14026728272216,0.5963826153770051,52951569.51672486,244.79465182536856,0.7180367383545132,50130206.967076965,426.82635910768505,0.9113101310426159
Steel,4,4,5196.1,3.922,1.2440592348575592,0.1230741105079651,0.03506467290954711,0.2021569361441492,0.053006444871425626,0.18889761448337317,0.42270573903295583,0.10203721165657044,0.42732010337687565,0.4290911151286323,0.09983033180236817,0.6323438932017527,0.279369795638897,0.1298203420639038,1.014033457279377,0.0,0.0,0.0,0.0,0.0,0.0,35835529.95800552,588.7631741114719,0.12929677038312637,30009867.689007353,765.1034069171262,0.5404829545004786,25581326.330526456,980.7799614629656,0.8183007102742155,34643131.1751921,545.429569203795,1.0905283387912728
Steel,5,4,5196.5,3.93,1.2420181632041931,0.1347925271987915,0.025519734196914157,0.3221985983777901,0.05126080840826035,0.33428599368418765,0.3320999106552176,0.10172249436378479,0.5037603909049393,0.3912635382649186,0.10095934212207795,0.7313662902438548,0.15189467291952347,0.10066859900951386,0.9816957950853699,0.32049561933952103,0.05652721673250198,1.0698975188605377,0.0,0.0,0.0,31323138.52314347,506.06582710825074,0.1363513633691563,31899403.57214676,624.8837717685468,0.3204768320003064,32167687.429539148,658.7584865040361,0.6542524477830169,33681865.874532215,379.6970535232379,1.1127446944134078
Steel,4,4,4810.68,-3.786,1.9549714386463166,0.0880772784948349,0.04555807286181811,0.35029679206446784,0.0399896214902401,0.730200829492968,0.3866539514478148,0.1403718560934067,1.0857428214964782,0.5003261666632179,0.15,1.432992747922615,0.1598019596055888,0.07191496759653092,1.5781264723190376,0.0,0.0,0.0,0.0,0.0,0.0,73568769.68103379,149.9588279386935,0.2585714104794432,76113979.9683642,689.9326697541813,0.9348219907011021,81560062.66610919,445.445376597409,1.0146351309133363,94314839.69138546,776.5469572626196,1.681172574980352
Steel,1,2,5197.16,3.943,0.847481493651867,0.06345175528526306,0.013122650236681263,0.30473182049597786,0.1153533810377121,0.5607228267582175,0.0,0.0,0.0,0.0,0.0,0.0,0.0,0.0,0.0,0.0,0.0,0.0,0.0,0.0,0.0,22849058.655369926,180.09220066146898,0.13570463230034038,21297319.343423627,122.46978991926206,0.724355538277591,0.0,0.0,0.0,0.0,0.0,0.0
Steel,1,4,5197.48,3.95,1.3466493844985963,0.09542443335056305,0.047259999817720055,0.2645351944672851,0.0525410482287407,0.7496504150037118,0.0,0.0,0.0,0.0,0.0,0.0,0.0,0.0,0.0,0.0,0.0,0.0,0.0,0.0,0.0,6138366.451072359,167.44932916885313,0.23087885431475336,6045495.496287702,187.24624514414526,0.5386488729127473,5918350.626801523,319.8819327433475,0.8829212562733073,6652872.383203665,406.88280889910146,1.1434647585760287
Steel,6,4,4809.24,-3.815,1.8932986557483673,0.08059454953670503,0.023462004869630577,0.23059687307002102,0.11544044435024262,0.34560357279702036,0.22006382287272697,0.09380535840988159,0.5078475286194867,0.32653994227880095,0.08255934864282609,0.8803354986680283,0.5678531516186894,0.09515225946903229,1.358333945352081,0.22716302123129978,0.052564805448055266,1.5218057138827237,0.30961232648257075,0.033942402824759486,1.7039587901735307,75142792.41125716,840.7646436562126,0.2093072008930086,90093316.22937827,477.33979829179896,0.6861553678987111,73616598.7586449,1099.9999999999995,0.9939176982248615,68970930.6317088,514.0835676872906,1.6939577901735308
Steel,6,4,5198.37,3.967,1.1533794164657594,0.10775400841236116,0.03390735383836683,0.44088958179192594,0.11478728353977204,0.1387509274892569,0.20378088222386687,0.09375236570835115,0.3254811172619335,0.2911671561192757,0.1371898454427719,0.4535994621231235,0.5210209907976233,0.13388058722019194,0.6796576211619626,0.2755131639672042,0.08567026972770692,0.8334072082395003,0.33805056925583754,0.1082676935195923,0.9677630833159833,57026338.729065016,799.7175578995337,0.11832496293570072,43156607.83081187,269.0241774789196,0.4417680558464276,63108009.95691833,785.2784581930799,0.6441785656486844,43156607.83081187,285.36918355696105,1.0079170587433002
Steel,5,3,5198.63,3.973,1.4616555571556091,0.10268068635463716,0.022592299574908034,0.3252997245169392,0.05697751134634019,0.37396159135534024,0.22616746450620975,0.06938843458890916,0.5033442147679336,0.24077201296182885,0.09630670845508577,0.7634109640615601,0.21997977738290836,0.06364189565181733,0.961160529296062,0.29297876291483316,0.0741028517484665,1.138273042451913,0.0,0.0,0.0,38298189.36909778,740.185074242019,0.15851533323010283,39188876.03315813,336.20146484676116,0.43981552466872714,32927642.035722036,352.67159955017866,1.2737560987993168,0.0,0.0,0.0
Steel,1,3,5198.78,3.976,0.9931960359215737,0.10369480907917024,0.011726593924968533,0.3824413902162657,0.05261973917484283,0.7778774356978038,0.0,0.0,0.0,0.0,0.0,0.0,0.0,0.0,0.0,0.0,0.0,0.0,0.0,0.0,0.0,21899037.63861029,913.8253887548897,0.40700029795879855,21640963.732460063,810.1504007422573,0.8140303318815313,19356068.594169203,551.5349579350302,0.8850229041942415,0.0,0.0,0.0
Steel,6,2,4808.76,-3.825,1.1445100724697115,0.07960849720239639,0.020372090953342102,0.24400978262391765,0.08642055928707124,0.18000279650138556,0.36253869495213564,0.07916549891233444,0.3559463957734498,0.296514175174459,0.0567701044678688,0.4720898271002678,0.25747477430459115,0.04451519548892975,0.6586182516943365,0.3053512972386998,0.03470757938921452,0.7996572058667087,0.22604625823039018,0.06971915274858476,0.9215916311203831,186793130.56873748,826.0554913704758,0.14077210320437517,181629202.29033396,565.0740384217826,1.020640688304572,0.0,0.0,0.0,0.0,0.0,0.0
Steel,1,3,5198.9,3.978,1.1165928214788439,0.07612374848127365,0.030745601850317963,0.20285995220567224,0.06260995984077454,1.0049235393309595,0.0,0.0,0.0,0.0,0.0,0.0,0.0,0.0,0.0,0.0,0.0,0.0,0.0,0.0,0.0,10010509.756265542,710.6468087545402,0.4132899326969172,10219226.443272965,128.93332184343683,0.8798205315238186,12070880.466435067,735.5524458579414,0.9949225393309594,0.0,0.0,0.0
Steel,5,3,5199.72,3.994,1.494026556611061,0.130071487903595,0.018390110176964618,0.26498936425539393,0.1354936993122101,0.2349402501375858,0.373997431853488,0.08178327947854996,0.5482785070384084,0.46385641734100197,0.061112553775310524,0.8264908158234725,0.2954756517809023,0.07684879034757615,1.0625564528436633,0.20428821634682412,0.12380997478961946,1.3183107671235301,0.0,0.0,0.0,64643637.94530082,244.85169722270933,0.16142668165722998,49586592.42970342,661.8046591201432,0.4984537489291772,49716656.61035627,525.157799540447,1.2629869183997156,0.0,0.0,0.0
Steel,2,4,5199.92,3.998,1.2785029530525207,0.06407946050167083,0.03487695146450467,0.3496999488685639,0.06622525691986084,0.5254831432232355,0.24359664197901573,0.05232318654656411,0.7381152484020335,0.0,0.0,0.0,0.0,0.0,0.0,0.0,0.0,0.0,0.0,0.0,0.0,54628311.846396215,561.1330228463954,0.1662757038650784,47657722.96229936,536.5630959086138,0.23751225461028178,39855494.13458067,556.483429829712,0.24679408010322146,52255915.87636462,1061.8493656292742,1.0035064197986152
Steel,3,4,5200.0,4.0,1.504047766327858,0.12376523542404176,0.009376441849860006,0.2749851645854021,0.05556698262691498,0.4994647160363175,0.25097917216238863,0.108408842086792,0.8347867996142624,0.3751778647607692,0.1327934193611145,1.22913338043473,0.0,0.0,0.0,0.0,0.0,0.0,0.0,0.0,0.0,24328632.898899816,289.40590697629654,0.21176227098270112,28701695.147785235,803.4375829271629,0.8648819704978704,26664998.21649632,476.76320442583267,0.990285757944092,27941688.797164362,925.3851716615194,1.32519861738063
Steel,1,4,4807.11,-3.858,1.1625255346298218,0.1389192258119583,0.023022680750513683,0.3246810327113256,0.11608248591423036,0.7982812300006759,0.0,0.0,0.0,0.0,0.0,0.0,0.0,0.0,0.0,0.0,0.0,0.0,0.0,0.0,0.0,21252644.657546073,276.333806732237,0.214058475774488,24082368.446990523,60.46023371533422,0.42739333027241944,16266099.055467919,375.769119075594,0.6651032863239916,19404779.691587206,278.5854930986754,0.9803886640566656
Steel,1,2,4806.92,-3.862,1.2324942648410797,0.07653103786706925,0.015114343795998082,0.41150067110584587,0.05484600991010666,1.1092348383569717,0.0,0.0,0.0,0.0,0.0,0.0,0.0,0.0,0.0,0.0,0.0,0.0,0.0,0.0,0.0,25374974.8330213,575.8536428822557,0.5216611533407277,38295640.01425806,381.1681096627693,1.0241204149662466,0.0,0.0,0.0,0.0,0.0,0.0
Steel,6,4,5200.87,4.017,0.8209681823849678,0.07281118851900101,0.027710275766320555,0.38765849243372785,0.07151584088802337,0.1272313449395726,0.19009722109047775,0.08567797183990479,0.24227355568532624,0.3542496545258288,0.03478799633681774,0.4394220828278095,0.2237334261848188,0.11088798463344575,0.5660116132306651,0.21761558304876777,0.06528999656438828,0.6679596753840223,0.21915677500829064,0.04549967497587204,0.7325935776061571,17643955.971396953,524.9324278119236,0.09887349503254173,20227201.065280456,380.6507507895271,0.3705493358524148,20504203.56935834,355.9543569068402,0.5490732351529195,21814311.179706316,749.8455623977054,0.722592577606157
Steel,5,2,5200.93,4.019,1.4431863397359848,0.12792036414146424,0.021331399139906167,0.37111889788452385,0.0872958415746689,0.19785438259617216,0.1495209862899402,0.02,0.5379303402973725,0.23001307211484473,0.10627625584602357,0.6466848380908844,0.33619194997593904,0.0800442099571228,0.8088287726052448,0.25254390086920986,0.12629729211330415,0.9752908511247153,0.0,0.0,0.0,92778285.93392393,738.021604715158,0.14437155527722947,94770435.99819402,285.8561982461844,1.2789654761554385,0.0,0.0,0.0,0.0,0.0,0.0
Steel,6,2,5201.0,4.02,1.6104522168636322,0.1317742133140564,0.04234595431724094,0.26872523974661094,0.02732601385563612,0.2823487577609874,0.20785956785133577,0.0845449322462082,0.4733873716305655,0.35761231127129345,0.09796956658363343,0.761261580565069,0.222992822143341,0.05913947254419327,0.9192349045034612,0.23906434098647303,0.06558704316616058,1.101202548640287,0.24853116162287675,0.09697456061840058,1.352584720051667,150228550.3547629,651.8383643398579,0.16882498763220663,156341230.76929945,295.5603422168329,1.4494069935668168,0.0,0.0,0.0,0.0,0.0,0.0
Steel,5,2,4806.62,-3.868,1.339157846570015,0.10142359161376954,0.01049514981276657,0.298238158044884,0.03287200778722763,0.28454471566462436,0.36421274077856763,0.10110255956649782,0.5399727829192301,0.19904616292046398,0.06495231240987778,0.6875019216863133,0.29103098206835615,0.07858524084091187,0.8486579107969906,0.22407303956700858,0.08659243106842042,1.1177891834558773,0.0,0.0,0.0,165871224.84064138,201.27267763045114,0.16040657862926075,183778275.25478634,959.2633499259138,1.2052420605738556,0.0,0.0,0.0,0.0,0.0,0.0
Steel,4,3,5201.25,4.025,1.2284868836402894,0.06323123788833619,0.015032867669342554,0.24860317959127512,0.11474258184432984,0.2718120806800778,0.3168461719580974,0.0654015764594078,0.4956909559102608,0.2511274691925407,0.04266742661595345,0.8099552068550362,0.23764833042227165,0.03666270419955254,1.0878837877266594,0.0,0.0,0.0,0.0,0.0,0.0,20889768.134452824,1007.2196401816927,0.13848028329515,23292193.711072873,459.272988490388,0.6697699047179423,23158460.8968996,231.6078622446966,1.0754651674749631,0.0,0.0,0.0
Steel,5,2,4806.44,-3.871,1.1763245463371277,0.09979432404041291,0.028788299386630183,0.35239685860607417,0.09025587797164918,0.1476109672388591,0.17425687395093867,0.11582227230072022,0.3360669735809295,0.2741112087887794,0.10149978399276734,0.5187520387663184,0.4768849711664457,0.1301285582780838,0.7108640330762817,0.3647276291267207,0.08502739906311035,0.9654428397251185,0.0,0.0,0.0,114240656.67240183,776.0763291224787,0.1316250672553082,137975741.5796002,945.7131439238159,0.9862238322346693,0.0,0.0,0.0,0.0,0.0,0.0
Steel,3,2,5201.53,4.031,1.3229965507984163,0.11279941666126253,0.03353636383224256,0.4732655424853063,0.06272161334753036,0.3451443304956656,0.1819384897649343,0.09693334579467774,0.7975327732990125,0.2165911031372939,0.07388265192508697,1.0536299607902364,0.0,0.0,0.0,0.0,0.0,0.0,0.0,0.0,0.0,40320595.46981444,268.1004163532722,0.20481090771665084,45100572.556776546,439.2304925715077,1.1674352583080734,0.0,0.0,0.0,0.0,0.0,0.0
Steel,2,3,5203.05,4.061,1.749173304438591,0.11003613579273225,0.017243464537864905,0.19640365362245532,0.1094719660282135,0.7491966124837391,0.2704920259705844,0.03145186886191368,1.0182890966877651,0.0,0.0,0.0,0.0,0.0,0.0,0.0,0.0,0.0,0.0,0.0,0.0,21083548.503791753,700.6095376426779,0.4028590881869406,19782976.068388384,271.6114688315849,1.0491849831335966,24843260.376922928,288.3780391864312,1.5296286417276532,0.0,0.0,0.0
Steel,6,2,5204.47,4.089,1.0976805448532105,0.13155058121681215,0.014833340309004841,0.26637626958720084,0.0771767345070839,0.15695741731412358,0.3684976450045603,0.08886402726173402,0.27118631539244287,0.30468648987782476,0.040037529170513154,0.4327687710682676,0.24447835331780052,0.0767345216870308,0.5493283127492337,0.4323720286768316,0.11258392155170441,0.7267029870145039,0.2058943057995047,0.10003405809402466,0.8889099881181444,75989033.6652237,752.2225275444199,0.12792701373095403,80168997.1431442,493.3825594063068,0.9793960932089341,0.0,0.0,0.0,0.0,0.0,0.0
Steel,4,2,5204.7,4.094,0.7962137654423714,0.0994832433462143,0.052736015637233694,0.36688795317008643,0.05482644081115723,0.2126083421321362,0.3056443536457,0.09958190381526948,0.30376397980550957,0.1711993820310317,0.06033567488193513,0.41779063442288566,0.42701287356688844,0.05148727685213089,0.6135393573968572,0.0,0.0,0.0,0.0,0.0,0.0,29494825.556965977,268.5836975681701,0.12524065644450055,41891226.50489946,744.5158805367683,0.6835679879032119,0.0,0.0,0.0,0.0,0.0,0.0
Steel,2,3,4802.94,-3.941,1.290934854745865,0.08703889834880829,0.03114904003622805,0.2475946172784009,0.0862360727787018,0.6023811372066792,0.4970129036071528,0.07464335560798645,0.8465548390777741,0.0,0.0,0.0,0.0,0.0,0.0,0.0,0.0,0.0,0.0,0.0,0.0,23876616.066831578,530.7084702778466,0.31989859903609424,38172991.633277155,395.90695893555676,1.0525068365652874,28129856.25328575,895.2292920280586,1.1618413679803437,0.0,0.0,0.0
Steel,1,4,5205.43,4.109,1.4692629873752594,0.08833808809518814,0.028246687098901112,0.20151483408157622,0.09635684192180634,1.083631072259497,0.0,0.0,0.0,0.0,0.0,0.0,0.0,0.0,0.0,0.0,0.0,0.0,0.0,0.0,0.0,5819671.115504199,655.595172264915,0.22520359717407745,6851019.060150219,581.3764146898078,0.6838048904922156,7655833.394858428,214.15041128272406,0.940205693715255,7793339.072393416,1093.9643748402004,1.3223366871684705
Steel,6,4,4802.36,-3.953,1.3827678620815278,0.10307677805423737,0.015213769576735684,0.37143506863355324,0.10225910067558289,0.20796925750837164,0.3273609937568773,0.05369197934865952,0.5033903004053935,0.32386877334819625,0.04887298509478569,0.6795727632225709,0.4254009568352259,0.08688435196876526,0.8223848852446232,0.27388136937894053,0.09249322533607483,0.9786337522558421,0.13368448561420002,0.07190463870763779,1.222735850083956,26342365.345406447,386.8885759008337,0.1489559094870101,27796838.74678286,223.35180180973026,0.4033808304964803,31265754.794546463,345.7317443069749,0.7028235638108834,25836972.969942994,441.48261698391184,1.244491074490607
Steel,5,4,5206.04,4.121,0.9204810664057732,0.10139415431022646,0.010749406753391205,0.2634745310396298,0.11150796592235566,0.12380400814002229,0.2377200804925529,0.055827897489070896,0.26828031364661165,0.41085399337263273,0.02,0.4510389832587738,0.21189986665005353,0.07898802101612092,0.5458094123730208,0.26291966991913945,0.08570637822151185,0.7669573878146365,0.0,0.0,0.0,15959872.743283954,402.29491021809605,0.09621023131059075,17748821.471020173,444.7161226403255,0.33868241916364505,23937564.099194486,494.62293503183594,0.622240801244815,16771975.39364495,625.0632106178406,0.8149850307680127
Steel,5,4,4801.57,-3.969,1.088752868771553,0.1134115060567856,0.0052780081275427305,0.19141327349565654,0.07586212188005448,0.16981161654985463,0.3245533560893134,0.08145264655351639,0.2703723037354475,0.31141204328197497,0.06524014204740525,0.586322045192351,0.30866113978979276,0.09098335564136506,0.8386470927488764,0.3040128289011972,0.06175526171922684,0.9582031775170942,0.0,0.0,0.0,16479301.921874266,582.783489634076,0.12018750035531107,23923568.77386697,259.79408392545474,0.4104389404303257,23688419.294187598,483.07869515298506,0.5515431352552693,19861147.124043383,615.2813189689849,0.9795514359153197
Steel,1,4,4801.52,-3.97,0.4358551494777203,0.09495854020118714,0.004132212488973273,0.2995395949504559,0.09090666770935059,0.16972157249705588,0.0,0.0,0.0,0.0,0.0,0.0,0.0,0.0,0.0,0.0,0.0,0.0,0.0,0.0,0.0,5752383.138373819,387.67327848803586,0.06685912033138874,6225641.399839952,836.0408756216159,0.21313364933535894,6280989.126874012,458.2399788040663,0.312660787265962,6642755.412201033,483.66882441416226,0.38141959305958406
Steel,4,2,4801.18,-3.976,0.9480887934565545,0.07841181325912476,0.022292384797087093,0.3641410225513603,0.12742118835449218,0.18989126189382716,0.24037699947566946,0.07337361127138138,0.2992427862498416,0.23770803087198678,0.11758867502212525,0.3988973944985812,0.25070556126607674,0.05027566060423851,0.7005400588219182,0.0,0.0,0.0,0.0,0.0,0.0,42493659.26548222,460.25115124252164,0.11683730241721035,50677230.731463194,132.10268081041838,0.7652910731358324,0.0,0.0,0.0,0.0,0.0,0.0
Steel,2,3,4801.06,-3.979,1.0716745242476464,0.07604176753759384,0.0552489733134412,0.2075516145964045,0.027690082974731925,0.39627580926855976,0.4443029247434206,0.08441510051488876,0.7262076892216598,0.0,0.0,0.0,0.0,0.0,0.0,0.0,0.0,0.0,0.0,0.0,0.0,17045355.41410842,325.0711521191523,0.24526306451001723,15327291.373799102,551.1971283562106,0.8783103957105504,18588477.67450595,207.71706098424323,0.9473338547778751,0.0,0.0,0.0
Steel,4,2,5207.36,4.147,1.1943901807069779,0.11402088701725008,0.018862731863350926,0.20814290073208963,0.09420507788658143,0.13887598377531618,0.39616159991596805,0.04062703520059586,0.39373187940252075,0.49862575069846815,0.1180799287557602,0.6916082829187409,0.19379814389994746,0.03721554383635521,0.9380990027164237,0.0,0.0,0.0,0.0,0.0,0.0,82387235.36759706,639.9290374336717,0.1531229261154274,75691042.05501483,379.0709606942383,0.9843230707257642,0.0,0.0,0.0,0.0,0.0,0.0
Steel,6,3,4800.11,-3.998,1.532340481877327,0.1352228721380234,0.014296202794584422,0.19602363989810678,0.13493058502674102,0.39053057388954004,0.18838223384036362,0.10558645963668824,0.6705297105309034,0.3879417169179785,0.08788513064384461,0.880582554557601,0.19633679046630245,0.08550406217575074,1.094833711049911,0.22980563034699245,0.061147015690803525,1.1957049059544813,0.35084080328648204,0.0853291529417038,1.3014030306048543,48544438.08798804,599.3251928750802,0.17216561675123382,51338761.07347823,189.3652084209994,0.5199487897810143,49039479.72261595,425.0134687945516,1.3791064321572537,0.0,0.0,0.0
Steel,5,4,5208.75,4.175,1.23199904859066,0.07909124112129212,0.008169406821721036,0.2403727322865892,0.03805635064840317,0.28698725495212374,0.17268584138636758,0.0326464381814003,0.6141625243849038,0.2997391074941165,0.0637788987159729,0.9148052406940718,0.29242239210873,0.03186567723751068,1.012542285220285,0.44116458763285377,0.0660579064488411,1.1087891437315942,0.0,0.0,0.0,18158731.55987044,572.2305526673026,0.16556155038097425,20083282.645451073,913.3799692086677,0.6735930952411557,22356245.17520581,1079.7042764459102,0.8693175808888358,21654400.320837013,686.4173180367974,1.0987881437315943
Steel,5,3,5208.83,4.177,1.5375415205955505,0.075983307659626,0.0048731238421272464,0.22881387446823032,0.08558281898498536,0.3659572572458436,0.3108076235688389,0.1301812720298767,0.7584267277233443,0.29152092917574085,0.15,0.9162496873750028,0.3436133309972726,0.035241932794451716,1.1381057122348617,0.5023875447423803,0.06672130703926087,1.320160766196995,0.0,0.0,0.0,96011580.68778813,235.98668368427627,0.19725300195368708,85839216.91389784,847.4852436595525,0.6077396841364595,94522999.4174639,1081.24858441642,1.3327333163645236,0.0,0.0,0.0
Steel,1,2,5209.11,4.182,1.508077421784401,0.12228571891784669,0.037596322981764685,0.3352040231192884,0.06080435693264008,0.7000410080017683,0.0,0.0,0.0,0.0,0.0,0.0,0.0,0.0,0.0,0.0,0.0,0.0,0.0,0.0,0.0,30294478.219444387,367.03830237006724,0.2770958484042623,24300302.369967517,433.23518832078673,1.21939427966633,0.0,0.0,0.0,0.0,0.0,0.0
Steel,1,2,4799.22,-4.016,1.0147602722048759,0.07841949421167374,0.05085809638368243,0.24433664649677983,0.15,0.27940532765215653,0.0,0.0,0.0,0.0,0.0,0.0,0.0,0.0,0.0,0.0,0.0,0.0,0.0,0.0,0.0,13625694.333757896,356.643701003022,0.17501997423341553,13651194.80255735,248.1880940634022,0.7711812531193711,0.0,0.0,0.0,0.0,0.0,0.0
Steel,1,4,4798.58,-4.028,1.4371538758277893,0.09330804526805879,0.01197143971456592,0.42357991289508123,0.08318576902151108,0.8514090745651693,0.0,0.0,0.0,0.0,0.0,0.0,0.0,0.0,0.0,0.0,0.0,0.0,0.0,0.0,0.0,11302206.002147341,532.7976791578081,0.24087762220196313,11155085.462015359,354.7237867849507,0.6429638126102777,10933177.231283536,1099.9999999999995,0.9121105732225563,11569434.90544574,615.9492701411556,1.2620538405094188
Steel,1,4,4798.46,-4.031,0.8355334505438805,0.09504209542274476,0.022035123049763825,0.5264404036010568,0.09358014523983002,0.43206224668579374,0.0,0.0,0.0,0.0,0.0,0.0,0.0,0.0,0.0,0.0,0.0,0.0,0.0,0.0,0.0,16753626.840734454,165.55702143400754,0.12806003076869238,11403430.650382806,481.5822054789989,0.3465673244930001,14067648.208456222,736.3247299628872,0.5534048361366979,13477593.007780869,240.29290775115913,0.7253284731181769
Steel,6,3,5210.46,4.209,0.7759237930178643,0.10425391471385957,0.034825710921733546,0.2180843362976085,0.11229763388633729,0.10239969208313066,0.1548987904771186,0.030741356760263443,0.24935197913951201,0.39787703985917694,0.08176160663366318,0.37803857637198185,0.3310309494941174,0.03997485458850861,0.4479428639119431,0.15125944818021966,0.07620686113834381,0.5375138008347335,0.29377844975106143,0.10261381626129151,0.6726139474667573,25052588.946395505,428.3706319214065,0.11743939307067296,27262234.15030625,548.4282624024834,0.3039910328556702,29777959.519108932,521.373576226108,0.687867752396173,0.0,0.0,0.0
Steel,5,2,5210.48,4.21,1.5250903218984604,0.13496584165096284,0.028440393330481185,0.23250377912686462,0.07692125141620636,0.3800066712862017,0.30231366079520006,0.0693489283323288,0.6569771028193678,0.30318748448209154,0.10194473981857301,0.7803666068509003,0.2059836168369243,0.08583832919597627,1.0346525150145607,0.25099450921799893,0.07718832641839982,1.2840813626176995,0.0,0.0,0.0,76657950.05406703,318.7085402832411,0.21854172386356518,93565405.42325571,609.725418759913,1.372581288183524,0.0,0.0,0.0,0.0,0.0,0.0
Steel,5,3,5211.4,4.228,1.3393223673105241,0.0860299724340439,0.02198429655114631,0.25791470743251754,0.1024776190519333,0.26149033235703956,0.16065648499391494,0.1131786346435547,0.5250094919081828,0.41931233423299924,0.07442292332649231,0.9366434191681374,0.22670945719446206,0.07104597717523575,1.0382840430335383,0.1949292299933992,0.09892094790935517,1.1398403876234047,0.0,0.0,0.0,38169367.58898627,549.4182269310282,0.14826120224339484,33479804.1750307,321.3011066819781,0.5647175825331675,37475966.501455516,560.6218112175145,1.2053901292401492,0.0,0.0,0.0
Steel,4,3,5211.63,4.233,1.6200297057628632,0.09274787318706514,0.024705938823781973,0.3151942278168043,0.09980342864990235,0.295594404379646,0.2581067704235483,0.15,0.6294347816937451,0.19771976957566587,0.04600467085838318,0.837501025469516,0.25630667065166296,0.07764765977859497,1.0984879817951678,0.0,0.0,0.0,0.0,0.0,0.0,40239426.52330611,689.2477804003463,0.31642880142106533,36471601.91691176,292.0974337700468,1.0406862820693004,35646151.619749576,317.10700629799175,1.4099487143385878,0.0,0.0,0.0
Steel,4,2,4796.45,-4.071,1.0853424817323685,0.07172836464643478,0.0035073384217661984,0.2209032869438899,0.10748456537723541,0.1694892119278809,0.33541263299257096,0.08706747472286225,0.417711209308314,0.2796513794021019,0.0797881805896759,0.6644472497333522,0.23996590173977608,0.06748331248760224,0.832939273979795,0.0,0.0,0.0,0.0,0.0,0.0,142429271.01108035,869.2932058741725,0.13212538464223855,169991676.4206167,161.1366124620723,0.9208249145931237,0.0,0.0,0.0,0.0,0.0,0.0
Steel,6,2,5212.26,4.245,0.7152644887566566,0.07795896714925767,0.014808012367736585,0.21818038730958683,0.15,0.12171304694880533,0.45470962956799604,0.06421779900789261,0.23931492289204054,0.16749040191908282,0.04427886307239533,0.3051793849699454,0.17661620496363706,0.12887244760990144,0.42550026525589696,0.12954021324669104,0.06890121012926102,0.5539752410730058,0.32179286888286485,0.0517300871014595,0.634273066208307,37334533.85259637,595.2567684893846,0.13364556436283284,48888543.55638685,447.0983247334484,0.6196767905666567,0.0,0.0,0.0,0.0,0.0,0.0
Steel,4,3,4796.13,-4.077,1.3604062736034395,0.12900753843784332,0.016847289077416925,0.17682413322415094,0.03589043766260147,0.1884418637271021,0.14423431555189392,0.0562169200181961,0.2406655736643284,0.4573711839884692,0.09508532702922821,0.5422637262970759,0.1969938253095694,0.07068665504455567,0.9479069585619132,0.0,0.0,0.0,0.0,0.0,0.0,23118182.098425347,757.2735939138807,0.13701820045932797,22680052.012450285,840.441296635888,0.6314180394882114,33497511.082805693,678.7739311948336,1.1137604197953892,0.0,0.0,0.0
Steel,3,3,4795.84,-4.083,1.1781187266111375,0.0888744005560875,0.024947747488571363,0.24003740436188659,0.09411559700965882,0.5267631877444108,0.19518600015400273,0.04385551229119301,0.6170770446604639,0.26961081590661307,0.08786723911762238,0.7017295800489971,0.0,0.0,0.0,0.0,0.0,0.0,0.0,0.0,0.0,12226036.432909673,1012.09269067152,0.14506318767697202,14197730.649572652,536.9053562798358,0.5375972563213784,14219217.915542876,543.7320548407795,1.060306852771905,0.0,0.0,0.0
Steel,2,4,4795.83,-4.083,0.6398133419454097,0.09411068153381348,0.006077088466386008,0.26704385643949397,0.045184049159288406,0.3390905462868358,0.24505006681606253,0.08903817713260652,0.5054374946420658,0.0,0.0,0.0,0.0,0.0,0.0,0.0,0.0,0.0,0.0,0.0,0.0,6447091.823905266,524.4812749971601,0.13391469046509252,5953839.219392792,209.37376450988958,0.28398789929652163,6934439.2939136885,323.58544763271414,0.40186830218603264,5627571.189434737,480.014165661421,0.5758320071110554
Steel,6,2,5213.06,4.261,0.8545938178896905,0.11132667124271393,0.023394729677207533,0.30092511911753644,0.06601292580366135,0.1415655343925034,0.3831520531485247,0.041257649511098865,0.3291140576157119,0.29297966150995897,0.07674377351999283,0.4393372999279598,0.33669139606855636,0.07078872352838517,0.5838164992987316,0.15159619783357073,0.04155977919697762,0.6970159896427817,0.35535577551597536,0.08881659030914307,0.767932583463717,42692357.0364504,477.00042877047235,0.10012161552867442,56821408.41949569,116.28634964602104,0.7579315834637169,0.0,0.0,0.0,0.0,0.0,0.0
Steel,4,4,4795.55,-4.089,1.0578429281711579,0.08255072098970415,0.03403102735512485,0.41877513518023723,0.10964124202728272,0.25755031599546885,0.2777218063304437,0.02,0.4134209098438254,0.16007954352765275,0.08495513170957567,0.5908089139469341,0.22708102782658152,0.05835423678159714,0.8365149856652352,0.0,0.0,0.0,0.0,0.0,0.0,12372578.082314638,540.8604262969171,0.10890289968315199,12457466.396147262,317.8618872461947,0.17750916876554046,13975086.574075496,217.88500073947944,0.5084920228391863,15059138.880841078,929.112690450479,0.8949326745312117
Steel,6,4,4795.47,-4.091,1.4110992819070816,0.07686083215475083,0.038431601312468366,0.2671854342569801,0.08030882865190506,0.2399540904593364,0.17621011466459516,0.15,0.5056259420276957,0.24979162199006658,0.1315508610010147,0.7468736924256799,0.2986432231517749,0.09993743300437928,0.9067584078345007,0.17974304413072362,0.09430429100990297,1.0115364312060517,0.5107746342181926,0.02,1.1354494860885893,32344930.399721064,53.19124690294731,0.1551425480942333,27501636.84939469,684.8985925201238,0.433498154002255,25881083.178936023,313.94909509269786,0.66540911422448,30728506.603668682,747.4469149011557,1.2338245845433549
Steel,4,4,5213.4,4.268,1.5442312955856323,0.08201327013969423,0.019993082583026754,0.1803490999857852,0.09973196327686311,0.19782076737993048,0.5636994087610069,0.09375365972518922,0.5776728809723313,0.2552232607795315,0.02,0.8788483982865057,0.41583201433658706,0.07016932338476181,1.1420980016531805,0.0,0.0,0.0,0.0,0.0,0.0,30063537.984914318,584.0047891461986,0.16174808642154365,30631424.816024624,302.50950725522705,0.5344923780895051,29690459.910328265,141.92340375912335,0.769796505785936,34202300.32506672,210.7962049046863,1.3112827295848852
Steel,6,3,5213.6,4.272,0.934862020611763,0.08946734893321992,0.004894401666757706,0.19867121000498514,0.11357191503047943,0.10501094519007254,0.2956438947949835,0.08874416410923004,0.2108956446482127,0.27577917268452057,0.047716316133737564,0.373923651645514,0.3056521834667254,0.0660859215259552,0.5397230774529164,0.27231315815443685,0.06737098097801208,0.626167198471207,0.3160363724943064,0.0946468335390091,0.7786545015638486,29257078.94134253,532.0221074404927,0.11877553684952989,25402410.030357126,359.9840749871475,0.44725347200724386,29462679.126740467,101.93019370127017,0.8034214513096569,0.0,0.0,0.0
Steel,4,3,5214.14,4.283,1.5867581427097321,0.10397649478912355,0.01591487205031609,0.2558267513181516,0.07245970994234086,0.33988593109522725,0.35906937079130563,0.05367567628622055,0.6163112745412396,0.2147151462157726,0.1221328514814377,1.0069957063452437,0.4317700874381167,0.0852222764492035,1.149986985033998,0.0,0.0,0.0,0.0,0.0,0.0,46126215.253607154,318.9520617516184,0.20555906273818447,50204124.5502007,182.7966117544127,0.6713362055691234,44458266.25238427,44.99999999999999,1.4279876122641522,0.0,0.0,0.0
Steel,6,3,5214.28,4.286,1.6313201069831849,0.08213982176780701,0.01629560702410243,0.2235802049533563,0.115543469786644,0.262441071076828,0.2714437156746445,0.09047624826431275,0.5748003293008274,0.28577899172408144,0.08859881579875947,0.8037314629041843,0.25366856813378014,0.04945211380720139,0.9033767335456286,0.1861032137254632,0.0776399576663971,1.1322169779853737,0.3152365678094263,0.11191201686859131,1.2567479290958958,44365175.10896632,724.5730171878105,0.17052381771329367,41295134.39309131,1099.9999999999995,0.6958974795627678,48534736.90093853,628.3712480093544,1.41307504351315,0.0,0.0,0.0
Steel,5,3,4794.52,-4.11,1.2354029297828675,0.08651351273059846,0.023557722088247916,0.515238075592791,0.0885111403465271,0.2831082602181052,0.3701878955254669,0.03863481685519218,0.45482547882147045,0.3120531045643536,0.052597318589687345,0.6808414151176863,0.35408012411511475,0.07501476556062699,0.9023653663996032,0.36452653389091355,0.08412304788827897,1.010362680292963,0.0,0.0,0.0,43371465.013295464,484.59349898874996,0.15180411927145782,43557216.20052937,608.2749659318783,0.783384450299073,50569082.510397084,586.926545409289,1.1118626355691779,0.0,0.0,0.0
Steel,3,2,4794.46,-4.111,0.7607600972056389,0.06624336469173432,0.03251237664620236,0.3105344987691668,0.11726620137691499,0.14450227204769847,0.2096289973125822,0.06679285764694214,0.2794286172955468,0.35906963933361996,0.10710113346576691,0.5266092875202426,0.0,0.0,0.0,0.0,0.0,0.0,0.0,0.0,0.0,31002830.932574946,113.66710055095997,0.07859786950048514,31913221.30892483,291.274743927739,0.6459738548736003,0.0,0.0,0.0,0.0,0.0,0.0
Steel,4,2,5214.52,4.29,0.6093154475092888,0.06349441313743592,0.02030282113093668,0.2435975048943964,0.10789334297180177,0.12493225392411016,0.43086898833351045,0.07430097967386246,0.30440006832225586,0.31517762380217096,0.07413980096578598,0.41615971239626004,0.7407006980232205,0.033230546340346334,0.4992806997988215,0.0,0.0,0.0,0.0,0.0,0.0,77970690.3903676,281.6589303921793,0.0883547006723223,61814951.778840326,380.7119640742363,0.5331884830844391,0.0,0.0,0.0,0.0,0.0,0.0
Steel,3,2,5214.72,4.294,1.102411012351513,0.09246297121047975,0.021797608399129306,0.24309593205006788,0.06350567907094956,0.2441061265468391,0.24222971277164262,0.09768444895744324,0.5973568494316165,0.3006030532612211,0.10540188789367677,0.8535116508120508,0.0,0.0,0.0,0.0,0.0,0.0,0.0,0.0,0.0,30715728.267695803,75.27741082355811,0.1367754213826366,32396826.82921588,580.3228961206302,0.8944578590406694,0.0,0.0,0.0,0.0,0.0,0.0
Steel,1,3,4793.92,-4.122,2.1,0.0967550197839737,0.026291629032034407,0.22037752689545326,0.07145673453807831,0.21001000000000003,0.0,0.0,0.0,0.0,0.0,0.0,0.0,0.0,0.0,0.0,0.0,0.0,0.0,0.0,0.0,45769532.062107064,625.0129577836564,0.25007923756126305,37712797.92780121,844.5747105057221,0.7080693173392596,42869556.48403568,645.6006062111688,1.4555177332946192,0.0,0.0,0.0
Steel,5,3,5215.08,4.302,0.790006636083126,0.10665938591957093,0.016318224611006724,0.1775333137325079,0.08559939324855804,0.12509190955101562,0.38082814082942973,0.1295698606967926,0.2612801002114528,0.1786185893894,0.06463026106357575,0.3811218253249353,0.3035194889237762,0.1027475416660309,0.4908794807784904,0.25267981486929236,0.10309675574302674,0.6701844779682162,0.0,0.0,0.0,24932806.55046013,105.83288735511282,0.09569136488552288,36684494.44894445,61.73443433219335,0.3441484398625613,30960610.762346473,847.6648098491927,0.6956101386220547,0.0,0.0,0.0
Steel,2,2,4793.68,-4.126,1.0664765179157256,0.06535346603393555,0.04235492145544928,0.29358930949107986,0.043685899227857594,0.5455105741863204,0.2265311878619202,0.07248998761177063,0.7673118230798218,0.0,0.0,0.0,0.0,0.0,0.0,0.0,0.0,0.0,0.0,0.0,0.0,10199965.51018919,441.6884015918789,0.2457453262725092,11462277.28092911,688.1658003940715,0.9050087876069194,0.0,0.0,0.0,0.0,0.0,0.0
Steel,5,2,5215.27,4.305,1.0043457344174387,0.12426836955547334,0.06000000000000005,0.24316201125585127,0.044539125114679334,0.1619953708481709,0.1987641531421647,0.06933451980352402,0.23758613729344974,0.2889328241026585,0.07927673786878586,0.4356078572793582,0.4378504978779806,0.035141539946198466,0.6191248252598593,0.22527386565872384,0.043975904285907745,0.8094903011739575,0.0,0.0,0.0,32147673.650853273,426.31289377468534,0.11413765841315855,32534292.573821187,746.0492470630412,0.7758141935338277,0.0,0.0,0.0,0.0,0.0,0.0
Steel,5,2,5215.41,4.308,1.2652956426143647,0.10710546517372133,0.020304882107716724,0.28935899081675154,0.08204207509756088,0.21390243963391753,0.3529991857648827,0.11589376866817475,0.32421709623482914,0.320366801291047,0.06565241813659668,0.5580926111213229,0.26258676127653297,0.08461248070001602,0.7579119646514144,0.2585170037273371,0.13143300473690034,0.9952531889298463,0.0,0.0,0.0,85833023.55257459,314.13535045288046,0.1447021076881038,89060600.28695768,563.9576508899512,1.0763493933364645,0.0,0.0,0.0,0.0,0.0,0.0
Steel,2,2,4793.27,-4.135,1.4794531285762786,0.1253992258310318,0.029264867656221688,0.3069653195563266,0.02,0.67103799933669,0.27547202569797974,0.05926397711038589,0.7260635667172906,0.0,0.0,0.0,0.0,0.0,0.0,0.0,0.0,0.0,0.0,0.0,0.0,22555000.547148123,538.3002725482263,0.32964213606235704,25402142.290654514,450.21450649571875,1.2194087777414844,0.0,0.0,0.0,0.0,0.0,0.0
Steel,5,4,4792.87,-4.143,1.0947221487760546,0.0958386631011963,0.0066668916896718625,0.5497229126007478,0.08952298402786256,0.1733080810019766,0.5258354247327383,0.15,0.4313030355202728,0.15539171929368545,0.13084537386894227,0.6113399544547857,0.4078216174683938,0.06923889428377152,0.7733909027420987,0.30689985907027956,0.10011808395385743,0.9553964341111914,0.0,0.0,0.0,53817822.8725637,755.4695535028545,0.12194895090895123,44424018.46765394,788.8636817394951,0.3203839745960206,35353999.67453147,322.74010407174455,0.6925077475563318,47606280.91295027,498.69114772373314,0.9852499328037269
Steel,4,3,5216.51,4.33,1.0252154991030693,0.057977271676063535,0.026260851884116733,0.22498935710474943,0.07563796252012253,0.19254543394615153,0.4015607002046235,0.0787176838517189,0.3955613393000841,0.14134229223180106,0.10359485149383546,0.6975302622586885,0.24886502938817837,0.03728470593690872,0.8358055152878632,0.0,0.0,0.0,0.0,0.0,0.0,22974284.169507843,929.8750525397029,0.12578336501548287,22974284.169507843,170.18942623901737,0.5323627789934013,28370739.822778057,763.189540403957,0.8749860241249661,0.0,0.0,0.0
Steel,3,3,5216.51,4.33,0.7496865391731262,0.07780809038877488,0.02083102412879691,0.29215127959594633,0.1152622961997986,0.26856100836554236,0.23120313657567995,0.02741921067237854,0.498155401093508,0.35943422621653814,0.10517717063426972,0.5745941753298307,0.0,0.0,0.0,0.0,0.0,0.0,0.0,0.0,0.0,25755293.70577601,231.25036452608742,0.10111662581326664,21486857.466535147,464.18812868908884,0.21437858123886472,28599175.711648792,609.1022789375047,0.6229647166640088,0.0,0.0,0.0
Steel,4,4,5216.55,4.331,1.3654625296592713,0.10856508314609528,0.008943469635156052,0.1876458825515831,0.0788402435183525,0.23178877536869805,0.18201941096384136,0.08893866956233978,0.6078861516319058,0.35812064241674635,0.06895003020763397,0.7438736144872381,0.2719456363961611,0.02842303939163685,0.9530928196352348,0.0,0.0,0.0,0.0,0.0,0.0,15853966.944368027,128.923471880771,0.21024810732663218,14445293.312682865,976.5589644073042,0.5386330249970538,16577004.185767362,255.08550336461252,0.8923709454230503,16301937.840421993,135.1425598955175,1.1906256840567475
Steel,5,4,5216.74,4.335,1.1068271592259409,0.09249052107334138,0.031280260127078796,0.45533652353960674,0.10261465311050416,0.2786176725720866,0.2750422099169343,0.08823509633541107,0.44701872298891115,0.3636042340041921,0.09724988400936127,0.6124677606285024,0.23699339416448412,0.04771091729402542,0.7397321685533226,0.20994698260918646,0.1017075628042221,0.9159697623339161,0.0,0.0,0.0,24140596.72108033,1003.9437501321887,0.1188059205356654,30095561.728709027,347.221872566569,0.39667300065117284,24961029.81176216,1042.7366106336956,0.5369415978398183,28523633.030776404,1099.9999999999995,0.9805818540420699
Steel,4,3,5217.38,4.348,0.8859682649374009,0.07174288439750671,0.018243995848573478,0.3121150785590432,0.10523285210132599,0.10885317838353421,0.34636244144422634,0.0783170810341835,0.31462346089717697,0.3756938621064587,0.07349279254674912,0.4513444020124601,0.2019861305160448,0.0810005697607994,0.5824005853657429,0.0,0.0,0.0,0.0,0.0,0.0,62119811.44907552,789.6183714778692,0.09596110340066746,42497934.544394605,639.0699596518642,0.15269787249018468,57252396.95521532,191.5503700570895,0.7403011601833087,0.0,0.0,0.0
Steel,1,3,4791.49,-4.17,0.8823510691523552,0.15591754198074342,0.008438822264940743,0.29760884375906366,0.03997387439012527,0.08824510691523552,0.0,0.0,0.0,0.0,0.0,0.0,0.0,0.0,0.0,0.0,0.0,0.0,0.0,0.0,0.0,18416618.661140993,764.400108918362,0.12639861707650693,20617606.548515186,660.9911397319853,0.5902000556485104,32051584.794037323,341.81962685394825,0.7165036558373791,0.0,0.0,0.0
Steel,2,2,5217.67,4.353,0.7809964239597321,0.10632341301441194,0.005595801764551384,0.2895940968329751,0.11602673470973969,0.32473127398698864,0.465066079318779,0.10458812952041627,0.702886781563759,0.0,0.0,0.0,0.0,0.0,0.0,0.0,0.0,0.0,0.0,0.0,0.0,47316260.814425044,581.0514129198543,0.22302450413695263,47845757.08207836,1099.9999999999995,0.692885781563759,0.0,0.0,0.0,0.0,0.0,0.0
Steel,6,2,4791.05,-4.179,1.3338956087827682,0.11218449187278749,0.014308406816333368,0.2807388269524185,0.14538116574287413,0.13339956087827684,0.24620600851903157,0.09067091643810272,0.3155497501726668,0.39159120932915054,0.06500812947750091,0.49602462176386286,0.3635471243187099,0.13591995775699617,0.6616407652622776,0.26783909181493204,0.06951154440641404,0.7711583962894025,0.5066535327908374,0.14553940773010254,1.0507673638491064,192945699.02777675,389.0246016287055,0.1520304870908436,211049086.71386132,353.3439496297472,1.1365457204208815,0.0,0.0,0.0,0.0,0.0,0.0
Steel,6,3,5218.16,4.363,0.9599728256464005,0.09966578340530396,0.006873476229301599,0.3356843276180814,0.09338195145130158,0.11934901971878947,0.35931298441950366,0.06865287512540817,0.2426580407836431,0.3592662511299342,0.056390209794044494,0.373715628684712,0.25729892168979873,0.11550464928150178,0.5206618148994124,0.38403774306141175,0.08428601652383805,0.674576631758789,0.3663822588817159,0.025670495592057706,0.744909218257501,44682738.96757681,233.65058684919194,0.09599728352461288,37032288.328252584,428.6535156161957,0.36242484190482893,37821965.22778409,551.307509470375,0.8532792686251041,0.0,0.0,0.0
Steel,1,2,4790.77,-4.185,1.646023762226105,0.15885420501232148,0.01014350848307203,0.3878635471421786,0.07326767623424531,0.7693511874794334,0.0,0.0,0.0,0.0,0.0,0.0,0.0,0.0,0.0,0.0,0.0,0.0,0.0,0.0,0.0,64606012.7744303,318.4096927467832,0.2602060595386776,54605263.02942944,308.2195301830412,1.1108581724089075,0.0,0.0,0.0,0.0,0.0,0.0
Steel,6,4,5219.22,4.384,1.1631967946887016,0.1061316558122635,0.03222644457489738,0.28368495377864855,0.08821422159671784,0.1901654751108901,0.22486519281194617,0.044746905863285065,0.2739247017453575,0.34427356426275424,0.14088795959949493,0.4063804995276434,0.1790578662496825,0.08597951650619508,0.5887660379397953,0.2787106050431434,0.06391869515180588,0.711366469142502,0.40400668377501037,0.07629412204027176,0.9718749535793041,26792087.35986874,135.0458871675318,0.12481450648943973,27831858.986584794,153.6041492209106,0.46310719522818666,31849526.45744352,390.2006135489256,0.7402577528148637,27516054.6800222,833.789422552153,1.0468771140566346
Steel,6,2,5219.37,4.387,1.4286532700061798,0.11158932173252106,0.007774894546893122,0.15644236225717467,0.10767063260078431,0.1544967586050573,0.38170112687182306,0.05427001357078552,0.30540699553521183,0.3035779542560813,0.06620516479015351,0.38935893558546675,0.3595116009389672,0.0764790889620781,0.6393568342256205,0.3028926962030206,0.05472673177719116,0.8263198036705786,0.1932691299933879,0.0728537032008171,1.1749745692660463,96745984.02115323,898.2033208750114,0.1899800995862905,102022954.20190462,351.6798441523458,1.2296904707118896,0.0,0.0,0.0,0.0,0.0,0.0
Steel,2,3,4789.58,-4.208,1.022631685435772,0.11505419731140137,0.011922288079501363,0.42909261342359006,0.02,0.32938998949342013,0.21771168475130911,0.09234343707561493,0.6498307914304109,0.0,0.0,0.0,0.0,0.0,0.0,0.0,0.0,0.0,0.0,0.0,0.0,11915805.605492374,593.5785367231551,0.1274472113480915,9718490.293172546,276.8631019253102,0.5441450467697487,12692440.907518435,555.5006314061875,0.8266407953310622,0.0,0.0,0.0
Steel,5,4,4788.87,-4.223,1.4962858498096467,0.06875909036397934,0.013823585342204714,0.17725614037364007,0.028961961567401887,0.19095685134044338,0.28991809653764283,0.04685463845729828,0.34473714173477715,0.3748807611646002,0.06939436614513397,0.5330448791778915,0.1817610900448697,0.13815513551235198,0.8282720469266098,0.14867739573423297,0.07771830379962921,1.1874422088152874,0.0,0.0,0.0,17601863.428766046,425.84312495472165,0.17973693456083725,16903850.568908136,342.2188723359992,0.7492565316107092,16317301.531902883,783.0907483478264,0.9343268818100244,18880414.32842328,249.68770800763664,1.3466572633323963
Steel,1,3,4788.65,-4.227,0.469407070428133,0.0955113571882248,0.05025587030000218,0.3262468001962053,0.08304596871137619,0.23810620785787337,0.0,0.0,0.0,0.0,0.0,0.0,0.0,0.0,0.0,0.0,0.0,0.0,0.0,0.0,0.0,6657413.323781297,171.09190042266096,0.11760990410148729,7688941.834464891,395.3946040679179,0.3344153812048607,9979750.380472228,435.59680291948393,0.4105282121984024,0.0,0.0,0.0
Steel,3,2,5220.8,4.416,1.6147902935743332,0.11428118455410005,0.031004475530077874,0.22366072437911347,0.12249383568763733,0.536880282834576,0.20389450403720738,0.1393262439966202,1.1339671228844947,0.3055631548043258,0.08445309579372406,1.347834362506875,0.0,0.0,0.0,0.0,0.0,0.0,0.0,0.0,0.0,62865230.87814913,184.73141349536525,0.24917301100134734,67406426.40784253,119.35181221687233,1.4533112626021096,0.0,0.0,0.0,0.0,0.0,0.0
Steel,2,2,4788.47,-4.231,0.9392721578478813,0.04972350415587426,0.014737172042836607,0.4277330176514308,0.09180266201496125,0.35184351041624323,0.22988810003033064,0.10803274810314178,0.6791584926320138,0.0,0.0,0.0,0.0,0.0,0.0,0.0,0.0,0.0,0.0,0.0,0.0,368050904.3968362,242.2646254697926,0.21873251070836003,429796941.8388035,850.6399576625857,0.8064321604821832,0.0,0.0,0.0,0.0,0.0,0.0
Steel,4,3,5220.89,4.418,0.6480456367135048,0.08973209846019746,0.01384966752700176,0.34778501484425495,0.1258888167142868,0.1047483935760162,0.43061256549165955,0.04219976738095284,0.24391471716304067,0.36618359572760817,0.09643611788749695,0.33907330983023454,0.2259495822702256,0.09893996298313142,0.49555243435014773,0.0,0.0,0.0,0.0,0.0,0.0,28143849.07246649,666.9183687758186,0.06480456431939612,27164608.239954352,942.6509472133572,0.15602999304560633,34835144.662452914,414.792519051667,0.5402778269281694,0.0,0.0,0.0
Steel,6,4,4788.35,-4.233,1.72176670730114,0.07408472007513046,0.013926519884374784,0.13031029978049496,0.10556373298168183,0.44031315320376013,0.5110996890101045,0.10816262245178224,0.7125021928296088,0.24687901222359063,0.10088337481021882,0.8223411574657352,0.3264836216967046,0.09560759842395783,0.934010026777148,0.18960007281268798,0.07355166256427766,1.0317751733767515,0.20743392664239715,0.08212613970041276,1.3800595631653283,116159146.95185071,383.5303311815491,0.20638690489786132,132138936.72528175,670.2832882773763,0.5718135241937395,96261597.74100226,635.9242493192387,0.6223168288372554,128562498.83226994,357.1919861288187,1.498556213075504
Steel,4,3,4788.27,-4.235,1.3932732611894607,0.11106225180625917,0.012259565502333808,0.2962764414883512,0.12148584306240083,0.3741817381040815,0.3569899811212146,0.09394379496574402,0.5749960260378183,0.2447359036941609,0.10132843136787416,0.8603582014321373,0.16092557380072978,0.03326312437653542,1.1410364312990875,0.0,0.0,0.0,0.0,0.0,0.0,25254866.488957576,388.73039374279335,0.23516197429732155,27834248.200385723,263.90610119193326,0.6731911686873038,35782342.04230158,167.7239636962295,1.1730643072157223,0.0,0.0,0.0
Steel,5,3,5221.51,4.43,1.0394652336835861,0.08847245186567307,0.01837752871168761,0.20137345234355755,0.06935665756464005,0.18181929182991785,0.4014679728410688,0.1465584421157837,0.3438987917968541,0.28222617042753634,0.10847104787826539,0.4815254801241123,0.2288524182474582,0.11728522419929505,0.6843725791860193,0.27155960519015543,0.07291362315416336,0.8523544574560663,0.0,0.0,0.0,69179207.86464967,495.6085855760301,0.10394652440782386,44951112.82404456,824.8682801152335,0.35803058223574785,38225249.12966634,657.2413508122538,0.9052501853622439,0.0,0.0,0.0
Steel,1,2,4787.3,-4.254,0.9207977026700974,0.06807478731870652,0.024019157850823973,0.4083712109938002,0.08183150678873062,0.25781127903501927,0.0,0.0,0.0,0.0,0.0,0.0,0.0,0.0,0.0,0.0,0.0,0.0,0.0,0.0,0.0,18705586.484491885,567.4563538550493,0.09949035807843755,20557625.280729003,235.86698479325935,0.6585729571953021,0.0,0.0,0.0,0.0,0.0,0.0
Steel,2,2,4787.03,-4.259,1.5788290590047838,0.10140693473815919,0.028197963897504265,0.2710675905190604,0.03271073415875435,0.643308709127696,0.4772888805597328,0.04806704506278038,1.1635354046373845,0.0,0.0,0.0,0.0,0.0,0.0,0.0,0.0,0.0,0.0,0.0,0.0,25154806.608829223,601.3427820206834,0.3435895880387735,30977004.457438096,318.35352324304887,1.3731612768241481,0.0,0.0,0.0,0.0,0.0,0.0
Steel,5,3,4786.77,-4.265,0.9157816395163536,0.10303347694873811,0.016693060488981004,0.2482287732833493,0.08911603510379792,0.18343106366809264,0.25921618587603806,0.05566064387559891,0.2700578500840922,0.28245944662734845,0.14496393442153932,0.4254779479282702,0.4292345115933653,0.08506609559059143,0.6280809564317777,0.4193595327359714,0.09064775586128236,0.7691078485712757,0.0,0.0,0.0,38133809.2252956,229.59760617166168,0.12052110010906683,42932210.547297925,684.3954882726305,0.4091056409359962,35894030.82274654,243.4979599160023,0.8194412554062717,0.0,0.0,0.0
Steel,3,3,5222.86,4.457,1.527019801735878,0.046805516630411145,0.022358617626165287,0.23258933599866688,0.09301112651824951,0.37888460357729625,0.2216976218619323,0.0838627451658249,0.8123727869361136,0.2265124260037639,0.05021175011992454,1.0595344109533213,0.0,0.0,0.0,0.0,0.0,0.0,0.0,0.0,0.0,100479296.5753807,222.0722712645749,0.20586746038105194,87595362.12821217,230.85545844099101,0.9294967601459773,93046362.19453104,147.2943537228485,1.36567190079692,0.0,0.0,0.0
Steel,2,3,4786.44,-4.271,1.6134096205234527,0.08099098825454713,0.02069675918123437,0.21582691695389575,0.040429248213768004,0.7242364192525017,0.3265913676044059,0.13311018228530883,1.2451332782642743,0.0,0.0,0.0,0.0,0.0,0.0,0.0,0.0,0.0,0.0,0.0,0.0,22319075.06664854,252.70690363605718,0.2557713101983834,18672938.517965127,711.8634051415131,0.9428361601923568,18080325.148860972,841.5701083361198,1.3743336923419638,0.0,0.0,0.0
Steel,5,2,4786.18,-4.276,1.5053999900817872,0.10017094886302949,0.048087292204256026,0.31642005400924766,0.08746923983097077,0.3421638142297615,0.24734358326778913,0.10463066160678865,0.5701747418880285,0.20090574932325822,0.10482591092586518,0.8275005504586551,0.24342076500725407,0.0500058464705944,1.0869118073856159,0.2906981894120388,0.10799396634101868,1.1999800240342822,0.0,0.0,0.0,115211692.12054484,299.7595577274376,0.21371916965071058,121925277.79302064,1056.424126193416,1.3351630370771232,0.0,0.0,0.0,0.0,0.0,0.0
Steel,2,4,4786.12,-4.278,1.1921834856271745,0.07521360003948212,0.042701214535078254,0.3276929832304715,0.07232974261045456,0.11922834856271745,0.31390726733551033,0.06944819957017899,0.6500322221778543,0.0,0.0,0.0,0.0,0.0,0.0,0.0,0.0,0.0,0.0,0.0,0.0,13358655.937659085,425.92499483962644,0.15900214453564854,15495204.606974954,955.4383509835832,0.5125745376906677,16485263.691142783,301.4998875945391,0.731137206603488,13352617.583558222,318.08573224956615,0.9897865639260144
Steel,3,3,4785.37,-4.293,1.0748483300209046,0.13484286177158356,0.013242463216756522,0.5429105369455369,0.08962707102298738,0.2381499380450039,0.5490156238866158,0.09873842179775238,0.5234450274968054,0.2310778847120119,0.07351417481899261,0.924483770257597,0.0,0.0,0.0,0.0,0.0,0.0,0.0,0.0,0.0,42687431.988989815,220.37033417616774,0.1640932981807966,60999576.290365934,601.5559164588307,0.5566909954326411,58857625.294470325,876.6851903059325,0.8481198894996242,0.0,0.0,0.0
Steel,4,3,5224.33,4.487,1.2887886971235276,0.08222750312089921,0.032578370659490166,0.33508748187862825,0.09476689815521241,0.2741441635127665,0.2596432035491122,0.12477184772491456,0.5468332171956128,0.24453616240176376,0.08625914037227632,0.7248069635984621,0.2701132423710636,0.10174306690692902,1.0007643965205781,0.0,0.0,0.0,0.0,0.0,0.0,30551067.669530187,135.55162198989032,0.17897040312435938,34135918.09161851,281.45771692437046,0.7811421129606155,36124034.40499109,713.2746192617609,1.1025993990417091,0.0,0.0,0.0
Steel,2,4,5224.46,4.489,0.44788564592599867,0.10476888978481294,0.017357611948504183,0.27991773398729736,0.11041608691215515,0.1242208067201887,0.2007612724948382,0.10042447149753571,0.255314196226848,0.0,0.0,0.0,0.0,0.0,0.0,0.0,0.0,0.0,0.0,0.0,0.0,6765261.104328461,192.15929383704923,0.0450159317469169,8679341.4425909,714.6092524955147,0.08458525456533528,9354916.6238424,714.3274823509754,0.20590032984383738,8742069.313348107,558.8891533339715,0.3583647139577851
Steel,5,3,4784.83,-4.303,0.41127501204609873,0.04840604305267334,0.011459115283822688,0.3690384409545151,0.10365248560905457,0.0431699330630418,0.1478880018087109,0.07271823823451996,0.1357365217813187,0.27758074726084453,0.11092885076999665,0.2315307866992162,0.3427977526271395,0.058450133502483376,0.3226830315657607,0.26000520108821695,0.02,0.3684729177862129,0.0,0.0,0.0,21441681.938778706,448.0705331438977,0.05965577006275352,16387033.987819312,565.8883049658156,0.2179162038107115,19106700.70422866,413.8209220179752,0.35168042127797694,0.0,0.0,0.0
Steel,5,2,4783.88,-4.322,0.7444099664688111,0.11379720413684846,0.006903061310869339,0.27857046645830685,0.07962079137563706,0.07445099664688111,0.3432905481622902,0.11755288422107697,0.1949152170877475,0.3273111955368788,0.06180081963539123,0.35374003518076486,0.20335586113565277,0.08964993715286255,0.48079853185689886,0.24776117806446987,0.12500071823596953,0.6699589698219299,0.0,0.0,0.0,38620081.5956049,470.6247747613738,0.09293765766612368,39527354.52526003,593.6393816469853,0.6412575510777643,0.0,0.0,0.0,0.0,0.0,0.0
Steel,4,3,5226.16,4.523,1.0786595433950423,0.08036722719669342,0.0094270590569052,0.3004553344006668,0.061067995429039,0.22139603056029983,0.35584641783890786,0.11443731784820557,0.4053548142768563,0.16303871795755573,0.13282255411148072,0.6597690690299385,0.2050289494453679,0.09933989942073823,0.8358032169738382,0.0,0.0,0.0,0.0,0.0,0.0,26877798.71258784,663.6372231820557,0.12660902764559234,21026193.774205536,328.5152628069479,0.47850040981580416,29110631.67953415,247.84211532178188,0.9130453335611365,0.0,0.0,0.0
Steel,4,3,5226.28,4.526,0.9423247233033181,0.06598072266578675,0.03169202086135273,0.27852730980762525,0.06424766212701798,0.16755491708593864,0.18338865146429417,0.09303594529628754,0.3288661382396702,0.34221028775292,0.07930874347686767,0.48416908925411495,0.19743730261732287,0.07757826715707779,0.6297082746421191,0.0,0.0,0.0,0.0,0.0,0.0,18539137.362471674,529.2592090591264,0.10404432915538232,19545753.678810876,576.1683826010184,0.3519552019450166,20021279.122064695,722.1744436428946,0.7948074450929534,0.0,0.0,0.0
Steel,2,2,5226.72,4.534,0.5977178655564785,0.10591598820686342,0.058660353026784566,0.29913563978088237,0.08236910104751587,0.10801525033366488,0.25609393812352554,0.09822276771068573,0.4777636325673207,0.0,0.0,0.0,0.0,0.0,0.0,0.0,0.0,0.0,0.0,0.0,0.0,19111975.922483128,486.20901091404824,0.06419130649055563,17012493.987726536,195.0874299519862,0.49738671016351427,0.0,0.0,0.0,0.0,0.0,0.0
Steel,6,2,4782.96,-4.341,0.7138302803039551,0.10380191922187806,0.020127730130978887,0.2433538137948976,0.06210267037153244,0.0769415234445405,0.18578876409826572,0.08969090402126313,0.17319494541858257,0.43330642969100197,0.021016723243519664,0.285346993954517,0.3289905537023133,0.02,0.3697928620488745,0.3725230327178646,0.06147201538085938,0.48720191381309974,0.25216642547577345,0.09434421956539155,0.6104342810195601,27435260.28355712,326.7318940749177,0.0890820921379579,29455265.50001887,372.9817760148318,0.6372272345252976,0.0,0.0,0.0,0.0,0.0,0.0
Steel,5,2,5227.25,4.545,0.5584229081869125,0.10617356038093569,0.014519203425944704,0.3103924927389629,0.079295454621315,0.10264133489685923,0.3177173432250172,0.05161034598946572,0.1825103770502021,0.45221590733805817,0.06215792179107667,0.24292447375534926,0.31733721620378535,0.03861661925911904,0.3254578032303022,0.3418140027678432,0.15,0.46814448348964194,0.0,0.0,0.0,46347772.50563213,397.5049574648532,0.0687788620942373,56467221.392791405,148.17762359577435,0.5025806168097984,0.0,0.0,0.0,0.0,0.0,0.0
Steel,3,3,4782.52,-4.35,1.5405388414859773,0.05437064337730407,0.017063240458410043,0.2583840597317091,0.14467364072799682,0.3404546944844641,0.30574053161343445,0.08522683262825013,0.9976651999424349,0.28588413943199836,0.11017343938350678,1.2187578054713009,0.0,0.0,0.0,0.0,0.0,0.0,0.0,0.0,0.0,92445340.16386487,713.6576697123336,0.1886428954811587,67072419.755574174,778.7876025403706,1.055309040037966,73289546.9570134,368.72829251168963,1.3827186472195743,0.0,0.0,0.0
Steel,2,3,5227.5,4.55,1.0781639963388443,0.12763063776493072,0.020291119394478273,0.20482828222849514,0.058959003686904904,0.33448373327742453,0.3411580241643008,0.0358539330214262,0.5898990342413356,0.0,0.0,0.0,0.0,0.0,0.0,0.0,0.0,0.0,0.0,0.0,0.0,15367039.547386417,422.44234394965395,0.1729319758969623,14047902.3114439,226.91917400861317,0.5369887795667361,15781683.484812556,653.5627638087523,0.8796381387050732,0.0,0.0,0.0
Steel,2,2,5227.54,4.551,1.064150457084179,0.09218671929836274,0.041006319696871754,0.3375881113533222,0.09548841714859009,0.3581905755076692,0.3603431868001776,0.13077716290950775,0.7935064603064494,0.0,0.0,0.0,0.0,0.0,0.0,0.0,0.0,0.0,0.0,0.0,0.0,36802329.14511649,736.6888593587557,0.2808257520420242,36785439.67235662,379.9713213541931,0.9293549895271171,0.0,0.0,0.0,0.0,0.0,0.0
Steel,6,4,5227.7,4.554,0.8991644382476807,0.11199859166145326,0.015710264635545295,0.2576278385316255,0.038834488689899443,0.12297754872325604,0.1640083553449762,0.07675171971321106,0.22137731763032345,0.332302637796954,0.0786859029531479,0.3541893755572113,0.21578762307891572,0.11513175547122956,0.512809015685224,0.3946999748475496,0.04270900949835778,0.6317160628459015,0.34286108291820383,0.09615354180336,0.7190253847052829,27501730.47200447,234.80289093593407,0.09192709597886164,30918683.05262884,504.14146651524817,0.2721722275647927,33798558.87650286,505.4092754552074,0.43348842553075273,25931506.277141467,158.5761020317869,0.7932769439664814
Steel,3,2,5228.39,4.568,0.3442247537896037,0.08599797481298448,0.025593526091985543,0.29817995597024594,0.10373127341270448,0.05404502388574342,0.4033288170935524,0.09931678533554078,0.18853514811444777,0.2000890333479913,0.07505079656839371,0.2863946652764782,0.0,0.0,0.0,0.0,0.0,0.0,0.0,0.0,0.0,33510408.94743501,427.25984754802056,0.03626555354783741,24869864.935468543,547.5402173867489,0.2973670500131479,0.0,0.0,0.0,0.0,0.0,0.0
Steel,5,3,4781.57,-4.369,0.41525614932179455,0.11517045688629152,0.03785942959185529,0.3237640330344485,0.08124189227819444,0.05516913932998521,0.29902189394590767,0.09672386229038239,0.17189018021895616,0.2368816925268194,0.060822755992412575,0.2701892942679061,0.25666726966429676,0.02,0.31400601721123617,0.29618026349197746,0.029308855906128882,0.3512489343909927,0.0,0.0,0.0,20230630.607699778,507.76598204065465,0.07072837452970368,18097004.16476257,263.12897108175224,0.28556803113921325,25604921.381480902,363.5451890068516,0.37373053397435896,0.0,0.0,0.0
Steel,4,3,4781.39,-4.372,1.273451328277588,0.08176028114557267,0.018621584227611353,0.463820293644455,0.05286339789628983,0.285791118599525,0.25999881242553247,0.1009256821870804,0.5445682952642548,0.24927792289685058,0.10119823932647706,0.8442771551218209,0.20787908190086835,0.12385147631168367,0.9931233613588442,0.0,0.0,0.0,0.0,0.0,0.0,33028990.71561661,1096.5568842783134,0.15827046263394354,20610234.742332365,884.4400866482398,0.7818702329425467,28537202.784605183,579.4122373840427,1.1354869216447905,0.0,0.0,0.0
Steel,1,4,4781.22,-4.376,1.4908603042364121,0.06262821328639985,0.0077761031091559815,0.2852612241948811,0.12803996086120606,0.7092698861942571,0.0,0.0,0.0,0.0,0.0,0.0,0.0,0.0,0.0,0.0,0.0,0.0,0.0,0.0,0.0,111789666.59419933,455.6624429559076,0.1490860319145015,108641979.72878128,351.0541318222344,0.18041142014879838,117113335.71406882,94.13472051636006,0.256938148029636,97178263.0639943,1099.9999999999995,0.9590047278276924
Steel,2,3,5229.41,4.588,1.2842144250869751,0.08868076437711717,0.019227431587451466,0.3985183965475647,0.06803398251533509,0.6562731303202607,0.2951142598660653,0.07062294602394104,1.1249601431216463,0.0,0.0,0.0,0.0,0.0,0.0,0.0,0.0,0.0,0.0,0.0,0.0,32201090.986288294,514.5576364981673,0.1785090926725821,28626915.87924595,1099.9999999999995,0.3759744944045423,28573550.105962567,494.29736333491445,1.155792981294063,0.0,0.0,0.0
Steel,6,2,4780.23,-4.395,0.4371196132153273,0.11352662301063539,0.015140051615861707,0.327661956547789,0.06513227760791779,0.04694851447224879,0.24723975047501406,0.10623501777648926,0.13623292791739453,0.3801561071441938,0.07176209926605225,0.2286304097928174,0.31326241163533936,0.037723278850317,0.2911030697735442,0.21517141395312106,0.033452575802803045,0.3313411512770503,0.3913293824961163,0.06459668248891831,0.38799187116937967,30602721.213216726,443.6320019344053,0.07769972835889763,35785878.13120963,212.08045361063571,0.3563251295921527,0.0,0.0,0.0,0.0,0.0,0.0
Steel,6,4,5230.22,4.604,1.0751124784350394,0.1230449779033661,0.012767944763883118,0.27222426106261377,0.027287912517786027,0.11224108849919169,0.4583633011523656,0.12320987641811372,0.23850069581723016,0.1826689787320699,0.11445974230766297,0.3929281681909303,0.24371532178032537,0.13384597420692443,0.5934586755866118,0.3962758306172662,0.0701850375533104,0.7791393644238745,0.22058264370511538,0.11536854505538942,0.9251518063940085,38916045.718248226,332.6248674408572,0.12224208849919169,33299487.489276644,385.06010642207434,0.37189200136959133,32625120.128744718,295.9723700105338,0.7164052174602238,34209299.41381097,412.2461528095313,0.967601229516423
Steel,2,2,4779.7,-4.406,0.8185372561216354,0.0776065405011177,0.028712581614630993,0.3314621662242159,0.02,0.27751767929317983,0.25302973696822756,0.11601429045200348,0.7237159152168989,0.0,0.0,0.0,0.0,0.0,0.0,0.0,0.0,0.0,0.0,0.0,0.0,13469397.575137317,400.86632959243053,0.12845677292164648,16347312.180983113,735.8170736017952,0.6838423588333574,0.0,0.0,0.0,0.0,0.0,0.0
Steel,2,4,5230.69,4.614,0.5569821663200856,0.10800882983207703,0.014895473644724154,0.22797758322205897,0.14319546282291412,0.05623367206097143,0.4841164546299512,0.09038211047649385,0.3264332922358586,0.0,0.0,0.0,0.0,0.0,0.0,0.0,0.0,0.0,0.0,0.0,0.0,19039904.869862955,309.4036404605215,0.06850822268687551,14851256.451932846,473.2644956982536,0.1965994291472939,17202943.435898136,459.80854352287844,0.23103635815777396,17497208.1729429,1099.9999999999995,0.45484463411545784
Steel,2,4,5230.76,4.615,0.6610849253833294,0.09535084855556489,0.036861336163690556,0.3375381001137067,0.10259128332138062,0.089447733673889,0.28364877234695407,0.09546958029270172,0.32574146787924535,0.0,0.0,0.0,0.0,0.0,0.0,0.0,0.0,0.0,0.0,0.0,0.0,12283316.980040632,61.99772497615675,0.06853300866699474,11575507.273163637,389.23722769302236,0.10753393402000547,12534820.369634265,432.27729715977136,0.3128178552441975,15395468.541481908,1099.9999999999995,0.5260564686259354
Steel,4,2,4779.37,-4.413,0.6474659822881221,0.08620888149738312,0.011979939505564986,0.2681980677690619,0.10205251514911652,0.14288267971999996,0.3088947363174797,0.11864233016967775,0.2721773601639325,0.289976978647206,0.02405331427231431,0.4174556270197064,0.4987571422512809,0.07443691730499268,0.5419274831464851,0.0,0.0,0.0,0.0,0.0,0.0,36748985.01254548,648.4287747353733,0.07536260077659646,40491938.6067403,251.14403173861018,0.5255882431990738,0.0,0.0,0.0,0.0,0.0,0.0
Steel,2,3,4779.18,-4.416,1.1577328756451606,0.11225220274925234,0.02844341570424542,0.3046231164273259,0.09791344344615938,0.6005379986775256,0.19352744219627271,0.07083342134952546,0.785392724951747,0.0,0.0,0.0,0.0,0.0,0.0,0.0,0.0,0.0,0.0,0.0,0.0,14089613.744297132,410.57528258791336,0.2988642466578516,15508124.205136571,340.95224046026027,0.7176556764819952,19334979.97463726,748.8263715313083,0.9883696434609712,0.0,0.0,0.0
Steel,4,4,5231.09,4.622,1.3200634062290193,0.09942090702056885,0.011238678328215132,0.2149064077497837,0.04159605622291565,0.299121151330218,0.2991194975066924,0.10123849332332611,0.4272426055878689,0.34052644160217393,0.09802565872669221,0.7456197225243585,0.5130392980856856,0.08214909493923188,1.0749633153095544,0.0,0.0,0.0,0.0,0.0,0.0,37196051.53278367,741.1488705337806,0.16645713784827335,36963560.80936698,124.56516536555982,0.6628377037310632,32609363.229061574,590.8807315104102,0.6713200495159102,36491199.062041916,815.838168435668,1.146437417348765
Steel,2,3,5231.45,4.629,1.1702075615525245,0.061401939690113067,0.046991745706705175,0.24930220180172089,0.10187031447887421,0.7192652565024638,0.24111596694106843,0.06775386661291123,1.053176805397272,0.0,0.0,0.0,0.0,0.0,0.0,0.0,0.0,0.0,0.0,0.0,0.0,33431742.7085767,412.16196510323994,0.1529512326143967,30092303.99393727,808.3497484557978,0.3506411928966843,26918023.97767936,1011.4725647362137,0.9702896774985705,0.0,0.0,0.0
Steel,6,2,4778.66,-4.427,1.201711243391037,0.11718335735797883,0.011842184622953613,0.2591417862793567,0.0662616366147995,0.30157427682096416,0.14158837978238026,0.06088311761617661,0.4440582352330487,0.2283945637454145,0.08466075450181962,0.5513503489577796,0.2213277728597906,0.07064686983823776,0.7161638097492442,0.12305482947840037,0.054851557910442356,0.7828432506223779,0.3023409488435703,0.10409221112728119,0.9376673083726162,33201708.940128416,477.47705100705696,0.16128904216182902,42131264.22600184,684.2857075652323,1.0815401178502222,0.0,0.0,0.0,0.0,0.0,0.0
Steel,6,2,4778.62,-4.428,0.8268830999732018,0.11401514852046968,0.008625302218569575,0.19344815614588687,0.028658951446413995,0.10159513215871951,0.39751478367068926,0.05397962301969528,0.17507074696867178,0.2305957823389688,0.0693107044696808,0.3382575014094357,0.2781988122383852,0.055880971550941475,0.5049959696982335,0.27750460694305706,0.06253360122442246,0.575648042043346,0.26155665674629797,0.11096982538700105,0.7049357633402212,32975652.4511777,898.4937688391361,0.11296591525919143,31992711.492648486,912.4645737252958,0.7345569564803545,0.0,0.0,0.0,0.0,0.0,0.0
Steel,4,4,5231.66,4.633,1.2974634170532227,0.13582541429996492,0.009090454949013805,0.38726586119118034,0.10619125366210938,0.34984780730980236,0.2864107535837776,0.10704970598220825,0.6791521357557874,0.332009213315606,0.07758182764053345,0.8398344677777321,0.21540872879830172,0.0807904276251793,1.029386352612436,0.0,0.0,0.0,0.0,0.0,0.0,39432345.22155137,805.4841461504466,0.14391349214689067,40413303.134527415,418.6497649989171,0.48917589293064623,23025258.00949612,502.77711126845975,0.6453160313934008,25392386.704086155,503.26434014180563,1.1575670660186497
Steel,3,2,4778.46,-4.431,0.6443726725876331,0.09546916484832765,0.030093834588975375,0.3070105189993166,0.07832734018564225,0.1843932860022133,0.32481294861876286,0.07574250668287277,0.34943927153167303,0.5327133743223963,0.11095341384410859,0.5264530348660031,0.0,0.0,0.0,0.0,0.0,0.0,0.0,0.0,0.0,45291210.33025744,857.1144710511476,0.08454784257825956,56146458.50504299,212.6899178037038,0.5365802617542135,0.0,0.0,0.0,0.0,0.0,0.0
Steel,5,4,4778.41,-4.432,2.067594376206398,0.09760246372222901,0.02407048902298457,0.2871238809169003,0.08993993639945984,0.31014731197477036,0.2711096168300681,0.12088218808174134,0.7548041796922746,0.401870753258562,0.0798299726843834,1.0406254947691438,0.31912774398895116,0.0577117070555687,1.4317048658119167,0.4239550847255761,0.07570231080055237,1.6318473078220561,0.0,0.0,0.0,56686866.85805452,789.0284219016664,0.28185020690117957,44237350.76977213,137.31866108764189,1.2449025467036126,47243664.210185066,370.7124217780357,1.5293983075868063,57135129.058562055,656.7807103415192,1.860834936518164
Steel,6,2,4778.04,-4.439,1.283852192759514,0.08186834770441057,0.029878913451649648,0.20911916243135828,0.11723716735839844,0.21426373329263543,0.14109678927688102,0.09262134075164795,0.42199947638944546,0.23992133000706248,0.09918781757354737,0.6088572585778463,0.2928117616140454,0.08294713526964188,0.8699410750639603,0.331656479639709,0.10747213661670685,0.9960990769909578,0.1892834999289797,0.02,1.1483547536456633,175558296.09168893,496.74391114391744,0.20168216818713747,194943885.49697763,247.3867763755157,1.1345017111825464,0.0,0.0,0.0,0.0,0.0,0.0
Steel,4,4,5232.61,4.652,1.5080551475286483,0.068910276055336,0.013663612173952068,0.3849818830463823,0.0427839307487011,0.2854243801781714,0.2160092762986814,0.1420714658498764,0.5351043226132851,0.23962255090836646,0.027113909870386123,0.8978710560009237,0.2838905849067623,0.08415728509426118,1.2555128513119158,0.0,0.0,0.0,0.0,0.0,0.0,15740228.048486745,170.27444847539599,0.17023685300392902,17393372.83302236,345.8724031679256,0.7150529883179758,16708404.529091826,358.9035762042983,0.9151814172114976,18375075.26497937,269.84380589188675,1.3285663302073003
Steel,2,2,5233.52,4.67,1.2702806651592256,0.11345746481418612,0.025662036128420752,0.42920234774312277,0.08821750700473786,0.634583990663788,0.409456711142847,0.02,0.7910421604131964,0.0,0.0,0.0,0.0,0.0,0.0,0.0,0.0,0.0,0.0,0.0,0.0,41605448.730621584,155.38792848450228,0.3590300888516196,38026956.2691356,308.11737061491164,1.1432525973730223,0.0,0.0,0.0,0.0,0.0,0.0
Steel,1,2,5233.65,4.673,1.1276608660817147,0.09741074883937836,0.02361286036936297,0.2879921673768996,0.06536990404129028,0.2965992828463168,0.0,0.0,0.0,0.0,0.0,0.0,0.0,0.0,0.0,0.0,0.0,0.0,0.0,0.0,0.0,18023197.23187767,186.62561662956858,0.22622478209824992,12795632.030879838,637.9405769463972,0.9593233843327911,0.0,0.0,0.0,0.0,0.0,0.0
Steel,6,4,5234.13,4.683,1.3726277828216553,0.07534517073631287,0.01810978160726141,0.217974452641136,0.12981159389019012,0.241955353135485,0.354881275041751,0.06066163152456283,0.46767543801664657,0.21140845364485197,0.0964110666513443,0.6631125961817776,0.3413075207668082,0.04094660311937332,0.8386067120718395,0.2594369590782731,0.0938300919532776,1.0414927136322032,0.23694089295283552,0.11588645398616791,1.1500608617594945,25413819.291494478,172.15290079462656,0.18427668701843283,23156197.543534547,673.7728771365512,0.5786943870803591,27339929.489681363,586.8938944344101,0.6219686589297317,27871070.467503287,185.75967435917227,1.1965024245066234
Steel,4,4,5234.42,4.688,0.806700749695301,0.09673884534835817,0.009275977185048625,0.18509551385521206,0.04436396986246109,0.10666079000823164,0.27381844387168086,0.08413895964622498,0.29276803829021536,0.2514236541112974,0.05624563246965408,0.48456505617979995,0.3165776414306224,0.09841013669967652,0.6016913220393003,0.0,0.0,0.0,0.0,0.0,0.0,15713261.740354268,755.3909704945968,0.08162533125684673,13675128.999791637,576.5746816986293,0.27911855873950675,16972830.779627234,794.8083300608799,0.4076769098672961,17586900.56338595,423.9638894136727,0.6730135939544839
Steel,4,3,5234.43,4.689,1.2509859770536422,0.10947206187248232,0.009374768963129231,0.3810325392113261,0.09583539187908173,0.5138967957639095,0.567326844218169,0.0616861829161644,0.6596911497001425,0.19808683587485415,0.06665407240390778,0.8648174589490032,0.26215221666767,0.05035327062010765,0.972492318649173,0.0,0.0,0.0,0.0,0.0,0.0,45717911.50502725,258.7271159240065,0.24831634185231127,44882746.42176412,434.8215361616359,0.8456510420205036,59475760.36712604,1099.9999999999995,1.125887378097292,0.0,0.0,0.0
Steel,4,3,5234.67,4.693,1.935155400633812,0.09232956385612488,0.031301873532824445,0.1686856549711397,0.038033893257379534,0.503206686860359,0.34141232649514736,0.04877295061945915,0.8809623525452794,0.2939363429717103,0.06728532403707504,1.350866616763646,0.14936152759202076,0.10277514219284058,1.6585227599358638,0.0,0.0,0.0,0.0,0.0,0.0,67313894.51195097,632.2814882982544,0.22135989832015815,57915952.8198247,381.44794582561525,0.5938600717158824,54065842.84367672,358.6890003383474,1.6901863384974776,0.0,0.0,0.0
Steel,5,2,5234.81,4.696,1.362833946943283,0.10210309565067292,0.03364432694510838,0.35061778971803786,0.11990260183811188,0.4153697024213996,0.19344082712244695,0.10832763671875001,0.6356364437673722,0.23329404393511355,0.07492489337921143,0.7482356711140975,0.20010452408599627,0.11715720176696778,0.8854862051138289,0.2356704591709735,0.07876021593809128,1.0692193018786516,0.0,0.0,0.0,118537283.47266315,792.1980827296371,0.23415288561547665,92408237.63108741,547.3652004044455,1.1995893297286435,0.0,0.0,0.0,0.0,0.0,0.0
Steel,3,3,5235.07,4.701,1.6175786554813385,0.12068936729431154,0.011412628234716839,0.43289434345842365,0.1304832351207733,0.25166950197727855,0.43657174530798837,0.06806543797254562,1.0443236633469206,0.13103664369996768,0.07281015604734421,1.1384755745810873,0.0,0.0,0.0,0.0,0.0,0.0,0.0,0.0,0.0,47871909.06336841,626.5529793722704,0.21193263293034487,52860183.89801924,799.2905996585117,0.7469262889823552,54195015.03549193,444.2435942864901,1.3789673225220174,0.0,0.0,0.0
Steel,6,4,5235.08,4.702,0.7900752782821655,0.1098152290582657,0.018344257808540328,0.433157814603265,0.02,0.12728165278146653,0.2314737821071927,0.062425167262554176,0.1762309506671046,0.21452026048432568,0.09530763447284699,0.29711721394344703,0.3195819084949373,0.08768963336944581,0.4511824731619297,0.24470896696275987,0.0696719366312027,0.5572017228870935,0.18082455674254194,0.1048508769273758,0.6701183861410969,16989258.14338358,174.8294970915479,0.10135996321714584,16183274.702475565,586.5724017276821,0.3625425455700467,19885974.011050604,167.69854554142003,0.40549245144710644,20610250.240947872,604.8476271894954,0.6872940797285454
Steel,6,2,4774.98,-4.5,0.5666635006666183,0.10012987375259401,0.03391023110957859,0.4087490254865415,0.13873029112815857,0.05705791041993815,0.3257113234348612,0.0817708545923233,0.17060644319308654,0.2287753052318576,0.08537844181060791,0.2574098430444239,0.4254872376473179,0.060955044031143185,0.33428093675395026,0.3804175653596697,0.09093811929225923,0.41413428689765724,0.2623760124286626,0.09369313538074495,0.5096017396732055,61470708.31746079,438.1069059932168,0.07426989805958996,58131380.091948345,463.23592903818076,0.49960073967320556,0.0,0.0,0.0,0.0,0.0,0.0
Steel,5,2,5235.75,4.715,1.0550832360982896,0.08032048976421356,0.012442999645008083,0.2258955307487244,0.08478231459856034,0.13872005768694762,0.24925036154166527,0.0802734524011612,0.23801124520255276,0.12924834955125583,0.10614512622356416,0.45849257750853534,0.3009170528324259,0.0771901124715805,0.7106239707499283,0.3940956522764904,0.060063958466053016,0.8589045421883793,0.0,0.0,0.0,41139492.88194493,548.0436768884147,0.1490935336651333,44419994.64067768,425.8513193483472,0.9235266185060628,0.0,0.0,0.0,0.0,0.0,0.0
Steel,6,4,4774.66,-4.507,1.2546137034893037,0.10044924902915955,0.006592002377993198,0.2952152156163927,0.12230838060379029,0.18699560390021347,0.45947583004313264,0.14584075868129728,0.4074212635841451,0.299010119511152,0.06066574215888977,0.5396265793001025,0.4319792519756449,0.12431342482566834,0.7018309906101381,0.23492203237087575,0.09107666432857514,0.8671912010220525,0.36487717672494985,0.08654072463512422,1.1096081645678242,36759375.44797051,583.631837196477,0.12546137160354406,51263968.580414474,115.29538566663544,0.3399805431707068,38986208.965257645,149.21685805076544,0.675658088310801,42319765.82192244,312.28953880062875,1.070464790225369
Steel,5,3,5236.32,4.726,1.5816694676876069,0.08348065793514253,0.01105634420653814,0.46961269735845734,0.09148510098457337,0.2239299749742215,0.3223867653677547,0.1328270947933197,0.4470134078740587,0.25117428585520507,0.10979265749454499,0.7522020381525687,0.4502617339107909,0.03948308169841766,1.031834400756603,0.18727331837512384,0.11443298637866975,1.1631551880682496,0.0,0.0,0.0,57812871.49138432,280.8521026337552,0.16662485607523236,55296511.39372294,640.0292631736941,0.5673046562118463,74185846.30635555,344.399745563136,1.3756402607104357,0.0,0.0,0.0
Steel,1,3,5236.96,4.739,1.2641619712114334,0.05790105885267258,0.02695724721173293,0.2367170916729135,0.09582444310188294,0.5312544416145476,0.0,0.0,0.0,0.0,0.0,0.0,0.0,0.0,0.0,0.0,0.0,0.0,0.0,0.0,0.0,11528465.94550232,211.909364255738,0.31926844335702065,7835505.115285566,309.07259042561606,0.8904598236262722,11710030.522963535,494.8947857314984,1.129386319652013,0.0,0.0,0.0
Steel,4,3,5237.23,4.745,1.4568888664245605,0.10599572622776032,0.012232994691367354,0.315111113960759,0.08492782950401306,0.14569888664245606,0.3407140139674905,0.09046249449253083,0.29031259495759437,0.3608258049839422,0.13755562603473664,0.6983015902982255,0.23623547296852157,0.11815412163734437,1.041086464599374,0.0,0.0,0.0,0.0,0.0,0.0,72279980.65272476,442.776377074738,0.17129479359681724,79052132.18305902,377.807474193252,1.0605789094262765,61542320.24107454,1068.709102246169,1.3111999783252157,0.0,0.0,0.0
Steel,1,2,5237.84,4.757,1.2978384405374528,0.07104696047306061,0.008764660201443404,0.39934407539413985,0.10235679507255555,0.38630800554985845,0.0,0.0,0.0,0.0,0.0,0.0,0.0,0.0,0.0,0.0,0.0,0.0,0.0,0.0,0.0,45521105.26814863,515.1396977887916,0.1945338590691042,46892806.14532608,1099.9999999999995,0.8473128461034071,0.0,0.0,0.0,0.0,0.0,0.0
Steel,2,3,5238.98,4.78,1.180851623415947,0.07279580968618393,0.02402544441339931,0.26423315883731585,0.05810726165771485,0.2816619137376132,0.40657392955612526,0.10134475767612458,0.7812749213577701,0.0,0.0,0.0,0.0,0.0,0.0,0.0,0.0,0.0,0.0,0.0,0.0,33601838.83989508,426.5385863502029,0.13341146184224534,27684935.61338425,650.8103978323833,0.5341914557377387,28347207.292541087,860.8865993344077,1.0427831124214975,0.0,0.0,0.0
Steel,2,2,5239.21,4.784,0.9603865534067154,0.06770024883747101,0.013140092768921138,0.32572800744063674,0.10738882362842561,0.5603741856258887,0.18161918680468786,0.07057899594306946,0.864337898066044,0.0,0.0,0.0,0.0,0.0,0.0,0.0,0.0,0.0,0.0,0.0,0.0,19462384.29596788,262.8550951865694,0.3411368108697389,21205752.642283287,531.9546052315359,0.8514619697626195,0.0,0.0,0.0,0.0,0.0,0.0
Steel,3,4,5239.43,4.789,0.9027463480830192,0.10219075584411622,0.02448891340568903,0.27003452567076874,0.06685523003339768,0.2502296060312301,0.3369543461297446,0.028674210384488107,0.6496978717752755,0.4060602332590115,0.05648876428604126,0.773092348962449,0.0,0.0,0.0,0.0,0.0,0.0,0.0,0.0,0.0,14636583.43751456,628.8408360226746,0.13394108032281848,13227923.321631027,410.83083838379844,0.48720288172555376,13077497.977679191,315.7823342538364,0.5674494614294495,15976882.595497925,230.4377812818225,0.812471712371971
Steel,1,2,4771.27,-4.575,1.6457635283470156,0.09391841650009156,0.025510042186404992,0.4797062495082999,0.14152529776096345,0.5684627899146105,0.0,0.0,0.0,0.0,0.0,0.0,0.0,0.0,0.0,0.0,0.0,0.0,0.0,0.0,0.0,290577601.4282064,214.83690908151257,0.29544985085047243,260293393.97114134,492.2397234488974,1.238195526835069,0.0,0.0,0.0,0.0,0.0,0.0
Steel,5,3,5239.71,4.794,0.7197526961565017,0.06761396402120591,0.016944806153045045,0.2846528888191894,0.04853742599487305,0.11408605112008502,0.1698873332483982,0.058010996878147134,0.23973019141758195,0.25231096641664086,0.07540820479393005,0.3886342242209467,0.24928338639867711,0.06808913707733155,0.5136841146047546,0.29001543859766565,0.0657574039697647,0.5978287876561911,0.0,0.0,0.0,19522301.65878764,386.40548632639695,0.08083831139984199,17677610.377685186,437.442584917962,0.2857236324377328,17152489.73538897,871.8604268626069,0.6268857913415892,0.0,0.0,0.0
Steel,2,2,5239.82,4.796,0.3017137784510851,0.054757310569286344,0.019698657882833356,0.2680738858411392,0.08129156857728959,0.09367541575976367,0.13672078977875546,0.15,0.2715324006059766,0.0,0.0,0.0,0.0,0.0,0.0,0.0,0.0,0.0,0.0,0.0,0.0,11692090.688926218,867.852364098813,0.05676315504850052,9228132.913856553,464.2734785653629,0.2412899772437805,0.0,0.0,0.0,0.0,0.0,0.0
Steel,6,2,4770.01,-4.6,0.9544102713465691,0.07333067059516907,0.04318009468447396,0.28082080786565033,0.08574308335781099,0.14180052633100113,0.2769920112388403,0.052259524017572404,0.25075409222100614,0.35493975508426245,0.09880074381828309,0.47295888402111713,0.22999346308825366,0.07809735387563706,0.6380850996655303,0.3669280948510364,0.031987420395016675,0.7116577537205491,0.22982050745832958,0.06867284715175628,0.819766186787946,247518181.12860742,496.72640307462814,0.13136854066534898,215021617.71901703,906.9349304212545,0.8589692432575019,0.0,0.0,0.0,0.0,0.0,0.0
Steel,5,4,5241.14,4.823,0.5671579174697399,0.1162654517889023,0.02478244753482471,0.24768762369054578,0.03081605814397335,0.06922078770312544,0.2842878313732413,0.07983176648616791,0.13943942760795788,0.4306063105256748,0.09864420652389527,0.2336600323865556,0.3432963142508202,0.0895709788799286,0.36832151578668526,0.48624694261763773,0.10121973395347596,0.48809998360695045,0.0,0.0,0.0,30828176.954630405,154.70801174118117,0.08260498215223262,32146719.751580577,878.0476807071814,0.3928986377205792,41786534.67353484,808.4832836995741,0.4211088614477393,31904341.278915837,450.76414532246775,0.5027951608267266
Steel,5,2,4769.31,-4.614,1.480372878909111,0.10458948135375978,0.015580635258016283,0.4038982929232379,0.08536326229572297,0.25361030643240257,0.29139143570828346,0.09265649616718293,0.46513938837938,0.22898197195133355,0.07964134842157364,0.7573834499023637,0.19851431225157354,0.08089028000831604,0.9825179766514578,0.20304686590161886,0.1106267559528351,1.1571219557458803,0.0,0.0,0.0,83197039.75965452,408.36573958409247,0.19675391107426501,89588345.68098046,254.9285282883232,1.3168093900694224,0.0,0.0,0.0,0.0,0.0,0.0
Steel,5,3,5242.06,4.841,1.1104938656091692,0.09985724437236787,0.022224515144827046,0.2828147133776734,0.08444050818681717,0.26740086330726115,0.3665701352243635,0.10217291295528412,0.389219625936686,0.4072165646868799,0.05810655653476715,0.5270015747130813,0.2924137481625533,0.046909709721803666,0.6888835731207913,0.32204622075730327,0.06858048379421235,0.8997141242170548,0.0,0.0,0.0,33832663.14930097,814.5552943959672,0.14902107519460905,37850986.138582334,422.8086239620362,0.5704511568583088,44730099.05992217,442.2683276996985,0.9757020941840152,0.0,0.0,0.0
Steel,4,2,4768.95,-4.621,1.456298378109932,0.10360068249702455,0.014901641006315237,0.14195058870370772,0.10060632348060608,0.3636056481594454,0.20535480549924331,0.09348714649677277,0.6840140006264874,0.27686758425287766,0.08410940259695053,0.9311845363738873,0.15471498352764532,0.12403606355190278,1.2725290401979912,0.0,0.0,0.0,0.0,0.0,0.0,35480029.272704355,262.9207072237082,0.24627922186475154,39041584.01133487,347.906434894289,1.3106685388426402,0.0,0.0,0.0,0.0,0.0,0.0
Steel,3,2,5242.31,4.846,1.0758795619010926,0.08963676154613495,0.009215634066443653,0.3512795927360914,0.13019820272922517,0.2680289264805907,0.5547748490368866,0.06840699255466462,0.5688103399622084,0.25767330288389184,0.11679125845432282,0.8854810830903445,0.0,0.0,0.0,0.0,0.0,0.0,0.0,0.0,0.0,218291392.85654882,248.82053032588826,0.15442440720352324,189312715.64662635,350.7856992740645,0.9661889076622693,0.0,0.0,0.0,0.0,0.0,0.0
Steel,4,2,4768.47,-4.631,1.5162922114133834,0.08757861328125001,0.020696020610984887,0.43551323282806415,0.06463031530380249,0.17845211135016908,0.236933653398629,0.02,0.44792209091932134,0.3809478973423079,0.04138012200593948,0.6070985968318175,0.2143355170149231,0.07028098851442337,1.1951645667034152,0.0,0.0,0.0,0.0,0.0,0.0,53310305.78651234,719.1121693432608,0.1915432845264272,69644477.0116399,983.8586081169858,1.3090307813424478,0.0,0.0,0.0,0.0,0.0,0.0
Steel,2,3,4768.3,-4.634,1.4153978824615479,0.13284743070602417,0.0420606398371967,0.21525024785071808,0.07898193448781968,0.3885665945664155,0.24746749517124586,0.057309566140174864,0.869460961648033,0.0,0.0,0.0,0.0,0.0,0.0,0.0,0.0,0.0,0.0,0.0,0.0,16212024.326204069,415.07450225031243,0.18425329157728962,15031910.819255127,433.0933250021738,0.7813909664939085,17557444.623544883,150.76251156435842,1.2738580927999952,0.0,0.0,0.0
Steel,2,4,4768.03,-4.639,1.288138774037361,0.10025031447410584,0.004826682837860384,0.38093342520268025,0.08284874737262726,0.3115703501507652,0.35255674677887444,0.06770520150661469,0.42059303622924615,0.0,0.0,0.0,0.0,0.0,0.0,0.0,0.0,0.0,0.0,0.0,0.0,21520341.5944955,363.369719436823,0.1547619687157021,21232330.02300796,372.30546606194844,0.6680152624129083,22059680.65781935,362.7110458763645,0.7720146872419107,19944790.274744228,827.7840760224748,1.0662648174424427
Steel,4,2,4767.22,-4.656,0.892819307744503,0.07370604699850083,0.035102872744208195,0.30656968998270057,0.06552816540002823,0.14944083262864238,0.2273316161789856,0.12316715836524963,0.32118879283390644,0.38614813632314443,0.10748411595821382,0.5446443848673403,0.22528206204611814,0.07610401779413223,0.7484114012372366,0.0,0.0,0.0,0.0,0.0,0.0,97756016.77290608,251.61898967101357,0.09273195343502423,97209674.41933027,563.165260496031,0.8035373760772334,0.0,0.0,0.0,0.0,0.0,0.0
Steel,4,4,4767.11,-4.658,0.8291895881295205,0.03811855608224869,0.005829942252924317,0.27694377748308363,0.0689980560541153,0.18833999681816727,0.2419352841743107,0.02,0.3979155907972082,0.22599745184474407,0.10210359394550324,0.5164652594809791,0.3508756989171605,0.09441611111164094,0.6299846735878434,0.0,0.0,0.0,0.0,0.0,0.0,36787799.34027831,502.85202410356356,0.0906670457945191,36624896.54594098,227.93433802994767,0.21942802971448752,35775157.34212555,448.48193283289606,0.26648341827748717,39942985.41855945,587.9408592715304,0.7129454288012083
Steel,3,3,4766.4,-4.672,0.827895586192608,0.05692297524213791,0.01600619232678764,0.35053696924900274,0.06138629645109177,0.1474589381027176,0.2037734704069007,0.04933794587850571,0.33709479694323724,0.23142401236565904,0.10331938087940216,0.5130427515363615,0.0,0.0,0.0,0.0,0.0,0.0,0.0,0.0,0.0,14492018.981332028,285.9546270381691,0.1158513898061529,12615668.440513136,478.7648153134634,0.5304510566425986,10521193.438936999,327.3864758226834,0.7319373403304775,0.0,0.0,0.0
Steel,5,3,4766.38,-4.672,1.8940073519945146,0.09128335464000703,0.0318501452126032,0.33860959370689303,0.025364530831575395,0.34094183092399066,0.29725154254155367,0.11127181947231293,0.7718792353931545,0.3712352231274163,0.09693066477775575,0.9613165915022475,0.2027080644558646,0.04996300056576729,1.202967673247634,0.2845942500657805,0.10965513527393342,1.5542492402820705,0.0,0.0,0.0,42959082.57762994,229.35146487611095,0.23276201849087536,38413828.82735264,347.2347726162564,0.9173005387819828,46253178.037422925,247.81770430377685,1.7046066149010557,0.0,0.0,0.0
Steel,1,4,4766.31,-4.674,0.9246545672416687,0.1203207154273987,0.025141669129511747,0.24167665348264913,0.09149436056613923,0.34858181845384245,0.0,0.0,0.0,0.0,0.0,0.0,0.0,0.0,0.0,0.0,0.0,0.0,0.0,0.0,0.0,8931320.095341438,383.28116909706364,0.12092396647327786,10089189.07345453,865.9582732386148,0.29044002254468737,9812519.014581632,233.3701758289965,0.3223450080264203,9217618.276840167,851.0962910789658,0.7226820583561688
Steel,2,2,5245.16,4.903,1.0545945808291437,0.04727751645445824,0.010692876483599676,0.4053166124115907,0.11843648850917816,0.1458933822706423,0.23121461053854012,0.0953884756565094,0.5023860093119383,0.0,0.0,0.0,0.0,0.0,0.0,0.0,0.0,0.0,0.0,0.0,0.0,82538178.19808401,645.5077477941476,0.19646871116590595,86747537.15315406,248.02808624161452,0.7479789913757118,0.0,0.0,0.0,0.0,0.0,0.0
Steel,6,2,5245.31,4.906,1.2565436244010926,0.13177665090560914,0.03310610069367364,0.22978712702317236,0.04868921339511871,0.18315596555592784,0.20986389917303794,0.09120822012424469,0.3702633357318482,0.3040535983999534,0.09841305017471313,0.5253565802492632,0.22632698560859046,0.11641207277774812,0.6696852872246515,0.2226572869672096,0.10746366739273072,0.9429568888339034,0.2648826659445974,0.05675468474626541,1.094365256512712,57903059.18917619,647.1584343086665,0.1424199556899251,66663274.515339345,160.99324670845908,1.1121166340304423,0.0,0.0,0.0,0.0,0.0,0.0
Steel,1,4,4766.1,-4.678,1.3268010377883912,0.09313280105590821,0.03522350377353664,0.35199116671469116,0.043769266456365585,0.5155114580071563,0.0,0.0,0.0,0.0,0.0,0.0,0.0,0.0,0.0,0.0,0.0,0.0,0.0,0.0,0.0,8695603.752399212,664.7407922009734,0.16970401531941,8980625.272132844,295.612715429406,0.3407931609662451,11194224.188407376,359.3818601532184,0.41775048515348884,9860163.14918725,388.6007343942617,0.9561026556212628
Steel,5,3,5246.06,4.921,1.1212813317775727,0.085476393699646,0.012430513582547233,0.29747944142705346,0.12466621100902558,0.2829781801892398,0.25824047737855044,0.042881780117750165,0.4192649640691009,0.2858172516352435,0.12106747269630433,0.5824609371937933,0.25626766054051325,0.07348304867744446,0.8066663970171609,0.2552111844528706,0.07805100947618485,0.995815900451339,0.0,0.0,0.0,31476844.37276112,518.3041393190587,0.15318422150811084,37452467.91653427,981.8761258503826,0.720722871398727,37067197.03320581,543.5767924799361,1.0091531974785342,0.0,0.0,0.0
Steel,3,3,5246.15,4.923,1.466250228881836,0.12009370625019075,0.017386487277287824,0.28007673053083004,0.0890779197216034,0.32526656061041115,0.2767240489166677,0.15,0.4626796856824215,0.3321729017372588,0.09709556281566621,0.8875961914207187,0.0,0.0,0.0,0.0,0.0,0.0,0.0,0.0,0.0,42690823.30176097,638.199754426225,0.19685543510440187,35728736.01337206,209.31320032633175,0.8615568395643896,45104546.47699292,775.5217625580906,1.2443456464379077,0.0,0.0,0.0
Steel,4,4,5246.52,4.93,1.2384387344121932,0.12473423731327059,0.023781540040832685,0.37377998605436297,0.0896720439195633,0.2765681453955826,0.3841482293094977,0.13719294488430023,0.4578168733639877,0.3439404566671132,0.15,0.7517151180946307,0.1688579751842052,0.07687112182378769,0.9267349731261159,0.0,0.0,0.0,0.0,0.0,0.0,31563986.150098406,430.8702874961157,0.13874831374445917,42448083.66277283,258.21758560583544,0.4930122778401997,34346716.02606417,344.98086418135557,0.6810191357383559,37127806.258710995,219.77273289825,1.1015461598003713
Steel,4,2,4764.87,-4.703,1.4567026227712632,0.1112675850391388,0.02766539559522706,0.35399216650546644,0.0681178030371666,0.14568026227712633,0.36566002201887426,0.09484274923801422,0.5074358212339656,0.2326727479050737,0.02,0.8720627637160883,0.19163229438091015,0.07063492923974991,1.1676290481353595,0.0,0.0,0.0,0.0,0.0,0.0,38751088.467389375,147.64922505187,0.2008932196539311,48489377.6190513,139.95051776570116,1.1480946353907269,0.0,0.0,0.0,0.0,0.0,0.0
Steel,4,2,4764.35,-4.713,1.507341268658638,0.11396697223186494,0.022421419691911963,0.25438113753337604,0.0645351430773735,0.4209163538606705,0.4921550296173747,0.07039199113845826,0.6189092189580438,0.3514584557550257,0.10514737725257874,0.8770409990913356,0.26199015401677694,0.11427431046962738,1.2026014810645855,0.0,0.0,0.0,0.0,0.0,0.0,173698268.35550085,477.68077438044276,0.23119768873591562,210574616.11200044,704.2670724364957,1.3184229074903677,0.0,0.0,0.0,0.0,0.0,0.0
Steel,2,2,5247.55,4.951,0.9723715916275979,0.08855974388122559,0.015128193959118142,0.3820048793964472,0.08139927804470062,0.2798355948231911,0.41738626211453195,0.0964018613100052,0.6993180950359461,0.0,0.0,0.0,0.0,0.0,0.0,0.0,0.0,0.0,0.0,0.0,0.0,36773519.94563395,371.2564466131712,0.17176247257890448,39761970.97453186,725.6082726876077,0.7993254683352784,0.0,0.0,0.0,0.0,0.0,0.0
Steel,6,4,5247.88,4.958,1.0053087651729584,0.10777984857559206,0.007696428291629793,0.29181483699590843,0.1416571867465973,0.16078211759324132,0.3375273395345121,0.09090504050254822,0.3341617258664611,0.34466261105880663,0.08692207992076874,0.46030588105254455,0.3385791842728427,0.07032653868198395,0.5460170891847502,0.2283628788556491,0.13132519841194154,0.6745841909375447,0.2582079614274672,0.1217467772960663,0.8552426887422392,44420977.17621904,344.17082463313227,0.13074331341656084,26794781.575758014,924.303116929938,0.5076269267926101,32913832.18879349,901.3652946008432,0.7157376497310908,37439132.27752666,383.6743068403664,0.8992390126547384
Steel,4,2,4763.62,-4.728,0.7221738636493683,0.06609801059961319,0.016439669796561033,0.5202665800903745,0.07702611327171326,0.13514788973994074,0.20385892524847485,0.040750629305839545,0.284110582164132,0.37067221709499,0.09095303535461427,0.3965391117069839,0.27786295383046705,0.06256102353334426,0.5853115621616416,0.0,0.0,0.0,0.0,0.0,0.0,44869043.49482948,288.1768022465932,0.10016552623379986,48246723.53177266,81.34530476252739,0.6040992078975345,0.0,0.0,0.0,0.0,0.0,0.0
Steel,6,2,5248.36,4.967,1.0657645136117937,0.09425657308101655,0.020572477361654806,0.21151591249710394,0.08724471628665925,0.20373013614160557,0.29661222548132615,0.07050715476274491,0.3220218956670384,0.19519025906800896,0.06325192779302598,0.4306895607960224,0.30278484264498684,0.059490662515163426,0.5857215088258132,0.3392586017251309,0.13792617976665497,0.7302176832585403,0.21865358898851472,0.13691118240356445,0.8983970764377276,120844909.26250428,472.56757091757544,0.1392066044664619,120289464.2928193,250.54783575671001,0.9591880611848499,0.0,0.0,0.0,0.0,0.0,0.0
Steel,3,3,5248.72,4.974,1.536987090110779,0.0848997467160225,0.0056665544753015384,0.2260327838369269,0.0728427466750145,0.42769907180210487,0.5080970565849999,0.09609123528003694,0.9192923363747401,0.25538623441945885,0.08065211892127991,1.3014027630191425,0.0,0.0,0.0,0.0,0.0,0.0,0.0,0.0,0.0,34203585.85822511,172.17868246422816,0.28520826755591433,37278316.944208026,1002.3247932395957,0.9670467212743524,43983390.20216239,401.4431330079176,1.2806701365513204,0.0,0.0,0.0
Steel,4,2,4762.5,-4.75,1.0670735120773316,0.12595723962783814,0.018117983844965,0.2494078116283897,0.07478608876466751,0.2616294494913187,0.29186036257058573,0.1189558619260788,0.4630322890282356,0.2975318049752851,0.07601343274116516,0.6600131203943014,0.3120994034759839,0.15,0.8303993954473405,0.0,0.0,0.0,0.0,0.0,0.0,42108098.29631185,213.2582440986417,0.15118962472480113,48019257.56109559,128.6683599690152,0.8720308357714045,0.0,0.0,0.0,0.0,0.0,0.0
Steel,6,3,5249.66,4.993,1.1955482214689255,0.06413690471649171,0.03261797444180936,0.3363330410450301,0.048946840912103655,0.16385965823964224,0.35721216944338313,0.049426347762346265,0.24080695316921932,0.35453612228139414,0.0940403425693512,0.4128212666871596,0.2528239424519859,0.07625646382570267,0.625259424832655,0.21423916352942174,0.11634776711463929,0.7838018230278851,0.3024368359653144,0.13972411155700684,0.9966117444428131,44900528.62528074,554.470761774427,0.1233904743535436,45051153.52022063,293.44672714500433,0.43377774941454583,48598480.34346673,251.58203175067226,1.0328478424512249,0.0,0.0,0.0
Steel,1,2,4762.08,-4.758,0.7308773085474969,0.10869110155105592,0.018956244368705036,0.35913494845141775,0.02,0.497490957977666,0.0,0.0,0.0,0.0,0.0,0.0,0.0,0.0,0.0,0.0,0.0,0.0,0.0,0.0,0.0,9109727.521590192,529.0802577092035,0.23182382429886572,12865277.657608785,585.2511710883282,0.6577895769618698,0.0,0.0,0.0,0.0,0.0,0.0
Steel,4,2,5249.97,4.999,0.7796939313411713,0.07520963472127914,0.011564042409709879,0.37095162635077544,0.03945784449577332,0.2802665902286431,0.4102276329436272,0.0723912587761879,0.4377691738809007,0.3037667556827072,0.06595545053482056,0.5321010010212278,0.3325284267481369,0.024602017365396023,0.5815900182702732,0.0,0.0,0.0,0.0,0.0,0.0,38436941.495661795,808.3689995811253,0.1465479471487965,56596926.418850936,886.7413003883761,0.7017245374273602,0.0,0.0,0.0,0.0,0.0,0.0
Steel,2,4,5250.02,5.0,1.1478856697678568,0.047986127704381945,0.010327351578002268,0.3483859654847346,0.03533153474330902,0.35961397043360455,0.2767689378743427,0.09250036180019379,1.0330871027910713,0.0,0.0,0.0,0.0,0.0,0.0,0.0,0.0,0.0,0.0,0.0,0.0,20345989.302216344,919.5823857863078,0.1788189939723126,14001754.415239315,469.09366372932055,0.5751811334054617,14906611.304733593,600.5834461680375,0.6985498204238751,17146258.487268828,322.6153063601858,0.9948911219943424
Steel,5,2,5250.45,5.009,0.4810763269662857,0.06798208266496658,0.015805047666809874,0.4258392031327479,0.05673358529806137,0.0499614403337083,0.23154037026020968,0.08060626655817033,0.12300663956619624,0.18970582492959565,0.07731572508811951,0.20666578576663158,0.34458001024850055,0.10665641009807587,0.30393916493422,0.3680255065426842,0.14182652473449708,0.4314731589506048,0.0,0.0,0.0,50952836.99499007,74.41006871490607,0.06369194301165261,54323117.85710897,270.94717134650807,0.4173844812110554,0.0,0.0,0.0,0.0,0.0,0.0
Steel,6,3,4761.04,-4.779,1.4444822162389757,0.11231163597106934,0.041159378305832724,0.34314913764606875,0.07231330782175065,0.3039447575656965,0.3725079579900498,0.0710365703701973,0.5347114066842518,0.3137929485841577,0.058335140347480774,0.7038244451680258,0.20559551574148616,0.09176674723625183,0.8831839567400974,0.3550975896446088,0.06228534758090973,1.1388391090967647,0.2966653275069208,0.02,1.273396009775586,41409772.69304864,505.94021278822714,0.16820825314190047,25256199.185468074,454.9670809066378,0.8536841812646131,28124597.01531702,497.48312488263855,1.2591049612537564,0.0,0.0,0.0
Steel,5,2,4760.63,-4.787,1.2455658346414566,0.10060875892639161,0.04024425583721936,0.22861510260202392,0.021821334753185512,0.20777229255191856,0.17457410686192806,0.12791135728359224,0.38657297340041197,0.24668287944767428,0.10567681610584259,0.664925502976599,0.22899519329696483,0.09532478988170624,0.799949738726316,0.6359312891459741,0.07961422830820084,0.989793340769092,0.0,0.0,0.0,94053683.78765263,327.23170059098845,0.15122335710058518,79136823.1825421,620.1315933269134,1.066304807987723,0.0,0.0,0.0,0.0,0.0,0.0
Steel,1,4,5252.38,5.048,0.9833171829581261,0.07654574805498124,0.049922328345359604,0.3327488676776206,0.09395710706710816,0.24286124386384297,0.0,0.0,0.0,0.0,0.0,0.0,0.0,0.0,0.0,0.0,0.0,0.0,0.0,0.0,0.0,6967568.460970139,788.9520599582241,0.12425631001264728,7572086.3800178645,226.15946577814407,0.2091957828256752,7579287.6361246845,176.57906716586592,0.1298600342791366,6439340.520987372,181.08594416167247,0.6444466413401719
Steel,1,2,5252.5,5.05,1.5301046758890153,0.1010987402200699,0.03590754758092665,0.2422858736985901,0.0787305697798729,0.7964530318926881,0.0,0.0,0.0,0.0,0.0,0.0,0.0,0.0,0.0,0.0,0.0,0.0,0.0,0.0,0.0,20017879.19221372,713.9423041132136,0.2750904968122629,21717366.616649844,523.6698176474748,1.2801328747324854,0.0,0.0,0.0,0.0,0.0,0.0
Steel,1,4,4759.49,-4.81,1.2881399869918824,0.06816824525594711,0.054534596204757695,0.2986937545100369,0.09577513873577119,0.7265842090160821,0.0,0.0,0.0,0.0,0.0,0.0,0.0,0.0,0.0,0.0,0.0,0.0,0.0,0.0,0.0,7403723.090114977,599.7656470438662,0.2441050322810734,7111597.526532524,624.7281886786191,0.8265152547949317,7584820.3545533,509.12340819882183,1.029049799069732,7047190.550739344,386.78981685214467,1.117339775587957
Steel,3,4,4759.23,-4.815,1.3460876762866973,0.09806150960922243,0.025613870970565725,0.27880217935805085,0.12403628051280977,0.3689816290786109,0.2923567063356751,0.12500488698482515,0.6851643265165627,0.31197445218949804,0.0785170802474022,0.9736691507726507,0.0,0.0,0.0,0.0,0.0,0.0,0.0,0.0,0.0,19011974.121842433,334.15729575017343,0.13993224708746008,26701778.865159538,738.6966921261941,0.2652586407731443,22844211.70444373,759.7250533591115,0.5773634646142964,17263930.408254884,627.3880591900493,1.1418637477687705
Steel,6,3,4759.07,-4.819,1.342332148551941,0.09637710845470429,0.026383319228282482,0.2609937146714541,0.08502277314662934,0.22523479961297116,0.19627231657041913,0.07810994535684586,0.3941962640591992,0.5623244225009069,0.10039571642875672,0.7108262637090417,0.2046891370619303,0.060291701555252084,0.9268921733802991,0.27757330588586154,0.1008835917711258,1.0868072735593515,0.2960623471657995,0.06411160439252854,1.2066960496283918,40952212.33262325,874.8184883571859,0.15475825386278688,48197642.13155193,200.84860936592523,0.7395182712829107,48811774.884601116,376.0758714934192,1.196695049628392,0.0,0.0,0.0
Steel,5,4,5254.12,5.082,1.6201098710298538,0.08808021968603136,0.009838236363281197,0.4184457769672774,0.04647556319832802,0.26146923200476646,0.32777997743091186,0.09564128160476686,0.48955892679475665,0.294983428947162,0.11623633444309235,0.8917242269104879,0.2619403350187456,0.06266504853963852,1.0102242772308798,0.4338551560474423,0.1498157227039337,1.1741865460246277,0.0,0.0,0.0,63304276.34247544,307.1612991498439,0.16201098872309527,55011644.72616964,511.68584060958443,0.337305374831615,62265938.55856869,295.36951195407636,0.8703364033849627,71976194.43258119,690.436818944726,1.4179423006982668
Steel,1,3,4758.11,-4.838,0.7422983229160309,0.10784302282333375,0.025990935194852394,0.38946109839129495,0.06604031711816788,0.38486185297508557,0.0,0.0,0.0,0.0,0.0,0.0,0.0,0.0,0.0,0.0,0.0,0.0,0.0,0.0,0.0,16165196.66370639,320.21156602417005,0.12435001993178549,10353877.400259322,830.5713900504909,0.28331922967798623,9725246.187254915,458.43095263942985,0.5638890587460224,0.0,0.0,0.0
Steel,1,4,4757.94,-4.841,1.0236072316765785,0.14063021194934847,0.03483524026991935,0.3119661107855873,0.0752840256690979,0.9212365085089207,0.0,0.0,0.0,0.0,0.0,0.0,0.0,0.0,0.0,0.0,0.0,0.0,0.0,0.0,0.0,13833423.64650972,366.2334023316368,0.24889712168305117,17936798.149369575,523.2192515620417,0.5561377164958432,14893401.01778765,641.0222476425376,0.7098630212799975,20666131.463048637,107.33026566529537,0.9112355085089207
Steel,3,3,4757.21,-4.856,1.2423191964626312,0.1105986523628235,0.0035604862017704414,0.37911906401856466,0.10917453587055206,0.42563514511087924,0.1790713698784043,0.034778978899121286,0.7914806460551628,0.36300823103496255,0.11803205013275148,0.9441438473354267,0.0,0.0,0.0,0.0,0.0,0.0,0.0,0.0,0.0,33325933.209033955,527.8384425415506,0.216307477663497,24758737.667111807,363.4486494868648,0.6188105788184962,23522740.111555114,541.0025439914369,1.1005681253056696,0.0,0.0,0.0
Steel,2,2,4757.1,-4.858,1.2499178051948547,0.08354092061519623,0.013277985015426635,0.24707706286329556,0.056786159574985506,0.6043861933524908,0.3894808727212808,0.09996549844741821,1.066260005305888,0.0,0.0,0.0,0.0,0.0,0.0,0.0,0.0,0.0,0.0,0.0,0.0,30429355.873223502,663.7707535278361,0.27877344735749743,30912015.939678315,531.3335007163291,1.0802283483493131,0.0,0.0,0.0,0.0,0.0,0.0
Steel,5,4,4756.45,-4.871,1.0586971238255503,0.12971912050247192,0.02317479107166471,0.31546810378877194,0.10243628025054932,0.24048785598473443,0.30707753243300684,0.02,0.30939742412067217,0.3134189229215445,0.09239156365394594,0.4234914097806989,0.2729421892188118,0.04983062148094178,0.5022038327101439,0.23382449881501274,0.09570843875408173,0.7483746752385488,0.0,0.0,0.0,16400815.7586374,701.1646356774081,0.12038379879295259,17063635.156140253,134.39659927061385,0.3367225612092264,19866449.625545695,659.8266628841915,0.4105671742833219,19553671.083491117,285.54838456390536,0.8959527257472997
Steel,3,3,4755.72,-4.886,1.029590019583702,0.09381096780300141,0.018175604516586518,0.3868816492219197,0.046030822396278384,0.20753689118747393,0.33816749853190453,0.11063112616539002,0.4449943009710988,0.2735426554721831,0.08320415258407593,0.6899999918074761,0.0,0.0,0.0,0.0,0.0,0.0,0.0,0.0,0.0,20829882.289753314,70.74027586215344,0.13243045092795372,19420766.809731293,327.58001660715536,0.5761163219966037,25530967.000043783,237.9987786137229,0.912026165135396,0.0,0.0,0.0
Steel,2,4,4755.55,-4.889,0.9361175939440728,0.023065945275127887,0.01845275622010231,0.12773636587343984,0.07110520750284195,0.40540180615700383,0.20089597316248634,0.06896399319171906,0.7161552154756027,0.0,0.0,0.0,0.0,0.0,0.0,0.0,0.0,0.0,0.0,0.0,0.0,8811703.950929267,275.4769352628382,0.23075750460958522,7823773.275561865,571.4106438353657,0.598949245328102,9613925.718381457,250.6291885320838,0.7691305585657732,9092601.756576095,1087.9776200629942,0.8425058336135479
Steel,1,3,5257.7,5.154,1.2105816900730133,0.07277015572786331,0.026938868688753937,0.4716856562336758,0.07408021420240403,0.604832431151666,0.0,0.0,0.0,0.0,0.0,0.0,0.0,0.0,0.0,0.0,0.0,0.0,0.0,0.0,0.0,47562414.91970676,199.19724575635834,0.28803168601291196,39482077.32547471,97.71558889159635,0.90663131741303,51938216.5332583,608.527887923754,1.0895235198551303,0.0,0.0,0.0
Steel,6,4,5258.04,5.161,0.932235036790371,0.12213149046897889,0.018390868547284764,0.17404330501362028,0.09454850375652314,0.14409957596178638,0.3863667070859018,0.0456758588552475,0.2871684439388058,0.20541680956016656,0.08469652980566025,0.41871259483716666,0.23555709267157193,0.07202178597450257,0.5320076202288827,0.2508744788373895,0.09367563903331758,0.6249037647659491,0.2025774471757308,0.11449993431568146,0.8144427057893551,18404744.260379184,422.95767456368196,0.1166031909498224,22604441.78700171,735.1632460733341,0.34557985077273745,28334224.81609722,1099.9999999999995,0.4677848600220865,18392990.82554404,454.81073608333475,0.7887824468330018
Steel,3,4,4754.53,-4.909,1.1847144424915315,0.0660758056640625,0.011450503742556913,0.3697781657752199,0.10909291207790375,0.3001453124336537,0.3004993814076723,0.07378704965114594,0.4622759061679287,0.25623022291564634,0.12756855905056,0.6897781420182755,0.0,0.0,0.0,0.0,0.0,0.0,0.0,0.0,0.0,65364120.62729258,314.9514952458094,0.20480598500205247,56748930.60589642,405.60559090652674,0.8693215358507406,58758311.564171314,434.5623167454075,0.9729688132808006,58880306.07769798,551.8940235905145,1.0264672479509325
Steel,2,4,5258.15,5.163,0.5593008667230606,0.06890231579542161,0.02062203486680557,0.2309153636127855,0.08906773030757904,0.22444163095222172,0.3491466477631488,0.07384193301200867,0.4007319127009519,0.0,0.0,0.0,0.0,0.0,0.0,0.0,0.0,0.0,0.0,0.0,0.0,7159520.676925074,442.4231425530464,0.08482571959437868,7822705.379189875,519.5095677063132,0.2759082783036821,7725616.632512317,689.9218912424287,0.36686544287469414,8075750.551560407,361.61505908951096,0.4852722137852077
Steel,2,2,5258.23,5.165,1.563275784254074,0.10459496593475343,0.028289324458302515,0.1769431731850248,0.041393689811229706,0.46373500895454767,0.3077303568515699,0.08833180665969849,1.0744121673444953,0.0,0.0,0.0,0.0,0.0,0.0,0.0,0.0,0.0,0.0,0.0,0.0,46841525.61816707,268.06701301975016,0.20317272106734602,50279237.137664296,773.4614323894975,1.3948117751094615,0.0,0.0,0.0,0.0,0.0,0.0
Steel,2,3,4754.09,-4.918,1.5136507272720336,0.048488637626171116,0.038790910100936896,0.11745426943261508,0.08320743411779405,0.834147675906756,0.42405109669138014,0.07101699739694596,1.283452311453787,0.0,0.0,0.0,0.0,0.0,0.0,0.0,0.0,0.0,0.0,0.0,0.0,23317862.611522,983.8273052668918,0.3125464248441524,20691505.479709867,550.2238756613596,0.8939412107436121,18016732.45138686,536.5119852181887,1.3622856530311795,0.0,0.0,0.0
Steel,4,3,4754.07,-4.919,0.4075842946767807,0.11379731416702271,0.009051624359748557,0.188040757983959,0.10672546565532685,0.059761982457067264,0.33875851988297495,0.09345320761203767,0.17453962909448892,0.3376205234800415,0.03658781781792641,0.26993582073809197,0.20272384661563586,0.09850886940956116,0.3541055693974471,0.0,0.0,0.0,0.0,0.0,0.0,15811340.024076033,682.2225830476535,0.07513425286609182,13255571.130798189,394.4235795320221,0.2504555508062543,15515745.786986135,544.2474623951675,0.3343609944049253,0.0,0.0,0.0
Steel,1,2,4754.0,-4.92,1.1482380881905556,0.054870777070522306,0.01805058020889,0.17592501214906178,0.04015130385756493,0.35661375240284254,0.0,0.0,0.0,0.0,0.0,0.0,0.0,0.0,0.0,0.0,0.0,0.0,0.0,0.0,0.0,4170989.536930361,303.54078174642297,0.1411074319049891,3886538.0006650873,320.48078037203146,0.9304205434287234,0.0,0.0,0.0,0.0,0.0,0.0
Steel,4,2,5259.15,5.183,1.9532022893428804,0.14700228786468506,0.019570061912559684,0.38813296578707923,0.07032588392496109,0.312915837510916,0.19555966650819545,0.08579242646694184,0.8461731560337291,0.18430183389826793,0.07144569665193558,1.1231419548452477,0.3356418624930483,0.08507303059101105,1.2376816064392502,0.0,0.0,0.0,0.0,0.0,0.0,139340884.62500635,228.03224160498948,0.21898836364031862,143686504.0515191,444.27440340313836,1.685213604942741,0.0,0.0,0.0,0.0,0.0,0.0
Steel,2,3,5259.16,5.183,1.303238293528557,0.09998021578788759,0.01729446338262394,0.24670090940733147,0.11185003578662873,0.4973127629727793,0.2673307393842814,0.1176370108127594,0.8967637597231664,0.0,0.0,0.0,0.0,0.0,0.0,0.0,0.0,0.0,0.0,0.0,0.0,20958809.17507171,623.7637722539575,0.19318445897885558,18401173.016236864,611.1221598121375,0.6512203446874563,17693001.919536512,244.22199695063455,1.0511361387855331,0.0,0.0,0.0
Steel,1,3,4753.42,-4.932,1.03540608137846,0.10402940237522126,0.01588912117487873,0.2753894250188906,0.046764638423919674,0.45848625072566584,0.0,0.0,0.0,0.0,0.0,0.0,0.0,0.0,0.0,0.0,0.0,0.0,0.0,0.0,0.0,10131226.52324107,309.8304213239943,0.12845271846120945,7725820.451743185,319.0914914748766,0.5366389697698675,7316468.326437004,488.57344961007567,0.7991516282343081,0.0,0.0,0.0
Steel,4,4,4752.31,-4.954,0.9516316682100296,0.09844464313983918,0.02916418079356723,0.2772544305483581,0.07905762672424317,0.23583572087672272,0.4031805382621369,0.11723701238632203,0.47508728053004257,0.3978332894765976,0.06332951068878175,0.7185243781156457,0.38108053917508034,0.033811714872717856,0.8564585013890266,0.0,0.0,0.0,0.0,0.0,0.0,20384076.01888106,306.9467793729542,0.123885105454477,18983830.69858211,502.22442347560235,0.38322438804432996,24554873.74986177,703.0180515175306,0.5125203909223097,18741342.717719413,667.0337506854904,0.8299982449744695
Steel,3,3,5261.39,5.228,1.5974712878465653,0.06663772976398469,0.018635603677320114,0.23311092047313564,0.144539892077446,0.43755041827276264,0.32768815240599114,0.1246941989660263,0.9261766557234203,0.2531144316352615,0.12927622735500335,1.3211591478467053,0.0,0.0,0.0,0.0,0.0,0.0,0.0,0.0,0.0,51713431.14038154,151.3477913374427,0.20477841896069557,63095025.84036058,227.46625110125575,0.6360813547697002,86030984.37707004,317.65460018399693,1.40026304367459,0.0,0.0,0.0
Steel,6,4,5261.6,5.232,0.8528879627585412,0.09157985210418702,0.010319394152970169,0.3725329765026987,0.11650831043720246,0.15360335330873306,0.33628664387815765,0.08696083843708038,0.32064369466296905,0.22198563770066168,0.02,0.4496572131578305,0.3299296116029863,0.02658518098294735,0.48199747811808663,0.422613756412653,0.11103196918964386,0.5694424469717877,0.3304187116575119,0.037519692033529284,0.7022917394562457,29974640.43498939,472.40391782610754,0.09458334952959883,27502198.10672928,183.7887500484299,0.272300736284357,26187577.446623873,109.55323355658554,0.4685711003550374,31007336.643762384,467.3086466483279,0.7675991656297991
Steel,5,3,5261.72,5.234,1.3959022849798204,0.10532730984687806,0.0422631904035957,0.24059101233104546,0.11354489564895631,0.26048697055752823,0.17810910876732283,0.06575650900602341,0.47871526107117907,0.4484161951811966,0.09695425927639008,0.7744750595495171,0.3328350298172022,0.06000353097915649,0.940731318231382,0.21914561723602322,0.11958754360675812,1.1334384279735725,0.0,0.0,0.0,44641479.67478558,1017.6562549484191,0.14265605847595753,34681171.16773234,785.5662140398241,0.7490073593981232,50256185.54299035,252.1750193588774,1.2009736961137787,0.0,0.0,0.0
Steel,4,2,5262.39,5.248,1.1223547413945199,0.08319736832380295,0.012335446981426636,0.14668292521814053,0.1266799259185791,0.11689920030362155,0.2637556748227605,0.07553786218166351,0.30345246560199496,0.1858846036861025,0.1164867925643921,0.5093123058015728,0.2322819828647766,0.06861100167036056,0.8461887032620752,0.0,0.0,0.0,0.0,0.0,0.0,25314089.368412588,458.72529716282634,0.15152835045157362,27772761.869059987,445.47066752031793,0.8971015415218989,0.0,0.0,0.0,0.0,0.0,0.0
Steel,1,3,5262.52,5.25,0.8910251826047898,0.07778974920511246,0.011640851947698323,0.48542770291005116,0.07861220598220825,0.3987224123309516,0.0,0.0,0.0,0.0,0.0,0.0,0.0,0.0,0.0,0.0,0.0,0.0,0.0,0.0,0.0,16434102.590283126,705.3402341427721,0.17853012083283837,16263280.17144462,632.6388812267775,0.4282504469052255,17288403.192719333,1026.433811401278,0.7149122717513465,0.0,0.0,0.0
Steel,6,2,4750.44,-4.991,1.0595644414424896,0.1293216153383255,0.023810355576035926,0.2449868123330142,0.051831202507019045,0.20190958932587444,0.202237078540084,0.0671235603094101,0.3026099288888647,0.36080881821616323,0.10084108293056489,0.4135867218352131,0.29284144880924534,0.05927529007196426,0.5439083809145979,0.3142733508945902,0.08540214478969575,0.7108112646459782,0.17491233219921024,0.04170910060405732,0.8820800390201985,40985930.96644364,708.0290841767048,0.15307276201161799,47878312.66493553,723.8021645930319,0.9038337058043998,0.0,0.0,0.0,0.0,0.0,0.0
Steel,4,2,5262.94,5.259,1.6295403718948365,0.11202146100997926,0.021310585399685295,0.18119772907415582,0.1370987606048584,0.28969153385295204,0.23783694193200774,0.15,0.6054633205374513,0.229451367408984,0.07158505141735078,0.9570046792378373,0.3697450558823083,0.104879407286644,1.3829624157366565,0.0,0.0,0.0,0.0,0.0,0.0,81010331.68320481,260.8094458894714,0.18066146683639064,100851462.04068634,603.8142691652499,1.3537157558222745,0.0,0.0,0.0,0.0,0.0,0.0
Steel,1,2,5263.03,5.261,1.297563871741295,0.06495639252662659,0.023908783206937394,0.17946317948788051,0.04080719217658043,0.6424374801633105,0.0,0.0,0.0,0.0,0.0,0.0,0.0,0.0,0.0,0.0,0.0,0.0,0.0,0.0,0.0,7020414.011615292,136.0937833249263,0.2638993226289216,5797416.3480203245,419.7978258932612,0.998119719697635,0.0,0.0,0.0,0.0,0.0,0.0
Steel,4,2,4749.78,-5.004,1.042218254506588,0.12887083017826081,0.012727649243331703,0.21653831142038363,0.13556552112102507,0.119233480227327,0.197413576309618,0.0697692397236824,0.2941086113214234,0.37929472880445253,0.11016842603683473,0.5569740096647265,0.4316844358352546,0.12347664535045624,0.7701878734991713,0.0,0.0,0.0,0.0,0.0,0.0,47713383.2679359,484.27572832345277,0.13899030512065427,59448041.42646268,626.357837913995,0.7944628243262439,0.0,0.0,0.0,0.0,0.0,0.0
Steel,4,4,4749.63,-5.007,1.263380828499794,0.11822823774814607,0.03992396626208363,0.271453801426815,0.06646701723337174,0.22097734754668275,0.171972461819063,0.02,0.5264091238231676,0.23081667499842726,0.05722339004278183,0.7978475027648182,0.42460968740006066,0.11546857178211213,0.9111739066175497,0.0,0.0,0.0,0.0,0.0,0.0,14713533.351917472,389.1220778876391,0.1424754599808581,21013015.42716682,172.22477763852143,0.7490075630694721,18185355.49857677,480.95595188505575,0.8954301559345851,18523875.555458575,749.7569938558298,1.1310842476036584
Steel,1,4,4749.27,-5.015,1.214666149020195,0.058373274505138406,0.032789064464857416,0.2420088773600034,0.11156728148460389,0.7066082828666982,0.0,0.0,0.0,0.0,0.0,0.0,0.0,0.0,0.0,0.0,0.0,0.0,0.0,0.0,0.0,6442099.799886557,566.5970818634211,0.3666078940944647,5211527.12825238,479.93607156149744,0.8504283950607963,6017985.920347872,332.3139838031941,1.0250742139613322,6301477.124530946,345.3118213576025,1.0881602409138895
Steel,5,2,4749.16,-5.017,1.4665217101573944,0.09952811872959139,0.02390061277106338,0.2861387996906857,0.13393974006175996,0.2746205770119347,0.25616739110705894,0.08281485110521317,0.5117882579030476,0.2242657433184282,0.07569816529750824,0.7708554504788426,0.294448063564793,0.09292180061340333,1.0009591466838197,0.25237280611044466,0.05669568300247192,1.319859539141655,0.0,0.0,0.0,91656279.47417685,292.7480442609759,0.18040858890421899,89520743.72686383,106.25894698991044,1.2694818692934284,0.0,0.0,0.0,0.0,0.0,0.0
Steel,4,3,5264.43,5.289,1.6413481533527374,0.09848981475830079,0.010399814141531323,0.2972223963273964,0.11520152390003205,0.33957764525809186,0.24793969386819076,0.09859212040901184,0.8374201169110433,0.331561927251184,0.14188309729099274,1.090721132512577,0.1547712842162784,0.12095755875110627,1.2556681677575914,0.0,0.0,0.0,0.0,0.0,0.0,36312353.39166842,532.2969683554259,0.2220401428422355,45798337.306278795,711.1663652119147,0.9893633965346413,43284567.22288326,214.93991572962446,1.4759367633854925,0.0,0.0,0.0
Steel,3,2,5264.44,5.289,1.1854391276836396,0.11941366052627565,0.03185628345783012,0.18350574548268542,0.13475780665874482,0.27473829993584914,0.3463581358615674,0.15,0.6546058428675607,0.33301126239045287,0.06283603310585022,0.9183597185245305,0.0,0.0,0.0,0.0,0.0,0.0,0.0,0.0,0.0,75300628.37675186,286.7677539570647,0.12308291277801184,58934595.4267556,62.46049938730984,1.0432344612541264,0.0,0.0,0.0,0.0,0.0,0.0
Steel,5,2,5265.18,5.304,0.7590690732002259,0.12088460314273836,0.0077143504848964164,0.27593484719681816,0.0754375410079956,0.12577744118474946,0.215040904296148,0.05102355778217316,0.24595561113578984,0.32761744151110395,0.06423663198947907,0.3512204967880169,0.308035165317246,0.042246309369802476,0.4606515353860933,0.2777778797386041,0.12304937958717346,0.6405305149991553,0.0,0.0,0.0,37443318.83843732,457.8781589529623,0.1073311964595973,39526036.51778196,863.1594188266502,0.6642397346881136,0.0,0.0,0.0,0.0,0.0,0.0
Steel,4,2,5265.35,5.307,1.3573039770126343,0.14622425603866576,0.013719202876214477,0.3700426823965296,0.12226666986942292,0.2903396921890937,0.35530078467345394,0.10106264650821686,0.6103492195865804,0.1679585194149614,0.04584585547447205,0.8700239873726319,0.181682257509325,0.0950773847103119,1.033939486805277,0.0,0.0,0.0,0.0,0.0,0.0,63902336.44307523,525.4292142228882,0.22388538287523108,86076440.55459113,786.889180781629,1.137539720757296,0.0,0.0,0.0,0.0,0.0,0.0
Steel,2,3,5266.28,5.326,1.6814980506896973,0.09438050091266634,0.009136738310243978,0.249570450951009,0.08994055628776551,0.4757221346734467,0.6181986814467633,0.10358762204647065,1.1579602273943288,0.0,0.0,0.0,0.0,0.0,0.0,0.0,0.0,0.0,0.0,0.0,0.0,58306534.12521022,386.0153599567621,0.320527603599596,102626002.42085904,776.687816614558,0.840839190780443,85762311.99702772,421.8173662405509,1.5028887422267192,0.0,0.0,0.0
Steel,4,4,5266.46,5.329,1.0411072984337806,0.07805305987596513,0.010540641076809359,0.2068423636827864,0.0710851502418518,0.23773207646792688,0.19686153019789354,0.03296106636524201,0.3995290969516124,0.14470597960379913,0.05651427656412125,0.5967287617191406,0.21021348014781543,0.14436244130134582,0.7105079958564278,0.0,0.0,0.0,0.0,0.0,0.0,10869648.994641844,1099.9999999999995,0.10905147847304833,10464170.451475926,233.85976841032954,0.21341095094435475,10096391.361060679,785.3842407296752,0.5131862824913447,10851211.089728512,444.8127225052476,0.9055186082135885
Steel,4,4,5266.69,5.334,1.683668026328087,0.07988750410079956,0.009347353928939697,0.24891517874256866,0.11313283264636995,0.5685154371091479,0.36136618232247836,0.0734728941321373,0.8972488118666153,0.34023864502470264,0.1262046730518341,1.2138788507259861,0.3136363396073164,0.11022819101810456,1.4870149079354456,0.0,0.0,0.0,0.0,0.0,0.0,40207382.76067257,190.8013338315109,0.22518605097499267,41753900.199440524,148.31576513125808,0.7571442020149187,40928844.42642938,666.5550715963235,0.9459985141010524,35400207.12664868,1071.9232416843213,1.4703593145568499
Steel,2,2,5266.88,5.338,1.40908522605896,0.1317344924211502,0.01419257283992404,0.23458403965048166,0.11945010662078859,0.9043790202258607,0.41427177617943356,0.10794328272342682,1.268166703453064,0.0,0.0,0.0,0.0,0.0,0.0,0.0,0.0,0.0,0.0,0.0,0.0,49818124.07610102,449.78712072531505,0.287858030882641,61929480.24362724,595.6930977863002,1.258165703453064,0.0,0.0,0.0,0.0,0.0,0.0
Steel,4,2,4746.58,-5.068,1.0481180652976037,0.1099632958173752,0.018307010733808294,0.2967193365958823,0.12113099575042725,0.1236309183176875,0.21463793901197048,0.04449170365929604,0.44830335982466374,0.5203121925058428,0.05274531304836273,0.606592970640022,0.24584949137544243,0.05172553867101669,0.9207071350121935,0.0,0.0,0.0,0.0,0.0,0.0,35031009.08611906,596.4367053415021,0.17112250349412883,38365208.835998915,213.5620684389763,0.8949397804513004,0.0,0.0,0.0,0.0,0.0,0.0
Steel,4,2,4746.58,-5.068,0.6655372954905033,0.09271167325973512,0.02045499146814371,0.2875947367600487,0.07386773198843002,0.08669004066575936,0.2527552560525548,0.12458264231681825,0.24967998610005812,0.30889620149886143,0.12206825137138368,0.41338047200522127,0.3042064920192295,0.11636093199253084,0.5695457636763998,0.0,0.0,0.0,0.0,0.0,0.0,29891828.736888792,1084.2107944194054,0.11987143354512333,37515718.65800487,509.4258420896733,0.583075779401151,0.0,0.0,0.0,0.0,0.0,0.0
Steel,2,4,4745.97,-5.081,1.054524339735508,0.0961866546869278,0.021389857066247017,0.33570431912119203,0.040804305821657186,0.2810929097090338,0.22195022588140845,0.10253384292125703,0.5603681620236995,0.0,0.0,0.0,0.0,0.0,0.0,0.0,0.0,0.0,0.0,0.0,0.0,10661199.004309867,747.2632364003722,0.1462870719902053,7859786.127139573,56.041000463173674,0.6154882347781951,7753632.585178668,482.33359164481317,0.6835295993977724,8526667.90064268,578.3851980648677,0.8994497957540222
Steel,2,2,5267.79,5.356,1.0277041509747504,0.11794425833225251,0.012844904912463885,0.3370225009913327,0.08010327756404877,0.10278041509747504,0.3498144644112959,0.12400285303592683,0.6048708363265783,0.0,0.0,0.0,0.0,0.0,0.0,0.0,0.0,0.0,0.0,0.0,0.0,38480710.155715354,106.96371772391689,0.14723550690184958,34782009.240360044,722.3866370637654,0.7951725043572524,0.0,0.0,0.0,0.0,0.0,0.0
Steel,6,4,4745.77,-5.085,1.2198561608791352,0.045404464334249495,0.005912271379998498,0.23746861491809762,0.07088147431612014,0.17174608357285448,0.31873072888341963,0.15,0.34952426790435004,0.3649334479729788,0.04624568343162537,0.4919484122840637,0.14964742578291607,0.0931226134300232,0.6131448936143388,0.27566489343263473,0.15,0.7616520003464912,0.20151400924297994,0.14669999361038208,1.0190158498209236,71632799.69136333,693.1259004625159,0.1586886560342892,108016983.01505098,917.6131551955364,0.6542838327173187,96791758.17752875,880.5149295814933,0.8085330396469369,89382957.3375824,384.6752226586312,1.047120439909884
Steel,6,3,5268.01,5.36,1.250675791501999,0.09627592301368715,0.015828151677123585,0.39666630743292575,0.08340397357940675,0.24630771136270996,0.2836581413122691,0.07348269611597061,0.4453791052621581,0.21734697340951387,0.09848160207271577,0.5604770431502782,0.37686417103089126,0.09042019486427308,0.7646652695396772,0.314814718273148,0.06535415112972259,0.941670149900287,0.28901688731230335,0.07549509376287461,1.035711416378139,49755643.24790666,44.99999999999999,0.17523381731790114,48408007.28518803,377.4910385015606,0.8331562060081548,56866025.39254941,750.6873425196843,1.1066849925886495,0.0,0.0,0.0
Steel,6,3,5268.34,5.367,1.0620404124259948,0.09417519307136536,0.03989535538659134,0.50073481320012,0.08966121137142181,0.17094874702267104,0.36130666640075326,0.08440018445253372,0.36932170476799575,0.2894031328457643,0.02,0.43529651011146425,0.23093504758951028,0.07623806476593017,0.5238627193145705,0.3061516746182738,0.09592605829238893,0.6901558404427558,0.22106098274298344,0.13040533065795898,0.8951721319861455,49507877.30766801,277.12617604339965,0.1340700543381944,55352373.354477815,983.4468771926696,0.5624619828475882,66636770.95515953,435.8348835792825,0.9558363701213548,0.0,0.0,0.0
Steel,1,4,5268.45,5.369,0.7530352309346199,0.07666611260175706,0.01431426299798016,0.38579254887556225,0.06366929858922958,0.5593282463596955,0.0,0.0,0.0,0.0,0.0,0.0,0.0,0.0,0.0,0.0,0.0,0.0,0.0,0.0,0.0,9622171.29468607,436.28425390823185,0.18114003204413803,8407016.35662504,856.3657510374381,0.41087847825634644,8424996.067636158,849.9887085252635,0.5148054211092701,7200789.698908431,318.91414546323745,0.6614811042211717
Steel,1,4,4745.21,-5.096,1.136168473958969,0.08839495253562928,0.01717642639082386,0.3198735639586452,0.07492783784866333,0.4095565770222365,0.0,0.0,0.0,0.0,0.0,0.0,0.0,0.0,0.0,0.0,0.0,0.0,0.0,0.0,0.0,8791909.865530198,569.0270131479782,0.23731834279480488,10563910.313197313,880.0496970747403,0.4799363876087194,8540663.184012905,681.7094954809959,0.5552663745798379,8475996.230399452,390.79601998987573,0.8392192020851696
Steel,2,2,4745.13,-5.097,0.6624734826385975,0.08686199522018434,0.015796552078580692,0.28975300784712466,0.09448517441749574,0.10333979350733118,0.35509888715408616,0.07029330104589462,0.2579949433357023,0.0,0.0,0.0,0.0,0.0,0.0,0.0,0.0,0.0,0.0,0.0,0.0,19494362.979355764,487.4691498498851,0.0789286522411992,17644778.709311824,419.9034928705994,0.5059925489398869,0.0,0.0,0.0,0.0,0.0,0.0
Steel,2,3,4744.83,-5.103,1.564414417743683,0.10910767579078676,0.031792180775620835,0.2704281300459094,0.07051309794187546,0.2978212984520766,0.26911208820358506,0.04751492604613304,0.9281999212672989,0.0,0.0,0.0,0.0,0.0,0.0,0.0,0.0,0.0,0.0,0.0,0.0,11914110.469989216,588.8105123590932,0.20389595628827262,20395329.27291993,240.86456375048834,0.6980928932010458,12919653.742821176,291.53929194520043,1.3103039351113792,0.0,0.0,0.0
Steel,5,3,5269.6,5.392,1.383607667684555,0.07959966516494751,0.019522567979247243,0.31869031627557687,0.09410629093647004,0.25228358923508454,0.38568856775361526,0.04024136781692505,0.42299146535471915,0.23417938711150174,0.0720837515592575,0.7662153167781793,0.19104297021002797,0.06843826979398727,0.9962284048534031,0.4676297547783004,0.11657952785491944,1.1837897349781676,0.0,0.0,0.0,59207014.68457966,149.0618733503535,0.15916160081201322,44067011.949851625,710.4285891377833,0.7159162310611153,45792417.11675784,187.25626987432483,1.245246899532492,0.0,0.0,0.0
Steel,2,3,5269.96,5.399,1.4112046986818314,0.0799830568432808,0.008237460417675107,0.2526433665277866,0.08236129820346832,0.5643932037497771,0.33419231766874774,0.045472533553838734,0.7191958653326107,0.0,0.0,0.0,0.0,0.0,0.0,0.0,0.0,0.0,0.0,0.0,0.0,29126559.57656311,662.2978442547163,0.17020219419762436,22798971.05270243,229.4828093937439,0.3747378845960894,21820818.509453155,698.4657909990068,1.1347502396151947,0.0,0.0,0.0
Steel,3,3,4743.68,-5.126,0.8975643306970597,0.0919833242893219,0.047346428462569014,0.3416998023330077,0.13247093796730042,0.1796310504084058,0.3407346998402825,0.12580061435699463,0.5464426991425637,0.6759200467487381,0.08243363916873932,0.729524120680427,0.0,0.0,0.0,0.0,0.0,0.0,0.0,0.0,0.0,39278560.588423565,1033.0259844026282,0.1232077779723488,47267565.65638547,337.9654915032677,0.3876724600843824,51567332.17723709,475.6882270261402,0.7969711912603394,0.0,0.0,0.0
Steel,1,2,5270.25,5.405,0.9153324052691459,0.07552655124664306,0.007728090695731209,0.2284307354446195,0.12034465968608857,0.5765208388319837,0.0,0.0,0.0,0.0,0.0,0.0,0.0,0.0,0.0,0.0,0.0,0.0,0.0,0.0,0.0,15690865.274741484,384.022776041152,0.20420967417680622,13723273.467169324,1088.7761559516453,0.6727973784570558,0.0,0.0,0.0,0.0,0.0,0.0
Steel,6,4,5270.85,5.417,1.1191403567790985,0.09079093575477601,0.003310959889625156,0.23674300660285888,0.11386318504810335,0.11192403567790986,0.16260708620587114,0.0412476634979248,0.25370775564808234,0.3110577559832753,0.10094242691993714,0.37833806044651663,0.24166905399440763,0.04236587226390839,0.5438560430050794,0.25362537156220577,0.07220165431499481,0.6083335808712133,0.15157077085651877,0.11315766692161561,0.8014579053317609,24367529.757480398,599.5124834235783,0.12268637975468252,22849864.70227393,578.6382593297684,0.5697599564462836,20984033.47041332,548.4304566298154,0.6964162968119813,20923144.69056541,352.607840906627,0.9907703368866606
Steel,4,4,5271.04,5.421,0.8925957381725311,0.10159049046039582,0.007358950802258789,0.2795686446707458,0.08433142721652985,0.15041877621747207,0.24023089318316945,0.11757881104946137,0.3941666171853634,0.28185493333634776,0.08196756839752198,0.7103238948695921,0.2911759294837741,0.05604435086250305,0.800857818573076,0.0,0.0,0.0,0.0,0.0,0.0,26589918.78962529,902.9458944188833,0.08925957470984885,29526691.640348997,495.8841901775706,0.17367939945024827,34723706.36147216,417.2255019883322,0.3085230751107628,23695211.83352253,543.7715248569625,0.7473190335542574
Steel,4,3,4742.88,-5.142,0.7096829682588577,0.14756415271759032,0.020957998011748764,0.3407284145711392,0.07224203616380692,0.10520144276630784,0.3458394307671252,0.04589811399579048,0.23844215802611118,0.2732193778102069,0.11713646650314331,0.4302601860445213,0.32966603914192427,0.053046230077743534,0.5564188274786198,0.0,0.0,0.0,0.0,0.0,0.0,23919586.3077517,627.4847666261209,0.07662977348753523,20156107.491402324,383.14975040171134,0.40489870026488123,23766299.60328498,419.6333391094934,0.6202960500193414,0.0,0.0,0.0
Steel,3,2,5271.17,5.423,0.9719589114189149,0.048086178988218306,0.01882023770513574,0.18361680290245597,0.04857871249318123,0.21824311361107926,0.17110144555671575,0.07045740097761155,0.48737558530617964,0.14887860424519017,0.05474278301000596,0.5849819636148528,0.0,0.0,0.0,0.0,0.0,0.0,0.0,0.0,0.0,19946546.131191276,468.09215989869034,0.15448407029164818,17238888.131168626,413.14084404684024,0.7959479440745413,0.0,0.0,0.0,0.0,0.0,0.0
Steel,2,2,4742.63,-5.147,1.2059851437807083,0.10097571802139284,0.01679389277635922,0.32784504330717584,0.06509980320930481,0.44318418168381885,0.30310112262875455,0.10188442468643188,0.7086683936582768,0.0,0.0,0.0,0.0,0.0,0.0,0.0,0.0,0.0,0.0,0.0,0.0,31488464.76674844,925.6635988372004,0.18895938028792253,22750026.405418746,209.771086283226,0.9368654307389697,0.0,0.0,0.0,0.0,0.0,0.0
Steel,4,3,5271.49,5.43,1.5870969980955125,0.10452955722808839,0.013449453615812743,0.3373689931658606,0.0717802619934082,0.1712850569056613,0.35446452577762394,0.10910569727420807,0.495245259370692,0.24385313105374248,0.11883458852767945,0.8645015179547288,0.3789451507843587,0.09128244400024414,1.2193865271566917,0.0,0.0,0.0,0.0,0.0,0.0,68083607.90846047,526.4609070353146,0.20623108756612168,74271046.35503651,183.04666272643337,1.1531849184912684,67489683.9245383,788.3617070102943,1.3871558584860626,0.0,0.0,0.0
Steel,2,4,4742.24,-5.155,2.0533162474632265,0.09558026146888735,0.02925792938993295,0.3455249434565388,0.04658978536725045,0.7728406005325534,0.37661685191219285,0.0881557583808899,1.3781590914634103,0.0,0.0,0.0,0.0,0.0,0.0,0.0,0.0,0.0,0.0,0.0,0.0,30168379.742339402,1099.9999999999995,0.2536413813983177,39984928.40781271,278.7500249248978,0.523569640732558,48092617.733966954,891.5225425003375,0.6820400530117292,29457057.7861711,513.3118634589413,1.7123901924395522
Steel,6,3,4741.65,-5.167,1.8392773002386094,0.06297258657217027,0.022426167629995927,0.18047529799080203,0.08520645380020142,0.24423282971953472,0.31579144402455755,0.06729906618595123,0.5426652919426571,0.2330911900506779,0.09202052175998689,0.7771396720223405,0.2527131447157462,0.09289660215377808,1.0227842693397313,0.30974344482848587,0.10888407170772553,1.2862703978537025,0.2074613090602999,0.061572592258453365,1.5204246962002965,178780225.40833613,521.0513424166937,0.19207300302740127,175354255.50427642,675.1667193793967,1.061375001633877,140271114.59813204,966.6672105090279,1.655349568375471,0.0,0.0,0.0
Steel,1,2,4741.41,-5.172,1.671109536290169,0.07181514459848404,0.0072595845973463784,0.21452998262067718,0.10859628856182099,0.7130234271375275,0.0,0.0,0.0,0.0,0.0,0.0,0.0,0.0,0.0,0.0,0.0,0.0,0.0,0.0,0.0,171927793.8728214,652.7859901633077,0.2939393979849222,212830688.58115736,349.8099770918329,1.3192165160200093,0.0,0.0,0.0,0.0,0.0,0.0
Steel,3,3,4740.75,-5.185,1.0087248861789704,0.05978249442577363,0.019001471500264298,0.2955121555321813,0.0723420512676239,0.14978307280904637,0.23149068228697794,0.11818660378456117,0.41806831939323696,0.2052481060635606,0.08822008728981019,0.6967143461182818,0.0,0.0,0.0,0.0,0.0,0.0,0.0,0.0,0.0,13426390.72569534,900.9022617164964,0.1293803622979937,13994032.2252309,491.34379877451863,0.5581664603119918,12791884.61133544,723.5644655425565,0.8702662157659882,0.0,0.0,0.0
Steel,4,3,4740.56,-5.189,0.8920468762516975,0.10263096117973329,0.030635179896064436,0.30497241664516656,0.057860503494739535,0.16716164295009903,0.25936980436811163,0.06256681561470032,0.30793017886446744,0.48132532602637845,0.1208896189928055,0.5022376248152423,0.22396157487885113,0.025344845987856388,0.6896690896059652,0.0,0.0,0.0,0.0,0.0,0.0,26134460.922182355,465.1102066071815,0.10008720966665398,25628025.913157906,171.94357597758096,0.47664861709715683,26364661.3104334,577.0323855055935,0.77734707615896,0.0,0.0,0.0
Steel,2,2,4740.37,-5.193,0.2776089968625456,0.10715940535068513,0.009695999964125878,0.5779559777672246,0.06632312178611756,0.041490907176194726,0.3129220318331645,0.10044606685638428,0.18524455306283244,0.0,0.0,0.0,0.0,0.0,0.0,0.0,0.0,0.0,0.0,0.0,0.0,27951233.586002745,80.2643704021436,0.05327834972352466,36490479.03967158,167.79637302848863,0.20866207044102605,0.0,0.0,0.0,0.0,0.0,0.0
Steel,6,2,4740.37,-5.193,0.9518405169248582,0.1234189112186432,0.03186469704858764,0.27904675521282546,0.10748488306999207,0.13071389330867664,0.2876775839723932,0.08775535702705384,0.34171934650166463,0.39841148977766994,0.08838513255119325,0.4701693329232603,0.265305090328485,0.10932915925979615,0.6127034856277559,0.27009288689729904,0.0656619992852211,0.748899423745673,0.22342532938508788,0.0548393577337265,0.812606873316328,48146978.581286736,563.3222542375288,0.14970630739693483,52341189.131323576,773.0574761611291,0.8566564642805319,0.0,0.0,0.0,0.0,0.0,0.0
Steel,1,4,5274.33,5.487,1.3081009179353715,0.12717952251434328,0.031152053806919447,0.2473855965557906,0.08958460092544557,0.35116185973791825,0.0,0.0,0.0,0.0,0.0,0.0,0.0,0.0,0.0,0.0,0.0,0.0,0.0,0.0,0.0,29357627.78215431,579.639906050434,0.16544929163077984,16838954.80193557,333.8746207674376,0.2168210517372916,17868959.120705146,133.00739260901966,0.4994841055936603,19890790.962753676,253.3547163015052,0.9575576395550495
Steel,6,4,5274.44,5.489,1.6313665300607683,0.10173485004901887,0.02945041842577707,0.17932641957091863,0.0831143230199814,0.42786419702878176,0.33192860454771456,0.14405930817127227,0.6522457086112118,0.21326169556371904,0.07679858326911926,0.8346284353542694,0.3669662202406461,0.13206422924995423,0.9785380578093746,0.23850610522705865,0.078556609749794,1.2539201545619254,0.39659241846441684,0.09802221059799195,1.3971388407197813,49592060.75208588,411.6739055281909,0.20486492417255817,39033977.142166995,938.042365992255,0.6818872785111332,40041344.28935466,271.84412187399624,1.057340453523942,46045172.414805986,775.1663508690723,1.4433955802583216
Steel,5,3,5274.52,5.49,1.5972166776657104,0.08031406146287919,0.006309543702668867,0.24609469085177105,0.09734160423278809,0.4238120181394074,0.28260009200755215,0.08760948956012726,0.6164102179221015,0.45822197113521546,0.0687947365641594,0.9047841688487678,0.2881823503907206,0.10719791352748871,1.0460358405652275,0.22882143006260094,0.09616283237934113,1.2799749730617473,0.0,0.0,0.0,112957139.97320166,228.96459995892113,0.19653903349770108,124355416.5607515,195.67281274292102,0.6548574955885442,124512950.6135528,459.6333710252518,1.4365701132692483,0.0,0.0,0.0
Steel,4,3,5275.2,5.504,0.8428714945912361,0.1020555033683777,0.012202077864898823,0.28566792719329737,0.14474543929100037,0.18674721937718397,0.1856914449879749,0.02463806338608265,0.34014334817121294,0.3709053156423617,0.11634383857250215,0.5366410272705574,0.2137372859805087,0.06226182669401169,0.6678473411819806,0.0,0.0,0.0,0.0,0.0,0.0,29686875.176761955,734.9832863225007,0.12674431087206114,26280935.47562717,300.7962425219202,0.605176030120872,34790132.9240615,694.5666596252221,0.735952422680864,0.0,0.0,0.0
Steel,6,4,4739.11,-5.218,1.5106038957834245,0.13417265105247497,0.030729343417622713,0.3050476029528908,0.11649324715137482,0.3524206763475954,0.2669866281610345,0.06421837627887726,0.5786691843221174,0.17683534677111643,0.08303328037261963,0.783533045614534,0.22002437896862917,0.07342427164316177,0.9700680902735296,0.3680105626173334,0.049924805760383606,1.1622270006498492,0.17252231954061883,0.07237859755754471,1.2728095275204014,25587546.414148863,329.04863964816724,0.18860750638816343,26008951.277449947,726.7661530880608,0.8608715129025112,30795423.645461526,930.9489087777184,1.0389347823584885,28297817.33862205,413.7956935537879,1.3595435046944782
Steel,4,4,4738.98,-5.22,0.9440853267908097,0.10205741620063782,0.013414196444256421,0.24718772797817173,0.06840878248214721,0.11658924879569038,0.2568876727149257,0.06372372478246689,0.19604867593975123,0.22426168653930603,0.12824006080627443,0.45254881000723435,0.14429512736491507,0.04910117760300636,0.8040953674807907,0.0,0.0,0.0,0.0,0.0,0.0,14248912.459009662,104.81150415293847,0.10327233045603341,7826146.699742167,560.5417094950296,0.16646178582384757,10252733.249779347,840.8168648934163,0.557219238308662,8830673.106913226,85.48649551510057,0.7845053212212854
Steel,4,3,5275.47,5.509,1.3929851293563844,0.10231276237964632,0.043908485951264724,0.33981289939679765,0.07852405399084092,0.3135626011785879,0.35144925517296555,0.07715656489133835,0.4051374847470474,0.4860889698060698,0.09933850467205048,0.6913216396456179,0.1756434280985509,0.07373521149158478,0.941868494019161,0.0,0.0,0.0,0.0,0.0,0.0,55551570.854310475,383.0279363281053,0.15560734992989295,56351374.359168574,578.291430388643,0.6013285124232726,39603948.03808178,649.2405627523312,1.198509992464209,0.0,0.0,0.0
Steel,6,4,5275.97,5.519,0.7773819297552109,0.04559201923012733,0.011383838911421987,0.18306683031855242,0.10506369233131409,0.1168799907738409,0.26050106767291137,0.08664206087589264,0.2826029843804106,0.4490688174176095,0.07399479746818542,0.3728903237107039,0.2351951491592247,0.08027024447917938,0.46594015362028357,0.1806769986475924,0.11013405323028565,0.5708959773572557,0.18880181001850024,0.05778311431407929,0.6790323253672491,93970954.70071745,257.7989744185865,0.09770064856000873,101407783.46885483,671.8356490971163,0.22060985411955092,94180856.64312299,595.3278799260031,0.2510479302588211,104187673.30657877,298.0469327761024,0.6911275463902959
Steel,1,3,5276.23,5.525,0.687827181816101,0.12266095566749574,0.024712640308952687,0.3890510294800485,0.026385879144072533,0.41710083550344346,0.0,0.0,0.0,0.0,0.0,0.0,0.0,0.0,0.0,0.0,0.0,0.0,0.0,0.0,0.0,12749836.495166406,864.3045821030784,0.09676530665806991,11243133.437494885,269.2826760858633,0.2426982721543858,12949351.862215307,328.36233119156265,0.5251800188194377,0.0,0.0,0.0
Steel,6,2,4737.76,-5.245,0.8258655413985253,0.104013778090477,0.016223837458443045,0.29084110734027463,0.15,0.09153768408936716,0.43820180280419635,0.06695111513137818,0.24993023198979114,0.17633673501948333,0.07727781504392624,0.3488301265186067,0.40179314695750407,0.07753462314605714,0.4450675711269374,0.5529732696794939,0.10248508870601655,0.5661709428207443,0.4482361190992394,0.1288523244857788,0.6957957671857247,85342633.32854131,603.9975540635357,0.16887823252956985,92494520.91029969,213.8754529101145,0.7197013213027567,0.0,0.0,0.0,0.0,0.0,0.0
Steel,3,4,4737.76,-5.245,1.8216089636087418,0.0718243659734726,0.015079134067914788,0.24869639262133791,0.08606510758399964,0.49979880100357615,0.2615388785890809,0.06576216548681259,0.846661263204344,0.2919012539081655,0.059375188946723945,1.2128974850269447,0.0,0.0,0.0,0.0,0.0,0.0,0.0,0.0,0.0,21245991.194092155,339.06944296302504,0.2356574405578129,19933882.731805794,410.8078271538312,0.6134472930223378,18560317.12724566,257.9146193663328,0.7244831783789769,18014289.725422125,265.2635069064104,1.6069567473466295
Steel,4,2,5278.89,5.578,1.2797756731510164,0.11827306234836579,0.06000000000000005,0.2643431036412198,0.04278241977095604,0.21013086908211534,0.2554055873913866,0.0884682208299637,0.43204686868175946,0.2187142326641925,0.09954984784126282,0.7047781086908204,0.3193238901775903,0.1105969548225403,0.9306463621569272,0.0,0.0,0.0,0.0,0.0,0.0,43484710.41727816,397.05830916413123,0.1764577781836825,42328127.244299136,450.0469331900857,1.0704566396531487,0.0,0.0,0.0,0.0,0.0,0.0
Steel,2,2,4735.62,-5.288,0.8162663295865059,0.09790759432315828,0.02665236458213958,0.3155248294306901,0.07533271402120591,0.1511766293812049,0.34135607836035664,0.12126866519451142,0.451294035398185,0.0,0.0,0.0,0.0,0.0,0.0,0.0,0.0,0.0,0.0,0.0,0.0,22296688.90729997,299.91499522145216,0.11428234030050538,27055153.87160418,98.86147930901798,0.6749257138248141,0.0,0.0,0.0,0.0,0.0,0.0
Steel,5,4,5279.39,5.588,1.367900237441063,0.09573900115489961,0.02132162378914176,0.28883677003854896,0.10040620803833009,0.18118963360556636,0.2636031579866549,0.10349049329757691,0.3642766905836019,0.3323988203995153,0.1101088160276413,0.618945325723611,0.55533101383467,0.03318512111902237,0.8338026165017346,0.12470084963501242,0.07781938433647156,0.8951296316677347,0.0,0.0,0.0,35634948.80256326,737.7578708319845,0.13679002511200652,41190117.64391526,419.0323954076963,0.33907098062521557,39250218.2973712,1099.9999999999995,0.45868846668511765,36407836.622712985,475.8146703646037,1.1612555698075897
Steel,2,3,4734.86,-5.303,1.1506960853934287,0.14768080163002015,0.009539896767873283,0.28688104703170303,0.10349380970001221,0.32269594942688073,0.3026575448917953,0.06659073144197464,0.6967394187635036,0.0,0.0,0.0,0.0,0.0,0.0,0.0,0.0,0.0,0.0,0.0,0.0,19324974.48756897,484.35295981430176,0.146151969372279,20827464.28058344,784.131177550542,0.5690814578156832,26641095.043406144,599.3375248430159,0.9754793429567623,0.0,0.0,0.0
Steel,4,4,4734.82,-5.304,1.504891210794449,0.05889192289113998,0.0184603773029999,0.5333261658403685,0.11020190775394441,0.3158816830860571,0.26944523776725837,0.07157793432474137,0.4861640087085486,0.25895261769982203,0.11444071948528291,0.8444907447921626,0.27165290809247733,0.05026305168867111,1.2296924227343464,0.0,0.0,0.0,0.0,0.0,0.0,123815625.50483122,437.8604933355858,0.21850236559109903,163252891.05535796,484.1913137223508,0.9351629556797894,137939536.26951784,291.16078196389384,1.154828136224291,172834240.41403088,340.58464442247447,1.3364692851995126
Steel,5,3,5280.09,5.602,0.7963637307286263,0.10985808157920839,0.020822832097788416,0.44269886843387135,0.06113171219825744,0.18812214928066334,0.27482123548438736,0.08176920413970948,0.2677986294393049,0.3102757277255322,0.06536977618932724,0.3999951917515605,0.32876183562146877,0.08476939380168916,0.5243239751790283,0.2528613692407881,0.03323928385972977,0.6160397370117809,0.0,0.0,0.0,36054283.26879404,72.52817606416174,0.13037452763500618,37322925.74967151,335.3553629058054,0.5478806714954569,39731175.267970875,408.1102398773892,0.7167273568593999,0.0,0.0,0.0
Steel,4,3,4734.53,-5.309,0.9712660938501358,0.07873511999845505,0.0247618597452291,0.2592998155350111,0.11836862623691559,0.14533051598370975,0.39676713432600147,0.07507178753614425,0.3214368506309878,0.20475347707684313,0.07154619604349137,0.4086232127791702,0.42063522786326496,0.023174060340970755,0.606931971324171,0.0,0.0,0.0,0.0,0.0,0.0,26275241.803665295,405.06964871280115,0.1340918976623462,25237682.866226487,663.1585809561448,0.5709855650089725,23317883.071610644,432.4954352931713,0.8380586364713504,0.0,0.0,0.0
Steel,4,2,5280.64,5.613,1.185941070318222,0.0969474540948868,0.009113357660498925,0.43785265973628856,0.062317554652690885,0.4046418229578685,0.25788047861703284,0.08439971953630448,0.4996636122603815,0.26214170279454624,0.12557494401931762,0.7055405250285386,0.27710503310258083,0.10490523338317871,0.9234347752475078,0.0,0.0,0.0,0.0,0.0,0.0,60848870.347701706,174.4612758190905,0.28199327274015606,70964685.99051034,750.0228737651006,1.055825377336487,0.0,0.0,0.0,0.0,0.0,0.0
Steel,5,2,5280.69,5.614,1.237520968914032,0.07956534421443939,0.022362518754282867,0.48939948905832664,0.09990932106971741,0.22014247185806599,0.14667145721785407,0.10802066028118135,0.5591765100087649,0.30650868958593086,0.0368982307612896,0.7053476616658642,0.25146576707186885,0.09160980701446533,0.8468525662285683,0.22453339115363083,0.06547251105308532,1.0912607177841436,0.0,0.0,0.0,76136176.4261755,345.63295496541826,0.16484656966851294,83865728.13705474,330.2063709313353,1.0151192332754415,0.0,0.0,0.0,0.0,0.0,0.0
Steel,3,4,5280.82,5.616,1.2151117444038393,0.042891717940568924,0.017335217067513595,0.29062854763771845,0.06151990950107575,0.3900813799088117,0.10588255493796773,0.12479572892189027,0.6029875653872587,0.12689966693783045,0.04157759711146355,1.0769622166472754,0.0,0.0,0.0,0.0,0.0,0.0,0.0,0.0,0.0,12591916.339664148,535.7746935031539,0.2219499281572937,16104313.326891676,674.5658845156516,0.6692345278423741,14463938.442865437,760.7060316335682,0.9417342119853911,18870596.821800146,1099.9999999999995,1.0936005687483437
Steel,2,3,4734.06,-5.319,1.2921813309192658,0.09498113024234772,0.029159301234252206,0.1614716350824926,0.1320048052072525,0.4496569424949185,0.28113036284742515,0.09819910347461701,1.0561817060909562,0.0,0.0,0.0,0.0,0.0,0.0,0.0,0.0,0.0,0.0,0.0,0.0,17857631.712019045,497.3021266500295,0.13333522214158577,16841933.061002225,626.6218603199123,0.43514833009210885,15991951.35410001,624.7225945989733,1.1070898193832464,0.0,0.0,0.0
Steel,4,4,4733.9,-5.322,1.0147402584552765,0.08362302851676942,0.008343314221582004,0.1665233663306754,0.0636851716041565,0.13864046809860636,0.1840020285186438,0.07815088510513306,0.31914651350841955,0.32066060874085645,0.09213559627532959,0.5689398880560496,0.14039738908543967,0.05944660782814026,0.7718796367240146,0.0,0.0,0.0,0.0,0.0,0.0,11353233.796073116,268.1844027495513,0.15035045431479244,8551182.764550675,720.285893968147,0.5452077961570063,9314648.981309554,785.9909324991355,0.7434409800719743,9361426.027431127,264.35452247078194,0.886532279035802
Steel,4,3,5281.41,5.628,1.1431002885103227,0.07438897466659547,0.016232884668506097,0.3478509133815345,0.09372846901416779,0.42521587593193355,0.3808673747103927,0.05649292528629303,0.5924339874430444,0.35482588593131636,0.12489754557609559,0.7417137111107853,0.2654727218437957,0.06483593612909318,0.9297899774987469,0.0,0.0,0.0,0.0,0.0,0.0,36860977.6847496,617.4926050258266,0.23368426708311052,44982729.46112247,911.1856374168643,0.6537082086938479,37517409.117440514,820.8940238833574,1.0165398167334867,0.0,0.0,0.0
Steel,6,4,5281.76,5.635,1.4753530114889146,0.10212450075149537,0.05784171124263073,0.21144966240405266,0.11426722049713135,0.21445729145468845,0.37431617984251697,0.061582223773002626,0.45821869355897493,0.3598373305885681,0.07602880984544755,0.6517535248112255,0.256525423514443,0.06390031546354294,0.7711388873932155,0.30696609679663966,0.08825597882270814,0.8978099360489502,0.31524827085231083,0.02,1.1433000924436403,28551995.21874259,631.6616510455676,0.1847862483423197,32748288.66016758,481.40066395189507,0.49390285715034027,29091175.648222335,518.7485949791542,0.9782212502727674,29089676.690842412,338.3913731632074,1.3027685830252067
Steel,2,3,5282.18,5.644,1.7344053626060487,0.0844395285844803,0.00941332097775912,0.23128613044082844,0.05631979048252106,0.5789268306854344,0.21160126508672567,0.09322736680507661,0.983633044745894,0.0,0.0,0.0,0.0,0.0,0.0,0.0,0.0,0.0,0.0,0.0,0.0,13532836.019988462,551.9015942340134,0.2853068460162066,13304951.979079539,466.63951754300643,0.9372796282012744,21018578.598623067,380.4175197771563,1.4623816443389055,0.0,0.0,0.0
Steel,6,4,4732.83,-5.343,1.0496462777256967,0.11321974885463716,0.010748980536566189,0.41741026456592456,0.05868246763944626,0.12586120145175744,0.20998881127159816,0.03591223254799843,0.23769383481808906,0.33361175844504304,0.05791408509016037,0.3880201521099635,0.2594728062742273,0.10049142718315125,0.5736187244363206,0.14665630204660796,0.09022347331047059,0.6979012012831496,0.24616493038272902,0.05546928822994232,0.8608063024874743,18248222.097665347,686.6107638010193,0.13996596224753,19193097.881095745,774.0959309309548,0.3655192137485296,23425048.670525536,389.89080813116203,0.5216203814445588,17609883.911467906,399.66411184818037,0.9291084720725942
Steel,5,4,5282.35,5.647,0.9583866119384766,0.0632023253440857,0.023229880466033463,0.17507564100891604,0.07959869623184204,0.17957958650936098,0.33275763464007974,0.09746301710605622,0.2798326792654416,0.40459587654288026,0.12978947937488555,0.49363793761179825,0.25039137404269923,0.11862881660461426,0.6356324677547396,0.13395826360565677,0.046664336621761324,0.7509085148049476,0.0,0.0,0.0,20114780.979116842,537.1802837913399,0.10662582674006342,26270794.4624964,686.8309580551829,0.3743101761127966,31763893.71608788,699.9500543397488,0.5134202089259243,28532225.98508043,348.05222239755494,0.8333693724405733
Steel,2,2,5282.56,5.651,1.2356938183307649,0.11848474347591402,0.040977778063515956,0.2915792811331788,0.02,0.39800598558864286,0.3205797257591619,0.14161269426345827,0.8449751006214391,0.0,0.0,0.0,0.0,0.0,0.0,0.0,0.0,0.0,0.0,0.0,0.0,34867684.328999355,289.1432948308754,0.1869517073783823,35977247.85549464,453.1642398811603,0.9931821271972124,0.0,0.0,0.0,0.0,0.0,0.0
Steel,3,4,4732.3,-5.354,1.310584607720375,0.09597615849971772,0.016048198531682725,0.46011017179423475,0.10284547626972199,0.4415136082745257,0.31047353011324547,0.06080993205308914,0.9373086674283471,0.30213128579210563,0.07791305720806121,1.0221897977550738,0.0,0.0,0.0,0.0,0.0,0.0,0.0,0.0,0.0,18284310.297163118,571.4455907040325,0.15709887879737633,20762750.791663125,381.3619099406963,0.3685412465033512,20627604.29620933,632.3081110849797,0.7568994559861144,20157708.981757846,603.5738855707376,1.1633581286524848
Steel,5,3,4732.05,-5.359,1.2642087250947953,0.09653211557865143,0.01560552728847814,0.22279870510093375,0.13035983085632324,0.35783025962764975,0.3507578027224851,0.035394813716411594,0.5528982290878252,0.4342840113221661,0.06517644464969635,0.7474901752653756,0.28122727685094995,0.08151335299015046,0.8673535747915146,0.20239810613657616,0.08811517119407654,0.9984009444912381,0.0,0.0,0.0,37715188.39954509,435.200124966218,0.1529437042469128,42770661.656264246,717.7136080456395,0.37408286763884113,42688253.20102784,494.121760466836,1.135433711593397,0.0,0.0,0.0
Steel,1,4,4731.69,-5.366,1.5691446095705033,0.07232223981618882,0.009844628217980777,0.18174553831259815,0.10562388539314271,0.522467365852005,0.0,0.0,0.0,0.0,0.0,0.0,0.0,0.0,0.0,0.0,0.0,0.0,0.0,0.0,0.0,6312826.809552926,754.6229859527917,0.2563956344485805,5073646.552993999,892.5917301524562,0.7850891682139645,4874177.700079537,563.592132448262,0.8925321590458946,6117118.534458362,543.7170341962037,1.3277814991786405
Steel,1,2,5283.83,5.677,1.0919634491205215,0.11314761137962343,0.04603250905069872,0.2557589327363791,0.1362926733493805,0.3632406637346907,0.0,0.0,0.0,0.0,0.0,0.0,0.0,0.0,0.0,0.0,0.0,0.0,0.0,0.0,0.0,19952542.36086207,698.1772174030731,0.19812963465245195,22835245.020158347,596.8702606211415,0.7860114267373247,0.0,0.0,0.0,0.0,0.0,0.0
Steel,6,4,5283.87,5.677,1.273503264784813,0.07821879070997238,0.010938452585352476,0.4956756625569804,0.08763306856155396,0.1826086480879344,0.24414426050653318,0.07764208853244782,0.32018755794035825,0.2368637535055533,0.0694506287574768,0.4376702104029146,0.22814543580864144,0.07167469888925553,0.6034546298809119,0.36087669178034837,0.08430940955877304,0.7405973286655654,0.22577213072034238,0.09298227071762086,0.9765026524007838,47311243.29276482,383.87925471194677,0.14460427330060432,51101985.623581015,815.461328369628,0.6578574823415743,52095247.39870673,121.408111990594,0.8481378561270714,45209484.308980174,1099.9999999999995,1.101939082442775
Steel,5,4,4730.04,-5.399,1.4475075453519821,0.09306531023979188,0.012457305957856274,0.3439630541187989,0.04697747901082039,0.23352974676466898,0.2993072598360606,0.09033194601535798,0.4326993620404689,0.22560771477939504,0.08073275476694107,0.6189873523527661,0.3382330624238999,0.0562969321012497,0.9770908733655251,0.16465591026268375,0.07773125559091568,1.2318406594418418,0.0,0.0,0.0,25035092.146818113,565.7214345824515,0.19999773615433097,19789473.56640834,647.4422027285473,0.8281170851644395,21649200.307896532,448.6372987221413,1.1008444628999303,20620830.728182256,559.2206167881125,1.3027567893692764
Steel,6,2,5285.63,5.713,1.1114754766225814,0.1064626604318619,0.02156747653507521,0.18339664939517322,0.12280519008636476,0.11115754766225815,0.20572892642240942,0.06324562817811966,0.20719295679450037,0.31089356940437707,0.0674606516957283,0.4379547282193961,0.16675974221866313,0.09242639362812043,0.5218434672408016,0.29489448400740326,0.09456720113754273,0.7106646200427074,0.29808843403281327,0.08306051284074784,0.9056624918379095,51754655.374417156,138.71190210703327,0.13881309295804922,47215909.48658996,420.99964397527094,0.9175545989150129,0.0,0.0,0.0,0.0,0.0,0.0
Steel,1,4,5285.73,5.715,1.0405727162957192,0.041224172562360765,0.01876688253720042,0.33776149684104473,0.05797975838184356,0.7799307870772146,0.0,0.0,0.0,0.0,0.0,0.0,0.0,0.0,0.0,0.0,0.0,0.0,0.0,0.0,0.0,6048355.457613426,267.24030706510905,0.31089371406281463,6256268.502691459,437.972041932748,0.5539248293047792,6731667.827119998,165.86378313132303,0.7592687243007753,5721297.20341298,278.4256202866965,0.9365154436255746
Steel,2,4,5285.99,5.72,1.314312568306923,0.09993258118629457,0.030295907101271866,0.2922950097692914,0.10282756924629212,0.4603939366052362,0.22977080357231566,0.08784665882587434,0.8678962535547695,0.0,0.0,0.0,0.0,0.0,0.0,0.0,0.0,0.0,0.0,0.0,0.0,15686239.54172162,477.5461925659332,0.17805241924307708,15464375.747774564,926.9063443479803,0.7610031410873597,21033837.49665411,417.1331448365519,0.911535971583569,17150313.069513783,351.8475906699599,1.1377418105663206
Steel,1,2,5286.06,5.721,1.1027107775211333,0.11962672972679139,0.012214276353613968,0.21718947701125818,0.07021741896867752,0.6458145334918683,0.0,0.0,0.0,0.0,0.0,0.0,0.0,0.0,0.0,0.0,0.0,0.0,0.0,0.0,0.0,27707290.08268832,458.60986083899775,0.1642740613101343,24140089.0601901,880.4562168996758,0.7717225430248699,0.0,0.0,0.0,0.0,0.0,0.0
Steel,2,2,5287.23,5.745,1.147478061914444,0.1219464112520218,0.01433923537797006,0.32598074049743697,0.08903347373008728,0.4718527650382865,0.22214208801901633,0.06428728073835373,0.9290345498610906,0.0,0.0,0.0,0.0,0.0,0.0,0.0,0.0,0.0,0.0,0.0,0.0,26836315.55212879,457.06489079004064,0.22274536858457217,31302146.60840191,780.3836733085867,0.9169806380504522,0.0,0.0,0.0,0.0,0.0,0.0
Steel,4,2,5287.35,5.747,1.4348070293664932,0.13030628383159637,0.022633759752607237,0.2669230696504418,0.08514166772365571,0.34088064779454247,0.20283539461355915,0.15,0.6673612686503463,0.2770912845026468,0.1158652150630951,0.9981166729517967,0.23309603533588813,0.10899039030075074,1.1702274548811238,0.0,0.0,0.0,0.0,0.0,0.0,65055477.00469376,357.52859561614423,0.1448647286100727,77547897.44591776,796.8597836961294,1.2775714895270738,0.0,0.0,0.0,0.0,0.0,0.0
Steel,6,3,4727.64,-5.447,0.688197022676468,0.10234812438488007,0.021793926800246256,0.36675468876704564,0.06088486105203629,0.10241382834896534,0.47575156300822735,0.09070562243461609,0.22279106550913202,0.22274469761897314,0.11664847493171693,0.3430801755249547,0.4145249350249936,0.06266409158706665,0.43604762535530706,0.2166147607703093,0.0611355322599411,0.5063942364611429,0.2957695946234734,0.07077645748853684,0.5978995124095454,32474973.46061883,459.44557268887905,0.0775289993244869,33226890.9251319,435.20443654311134,0.36572969182517523,32089980.624805216,769.7074337896104,0.6193773197206242,0.0,0.0,0.0
Steel,3,4,5288.38,5.768,1.0602234065532685,0.054790108025074,0.0393323520679028,0.24167120890042998,0.1041540139913559,0.3866447049492098,0.2717253462497179,0.06321044564247132,0.568420958257069,0.24789668731211337,0.07690547525882721,0.8952968408726845,0.0,0.0,0.0,0.0,0.0,0.0,0.0,0.0,0.0,14858177.645961756,356.70438366043425,0.22023219409608535,13115295.08550521,370.32007743898646,0.6843658140538724,14994192.97204055,298.10764109654474,0.7447422423401421,15699222.239196816,709.9592110068457,0.9177005961599298
Steel,5,4,5288.43,5.769,0.3748066384345293,0.0732978350520134,0.040560424004186336,0.2534867816336984,0.05881100535392761,0.04350675190682855,0.2826137766724739,0.04093337625265121,0.10402398032406546,0.3175616029119834,0.08901266098022462,0.17587176727100542,0.42913922365431884,0.04861599490046502,0.2546394468057664,0.14674945513879994,0.10147834360599518,0.3333175420774206,0.0,0.0,0.0,12057668.976580445,329.29221965887155,0.060990049591864326,17678889.486588236,285.3572770668169,0.20049278243334628,9519402.03123981,113.9713610980549,0.22544752685946032,12843477.040011162,576.2442399545263,0.3132754668900364
Steel,2,3,5288.55,5.771,1.381218147277832,0.06605585634708405,0.01801051553849607,0.2688809993601073,0.08823429822921754,0.446635778991477,0.27682497322903415,0.13304253697395324,1.0835894384630977,0.0,0.0,0.0,0.0,0.0,0.0,0.0,0.0,0.0,0.0,0.0,0.0,24139184.11895183,391.2302571549296,0.21624810431916103,20921294.050155234,703.4774795176947,0.9912065593013079,19588570.515947197,227.2538691206715,1.2261932443430603,0.0,0.0,0.0
Steel,6,4,5288.57,5.771,1.052368974685669,0.06599451875686646,0.03715679062694724,0.2595250104581636,0.10624515295028687,0.14510736619044792,0.43841575131637317,0.13900032997131348,0.274709411556766,0.15704658027523571,0.05927303522825242,0.4675383863215148,0.36811882830508524,0.06686876684427262,0.5906624203236628,0.30603323609064964,0.04291793897747993,0.7057077219749843,0.23834387020374825,0.0727384078502655,0.8079164166532479,51685462.27868533,661.4688476990717,0.11511675417194953,55441566.17929006,603.969936960382,0.5065700127079181,55701847.41157901,588.1780423576373,0.7247714177561665,70219682.29414923,484.63901734058646,0.9344669095445046
Steel,1,2,5289.71,5.794,1.129866623878479,0.07726523959636689,0.00433102497450936,0.31565394366095423,0.09437604308128357,0.35044023746881753,0.0,0.0,0.0,0.0,0.0,0.0,0.0,0.0,0.0,0.0,0.0,0.0,0.0,0.0,0.0,21042078.780868236,815.4579104112445,0.24869815227025954,21619122.048648313,261.1570071286627,0.9082620049132113,0.0,0.0,0.0,0.0,0.0,0.0
Steel,4,4,4726.09,-5.478,0.759233869612217,0.08479197216033936,0.01105687906218921,0.15127652682325057,0.033206710666418074,0.1644468954708907,0.3207558893766953,0.09668043136596681,0.23481059262599355,0.2600971912312596,0.08568564295768738,0.4181915088230064,0.206824129567842,0.056781107485294344,0.5888616103767104,0.0,0.0,0.0,0.0,0.0,0.0,7979543.609294402,513.0167987188846,0.08016419820734363,8774329.972257875,144.69212108088547,0.25311604411989275,10628332.770796562,381.75155170440536,0.33452810350394657,9596430.87934081,845.9680411992043,0.6443203006958016
Steel,4,3,5290.0,5.8,0.6276393584907055,0.06601754468679429,0.038543492809981615,0.17580798077438453,0.03926279470324516,0.09220328434918695,0.2032955238503727,0.09071948468685151,0.16295796388225006,0.18848748760049827,0.10258812189102173,0.33620579585499066,0.38916903225852834,0.08940345406532288,0.464286065756812,0.0,0.0,0.0,0.0,0.0,0.0,17718173.86044117,381.9648599834339,0.06292817658890065,16613786.01374794,509.7303979126545,0.2892009608638691,19545059.02627715,426.2031778783455,0.5376840129165952,0.0,0.0,0.0
Steel,2,4,5290.28,5.806,1.3154685139656068,0.04244441565871239,0.004741903327385122,0.29323634810605503,0.12174597918987275,0.4585196877246871,0.2522962919713849,0.08881978273391725,0.8102955654324917,0.0,0.0,0.0,0.0,0.0,0.0,0.0,0.0,0.0,0.0,0.0,0.0,33771109.1002332,706.5294389369415,0.16267286080927565,29021702.183268324,449.87059408583326,0.484207260371277,37086830.90899263,385.4471377275219,0.9789289919567963,31306420.14981292,663.070145157201,1.1495891588770077
Steel,4,4,4725.54,-5.489,0.7768218204379082,0.09535533440113068,0.026982827026183664,0.23684408233840568,0.09472854256629945,0.14408974134354474,0.25945898783959664,0.03984084248542786,0.2756296522231426,0.40459306683054996,0.08152306973934174,0.4888699476912638,0.286636654255529,0.10959733068943024,0.6328159758123195,0.0,0.0,0.0,0.0,0.0,0.0,15051912.908988122,561.6713454608426,0.07768218282061264,18953030.609082185,642.3397716769997,0.29482172500041465,13012689.782458473,301.8665322160186,0.457690430701344,18168191.021074742,651.5088512500103,0.6803545944886289
Steel,4,2,5291.26,5.825,1.5360392212867737,0.12381124496459962,0.01511746047529826,0.31713710675862455,0.08021197110414505,0.35948618014766237,0.230663614933631,0.10692170679569245,0.5026500667282318,0.26724775376552634,0.05313462615013123,0.6201772595461719,0.3693006265517518,0.09585448443889619,0.8959131098589389,0.0,0.0,0.0,0.0,0.0,0.0,144452617.3500343,545.4236460527794,0.17416552231990903,162442422.50608817,576.4237685474496,1.3333007745945795,0.0,0.0,0.0,0.0,0.0,0.0
Steel,5,2,4724.27,-5.515,0.8781889259815217,0.11939573407173158,0.03461773925177628,0.23188447341233626,0.053627964258193966,0.1723320747907988,0.2448827212843324,0.05991886585950852,0.4318856626436154,0.33592279849362855,0.07969358950853347,0.5217732427270445,0.26536398525573207,0.02009710208280012,0.60784423792088,0.3344147136933308,0.09939871907234192,0.6773692962085143,0.0,0.0,0.0,37314978.17658909,518.5110567173598,0.1151481860080181,32038316.921236977,224.120395964157,0.7867953559933075,0.0,0.0,0.0,0.0,0.0,0.0
Steel,6,4,4724.09,-5.518,0.6572329677641392,0.08925599789619447,0.013822302801637426,0.35290704843526777,0.10291341602802277,0.076670165950336,0.38112048606240967,0.09211359798908235,0.18608093489598523,0.2629484504283658,0.06517006367444993,0.27570454152754253,0.32362742680704937,0.09960702478885651,0.37546457986001447,0.30425605233328207,0.0613176903128624,0.4791517889815592,0.2655233047343359,0.13300551414489747,0.5872548716855648,29246127.81782062,497.82179682526015,0.09052378742381931,28109791.98701414,291.0867916025305,0.3334004974180924,33643613.56043553,418.4164483354978,0.4313900127510463,23779216.506150402,885.2835137388748,0.5601556446257063
Steel,4,2,4723.74,-5.525,1.6339759260416031,0.10179893839359284,0.04597009178344322,0.21280244618569785,0.0579288113117218,0.49404224223940607,0.20062258363816562,0.13168163418769838,0.8436883126723811,0.35089450310608805,0.0860390567779541,1.0827765290875493,0.33724799830383473,0.09208461046218873,1.3677936681549614,0.0,0.0,0.0,0.0,0.0,0.0,124766456.00804214,692.633511528162,0.21008962647152118,147870390.00791422,100.23864957711986,1.386175102080427,0.0,0.0,0.0,0.0,0.0,0.0
Steel,1,2,5292.9,5.858,1.2889320462942124,0.09775017499923708,0.031486903115085396,0.15558597146865627,0.08741406202316285,0.7715204910220084,0.0,0.0,0.0,0.0,0.0,0.0,0.0,0.0,0.0,0.0,0.0,0.0,0.0,0.0,0.0,13235979.413176483,221.98417959894465,0.29674658417277877,12816957.845309144,552.3863314898653,1.0899974905772836,0.0,0.0,0.0,0.0,0.0,0.0
Steel,2,2,4723.1,-5.538,1.329126051068306,0.08669372099637986,0.02804989550286552,0.4145769712901264,0.08102238982915878,0.6232693841313185,0.45193632777585213,0.09305675804615021,1.0339726334574344,0.0,0.0,0.0,0.0,0.0,0.0,0.0,0.0,0.0,0.0,0.0,0.0,91533609.63762374,197.90496850950404,0.29089257381837247,97500729.29667076,658.6019978996416,1.1829074113574165,0.0,0.0,0.0,0.0,0.0,0.0
Steel,6,4,5293.72,5.874,1.1382914200425147,0.09664199340343477,0.01284501696202806,0.21637138623004068,0.0700206083059311,0.11383914200425148,0.40791260803220236,0.07551886260509491,0.21648144021988042,0.2976162796664139,0.09577519297599793,0.412353129153853,0.31436299920690974,0.11985140681266786,0.6704531538287615,0.1783340516770902,0.044049020111560824,0.8296482043396703,0.2736009148759519,0.06888624370098115,0.9388511894927205,28672430.430465367,393.6156893529439,0.12384014200425147,33429430.498480413,211.30141211177258,0.42881034887574465,27900925.953357592,528.5216134317172,0.7312958262825728,25490218.32240706,587.7631187112348,1.0047627251346471
Steel,4,2,5294.57,5.891,1.226504695415497,0.08601878321170808,0.005097039180108141,0.2881898359853423,0.07448079764842987,0.3197945126036863,0.1750806093212487,0.11084594070911408,0.6310487896422632,0.38501141621422613,0.08387257426977159,0.7560637976385363,0.20517577147674018,0.0775996920466423,0.9512105659137106,0.0,0.0,0.0,0.0,0.0,0.0,352260955.2813862,697.0027347321666,0.1640141101482712,249107314.50183755,443.24768258528894,1.0611318508992187,0.0,0.0,0.0,0.0,0.0,0.0
Steel,4,4,4721.72,-5.566,1.3509034365415573,0.12107634341716768,0.02033145200155272,0.1672220126116657,0.055723194479942326,0.48448643506730626,0.4684332935793119,0.10074205577373506,0.6181298812503131,0.22408100097228686,0.13705213725566864,0.828836188516346,0.32895226780629594,0.04630999103188515,0.9678653572440108,0.0,0.0,0.0,0.0,0.0,0.0,21162419.6535907,162.94907039726797,0.1667054019684944,21305981.35046891,157.1326568896052,0.593102489385331,26637781.872360718,291.8726364901127,0.783273091176099,20315397.74258944,936.7238313487031,1.2158130915364982
Steel,5,4,5294.93,5.899,1.256317463517189,0.11718350124359132,0.028392259128821627,0.21774326566564495,0.08972460269927979,0.25721339707410934,0.17035770130852193,0.07365533888339997,0.4197036805066843,0.3381362968803627,0.07526441007852555,0.6950336402979798,0.3342821793133729,0.04989077776670456,0.8982583192381641,0.38243107935570014,0.11076695144176484,1.0959293153383167,0.0,0.0,0.0,28248622.991310194,327.4737484314594,0.16261705142668273,27580955.782020997,587.4862551692655,0.6076221931870208,33715339.928430595,397.3715386160051,0.8852979146842047,26195334.431565564,515.0542208875105,1.1234798485039907
