material,n_disks,n_bearings,cs1_pred,rel_err_pct,L,OD,ID,d0_OD,d0_W,d0_pos,d1_OD,d1_W,d1_pos,d2_OD,d2_W,d2_pos,d3_OD,d3_W,d3_pos,d4_OD,d4_W,d4_pos,d5_OD,d5_W,d5_pos,b0_K,b0_C,b0_pos,b1_K,b1_C,b1_pos,b2_K,b2_C,b2_pos,b3_K,b3_C,b3_pos,cs1_ross
Steel,1,3,5000.06,0.001,0.8847548142075539,0.0785004171729087,0.0116638794429405,0.4927238565999507,0.0789206314086914,0.3971520904945035,0.0,0.0,0.0,0.0,0.0,0.0,0.0,0.0,0.0,0.0,0.0,0.0,0.0,0.0,0.0,15066692.995567122,703.8694832220485,0.1752732571242473,14898098.47549462,631.3795062937961,0.4236521782201812,15837090.261516193,1024.4057440737572,0.7099891220756684,0.0,0.0,0.0,4988.815474502704
Steel,1,2,5000.07,0.001,1.4899674594402317,0.1275052287578582,0.0388627532411632,0.3686470348999344,0.0900799226760864,0.8616797568661632,0.0,0.0,0.0,0.0,0.0,0.0,0.0,0.0,0.0,0.0,0.0,0.0,0.0,0.0,0.0,52978514.52093627,417.057652888468,0.5675120847061288,52551596.45627329,374.9992955764776,1.132507121126712,0.0,0.0,0.0,0.0,0.0,0.0,5002.093781753111
Steel,2,4,5000.07,0.001,0.9474429503083228,0.1028945511579513,0.0436241967646894,0.2901814399573477,0.1140280520915985,0.1242969928367295,0.1648206327827816,0.1085590875148773,0.4356777436185509,0.0,0.0,0.0,0.0,0.0,0.0,0.0,0.0,0.0,0.0,0.0,0.0,21628250.1443352,498.5463721789917,0.1415857912236726,24828707.924309567,484.793608521736,0.6220902072091652,22773085.54359608,526.5267089811199,0.6268042013696359,22649406.79417567,586.5141807593726,0.8111552354729312,4969.711587787489
Steel,1,4,4999.92,-0.002,0.887682831287384,0.0805281971096992,0.0096644720699825,0.2940511820345611,0.0913272541761398,0.2973075813250342,0.0,0.0,0.0,0.0,0.0,0.0,0.0,0.0,0.0,0.0,0.0,0.0,0.0,0.0,0.0,5636278.836698482,512.0802284265993,0.1122285327531502,7034762.950570291,502.6763509930027,0.2759103649226584,5822369.75117113,425.016221911413,0.4918786928464392,7187560.71725555,178.5733522349064,0.6938069989544214,5005.41689885751
Steel,1,2,5000.1,0.002,0.7492932662367822,0.0740385285615921,0.0224437811212772,0.4462933296523561,0.0672365814447403,0.4952026621140122,0.0,0.0,0.0,0.0,0.0,0.0,0.0,0.0,0.0,0.0,0.0,0.0,0.0,0.0,0.0,17551027.519133635,431.237630810145,0.2610507777564118,14605342.461034272,1061.7188875448824,0.6743639388638106,0.0,0.0,0.0,0.0,0.0,0.0,4986.216939906077
Steel,2,2,4999.88,-0.002,1.4357403427362443,0.0861009799838066,0.0122137145682164,0.3208492432230225,0.1035796254873275,0.5646768263814729,0.4007771636866109,0.1176731503009796,0.8143986222238344,0.0,0.0,0.0,0.0,0.0,0.0,0.0,0.0,0.0,0.0,0.0,0.0,367310594.4274532,602.1841854479983,0.2425677729740441,311949808.3971281,487.8278638362393,1.0630384258691177,0.0,0.0,0.0,0.0,0.0,0.0,5025.060065479012
Steel,3,4,5000.13,0.003,1.1644974127411842,0.0864861194491386,0.0188669656060384,0.4867033499229662,0.0524210010468959,0.1544258577276045,0.2137321924871208,0.0412265872955322,0.4285390712349585,0.3639949354977856,0.0959946644306183,0.8436117657441689,0.0,0.0,0.0,0.0,0.0,0.0,0.0,0.0,0.0,20272601.836939503,180.7270457678572,0.1211934300896689,17289150.41726733,658.4718909398998,0.5380900893257856,13032325.933855794,218.77557817063845,0.7180349236591905,16646223.236221692,188.87478762856568,1.0014245092022869,4997.896213916893
Steel,3,4,5000.14,0.003,1.3142257869243623,0.1063710137605667,0.0407752760682456,0.4030277397325733,0.02,0.3689314837374603,0.3757363952016456,0.105009599328041,0.6460258414873561,0.4737012480244313,0.1028432834148407,1.013939427814529,0.0,0.0,0.0,0.0,0.0,0.0,0.0,0.0,0.0,28929905.965353336,321.3757969736073,0.1570831572729479,23219141.724138957,548.929505560305,0.5771091568643845,22168137.6746717,578.2695057103438,0.8407390058556683,31864028.115474764,564.320611001964,1.1434640377397058,4993.4178952360835
Steel,3,2,4999.85,-0.003,1.1842355459928513,0.0572536074519157,0.0089109112821785,0.3353043326164952,0.0914537423849106,0.2063927571968016,0.235383457979026,0.0339771843701601,0.6352971629299805,0.1867362487726504,0.02,0.8511093543087718,0.0,0.0,0.0,0.0,0.0,0.0,0.0,0.0,0.0,26906457.089052796,578.6951472195672,0.2670257181651116,21731101.087697227,202.67237837841097,0.9580649991217364,0.0,0.0,0.0,0.0,0.0,0.0,5027.421264369403
Steel,3,4,4999.85,-0.003,1.019885776937008,0.0939591192007064,0.0589166255517966,0.4026637582171471,0.0569448083639144,0.2939789913892193,0.1976760204868902,0.0954612118005752,0.3750523415129455,0.2592011511454194,0.0876514559984207,0.6790622885178722,0.0,0.0,0.0,0.0,0.0,0.0,0.0,0.0,0.0,11878589.383505683,456.4459956923943,0.1336889953802326,17055500.217277274,206.8491537394065,0.5018217479127975,11909499.832115354,209.14123538101052,0.6642861446751341,11797008.033333557,241.34486394418087,0.8768941553520186,5011.865905622444
Steel,2,2,5000.15,0.003,0.6140577688813209,0.0594757980108261,0.0294064508340979,0.2740884412959795,0.0781970435380935,0.3047209285892355,0.4557863294743557,0.0944393181800842,0.4726160134909836,0.0,0.0,0.0,0.0,0.0,0.0,0.0,0.0,0.0,0.0,0.0,0.0,41616742.75649981,771.7389438029797,0.1109028685144057,34476749.992726795,307.67594956716704,0.5200310514361701,0.0,0.0,0.0,0.0,0.0,0.0,4971.514504861443
Steel,2,2,5000.16,0.003,0.4352479416877031,0.0691796764731407,0.0265114030020823,0.2682334021004348,0.0950346279144287,0.1125909501257538,0.3888120678958336,0.097671353816986,0.2641884625734396,0.0,0.0,0.0,0.0,0.0,0.0,0.0,0.0,0.0,0.0,0.0,0.0,19707812.963968944,247.56353827523824,0.058192228198158,21180885.849720787,142.56893029208862,0.3211397993623236,0.0,0.0,0.0,0.0,0.0,0.0,4952.407670663762
Steel,1,4,5000.2,0.004,1.0930189400911332,0.1099618400335312,0.0150964233836085,0.4330690786755597,0.1026790207624435,0.202673111209962,0.0,0.0,0.0,0.0,0.0,0.0,0.0,0.0,0.0,0.0,0.0,0.0,0.0,0.0,0.0,33207523.99911948,320.3041267999927,0.1592748362407924,26276348.69205538,363.903800742488,0.6422968514192927,23866064.17655946,573.9550335431403,0.779971778688511,31685189.83662224,359.1226593014778,0.9416913814540948,4973.029204973932
Steel,1,4,5000.2,0.004,1.039689575135708,0.0697123071551323,0.01428971939287,0.657149592163969,0.1202286863327026,0.4567569166103896,0.0,0.0,0.0,0.0,0.0,0.0,0.0,0.0,0.0,0.0,0.0,0.0,0.0,0.0,0.0,37169640.57502076,318.0883987417532,0.1452904028981854,51819339.26622025,888.0126574905024,0.4099520172028877,43816317.38037029,606.2761617993572,0.6646404218928889,48553600.95490899,1099.9999999999995,0.9355712546520571,5016.12525585102
Steel,4,2,4999.79,-0.004,0.5350355736911296,0.0649840524196624,0.0095450804326611,0.4243808498295094,0.1031538397073745,0.0763153127142547,0.4451503050479585,0.0337698443233966,0.2150630484775947,0.2081757373399383,0.049770633727312,0.2863950962834632,0.209670908613013,0.1040161198377609,0.4661972788916428,0.0,0.0,0.0,0.0,0.0,0.0,35658459.043419495,178.17915120405002,0.0642924645558251,52928533.47492997,391.3703379451661,0.4535692844434367,0.0,0.0,0.0,0.0,0.0,0.0,4957.593893950545
Steel,2,2,5000.21,0.004,0.6609344363212586,0.0861731386184692,0.0158165829104466,0.282471064759566,0.0943651795387268,0.1036358506366873,0.3481796163591668,0.0701902174949646,0.2577178715034772,0.0,0.0,0.0,0.0,0.0,0.0,0.0,0.0,0.0,0.0,0.0,0.0,20712177.8384273,487.509179691028,0.0780385790261864,18737570.302761484,419.9338940501524,0.5045640703030475,0.0,0.0,0.0,0.0,0.0,0.0,4959.305890901512
Steel,2,2,4999.78,-0.004,1.1505000278353692,0.0886877893805504,0.0051175899066831,0.1338261369827646,0.1457379347085952,0.6877449281045225,0.3559847710222043,0.1093166142702102,1.0354400250518323,0.0,0.0,0.0,0.0,0.0,0.0,0.0,0.0,0.0,0.0,0.0,0.0,33890388.679729424,310.27345554132086,0.242766812832497,32420137.54911056,911.075929131606,1.01639798852754,0.0,0.0,0.0,0.0,0.0,0.0,5049.3904873477
Steel,6,4,4999.77,-0.005,1.2468896090984345,0.085882582783699,0.0287720948431685,0.1319204647089691,0.0525557008385658,0.2391195267367264,0.3502844927441419,0.1117571532726287,0.3802256959334668,0.3678724242577111,0.1224302738904953,0.5433878656861825,0.2211563280352628,0.0875807732343673,0.6858059997067361,0.2242562330959376,0.0915095633268356,0.91121471510674,0.3076927636827767,0.1275039511919021,1.0577749153689335,36813258.69573247,733.0218564426102,0.1300955912449549,35207976.15424728,485.4570444145792,0.3169680686875815,39503546.51892257,406.35624986043575,0.4789009449845961,42803669.335456856,897.4055431839286,1.1152949275867234,4975.12376184297
Steel,2,4,5000.27,0.005,0.5528673835098743,0.1086355786323547,0.0148214407760927,0.2301373749066338,0.1431226724386215,0.0557892973066934,0.4946570218497649,0.0905632883310318,0.3248833977433352,0.0,0.0,0.0,0.0,0.0,0.0,0.0,0.0,0.0,0.0,0.0,0.0,18094400.04402893,309.8285324006169,0.0678463117078476,14109511.896101693,473.024262779031,0.1947055005522753,16340208.756332288,459.38692879693946,0.2290986432604257,16625181.06090279,1099.9999999999995,0.4516245168461752,5030.727158871907
Steel,2,2,5000.27,0.005,1.5832589894533158,0.0734285593628883,0.0270318085394982,0.3782756649391042,0.0567433524131774,0.3383773150253418,0.3298117548659043,0.0878607070446014,1.037888617238235,0.0,0.0,0.0,0.0,0.0,0.0,0.0,0.0,0.0,0.0,0.0,0.0,46154808.72916717,324.7267411194363,0.2087636045053228,37799767.31471749,505.9233444757575,1.1726048072971298,0.0,0.0,0.0,0.0,0.0,0.0,5047.561876356713
Steel,5,4,4999.73,-0.005,1.7543113797903065,0.0631784276366233,0.0256254719419504,0.323951218043725,0.1168141788244247,0.5095614474102247,0.3384947059427861,0.0673479405045509,0.7586094306224829,0.1702417290157903,0.1161352694034576,0.898198572137184,0.2561168579616034,0.0345652501285076,1.161726383327183,0.2861270051761556,0.124652310013771,1.3231863059607387,0.0,0.0,0.0,80378796.38012758,320.10561464774884,0.2240263549697538,68111463.53104761,599.3440334839502,0.5458992056684986,90413312.09802212,486.1889100193157,0.6379212399262124,91472798.15178032,304.2436013852377,1.458855543062984,5048.148601180778
Steel,2,4,4999.71,-0.006,0.5553388610482216,0.0698724856972694,0.0204700665507668,0.2346924995702914,0.0889471542835235,0.222201128932626,0.3591251736561474,0.0740658676624298,0.3979672780217539,0.0,0.0,0.0,0.0,0.0,0.0,0.0,0.0,0.0,0.0,0.0,0.0,6822832.513329458,442.7960329158282,0.0838031851503602,7451285.773573203,518.7785420070318,0.2733445301569303,7360120.309170644,688.9850675517073,0.3637806178034565,7692600.770336968,361.1508667253041,0.4816558049254579,4966.296414818187
Steel,1,4,5000.32,0.006,1.3613588839769364,0.0678254674077034,0.0138910255274043,0.2875162323393916,0.0891619765758514,0.629367885016809,0.0,0.0,0.0,0.0,0.0,0.0,0.0,0.0,0.0,0.0,0.0,0.0,0.0,0.0,0.0,8490803.98368986,652.4182100395053,0.178947336153761,8697027.743186327,1099.9999999999995,0.4726994788752664,6493413.43142183,1020.114765060204,0.6063282618675042,6493413.43142183,222.0398012415841,1.0520264859293331,5031.787936296459
Steel,2,2,5000.33,0.007,0.7792327329516411,0.1068685956001281,0.0055741837612548,0.2908690834456415,0.1160389387607574,0.3239857787616609,0.4726125210445508,0.1046369224786758,0.701299459656477,0.0,0.0,0.0,0.0,0.0,0.0,0.0,0.0,0.0,0.0,0.0,0.0,44730625.91074032,581.2450633029108,0.2218022018239345,45209502.6845283,1099.9999999999995,0.691298459656477,0.0,0.0,0.0,0.0,0.0,0.0,4990.256929936286
Steel,3,4,4999.67,-0.007,1.0964672043919563,0.1029104293584823,0.0085821268305211,0.1999960655481363,0.1142522114515304,0.398790188336996,0.3976729646641128,0.0678398334980011,0.7228311307627864,0.280920761409227,0.0982987350225448,0.8409774212475378,0.0,0.0,0.0,0.0,0.0,0.0,0.0,0.0,0.0,19753148.82942206,524.2436086773739,0.1421209753853559,14104605.454025956,223.6687065057505,0.4609482833473228,13591823.531033073,274.9793645512858,0.7362880024724395,18721085.677875984,451.611027605654,0.965262024477642,4964.66737685522
Steel,6,2,5000.33,0.007,1.2702386528253555,0.0907601696252823,0.0305286405389951,0.3393711693622257,0.0796689450740814,0.2791036331923391,0.3010549620969384,0.1038462549448013,0.4434700146492489,0.2143341987160396,0.0705703058838844,0.5926439845764534,0.2485159363676038,0.0801097166538238,0.8158534570178821,0.3129916164642274,0.0680964168906211,0.9620336224965108,0.2407462478894801,0.0957716208696365,1.054953164197452,133208038.51265112,828.5341680803215,0.1832985112139125,138902698.5929218,815.8941265464205,1.11836470474648,0.0,0.0,0.0,0.0,0.0,0.0,5046.3871262500015
Steel,2,4,4999.65,-0.007,1.2112666785717012,0.0767659480571746,0.0550010206559555,0.3745465176389639,0.0362530994415283,0.5503874486152129,0.2860642795594363,0.1191865068674087,0.8048023842322449,0.0,0.0,0.0,0.0,0.0,0.0,0.0,0.0,0.0,0.0,0.0,0.0,7608590.609745759,517.8864081364862,0.1549249638491601,9419637.203941427,125.72481742328448,0.412039793718882,11321426.463181756,792.83058063475,0.6982483590577611,11679383.942760628,609.9925409807481,1.0560298718784529,5028.623532284819
Steel,1,2,4999.64,-0.007,1.021394968032837,0.0721824845671653,0.0151712282190638,0.1917403348390707,0.0795660281181335,0.4884262680381886,0.0,0.0,0.0,0.0,0.0,0.0,0.0,0.0,0.0,0.0,0.0,0.0,0.0,0.0,0.0,12424865.6057208,285.37353308363816,0.3986288034229289,13369645.751521474,631.522427838343,0.8854349453317054,0.0,0.0,0.0,0.0,0.0,0.0,5027.414254543799
Steel,3,3,5000.4,0.008,0.9231645077466964,0.050013530999422,0.0051110803882504,0.289297054495476,0.0833607712388038,0.276197325948922,0.3659605436980653,0.0298118797689676,0.5234091364329214,0.3999898101273287,0.0339063446968793,0.6591486225275361,0.0,0.0,0.0,0.0,0.0,0.0,0.0,0.0,0.0,34401358.09988305,589.423673204599,0.1433390246690402,28949424.338396464,84.69761982303062,0.6982637896902155,29874807.035571832,558.5558644323777,0.8308480560488622,0.0,0.0,0.0,5029.911098823465
Steel,1,2,5000.42,0.008,1.1707580223679543,0.0803727794885635,0.0328968652914653,0.3350903599077958,0.0473896543681621,0.288207461484939,0.0,0.0,0.0,0.0,0.0,0.0,0.0,0.0,0.0,0.0,0.0,0.0,0.0,0.0,0.0,13396031.88791057,297.8396863345004,0.2541233206860211,19031047.9413158,483.980664318132,0.9376160561358088,0.0,0.0,0.0,0.0,0.0,0.0,4981.6419598427965
Steel,3,4,4999.57,-0.009,0.8872311159968377,0.1116093980073928,0.013394509810433,0.2544614063610146,0.0379066301882267,0.1791193232602345,0.1656403966217015,0.15,0.3168291312206852,0.3515981051632175,0.084031203687191,0.6054270033039141,0.0,0.0,0.0,0.0,0.0,0.0,0.0,0.0,0.0,13086143.805680187,683.7309456429334,0.1010185196313656,16473828.215346225,301.60312835786993,0.338215835804085,11880277.539576989,579.7900042863159,0.4514835768105899,15073858.30651822,924.7836389321112,0.7079371265577258,4968.8775180374505
Steel,3,3,4999.57,-0.009,1.6414148658514025,0.0606304208040237,0.0305208943687321,0.2048639853290008,0.0266555392742156,0.5182878133357276,0.3093399062265009,0.02,0.9292201160491982,0.3827353538848668,0.0409176310896873,1.2756225457564558,0.0,0.0,0.0,0.0,0.0,0.0,0.0,0.0,0.0,16969007.85358961,600.7159631251496,0.2266493195491264,14307344.574366398,653.8038733406016,0.7643443907347072,12717552.110249652,681.8079513337268,1.4316872866225083,0.0,0.0,0.0,4984.560460833335
Steel,3,2,4999.56,-0.009,0.9419288590550424,0.0765324682593345,0.0138665917985899,0.217507969982745,0.1178790694475174,0.1653372848748028,0.2252628580909695,0.0430538862943649,0.3582307538287915,0.3285654278520462,0.1090957170724868,0.7442590405443327,0.0,0.0,0.0,0.0,0.0,0.0,0.0,0.0,0.0,24049429.319238845,129.01197658544217,0.1244220722884099,24888561.99665496,645.8466533387018,0.8172125736994681,0.0,0.0,0.0,0.0,0.0,0.0,4994.805803438181
Steel,5,2,4999.55,-0.009,0.7009219355881214,0.0788518747091293,0.0019462054376527,0.2774026177953281,0.0557047179341316,0.1149119844359495,0.2669459462003081,0.0768158587813377,0.2315137996358921,0.2651302674335836,0.0908851963281631,0.3713038924721719,0.161890431686652,0.0705860471725463,0.4779280567572105,0.3336910583277982,0.1330540668964386,0.6102180222235026,0.0,0.0,0.0,38660435.112177536,768.5331173423498,0.085679735910939,38374834.57388643,221.1096900167572,0.5866029532457582,0.0,0.0,0.0,0.0,0.0,0.0,5003.285808011466
Steel,6,4,4999.52,-0.01,1.1705851763486863,0.0749952578544616,0.0170462938993715,0.4897043817050281,0.0865629088878631,0.1698702009407466,0.2580898300236548,0.0996410256624221,0.2793815862182054,0.3608892367326242,0.0564830574393272,0.4774146554126136,0.2999659806806666,0.1093686693906784,0.6348595931302722,0.4766849288086988,0.078404186964035,0.8350834469618729,0.5366348627610229,0.062433775961399,0.9985020701478556,47150786.88104103,779.619837008472,0.1337565938105124,46278087.16644948,973.5144733485422,0.6878507764633636,46284720.40985586,346.4142927699372,0.7413696055479098,49207279.36503317,116.35955040709364,1.03687232351218,5024.900617854426
Steel,3,3,5000.5,0.01,1.0204998075962068,0.0833619269132614,0.0152607137541884,0.2055830747474591,0.1368064367771148,0.378556937532285,0.2255071404989736,0.1172702848911285,0.6239336087581481,0.3766290529640045,0.0911351197957992,0.8130268951052037,0.0,0.0,0.0,0.0,0.0,0.0,0.0,0.0,0.0,20295284.360335223,448.05456987300414,0.1679013046067476,24833443.06814574,833.7466919353192,0.4995533188706472,22852040.66563358,567.067716077319,0.8685787092327999,0.0,0.0,0.0,4978.164755017992
Steel,1,3,5000.5,0.01,0.6025981605052948,0.0935040090084076,0.0399687276851213,0.3544578024331664,0.1311857080459594,0.2483161799836725,0.0,0.0,0.0,0.0,0.0,0.0,0.0,0.0,0.0,0.0,0.0,0.0,0.0,0.0,0.0,15508551.012372302,438.2570077596499,0.1087148825282418,10144228.77351434,629.263417596394,0.3311614257733521,11552473.908971092,542.152399208763,0.4930979652907493,0.0,0.0,0.0,5013.708636798184
Steel,3,2,5000.5,0.01,0.2819057521410286,0.0881501565575599,0.0128401182531548,0.4962065351695,0.0736109858751297,0.0315333314636242,0.3770504713576831,0.076261763870716,0.1165081393346451,0.4950413205840087,0.1498052698373794,0.2424341781498307,0.0,0.0,0.0,0.0,0.0,0.0,0.0,0.0,0.0,57724897.488484025,601.3435839979572,0.0473835209912123,56105614.22686216,304.0618206619652,0.2527423212063033,0.0,0.0,0.0,0.0,0.0,0.0,4950.2634324429555
Steel,3,4,4999.47,-0.011,1.6482914358377458,0.0828025504350662,0.0156097726661636,0.4869356714271214,0.0863503104448318,0.2826262465757264,0.4369930791937867,0.081520028412342,0.6650982886328765,0.2336302657788517,0.0458931413292884,1.0509200948959774,0.0,0.0,0.0,0.0,0.0,0.0,0.0,0.0,0.0,29233953.595290277,550.7291732171121,0.1827172195160852,26020188.12212865,310.6416550185885,0.4938523693921307,20316455.671162628,1099.9999999999995,0.8294616328469357,19300215.93939475,509.750500921899,1.369835745553081,4964.463676947376
Steel,1,2,4999.46,-0.011,0.9995475620031358,0.0512442946732044,0.0062187475153439,0.354864384890919,0.0864753341674804,0.2981120570426706,0.0,0.0,0.0,0.0,0.0,0.0,0.0,0.0,0.0,0.0,0.0,0.0,0.0,0.0,0.0,52187226.864079095,585.2179443388931,0.1132717604302119,42852655.81745997,686.7057408984949,0.6574360789241586,0.0,0.0,0.0,0.0,0.0,0.0,4970.711457900755
Steel,1,2,4999.45,-0.011,1.1676940441131594,0.0630580334663391,0.0154875910487857,0.3261961999075987,0.1070453357696533,0.5732238969834575,0.0,0.0,0.0,0.0,0.0,0.0,0.0,0.0,0.0,0.0,0.0,0.0,0.0,0.0,0.0,42669645.26196257,828.4033185141797,0.189214062711139,48519439.89985607,130.5032836822189,0.8395632490935474,0.0,0.0,0.0,0.0,0.0,0.0,5031.5749772203035
Steel,4,4,5000.57,0.011,1.0588229954242707,0.1196898108720779,0.0165612701913495,0.2135434395476125,0.114543969631195,0.2003152916756106,0.3287823463666447,0.0818157655000686,0.4970681036795126,0.2178980693925549,0.02,0.7068660188080782,0.3286279435161307,0.1180212640762329,0.9455460025283604,0.0,0.0,0.0,0.0,0.0,0.0,24856599.115308996,684.9992055386606,0.1125917160800796,21923689.35428483,411.2988563344263,0.2120731632605383,28452503.94788329,674.6409435565755,0.5533823068408252,28488890.136931565,676.1714473764509,0.9141684635814328,4962.4973771932655
Steel,3,4,5000.59,0.012,0.2813498985022306,0.0715059978961944,0.0327045098043219,0.2872434032238636,0.0570005130767822,0.0394043173164786,0.3191703601822707,0.0809543919563293,0.1217126257341736,0.3132513437609852,0.059444240629673,0.2228072391955305,0.0,0.0,0.0,0.0,0.0,0.0,0.0,0.0,0.0,10129386.210101385,457.60467120287456,0.0530747696009129,9040747.831009123,383.7773885929344,0.154617570160273,9886292.671415582,444.7428126105767,0.1954048617419472,7807258.154339987,646.093163519927,0.2480949385129677,4975.779242277285
Steel,2,2,4999.33,-0.013,1.296397450566292,0.1094282698631286,0.0178922021922014,0.2370014508891753,0.0964531880617141,0.5096236722664658,0.3345409212825754,0.15,0.9750303881893294,0.0,0.0,0.0,0.0,0.0,0.0,0.0,0.0,0.0,0.0,0.0,0.0,40493409.80265675,671.4458789587499,0.3104557439655799,37314114.73783563,247.97030081112,1.0471401551582011,0.0,0.0,0.0,0.0,0.0,0.0,4990.064880333341
Steel,1,4,4999.32,-0.014,0.9417285561561584,0.0784094095230102,0.0209310076901078,0.4528514264629461,0.1188759583234787,0.4268490468942512,0.0,0.0,0.0,0.0,0.0,0.0,0.0,0.0,0.0,0.0,0.0,0.0,0.0,0.0,0.0,12881613.820395874,398.847083344216,0.1690132744491752,15472987.399286063,571.7706662863778,0.3972668772395273,12081970.428281268,361.59349557596914,0.4756664061258305,14562108.05264671,90.75789476679992,0.7433651389976808,5033.639539183374
Steel,2,3,4999.31,-0.014,0.4758443992584944,0.1013383690118789,0.027519534490802,0.359900590444022,0.0755215513706207,0.0690882174872162,0.4683298383681223,0.1167408227920532,0.3232922063563875,0.0,0.0,0.0,0.0,0.0,0.0,0.0,0.0,0.0,0.0,0.0,0.0,24097305.46638695,153.15541670330148,0.0562110847455977,26897696.00615626,234.71943071834923,0.1832111102267769,26091443.538059674,314.7019745673357,0.3761894819237019,0.0,0.0,0.0,5012.846696323289
Steel,3,2,4999.3,-0.014,0.3360058704391122,0.0796870291233062,0.0068908426121924,0.3591755896140357,0.0856889671087265,0.0533814770018848,0.2346673706971243,0.0795412442088127,0.1517090145489831,0.3909378999013002,0.15,0.2816957508638149,0.0,0.0,0.0,0.0,0.0,0.0,0.0,0.0,0.0,43616786.24351223,301.46846851334163,0.0662910320316617,32986638.57313304,269.25661498602136,0.302405283059195,0.0,0.0,0.0,0.0,0.0,0.0,5041.995189578151
Steel,2,3,5000.7,0.014,0.8513917282223702,0.0941471692323684,0.0210832210678808,0.3279724538728833,0.02,0.2926138068766836,0.4651046866419379,0.0668792352080345,0.5999629986368399,0.0,0.0,0.0,0.0,0.0,0.0,0.0,0.0,0.0,0.0,0.0,0.0,15499164.961906211,549.0262527160544,0.1021463385979543,15377740.831577985,538.339450830947,0.4972686769134681,14822302.09454961,780.6278425140364,0.7345380847334607,0.0,0.0,0.0,4971.874980642615
Steel,1,3,5000.7,0.014,1.0827058494091033,0.0657329304814338,0.0094235684785529,0.409219633712002,0.1101660162210464,0.5963980155372391,0.0,0.0,0.0,0.0,0.0,0.0,0.0,0.0,0.0,0.0,0.0,0.0,0.0,0.0,0.0,15208625.831787487,331.84099562502706,0.3079183949145664,20623346.21068536,622.2472032275275,0.6913030383384328,21547257.225884024,715.9926249278099,0.9284327312786192,0.0,0.0,0.0,4962.153546437428
Steel,1,3,4999.29,-0.014,1.173418638110161,0.0787159324288368,0.0157719181744886,0.3415894974200083,0.0890797871351242,0.4546122286128684,0.0,0.0,0.0,0.0,0.0,0.0,0.0,0.0,0.0,0.0,0.0,0.0,0.0,0.0,0.0,14877664.980105763,222.68094061441636,0.2879639014484125,18845850.718230307,443.3872967057638,0.747579069417613,17371184.14120844,537.1086478826173,0.9893970381146868,0.0,0.0,0.0,4970.69130158524
Steel,3,4,5000.75,0.015,1.4460951149463654,0.1078226841688156,0.0328853886153711,0.2910213880851099,0.0956355321407318,0.5378491946394195,0.2113408277434617,0.1354635494947433,0.7697076678707205,0.2387985821506626,0.0671666347980499,0.9049807921117446,0.0,0.0,0.0,0.0,0.0,0.0,0.0,0.0,0.0,28252361.73667921,752.2046135346545,0.193393236748721,16940749.34464291,337.4606701286147,0.2740422815367671,21500810.12421685,546.2901481170445,0.4981370099696938,20700143.770987254,421.639074350713,1.223444758922127,4961.726424263488
Steel,2,3,5000.78,0.016,1.3116241097450256,0.1281379107236862,0.0517833497197737,0.4947037996303217,0.0610839614272117,0.6605978452213073,0.2222597544127656,0.1338988584280014,1.0655136332690702,0.0,0.0,0.0,0.0,0.0,0.0,0.0,0.0,0.0,0.0,0.0,0.0,23307180.282039568,152.9554361433309,0.2246010295667309,24033920.073814318,665.2978911592324,0.7692483862885185,22517246.12006941,539.7334655915585,1.1777657353776014,0.0,0.0,0.0,5024.743883176309
Steel,1,4,4999.22,-0.016,0.7908139675855637,0.0713348205685615,0.0209717640008557,0.2011413087104434,0.0601541832089424,0.2759916475155883,0.0,0.0,0.0,0.0,0.0,0.0,0.0,0.0,0.0,0.0,0.0,0.0,0.0,0.0,0.0,3584300.236618122,225.7445216097896,0.1343452352555511,4235133.226976107,373.6191656562344,0.3772910682544941,3356123.678182475,1090.1616596246624,0.5304198824421503,3342781.052146309,243.1213218335359,0.6589339076469927,5029.995062342224
Steel,2,4,5000.79,0.016,0.3038820518180728,0.1151247435808181,0.0171825025504467,0.3459888977837004,0.0888049751520156,0.0731682438307661,0.3925791264573101,0.0884658575057983,0.2285022919457836,0.0,0.0,0.0,0.0,0.0,0.0,0.0,0.0,0.0,0.0,0.0,0.0,15635562.740338651,653.2216760437193,0.0960416060822859,13522590.447340785,319.28754979332,0.2013481704085914,12327597.50006515,813.747313534102,0.2086565259695465,15025001.36574198,412.8585226685315,0.2652711821325608,4958.036856068745
Steel,1,3,4999.2,-0.016,1.2830134898424148,0.0946938160657882,0.0293231768832269,0.6811670758408259,0.0989748626947403,1.071617068669198,0.0,0.0,0.0,0.0,0.0,0.0,0.0,0.0,0.0,0.0,0.0,0.0,0.0,0.0,0.0,48281881.4430903,506.6487073711687,0.2661294889509963,50629123.23493074,477.66503026238576,0.7067595924430884,62435614.63576421,457.0691577404857,1.1469760673554594,0.0,0.0,0.0,5018.493072669199
Steel,1,3,5000.8,0.016,0.6682113364338875,0.0949910583496093,0.0152061465089105,0.4198356059470201,0.0807254943251609,0.2518097649330628,0.0,0.0,0.0,0.0,0.0,0.0,0.0,0.0,0.0,0.0,0.0,0.0,0.0,0.0,0.0,11878083.785734242,466.67187985844186,0.1066498454028571,12652222.915966596,887.0045516594529,0.3232799671322345,13052948.952805592,599.584902894474,0.5296230798877132,0.0,0.0,0.0,4985.220541342324
Steel,2,4,4999.18,-0.016,1.26312158703804,0.096349609375,0.0217095591642968,0.3207085246515584,0.0765483576059341,0.3236041461080576,0.3539184078208193,0.1226791900396347,0.922998651290013,0.0,0.0,0.0,0.0,0.0,0.0,0.0,0.0,0.0,0.0,0.0,0.0,32755097.19138849,615.9937477533725,0.1474767321026267,27311878.718801547,568.4886806653067,0.1974877847577638,22707344.89623332,222.17777343260303,0.5161436779076598,26634633.59752518,316.6212162667151,1.0235982741940373,5046.797573764951
Steel,1,3,5000.86,0.017,0.4868279919028282,0.0767817416191101,0.0082918982801076,0.2451563443480995,0.1239347118139267,0.290274104244372,0.0,0.0,0.0,0.0,0.0,0.0,0.0,0.0,0.0,0.0,0.0,0.0,0.0,0.0,0.0,5634642.563094963,127.46053806571292,0.1023673868235207,7508393.341986291,212.39680304782144,0.273502054317829,4857363.052312383,948.2326758657769,0.4274322641077325,0.0,0.0,0.0,5032.38175527093
Steel,2,3,5000.87,0.017,1.609167367219925,0.0807366281151771,0.0207620707250456,0.2129879323214092,0.0402181394398212,0.7221655489434822,0.3191612459306081,0.1330959248542785,1.2368608581663416,0.0,0.0,0.0,0.0,0.0,0.0,0.0,0.0,0.0,0.0,0.0,0.0,23478521.168582287,253.00211361830404,0.2531216440836223,19632014.56797587,710.3647062512842,0.9388665891353344,19012491.093749944,840.3362636495066,1.3717402408259998,0.0,0.0,0.0,5034.123792982847
Steel,2,4,5000.87,0.017,0.7917512506246567,0.094068302989006,0.0241467149297754,0.2745524273349808,0.0467278577387332,0.4505968672358457,0.6547091292940427,0.1307617509365082,0.5632266907711541,0.0,0.0,0.0,0.0,0.0,0.0,0.0,0.0,0.0,0.0,0.0,0.0,41335805.7488625,219.99291816658877,0.2163245940211653,36441549.25823783,799.510067015008,0.4013292541426456,40222161.50203058,44.99999999999999,0.5078324381782092,31897472.581729867,660.7847688521401,0.6851465459252062,4981.044006943972
Steel,3,4,4999.12,-0.018,1.2073172986507417,0.0494429483711719,0.0175015537043705,0.3207643095845817,0.0655847069621086,0.391030564515661,0.2663666201284945,0.1243567240238189,0.6264670488436319,0.3561964929675626,0.0565387117862701,0.8721249921342593,0.0,0.0,0.0,0.0,0.0,0.0,0.0,0.0,0.0,31215006.1656786,573.5115712740766,0.1593846428217841,23730653.32756788,596.8595714129782,0.6868986104578616,25453894.035062157,663.547206519981,0.7712073722721262,23796222.43179086,538.347553501779,1.044867369898412,4996.940534701765
Steel,2,3,5000.89,0.018,1.2139538139104844,0.1003589650392532,0.0254679176853553,0.2260534964487916,0.1030305594205856,0.2190183567475964,0.317270326656148,0.0956435132026672,0.6269009955081204,0.0,0.0,0.0,0.0,0.0,0.0,0.0,0.0,0.0,0.0,0.0,0.0,17105257.393452834,553.2704303535502,0.1732521977831232,16739281.555912456,940.406360385918,0.7025282961363396,19621792.558818556,663.1191624002896,0.9825099960757564,0.0,0.0,0.0,4953.899403145904
Steel,5,2,4999.1,-0.018,0.6504977069795133,0.0974152092933654,0.0086297220202751,0.1961755353304897,0.1204995775222778,0.0779496474656872,0.2502989286810235,0.1038672071695327,0.2314095534175617,0.2425425887080954,0.1012143176794052,0.3824210021594569,0.2842388916295019,0.0766347932815551,0.5141574797982622,0.2077150214000289,0.0238351409509778,0.5779671102080827,0.0,0.0,0.0,26306082.806058947,540.5797016067911,0.1069778992560803,26476957.94470165,618.6033479002373,0.5633323971589849,0.0,0.0,0.0,0.0,0.0,0.0,5005.33542503512
Steel,6,4,5000.91,0.018,0.9385167628526688,0.0909568612575531,0.0252464810739945,0.3568596753252391,0.0595267283916473,0.1334796020536225,0.4101181592250096,0.1186182087659835,0.2882003255105315,0.4305261137476472,0.0947979235649109,0.4530136964160571,0.1557924385011695,0.0779821243882179,0.5895816056685894,0.2664789307604332,0.1083560508489608,0.7185999603885451,0.2219865878170281,0.0943999010324478,0.8378895473096968,32513318.183620226,405.5383662143074,0.108254057934828,31923374.63214316,310.3334023623964,0.2575403838371354,30575839.635890897,914.0123939035988,0.4018520700758495,30745707.56013402,471.32969980681713,0.8016954321171673,5040.970417101367
Steel,1,4,4999.08,-0.018,1.3087758719921112,0.0632488384842872,0.0212769139429076,0.2968422221089239,0.1071842837333679,0.3129066769822013,0.0,0.0,0.0,0.0,0.0,0.0,0.0,0.0,0.0,0.0,0.0,0.0,0.0,0.0,0.0,15141135.524898097,407.3734928994025,0.1925120704429637,11363251.533275902,683.6315608726509,0.7126432077063348,10529224.594496945,708.6992849229678,0.8463353761332678,10291975.732966904,908.5344708976744,1.0569156768648025,5014.541384192625
Steel,4,3,4999.07,-0.019,0.844936715066433,0.0476830347776413,0.0152936062624239,0.5480621880732908,0.1190729355812072,0.1265928613561574,0.3060534425907764,0.1084884512424469,0.3067783709451719,0.270894754844442,0.0468718345463275,0.4444731622888436,0.5134406730599594,0.15,0.6679553592957604,0.0,0.0,0.0,0.0,0.0,0.0,72328223.46481098,194.69454991830844,0.08449367235158,78869170.03853516,573.2870742306684,0.4998431888489447,84389020.60591747,1096.0885934489022,0.748000162275532,0.0,0.0,0.0,4967.3041796649695
Steel,1,3,5000.94,0.019,0.6196669943630695,0.0711090428829193,0.0286633275498453,0.2544941050582874,0.0594486612081527,0.3362537432010678,0.0,0.0,0.0,0.0,0.0,0.0,0.0,0.0,0.0,0.0,0.0,0.0,0.0,0.0,0.0,4968093.413719432,541.9538067541613,0.1163029712134276,4681329.490775576,360.59155832944833,0.2147627808413759,5294223.80725168,218.75575964607768,0.4413417561398642,0.0,0.0,0.0,5015.529537240973
Steel,1,3,5000.96,0.019,0.9199505642056466,0.0642245141267776,0.009473508471561,0.2969985626979656,0.0446968847513198,0.6223287968001578,0.0,0.0,0.0,0.0,0.0,0.0,0.0,0.0,0.0,0.0,0.0,0.0,0.0,0.0,0.0,7760969.649310675,535.8219567955805,0.1351018709753158,5167426.091166717,812.0478858385778,0.3577074458390886,6691188.542388534,473.3569254583312,0.7512088378258396,0.0,0.0,0.0,5036.876675255257
Steel,3,2,4999.03,-0.019,0.9241326108574868,0.0932165424823761,0.0150369453342504,0.1773976113874631,0.0540961465239524,0.3663477705934018,0.2115708788129123,0.1040828430652618,0.5018122718807341,0.3715154800264916,0.0875545984506607,0.7201540313655395,0.0,0.0,0.0,0.0,0.0,0.0,0.0,0.0,0.0,31117721.728686776,430.1783357843056,0.131185244900893,28106354.240867637,736.1554255209728,0.7863269246366817,0.0,0.0,0.0,0.0,0.0,0.0,4980.779768931673
Steel,1,4,4999.0,-0.02,0.4307994447648525,0.0947358899116516,0.0041201807627726,0.2935956880865742,0.0907707494497299,0.1664932252192851,0.0,0.0,0.0,0.0,0.0,0.0,0.0,0.0,0.0,0.0,0.0,0.0,0.0,0.0,0.0,6073529.63650946,387.4358922856691,0.0655665537385117,6574699.712936644,835.2873294787714,0.2110823870735211,6632389.547087036,458.6547735635762,0.3093257746442887,7017604.254510772,483.1245314431121,0.3768228620305399,4972.551753224108
Steel,2,2,4998.99,-0.02,1.1872263610363007,0.0591578869819641,0.0095063204981028,0.221740225220711,0.1092695492506027,0.230061467953346,0.2521500409317571,0.1177669471502304,0.7529587138088435,0.0,0.0,0.0,0.0,0.0,0.0,0.0,0.0,0.0,0.0,0.0,0.0,24968574.691122465,549.0669439102621,0.1434367552245653,28382435.69185751,520.3037733822522,0.8995785794249581,0.0,0.0,0.0,0.0,0.0,0.0,4996.179483235136
Steel,3,2,5001.04,0.021,0.4357753839343786,0.0893231670856476,0.0233379352772379,0.1742853917488273,0.0634558594226837,0.0882085328136283,0.1998898530748178,0.1122937983274459,0.2196647782224414,0.2641616269070396,0.122889277935028,0.3903327898160213,0.0,0.0,0.0,0.0,0.0,0.0,0.0,0.0,0.0,21105099.599247973,508.9693979943967,0.05030877246712,20342255.452220198,184.352171206726,0.3747472405409141,0.0,0.0,0.0,0.0,0.0,0.0,5028.0815414939725
Steel,4,4,5001.06,0.021,2.0205482810735704,0.0948374816179275,0.023737826779374,0.2935339829045361,0.1177904796600341,0.7449376020161674,0.3837604798841002,0.0690156725049018,0.9417410248808538,0.2207748332548439,0.1263384914398193,1.2524822117347356,0.3352435460004485,0.0869421952962875,1.7158663399520366,0.0,0.0,0.0,0.0,0.0,0.0,35871298.42900613,347.92008952106005,0.2689740634757193,30773611.076634053,289.2829208010838,0.8411305652671638,36453514.47296831,418.239115831592,1.4694340573281568,31141811.311084226,333.6657910357975,1.8184934509456647,4993.478045366352
Steel,1,3,4998.9,-0.022,1.414761632680893,0.0710748108029365,0.033144611195122,0.5128255065234815,0.088451600074768,0.8053310389142087,0.0,0.0,0.0,0.0,0.0,0.0,0.0,0.0,0.0,0.0,0.0,0.0,0.0,0.0,0.0,35220582.68272575,651.1839710175508,0.257346092203767,31493228.12495485,550.1421151884456,0.617523889751104,32506307.828089923,341.1805156288919,1.0684182386004804,0.0,0.0,0.0,4978.001366879455
Steel,6,4,4998.86,-0.023,1.4345931082963943,0.1146743139028549,0.0219085892674301,0.2487100897736039,0.1274384289979934,0.161610283593267,0.2137793079394169,0.0365261389315128,0.3750351653329229,0.2823021027870643,0.0879449498653412,0.5247805817465032,0.2808482486639715,0.0442879948019981,0.6735829667663367,0.2622051560849632,0.0953484463691711,0.9083650431186464,0.1692824999392049,0.0378387233614921,1.1099038248777713,25216239.22319733,492.72537715701714,0.1829100483543509,34989597.776026465,474.0103094526408,0.7351194889745213,33303081.98521197,110.913666223335,0.8596361440022634,34995218.09230678,561.726137194334,1.2574203570192113,5008.464196622317
Steel,2,2,5001.15,0.023,1.3733744114637376,0.1453232274055481,0.0024780467345263,0.459472398547517,0.0986287170648574,0.2191481720713458,0.2344917616876024,0.0915247970819473,0.7538560678012396,0.0,0.0,0.0,0.0,0.0,0.0,0.0,0.0,0.0,0.0,0.0,0.0,53100023.40556216,234.62004175270403,0.1516673068188614,49615795.407803886,400.93171041613925,1.0919173644030828,0.0,0.0,0.0,0.0,0.0,0.0,4955.812010435197
Steel,4,4,4998.83,-0.023,1.0131627008318902,0.0663722311854362,0.029673173952619,0.4199690315480478,0.132400689125061,0.1429874641113386,0.3379177291701474,0.0535078105330467,0.3549205844428238,0.2233575970437945,0.064984426498413,0.5540778990631264,0.2506907532682964,0.1210923224687576,0.8317390956748292,0.0,0.0,0.0,0.0,0.0,0.0,44568053.642152525,244.9081959926325,0.1580861767257607,41202181.53307287,243.02133841004067,0.5911264316770808,48600692.58644804,245.967938307255,0.713562223746369,46007957.40432999,425.9533973861932,0.9046861768177252,5032.139756834501
Steel,6,2,5001.17,0.023,1.2292603075504305,0.112289672255516,0.0211758825877479,0.222781415800007,0.0333721675723791,0.2467928253440773,0.2419551874219038,0.0717535835504531,0.3995779843863338,0.431171613629198,0.1022532349824905,0.5567187812830955,0.2748165279650875,0.02,0.7656299633958563,0.3110813633165618,0.1274048542976379,0.8767068742984205,0.3158688141526275,0.1315702247619629,1.070914334344191,84226944.67596865,343.5882557056021,0.1832548963072313,88517485.97049943,763.6206372721647,1.0587617137722891,0.0,0.0,0.0,0.0,0.0,0.0,5012.592995969419
Steel,6,4,5001.19,0.024,0.9961592838168144,0.0806502882838249,0.0187387161789609,0.1856911187996886,0.0989194601774215,0.1283119512613585,0.2846682870522132,0.0559066000580787,0.2124832523185166,0.2995654841197394,0.1040430694818496,0.3873038333502067,0.2720950233895226,0.0903365331888198,0.5327339013804605,0.2788190821448535,0.1479505562782287,0.6554073411942719,0.4172847258681246,0.1193985241651535,0.8460776851259896,31920070.33921681,293.073948574003,0.1156363132074123,33046580.072684277,395.07359940004574,0.4417120072425781,39085906.85057184,161.63276241576895,0.5665560110750347,33103830.66996742,886.4803228484383,0.8611760162030405,4966.304777369932
Steel,3,3,5001.2,0.024,1.168011562526226,0.1033269020318985,0.0244424073460083,0.4537645853134233,0.0436200593411922,0.1703321675949716,0.192295873268242,0.0768018919229507,0.5530435950860783,0.3392866395261716,0.0771035102009773,0.8228667089221317,0.0,0.0,0.0,0.0,0.0,0.0,0.0,0.0,0.0,20649853.345076997,747.7769376497835,0.1432246615924509,18314442.007367518,389.83146118853153,0.6399695537245934,22998082.72957484,342.1604583923821,0.9878648389465948,0.0,0.0,0.0,5002.656447135262
Steel,2,2,4998.76,-0.025,1.0482065007090569,0.0608762578368187,0.020271754734452,0.1891223354500669,0.0390661622583866,0.2231447987716113,0.1366428124450898,0.0605784580111503,0.8654982204861003,0.0,0.0,0.0,0.0,0.0,0.0,0.0,0.0,0.0,0.0,0.0,0.0,6264919.350922998,375.0563130523166,0.160845422301969,5014774.579280446,710.7131543034471,0.831609818313674,0.0,0.0,0.0,0.0,0.0,0.0,4951.895368694397
Steel,6,4,5001.25,0.025,1.2778304249048231,0.0948633894920349,0.0144292134398599,0.3668102016262352,0.0623328775167465,0.1512358271205602,0.5032863915773287,0.0830486613512039,0.2956843443339217,0.2696500152307663,0.103013117313385,0.5007055987196454,0.2751641165625503,0.0790277829766273,0.7080644588843585,0.3617547592421193,0.0625421091914177,0.8423345074534329,0.3197418202812515,0.0798602348566055,1.045144825551723,37185685.29041989,102.50900641802012,0.1277830437683127,32582047.670299023,903.4177230075426,0.4443890595552763,30219964.870939,421.1884984186934,0.7666730775053721,36120766.691206485,808.9865107514405,1.1176238806425296,5038.974673706683
Steel,4,2,4998.73,-0.025,0.654564467817545,0.0853363887667656,0.011956430251204,0.2647754736188309,0.1019718366861343,0.1450404623651904,0.3089976905777373,0.1187320357561111,0.2747474575860695,0.2855731975497852,0.0239509385079145,0.421502054295472,0.4806754763918612,0.0741593196988105,0.5471766485575202,0.0,0.0,0.0,0.0,0.0,0.0,38506623.2347427,648.8847937401312,0.0768991736239159,42443068.70417899,251.3422009219587,0.5326805884786064,0.0,0.0,0.0,0.0,0.0,0.0,4994.128498622279
Steel,4,3,5001.28,0.026,1.3457498133182526,0.1244145488739013,0.015856217826191,0.2902097171083231,0.0461955305933952,0.3085120739755825,0.3005134538398198,0.0741359266638755,0.576306052405154,0.310757945462689,0.02,0.676937541457226,0.3134221205123265,0.0954747408628463,0.8889955337872463,0.0,0.0,0.0,0.0,0.0,0.0,28351679.810406864,357.1061143455518,0.1665932215990772,26166013.423667915,291.8994406370354,0.862589689804439,23814449.137463927,425.1229594231292,1.1570327178356976,0.0,0.0,0.0,5021.293590041062
Steel,3,4,4998.72,-0.026,1.0779665052890777,0.1111219981908798,0.0229276282914435,0.272882347233693,0.1074225223064422,0.1277374742766685,0.3536800343532166,0.0471235692501068,0.3358869902779233,0.2395872489739291,0.0591294342279434,0.5800359846271559,0.0,0.0,0.0,0.0,0.0,0.0,0.0,0.0,0.0,16543927.436033756,261.80488300572017,0.1448720306289939,18061641.94691588,409.3607150675018,0.3763086840457884,19615894.066068254,812.2878792036644,0.5006322213042528,17780282.529273268,350.9449957405837,0.9086696028000816,5041.305130316807
Steel,1,3,4998.71,-0.026,1.1218787118792537,0.0765758963227272,0.0292451477963273,0.2041361766761424,0.0625974303483963,1.009680840691328,0.0,0.0,0.0,0.0,0.0,0.0,0.0,0.0,0.0,0.0,0.0,0.0,0.0,0.0,0.0,9683528.519811664,711.0189654702609,0.4190486204784207,9884190.099016936,128.86066843645986,0.8856417107055886,11679347.26974498,734.8946530845707,0.999679840691328,0.0,0.0,0.0,4958.8090691842835
Steel,4,3,5001.31,0.026,0.6009206444025039,0.0812900671958923,0.0217076999011497,0.4593139555985343,0.030649791508913,0.0778395914779017,0.3014268591041282,0.0867699205875396,0.2043778731683009,0.3801205480932565,0.0478869132697582,0.3557169578836747,0.3342317981852285,0.1128897821903228,0.4981025157046113,0.0,0.0,0.0,0.0,0.0,0.0,22217726.976632327,171.62659982276847,0.0889408940140138,26955547.770923525,701.3033118767066,0.3137964811192089,20510626.667891204,1099.3915697603625,0.4847950987274152,0.0,0.0,0.0,4975.698247660208
Steel,3,3,5001.34,0.027,0.6334708578884602,0.0372999696731567,0.0143971181719443,0.2664936096195926,0.0736621963977813,0.1442363920454134,0.3742452097586151,0.0892942762374878,0.2999609111009347,0.2261103517545322,0.0512875778973102,0.459891936392583,0.0,0.0,0.0,0.0,0.0,0.0,0.0,0.0,0.0,25949416.831831016,768.247941600166,0.0682852390600515,18921696.55863515,388.4625330310032,0.2738724136435859,26670750.9227186,471.59009597645326,0.5514915834306187,0.0,0.0,0.0,4969.465077477394
Steel,1,3,4998.6,-0.028,0.9637603312730788,0.1315647581815719,0.0535960976077582,0.3131317951547319,0.0557196611166,0.6025160566747471,0.0,0.0,0.0,0.0,0.0,0.0,0.0,0.0,0.0,0.0,0.0,0.0,0.0,0.0,0.0,19418498.518387865,575.3035908476327,0.2089964918784103,17855873.543689452,933.8460502538242,0.3204153161042359,17685193.68242067,207.40365114670752,0.7222240175071926,0.0,0.0,0.0,4951.986668205775
Steel,1,2,5001.42,0.028,0.8998642578721047,0.1324099507331848,0.0209234566307738,0.3081067232356567,0.0905431497097015,0.4568230593490602,0.0,0.0,0.0,0.0,0.0,0.0,0.0,0.0,0.0,0.0,0.0,0.0,0.0,0.0,0.0,22202750.13067188,667.6856265207252,0.1321505551082674,21688232.63432454,504.8283020124263,0.6771038794166524,0.0,0.0,0.0,0.0,0.0,0.0,5014.600998976415
Steel,2,2,5001.42,0.028,0.3489770337939262,0.1171303312778473,0.0227364451448659,0.2043330637315649,0.1006433773040771,0.1108287880181805,0.2933406662433282,0.1226098477840423,0.2913719665989228,0.0,0.0,0.0,0.0,0.0,0.0,0.0,0.0,0.0,0.0,0.0,0.0,15647193.822435476,120.67849160207388,0.0651872923092077,19808492.18375801,227.8542308526881,0.3027674692898023,0.0,0.0,0.0,0.0,0.0,0.0,5021.916258418938
Steel,1,2,4998.54,-0.029,0.7840718701481819,0.082923240840435,0.0240088552569137,0.2593907296351285,0.0681310880184173,0.4358671098269184,0.0,0.0,0.0,0.0,0.0,0.0,0.0,0.0,0.0,0.0,0.0,0.0,0.0,0.0,0.0,12309433.39317838,548.3889767702838,0.1078756618808452,9710340.45649102,244.67677836241117,0.5595051471325059,0.0,0.0,0.0,0.0,0.0,0.0,5010.8104781976035
Steel,2,3,4998.53,-0.029,1.1835831969976427,0.0969244493246078,0.0352427828030673,0.3419543280178075,0.0821882951259613,0.4186302147582307,0.1774891302421908,0.0377397233247756,0.7687907477897296,0.0,0.0,0.0,0.0,0.0,0.0,0.0,0.0,0.0,0.0,0.0,0.0,14454934.08811332,233.2882915733325,0.1785051924030642,13688135.12762336,539.7786099679857,0.6900511652328392,12516710.588570694,880.8318779084019,1.0295521878173948,0.0,0.0,0.0,4961.477108455756
Steel,2,2,5001.5,0.03,0.6423746608197689,0.0699753723740577,0.0145616715994605,0.2293381686621503,0.0351245521008968,0.2347021322712313,0.3264465275549763,0.0878353536128997,0.3959602858739182,0.0,0.0,0.0,0.0,0.0,0.0,0.0,0.0,0.0,0.0,0.0,0.0,14903127.188398024,686.2279797166866,0.1036252207624673,13591756.60784098,830.3805735125198,0.5492978702558426,0.0,0.0,0.0,0.0,0.0,0.0,5028.118667848239
Steel,6,3,5001.51,0.03,1.8113733917474748,0.0883986089229583,0.0200478887997319,0.3417835304573467,0.0868412464857101,0.3498117664054818,0.2922940677607069,0.0585058614611625,0.5654116621671986,0.2175769597944089,0.1433063608407974,0.8928541588410089,0.2617609329033255,0.0442646676301956,1.218324160961989,0.1723386208682056,0.0570438122749328,1.383303349230666,0.5967112219165883,0.0906361174583435,1.594060440908878,87632932.0942696,583.9059943051373,0.1811373409861209,97540680.36497378,677.3290234461924,0.526811191751023,84236139.63757825,741.4865662709764,1.6242354180657603,0.0,0.0,0.0,5010.132819980509
Steel,2,2,5001.51,0.03,0.8518791154026986,0.0719577098488807,0.0052360895550758,0.2675283471274443,0.15,0.2232542869569062,0.391001316795987,0.02,0.7631934921509151,0.0,0.0,0.0,0.0,0.0,0.0,0.0,0.0,0.0,0.0,0.0,0.0,18873718.80528052,737.646978927334,0.1358069222191117,19484472.873863067,971.7301772397076,0.7531924921509151,0.0,0.0,0.0,0.0,0.0,0.0,4996.1507206736005
Steel,4,4,5001.53,0.031,1.471190592646599,0.1091402616500854,0.0075107079545056,0.2675324955102491,0.15,0.4929878219365595,0.2122740250430897,0.0978790551424026,0.9020660807381744,0.4241325418588113,0.0945760345458984,1.0804653917239069,0.1252695089529373,0.049927337616682,1.287035733624831,0.0,0.0,0.0,0.0,0.0,0.0,25789522.54896632,186.5886776027965,0.2413745279146203,20146152.11822836,456.98887608419625,0.7944881589331696,23840417.87343809,361.3504610876439,1.065205099203436,20176875.986184318,241.40519873417188,1.306205631582375,5035.673033812369
Steel,3,3,4998.47,-0.031,0.25,0.0927042419910431,0.0149997865280447,0.1972467769021873,0.0593549147248268,0.0252720496871995,0.2304377589634037,0.1070493108034134,0.1115783219678132,0.3176382984422675,0.1132439398765564,0.2248980241399664,0.0,0.0,0.0,0.0,0.0,0.0,0.0,0.0,0.0,16370246.588815711,205.59811070887045,0.049372720742535,15611447.329028176,265.6638685429572,0.1234364916283873,17721487.0151431,513.9992453020208,0.2106617535560271,0.0,0.0,0.0,5033.233135998197
Steel,3,4,5001.54,0.031,0.6839624881744385,0.0582712426781654,0.0019919575650991,0.3285461875373998,0.02,0.1918097473380072,0.5134695963567975,0.1166201847791671,0.3583164313694675,0.3278151032527822,0.1033649426698684,0.4818894247584265,0.0,0.0,0.0,0.0,0.0,0.0,0.0,0.0,0.0,32612044.13507488,838.3477609829314,0.0797533162674769,29493944.595418405,291.8866499694305,0.2351762063496977,31273678.905197773,429.49829649373817,0.34096527245401,28181559.60700206,889.3380224823511,0.5968186967620932,5032.853966657321
Steel,2,3,4998.45,-0.031,0.5847871914505959,0.11062189412117,0.0549621716663347,0.4176805305743498,0.0814000955224037,0.1099819394466124,0.2306810957180675,0.0572774559259414,0.3111091613233984,0.0,0.0,0.0,0.0,0.0,0.0,0.0,0.0,0.0,0.0,0.0,0.0,13790204.666794632,561.0493206554049,0.0584787197298467,13937265.586753843,714.8233087110707,0.1669739618406613,15355702.433281872,435.5612016194486,0.4365761297929291,0.0,0.0,0.0,5010.280051772162
Steel,1,4,4998.44,-0.031,0.8228752225637436,0.1288598779439926,0.0097676647875705,0.3810664469729821,0.0696638277173042,0.6351249826185497,0.0,0.0,0.0,0.0,0.0,0.0,0.0,0.0,0.0,0.0,0.0,0.0,0.0,0.0,0.0,26649335.60869677,568.8341821430479,0.3420131321441024,18315154.77260792,477.9079842742846,0.4725888837221353,18239004.16386156,513.9108244890518,0.4964170678489587,20621065.69694106,464.3686643933916,0.7188454825450721,5017.5084442980315
Steel,5,3,4998.44,-0.031,1.0471973225474358,0.0881685019731521,0.0184156056343141,0.2013189657160436,0.0693530738353729,0.1840179484751614,0.4051011274691588,0.1465828037261962,0.3473683407418413,0.2833659620252103,0.1084291589260101,0.4849104416848647,0.2318341674491754,0.1174481695890426,0.6889914628704623,0.2719024183006124,0.07293651252985,0.8579675177513566,0.0,0.0,0.0,66729787.31045014,496.01912038198856,0.1047197333019409,43349858.85527861,824.0530524807629,0.336018501167863,36865450.64630312,656.461205639247,0.9130531839724872,0.0,0.0,0.0,5027.644272407446
Steel,4,2,5001.56,0.031,0.3296917736530304,0.0593416712284088,0.0125336360659372,0.3448225851832788,0.0760334202647209,0.047223888073597,0.341750837937509,0.02,0.1262777371111877,0.211120229543131,0.0653538256883621,0.1748451500663627,0.217075794151283,0.054251788854599,0.2483499275357689,0.0,0.0,0.0,0.0,0.0,0.0,17052880.87137198,646.1121202692473,0.0354085877135644,18637577.88968321,622.5998732862026,0.2733591266151695,0.0,0.0,0.0,0.0,0.0,0.0,5006.509643497825
Steel,6,4,4998.42,-0.032,1.2654560834169388,0.0796061908006668,0.011014879779695,0.500003402545424,0.0877038133144378,0.181130587044572,0.2495919587712722,0.0777053481340408,0.3182215793032549,0.240424094772607,0.0695082783699035,0.4357305447207658,0.2309286547710332,0.0716849154233932,0.599844101764577,0.3676991881732828,0.084237719476223,0.7370624195627987,0.2289515212557616,0.0929516792297363,0.9701582503317931,42739264.22290056,383.9655659007557,0.1432848979485168,46143043.85511004,815.4833900820323,0.6551612830425906,47066522.45741756,121.743437794834,0.8463745194391739,40865211.42280586,1099.9999999999995,1.0956500842593615,4996.771613775215
Steel,4,2,5001.59,0.032,1.3698858439922332,0.0783272677659988,0.0205754141645092,0.189373515895815,0.0625570794939994,0.2801137689330123,0.4478677527086281,0.0455915927886962,0.7405895928773549,0.1958701388512822,0.081678808927536,0.9909747452229388,0.2784325371252996,0.1442254537343978,1.1848266319409868,0.0,0.0,0.0,0.0,0.0,0.0,126066218.75731032,136.8726313941445,0.1770420914090741,120925938.2785592,136.2167925443135,1.1187002967308506,0.0,0.0,0.0,0.0,0.0,0.0,4959.807146317637
Steel,2,2,4998.41,-0.032,1.050439715385437,0.0576870459318161,0.0038743243801449,0.3915413411503907,0.0992780578136444,0.2193743954025245,0.1935011629788038,0.0776575547456741,0.4736146895892879,0.0,0.0,0.0,0.0,0.0,0.0,0.0,0.0,0.0,0.0,0.0,0.0,86760681.99728096,663.1224471904507,0.1050439725889834,82674728.7177715,343.9115866955442,0.8258880223500078,0.0,0.0,0.0,0.0,0.0,0.0,4989.080270673685
Steel,3,3,4998.4,-0.032,1.1343055963516235,0.0808376950621605,0.0097960095856606,0.4620730118694941,0.0789094269275665,0.2857866217443204,0.4380725995950754,0.0922916918992996,0.3953952428065233,0.3438143811482915,0.0595314356684684,0.7490509080016762,0.0,0.0,0.0,0.0,0.0,0.0,0.0,0.0,0.0,41548685.93479242,683.1905606441944,0.196364293968657,36381268.05609908,583.4079358260035,0.5838707940402992,43385120.54155177,149.4139005679218,0.9463275015510132,0.0,0.0,0.0,4972.342313763874
Steel,2,4,4998.35,-0.033,0.8724972471594811,0.1018656505346298,0.0142674692594076,0.276179553314701,0.0272951608523726,0.2757652892786438,0.364373951177509,0.0898534232378006,0.7171881054903084,0.0,0.0,0.0,0.0,0.0,0.0,0.0,0.0,0.0,0.0,0.0,0.0,17138077.226228897,1099.9999999999995,0.1055671534767669,11207078.303182105,205.23930766429945,0.2492369649110329,15751070.496268451,344.77198476208224,0.4914751340123868,17272442.758800693,83.15060273675721,0.7595088711552632,4958.250973944436
Steel,3,3,4998.35,-0.033,1.283056715130806,0.1434204078912735,0.0452004030062757,0.2419782364774642,0.0635240238904953,0.1754029640548898,0.2687859704100261,0.0690774947404861,0.634871519189278,0.2042465332081051,0.0708152431249618,0.7480733288627783,0.0,0.0,0.0,0.0,0.0,0.0,0.0,0.0,0.0,21444558.6219292,391.76699591540256,0.1399783110870304,20939599.12627701,456.07386185482216,0.3640699027847752,22461867.563671544,394.52398704974433,1.116494135060765,0.0,0.0,0.0,5032.355692524111
Steel,4,3,4998.27,-0.035,1.614991644024849,0.0933167630434036,0.0245730500746379,0.3191798361908399,0.0997141879796982,0.2943588835526765,0.2638063998758598,0.15,0.6265616752662969,0.1987050115419219,0.0459628012776374,0.834896728553735,0.2558033679219613,0.0775246042013168,1.093640501892975,0.0,0.0,0.0,0.0,0.0,0.0,37682215.4146871,689.1041358783079,0.3146762875362464,34186422.65381489,291.7964082756832,1.041219208867277,33426985.952029824,317.4031193828941,1.406711308771358,0.0,0.0,0.0,5007.304335468849
Steel,2,2,5001.74,0.035,1.2886586904525756,0.0792081439495086,0.0266358625664819,0.3506130101070503,0.1233120882511139,0.4733526557748249,0.412427588268198,0.1392605978250503,0.99607196588521,0.0,0.0,0.0,0.0,0.0,0.0,0.0,0.0,0.0,0.0,0.0,0.0,99666623.92159244,351.9818186675489,0.3015211951361278,80302371.6822736,837.0299698913889,1.1225116006029765,0.0,0.0,0.0,0.0,0.0,0.0,4953.507195497911
Steel,5,4,4998.24,-0.035,0.7350590243935585,0.083116500377655,0.0073693692422195,0.3786599271881047,0.1166889071464538,0.0735159024393558,0.5113219770937891,0.0907565540075302,0.2081017508823636,0.2956018188778042,0.02,0.3144193358528407,0.4558820781573479,0.0430179288983345,0.4597542728896968,0.2753595173528644,0.0724196419119835,0.5340578495790648,0.0,0.0,0.0,31710914.167544827,774.8745801300578,0.0881796016036146,34248246.58411251,1012.86543994523,0.2410028177239862,33404344.89865625,787.135835349604,0.367866805145237,29427937.263788044,549.0997919582338,0.6209037499981764,5029.1084984288755
Steel,2,3,5001.76,0.035,0.3093230418860912,0.1105203785896301,0.0183468474253089,0.2795964779234097,0.062172132730484,0.074737002857365,0.3801934295712779,0.0591471242904663,0.2074122901995286,0.0,0.0,0.0,0.0,0.0,0.0,0.0,0.0,0.0,0.0,0.0,0.0,8254052.953388501,303.03200902566385,0.0357622259240226,8714602.795746481,240.598459229929,0.1339043830189296,11986309.805107376,597.7978798051765,0.2371925728290947,0.0,0.0,0.0,4988.435463264509
Steel,2,2,4998.23,-0.035,1.0284540325403215,0.0860784237980842,0.0336167237931755,0.2502575601074935,0.060370268523693,0.4875071245784713,0.3029541033267168,0.1213097715377807,0.8502196514791729,0.0,0.0,0.0,0.0,0.0,0.0,0.0,0.0,0.0,0.0,0.0,0.0,27426872.990117557,444.9614764730646,0.2093848633172854,23011178.26894569,626.1408070030973,0.9134783106359472,0.0,0.0,0.0,0.0,0.0,0.0,4995.979376212658
Steel,2,2,5001.78,0.036,0.7651365473866463,0.1227052809000015,0.0269755527042473,0.2600119217262977,0.1009660911560058,0.2306582909165543,0.3057343462158584,0.1307431310415268,0.6701976856056375,0.0,0.0,0.0,0.0,0.0,0.0,0.0,0.0,0.0,0.0,0.0,0.0,27437381.806867786,622.9716144669738,0.1505166880516511,29841678.393178944,300.3325786711874,0.6571160637700196,0.0,0.0,0.0,0.0,0.0,0.0,5036.21677243926
Steel,6,4,4998.21,-0.036,1.6057157397270203,0.1017537837028503,0.0350785791776826,0.2661511543857515,0.1062209695577621,0.2489730836601036,0.2068321734743901,0.1030848151445388,0.5557249450854715,0.3523989160858968,0.0714629411697387,0.7330358636315588,0.2362597952848584,0.0631034103035926,0.9302464724043704,0.345701392801987,0.0420351754128933,1.1404593589016212,0.3970268655828368,0.1445475399494171,1.3607139388173095,30653152.660823908,898.3078850160084,0.2143367640119656,43852559.95418076,727.3228523037529,0.8105974542530171,28206488.666621536,386.7842163481762,1.0428461800479147,35259511.2327327,836.64971714893,1.4075937933820406,5040.595533694331
Steel,1,2,5001.82,0.036,0.671379490941763,0.0665998286008834,0.0075725116985438,0.3674623464360449,0.0748041236400604,0.3708046746984938,0.0,0.0,0.0,0.0,0.0,0.0,0.0,0.0,0.0,0.0,0.0,0.0,0.0,0.0,0.0,12618498.507897342,414.3496542605221,0.1132789419158162,13366234.508273195,373.3428677889791,0.4773415399171085,0.0,0.0,0.0,0.0,0.0,0.0,4986.602683733362
Steel,1,2,4998.17,-0.037,0.89459937363863,0.0911123846769332,0.0125257764367398,0.2802777447922182,0.0978061562776565,0.6021342965991384,0.0,0.0,0.0,0.0,0.0,0.0,0.0,0.0,0.0,0.0,0.0,0.0,0.0,0.0,0.0,17018686.259903997,346.93396239242134,0.1515534062234382,14989524.33867998,357.4751962575341,0.7254026209559709,0.0,0.0,0.0,0.0,0.0,0.0,5022.965304763156
Steel,2,3,4998.17,-0.037,1.0154191270470618,0.0925748380422592,0.0193370234067291,0.3265101270927424,0.1347498488426208,0.2276438864745275,0.2230531210033209,0.0825635987520218,0.6334022060300544,0.0,0.0,0.0,0.0,0.0,0.0,0.0,0.0,0.0,0.0,0.0,0.0,19003038.858552765,315.3972853684971,0.1126626089200094,17335506.660353445,815.6541554935611,0.4594043804457325,21516367.094959684,1099.9999999999995,0.8208229411754955,0.0,0.0,0.0,5033.218083942581
Steel,5,2,5001.84,0.037,1.004880537092686,0.1248341954946518,0.06,0.2448383065170458,0.0445561701059341,0.1621320755638803,0.2006176468755809,0.0693278637528419,0.2378332520273719,0.2925339179653841,0.0793503031134605,0.435654082935677,0.4422469790375323,0.0353642745316028,0.6192616466433477,0.2263875011701759,0.0440237732231617,0.8099715379976554,0.0,0.0,0.0,29954716.10025085,426.7950523809031,0.113800675885553,30320936.248335905,745.8440285290919,0.7770440128342901,0.0,0.0,0.0,0.0,0.0,0.0,5016.06644340105
Steel,1,4,5001.89,0.038,1.2090125679969788,0.0714595355391502,0.0244694426664883,0.1741583314942923,0.060580418407917,0.724151693462571,0.0,0.0,0.0,0.0,0.0,0.0,0.0,0.0,0.0,0.0,0.0,0.0,0.0,0.0,0.0,9345970.52798157,625.7577562699821,0.4189339274734249,7695304.351595643,712.574839902254,0.6633802204686693,7597056.557095482,336.78806331481513,0.7122211226890722,9090607.126597377,623.3726744138977,0.9661316814710248,4981.47522908241
Steel,2,2,4998.11,-0.038,1.502156990766525,0.0950501614809036,0.012100925198818,0.3521675749164394,0.1093602389097213,0.6682395499725358,0.1735347025661394,0.049092069119215,0.9357220900911702,0.0,0.0,0.0,0.0,0.0,0.0,0.0,0.0,0.0,0.0,0.0,0.0,195090630.7259704,625.3508726987014,0.2298738167915384,165249955.59076774,530.3962308315017,1.2735156781888293,0.0,0.0,0.0,0.0,0.0,0.0,5008.4137818167
Steel,1,3,5001.92,0.038,0.8960947260260582,0.0872174476981163,0.0247203433830308,0.3670359585361233,0.0550496509671211,0.6659940096325263,0.0,0.0,0.0,0.0,0.0,0.0,0.0,0.0,0.0,0.0,0.0,0.0,0.0,0.0,0.0,9903939.868493669,391.6080457580852,0.2380517815247281,8917668.404262291,545.1003603936613,0.4876145432299,10384399.393261798,259.52625025402097,0.7644805953453221,0.0,0.0,0.0,5029.780154340741
Steel,1,4,5001.94,0.039,0.7620977655053139,0.0540346239209175,0.0164683631789492,0.3473505631336576,0.0635467311739921,0.4614191297549752,0.0,0.0,0.0,0.0,0.0,0.0,0.0,0.0,0.0,0.0,0.0,0.0,0.0,0.0,0.0,4499458.885109425,442.26403040106896,0.1681513312944962,3772539.246784966,298.1392779276852,0.3651236718911904,4280817.636411359,314.6761940419604,0.5019783789684911,5290097.465766015,521.1862690952821,0.6400644970531519,5016.066408500649
Steel,2,4,5001.94,0.039,0.6500088311731815,0.1116924284696579,0.0162936170407489,0.2478989574741346,0.085066932439804,0.1668086850368731,0.3276780660508482,0.1113123911619186,0.4399148054854059,0.0,0.0,0.0,0.0,0.0,0.0,0.0,0.0,0.0,0.0,0.0,0.0,10746353.18361078,179.01604839188283,0.0812239254973296,10512697.002702326,778.6567468071432,0.3339380053788388,9084640.10082804,384.9424520250195,0.3727418295779879,12446638.367054142,396.35744702256574,0.5340480014040296,5002.621034236157
Steel,2,2,4998.03,-0.039,1.1093845635652544,0.0694391868710517,0.0107992625022276,0.411425319143204,0.0274384582042694,0.2977952890453053,0.3969221255099391,0.1036021739244461,0.8378913442360687,0.0,0.0,0.0,0.0,0.0,0.0,0.0,0.0,0.0,0.0,0.0,0.0,35218531.96981287,411.02131752910856,0.2437412012537207,32750700.987894434,469.1354022831278,0.9471555045472536,0.0,0.0,0.0,0.0,0.0,0.0,4999.642825507576
Steel,2,4,4998.01,-0.04,1.0711660757660866,0.0687874104380607,0.0238644197042733,0.3615749804076248,0.0680118757486343,0.1596715473398065,0.3874227805651488,0.1031668728590011,0.7865260756516537,0.0,0.0,0.0,0.0,0.0,0.0,0.0,0.0,0.0,0.0,0.0,0.0,13215269.302003885,168.8963915703141,0.1410589053438001,13863327.834411647,308.10357579762336,0.5080286227513708,17727289.79263231,423.9659087633999,0.6459109880385031,20056825.686525665,716.8136089032133,0.9194387000311024,4974.441981740684
Steel,4,2,5001.99,0.04,1.3352939248085025,0.0925927391052246,0.0073059086932982,0.3108781291194589,0.0459459519386291,0.1844912557913991,0.551825012169202,0.048246810734272,0.4038978246684873,0.2848763230714318,0.0841892364621162,0.6858952970049421,0.2586932468592465,0.1284051758050918,0.9297908575667422,0.0,0.0,0.0,0.0,0.0,0.0,140678971.58592343,525.4616492496151,0.2058175224503154,189192731.31305173,278.4882743992615,1.1741557985533086,0.0,0.0,0.0,0.0,0.0,0.0,4996.466498288968
Steel,2,4,5002.0,0.04,1.120360368490219,0.1100497033596038,0.0225556191548569,0.3412244170909816,0.0980426746606826,0.6477549534202858,0.2527063564017986,0.0863636147975921,0.8629769524248521,0.0,0.0,0.0,0.0,0.0,0.0,0.0,0.0,0.0,0.0,0.0,0.0,14394943.909893908,405.6742179462866,0.2275117927709467,12715104.953954922,553.5028013200634,0.4949468029225267,11536194.873779498,288.0256923287735,0.8367583032934108,12950659.4272051,488.18637674180553,1.0083243305208367,4951.57129943788
Steel,2,3,4998.0,-0.04,0.7306376397609711,0.0636809523701667,0.0279034012160619,0.3860852463216877,0.1018206924200058,0.1991200702675067,0.1907727982117167,0.0850649410486221,0.3022426684039968,0.0,0.0,0.0,0.0,0.0,0.0,0.0,0.0,0.0,0.0,0.0,0.0,16615832.217499817,177.04149114249705,0.0819345178360129,11208720.929403652,114.81549366173016,0.2777479087877626,13742361.549979098,687.3366383444678,0.5383528490372148,0.0,0.0,0.0,4970.9472825766425
Steel,6,2,4998.0,-0.04,1.7853848487138748,0.1394436804056167,0.032695667040984,0.427164396211884,0.0665284404158592,0.3877516316363265,0.2895882374219374,0.1346562612056732,0.5529395592369423,0.3056941775117128,0.0879424238204956,0.7852527640210154,0.2705464560146525,0.0821841767430305,1.0650898559695885,0.3428185970456563,0.1117084610462188,1.263858180815418,0.2898428024565065,0.1392638754844665,1.466834458914012,223216352.8360273,309.2257873633227,0.2685383938525601,212604888.6982701,135.94821999548526,1.558434213188644,0.0,0.0,0.0,0.0,0.0,0.0,5047.429927837027
Steel,5,3,5002.01,0.04,1.240499103069305,0.0845732110142707,0.0044710080055364,0.3389448055062283,0.139515077471733,0.2194540435058463,0.430199377907088,0.0873300749063491,0.4225505333692598,0.3963392161905208,0.097474957704544,0.577910495727922,0.3118732410573383,0.1105768859386444,0.8146809854187073,0.3336180298528735,0.0867779403924942,0.9896940082384152,0.0,0.0,0.0,112158103.1192902,718.4859156598005,0.1451299434653412,60747661.39473936,862.2192798643116,0.7455184798034562,90672576.45635214,319.88656452499225,1.116098129984143,0.0,0.0,0.0,4955.576243850846
Steel,1,3,4997.95,-0.041,1.382357332110405,0.1061917238235473,0.0400600530685921,0.3374543529309531,0.02,0.5987281977911831,0.0,0.0,0.0,0.0,0.0,0.0,0.0,0.0,0.0,0.0,0.0,0.0,0.0,0.0,0.0,14192855.51397177,250.0090638690932,0.1899884001671625,14325171.480387269,258.22383353965364,0.5647311879980026,12246712.273595262,884.626808716029,1.025775719477838,0.0,0.0,0.0,5001.92743808479
Steel,4,3,5002.08,0.042,0.6511637017130851,0.0679569323062896,0.0450544280052449,0.309796835304359,0.0620956307649612,0.0808949057804464,0.4734042901140153,0.0817406776547432,0.1738692572935973,0.2608041847543279,0.0714638903737068,0.3429821353847483,0.2332836565798038,0.02,0.4234061246408992,0.0,0.0,0.0,0.0,0.0,0.0,23594508.40716454,407.8974844287343,0.0655143736394765,26448224.566857584,465.8506253650689,0.2806381293728633,24129545.75000293,648.1895239368652,0.5297114451764453,0.0,0.0,0.0,5043.076329921373
Steel,3,3,5002.1,0.042,0.9539943933486938,0.0974644097089767,0.0238138679079831,0.3214684806623442,0.0765462964773178,0.2107989856782748,0.2371018363703067,0.0804338136315345,0.4583933012841491,0.4528364412730516,0.1014496737718582,0.7130115838297104,0.0,0.0,0.0,0.0,0.0,0.0,0.0,0.0,0.0,26167242.51588288,742.5024159679767,0.1122981793581255,25171579.28125444,555.8848366593224,0.4447146273340777,28884021.279305,850.0264414393221,0.8270545863071613,0.0,0.0,0.0,4981.114559497151
Steel,3,4,4997.88,-0.042,1.9330848872661592,0.1153582868576049,0.0116923847998351,0.2905813666093125,0.095360255241394,0.3360868370962995,0.4156219418615847,0.1051207530498504,0.7039452826120579,0.2861240039920965,0.1043371444940567,0.932859347433488,0.0,0.0,0.0,0.0,0.0,0.0,0.0,0.0,0.0,64583098.14193421,698.6606356174079,0.2345511533511799,40026909.30237418,240.75495837392216,1.1072065476313324,48699951.55334306,95.85165850493524,1.3064716633363012,36922731.54360325,692.5403534280164,1.6877259702080525,4977.506692594484
Steel,2,2,4997.84,-0.043,0.885926914215088,0.0629242621660232,0.0275518960333379,0.2670858405281073,0.104922993183136,0.3162940323179733,0.1619187893357317,0.0766033881902694,0.6043824405821941,0.0,0.0,0.0,0.0,0.0,0.0,0.0,0.0,0.0,0.0,0.0,0.0,14429940.550429843,471.1705149236244,0.144805908407962,11927348.667938828,306.56023860785,0.691423660678962,0.0,0.0,0.0,0.0,0.0,0.0,5011.6607351396515
Steel,2,3,4997.82,-0.044,1.0528564721345903,0.0900343598127365,0.0274426703060032,0.4164968423604417,0.057039438188076,0.3830477494433438,0.2363490473617121,0.0874104279279709,0.554447912753237,0.0,0.0,0.0,0.0,0.0,0.0,0.0,0.0,0.0,0.0,0.0,0.0,16706928.067876823,461.7561277009405,0.111119428179152,16349715.69525548,476.4924169111864,0.2336177517274805,15648581.706273332,605.0636177287831,0.8430700898139816,0.0,0.0,0.0,4996.837728292162
Steel,6,3,5002.18,0.044,0.7834532633423805,0.0829392459988594,0.0054489658800189,0.2878720845268098,0.1077636623382568,0.1302075234329863,0.2802084645973551,0.0847766891121864,0.2558268920120757,0.2037804867804576,0.0697346150875091,0.3524768072089138,0.3716721699214087,0.0335509946942329,0.43807958864138,0.3447884856853432,0.1066711091995239,0.5290655201305386,0.4169814543022438,0.1326321476697921,0.7050979370081425,45378943.63466194,685.999091329705,0.1004101996775654,39463853.03050523,1042.5220770305084,0.4537939116530149,45101553.19489122,468.15922891684033,0.6863460278512643,0.0,0.0,0.0,5018.200832086993
Steel,2,3,5002.2,0.044,1.7840375870466234,0.0795997709631919,0.0106195003751335,0.2662500038220833,0.1250301474332809,0.1784137587046623,0.2809508273197428,0.063909392952919,1.262115329996596,0.0,0.0,0.0,0.0,0.0,0.0,0.0,0.0,0.0,0.0,0.0,0.0,21028201.618000567,574.9598560825644,0.1995953285740071,28656136.922886334,301.78579651522165,1.2013733569688538,26574610.9338886,409.23867641887017,1.5719722245313488,0.0,0.0,0.0,4965.692849851738
Steel,3,4,4997.8,-0.044,0.8190626308321953,0.0765086382627487,0.027775926308683,0.1986232996500334,0.0662139943242073,0.1127581616070255,0.1340105064066056,0.0915167927742004,0.4403294825702213,0.2424374799113239,0.1366176652908325,0.6548948776366991,0.0,0.0,0.0,0.0,0.0,0.0,0.0,0.0,0.0,11355457.069949714,375.38086319185385,0.0866434508034501,10999226.792426027,389.661566468572,0.2048640912489976,11286437.247323671,1099.9999999999995,0.3581390282692325,12780012.174277632,351.57466641849504,0.7117653758988851,5016.924124971397
Steel,1,3,4997.76,-0.045,0.929295937716961,0.0930631265640258,0.0243030136726378,0.5112304768945816,0.1161157041788101,0.666557792917558,0.0,0.0,0.0,0.0,0.0,0.0,0.0,0.0,0.0,0.0,0.0,0.0,0.0,0.0,0.0,39064931.3356828,621.4218075438321,0.2001879960093609,37520091.35126078,559.2876363325926,0.3714979258625677,37064992.21634208,204.4713713183656,0.7635481132410346,0.0,0.0,0.0,4950.324737419229
Steel,4,4,5002.24,0.045,0.6163039401173591,0.0822122808694839,0.01645015488977,0.2544087528991953,0.0767674571275711,0.0616403940117359,0.1864978162641712,0.0986813920736312,0.1620805026546514,0.3175038653435964,0.0708540403842926,0.2962687013990293,0.2464675666215943,0.0514107245206832,0.4967834726672017,0.0,0.0,0.0,0.0,0.0,0.0,13896100.426978976,518.1936525942309,0.079191290883831,8813032.531687552,331.6072179817453,0.2636788175337031,11294168.937695645,332.03546177193664,0.3944972121785673,9942225.259800278,412.01703290828783,0.5373020515867988,4963.442023594158
Steel,6,4,5002.24,0.045,0.8154274061322212,0.0734477215409279,0.0275839893840989,0.3953475112473571,0.0715911728143692,0.1257915368473188,0.1917691644611314,0.0856560277938842,0.2405987272031749,0.3560992830759205,0.0347638245671987,0.4356501573007959,0.2255756822094846,0.1108692562580108,0.5614565082088872,0.2195140323808503,0.0653527680039405,0.6630896982247403,0.2209705497323543,0.0455371549725532,0.7279115631700321,16811534.136975266,524.548028754504,0.0987856624779863,19278570.223039027,380.5041400373154,0.3678836478167396,19534714.688092157,356.3050056369186,0.5453250842370081,20789662.726941857,749.0528178914213,0.7179105631700321,4971.412882668731
Steel,2,2,4997.76,-0.045,1.5087898671627045,0.0904781453609466,0.0229220288912225,0.2881915617165912,0.0963368195295334,0.3759690869045869,0.2952868069571563,0.0475187364220619,1.1958916688533134,0.0,0.0,0.0,0.0,0.0,0.0,0.0,0.0,0.0,0.0,0.0,0.0,33633929.556442805,484.5378302247677,0.1936521831704548,23072365.91451497,328.7503681395556,1.280508800085431,0.0,0.0,0.0,0.0,0.0,0.0,4968.411230823113
Steel,4,2,4997.73,-0.045,1.2035397171974185,0.1254221374988555,0.0105102000276329,0.1773002961088216,0.1279905557632446,0.1408928992974821,0.2061672483937248,0.1184104996919632,0.4937190948414868,0.2947601113801792,0.0838368338346481,0.7639789692508581,0.2718254643176345,0.15,1.0069604178418243,0.0,0.0,0.0,0.0,0.0,0.0,47104443.09069352,260.5188743965046,0.1664997970932872,43369834.33856431,644.2437436753935,1.0362090903470358,0.0,0.0,0.0,0.0,0.0,0.0,4988.264810408149
Steel,2,3,4997.72,-0.046,0.691624142974615,0.094177114367485,0.043680241886359,0.357759598431036,0.0552848094701766,0.3754021345986986,0.3516411107907468,0.0810660648345947,0.5174124199535075,0.0,0.0,0.0,0.0,0.0,0.0,0.0,0.0,0.0,0.0,0.0,0.0,16666837.395619163,282.43288255553904,0.1087560426071924,16923525.08588432,286.09865448730363,0.3332454077325048,14220348.45409646,838.7156823896715,0.6090180606198695,0.0,0.0,0.0,4977.89757590856
Steel,1,4,4997.7,-0.046,1.0723183825612068,0.0840273090004921,0.0114231678269379,0.2884758705811397,0.0426473693549633,0.3608087502184385,0.0,0.0,0.0,0.0,0.0,0.0,0.0,0.0,0.0,0.0,0.0,0.0,0.0,0.0,0.0,5806302.994662188,686.2690334531152,0.1493725804680679,5750614.651190788,388.062123070512,0.4531581419591901,5804184.667394034,704.4600458113025,0.6196785092688898,6118473.898590728,190.99232957273165,0.8309649964129576,5044.449079173124
Steel,2,2,5002.3,0.046,1.143313217163086,0.122809944987297,0.0142137705805871,0.3326654467749001,0.0890837854146957,0.4701696217774657,0.2253664318566493,0.0644726505875587,0.9254232183947488,0.0,0.0,0.0,0.0,0.0,0.0,0.0,0.0,0.0,0.0,0.0,0.0,24545005.31029464,457.8746695598948,0.2207658088644362,28605762.70302013,779.4557247302985,0.9145987358071734,0.0,0.0,0.0,0.0,0.0,0.0,5023.744242648062
Steel,1,4,4997.7,-0.046,1.3199753016233444,0.0930787000656128,0.0379816412066456,0.3490413997315688,0.0438000671565532,0.5150577305490058,0.0,0.0,0.0,0.0,0.0,0.0,0.0,0.0,0.0,0.0,0.0,0.0,0.0,0.0,0.0,9170939.964088377,665.0334105193498,0.1672631095650518,9471064.40812808,295.5833740241739,0.3379874345114587,11805447.069200456,360.0744118864711,0.4164529427353241,10397958.642085591,387.88819588483415,0.9558217680894916,4957.468254474672
Steel,4,2,4997.69,-0.046,0.737033548951149,0.1099291187524795,0.0131745563666256,0.3803512335405112,0.064879874587059,0.1509973478890218,0.301141696381021,0.0899761766195297,0.3613432178983456,0.2678468375402779,0.0691003453731536,0.4894487966258571,0.1154371172475725,0.0376292592287063,0.582497317822396,0.0,0.0,0.0,0.0,0.0,0.0,28715124.281887,490.5789371708415,0.0962966193107192,30964158.488111798,1042.5139335689505,0.6551087123902831,0.0,0.0,0.0,0.0,0.0,0.0,4995.386623522962
Steel,5,4,4997.65,-0.047,1.0046208545565607,0.0594319171309471,0.0111443277293512,0.4861200433801213,0.0880043816566467,0.2762239327453293,0.3176610417637521,0.02,0.5618187851788524,0.2685433981598351,0.1045930498838424,0.6444722417308689,0.2768082403010694,0.037940125465393,0.7294015269070014,0.3358720761590156,0.0562531834840774,0.8333833804090416,0.0,0.0,0.0,18443744.450892407,677.8992552853276,0.130401101709564,19765200.61872387,660.2444052867813,0.3762791082567279,19736722.193105698,316.69331024425026,0.5385539534240047,26659354.27082315,464.5036033883912,0.9041587680962838,4988.487410388373
Steel,4,2,4997.63,-0.047,1.5679834812879565,0.091115550160408,0.0369042441893252,0.3680431818087653,0.0825303572416305,0.255977203868314,0.2169161443416226,0.0423426400125026,0.5253317069384817,0.1866435404989359,0.0620611262321472,0.7597990710278687,0.4982430275811838,0.0491975179314613,1.129089660492752,0.0,0.0,0.0,0.0,0.0,0.0,77459863.80382259,559.5363927328442,0.308200236600049,64619292.72889044,443.5805316468751,1.3779600804019356,0.0,0.0,0.0,0.0,0.0,0.0,4989.146278201606
Steel,4,4,4997.62,-0.048,1.3638645172119142,0.1092842911481857,0.0088515249893534,0.1905864372895535,0.0788684406876564,0.2308047502700743,0.183871819763964,0.0888875210285186,0.6061090646352127,0.3615775951092672,0.0689583367109298,0.7421044799337948,0.2721195449994442,0.0284535301476717,0.9513159078664396,0.0,0.0,0.0,0.0,0.0,0.0,14808130.411539644,129.13813065770458,0.2104577833873503,13499049.935385916,975.1171773916144,0.5392697187068554,15492828.066039134,255.5373392522124,0.8934045214875019,15236859.506353945,135.21674570241944,1.1894002910507917,4975.5353275343405
Steel,3,3,4997.61,-0.048,1.2535678058862687,0.0659757332205772,0.0179079729980664,0.4150969544987988,0.0906225264072418,0.2666609930264976,0.3736152273144236,0.058686454296112,0.6768063825550328,0.5444687131585184,0.0618232750892639,0.9431099368939762,0.0,0.0,0.0,0.0,0.0,0.0,0.0,0.0,0.0,78397062.23585469,305.86104128582326,0.1344670236966665,58338593.95476201,507.3341257996283,0.4608952145728194,58190663.45494792,835.5886345592917,1.100986788476632,0.0,0.0,0.0,4959.513177418882
Steel,1,3,5002.4,0.048,1.350862967967987,0.0954950642585754,0.0369725552765753,0.4081897348838365,0.0843749937415123,0.6599894397139165,0.0,0.0,0.0,0.0,0.0,0.0,0.0,0.0,0.0,0.0,0.0,0.0,0.0,0.0,0.0,17924937.416670773,719.0470946355254,0.3354288596565282,28782267.765324827,422.2197840987236,0.9281379236592736,19483627.13347871,414.6337852675665,1.1332763535571004,0.0,0.0,0.0,5030.607526560726
Steel,6,2,4997.59,-0.048,1.3220715075731275,0.1122840437889099,0.0150735148221554,0.220303164244765,0.0814757567644119,0.1865357493784174,0.3946315637220425,0.0606252750754356,0.3480415769197453,0.3982730022093293,0.0710504442453384,0.5702618974898146,0.2147447245684437,0.0823334226012229,0.7733174066427361,0.244824133222428,0.0776292607188224,0.9291889524812952,0.3249762316136261,0.0897588592767715,1.118919598602193,101369586.20608108,702.6761875685327,0.1619274728788662,90866463.445276,568.9097242214376,1.1898643554937434,0.0,0.0,0.0,0.0,0.0,0.0,4980.930843426627
Steel,1,2,5002.44,0.049,1.0212976008653645,0.1120131579637527,0.0432044481253671,0.2881152493209318,0.1040494388341903,0.8757251012962056,0.0,0.0,0.0,0.0,0.0,0.0,0.0,0.0,0.0,0.0,0.0,0.0,0.0,0.0,0.0,19481221.342143115,600.8253860315167,0.3315668100360731,20243416.687754624,573.7291605297058,0.892367951621018,0.0,0.0,0.0,0.0,0.0,0.0,4964.510628341805
Steel,6,2,5002.57,0.051,1.5493489712476731,0.0968818168640136,0.0146788649438749,0.2687903410897637,0.0792751106619834,0.2003820303709789,0.3541817381931062,0.0635772761702537,0.4935824239880624,0.2245857363298805,0.1027058851718902,0.8202332245718158,0.2894651160286307,0.02,0.9968370242579784,0.3712350861100892,0.100059984922409,1.0726801189882271,0.2879503695722077,0.0448430176079273,1.2303405819460442,169734326.93716872,732.0511945398522,0.2118586025089807,148845467.6143644,443.3975182203298,1.2546656087229584,0.0,0.0,0.0,0.0,0.0,0.0,4999.1436613003725
Steel,1,3,5002.6,0.052,0.4723303597420454,0.0923939653635025,0.0296844005778012,0.2714957447817043,0.0929902130365371,0.1757896853595924,0.0,0.0,0.0,0.0,0.0,0.0,0.0,0.0,0.0,0.0,0.0,0.0,0.0,0.0,0.0,8198543.441207869,552.1003607730376,0.1006450280777883,8248026.77822042,890.9397965554864,0.2945796675839866,8432976.31394675,542.7110786956736,0.4127032030079115,0.0,0.0,0.0,4994.460737676071
Steel,2,2,5002.63,0.053,1.0771119236946105,0.085721443593502,0.0333644964627264,0.2756055529041062,0.0909102863073349,0.5574542244367554,0.1562559764376103,0.1335176348686218,0.8052643799643957,0.0,0.0,0.0,0.0,0.0,0.0,0.0,0.0,0.0,0.0,0.0,0.0,18136638.558464784,549.564268541645,0.2005191509649864,16648378.177520191,396.7717077416109,0.84046281136559,0.0,0.0,0.0,0.0,0.0,0.0,5002.592833657145
Steel,1,3,4997.35,-0.053,0.3967365253716707,0.1020991430282592,0.0241097859121784,0.4174062860078579,0.0986160790920257,0.1140194833658946,0.0,0.0,0.0,0.0,0.0,0.0,0.0,0.0,0.0,0.0,0.0,0.0,0.0,0.0,0.0,11205630.544580838,372.01461744353406,0.0400990672626256,11170989.343227684,500.1911504566964,0.040664913866076,13994647.67964126,468.2383506031992,0.2480328479138592,0.0,0.0,0.0,5034.918087005334
Steel,3,2,4997.34,-0.053,1.103934869170189,0.0602104102373123,0.0320240130940001,0.3483219093881555,0.0823523059487342,0.2236933038457356,0.1937738190087184,0.0674171355366706,0.5320739938044766,0.1042698718314123,0.1225115567445755,0.6860801855313571,0.0,0.0,0.0,0.0,0.0,0.0,0.0,0.0,0.0,34262446.18823395,654.4991798724163,0.1406855887432919,33182934.123498827,402.26164748415215,0.898729476786953,0.0,0.0,0.0,0.0,0.0,0.0,4982.513851712486
Steel,3,2,4997.34,-0.053,1.2629854053258895,0.0896155849695205,0.0340264398199623,0.3216765993501237,0.1130895411968231,0.2810018258787441,0.2114756670563319,0.0894807541370392,0.4381741271491166,0.3694810305126423,0.0952362465858459,0.8071848643646925,0.0,0.0,0.0,0.0,0.0,0.0,0.0,0.0,0.0,143302733.94748688,519.7189466739009,0.1428435941528347,178170879.25658363,491.8572426234872,1.1176165196709,0.0,0.0,0.0,0.0,0.0,0.0,4951.713695151591
Steel,2,4,4997.28,-0.054,0.8196964547038078,0.1072938368320465,0.0258722383008436,0.2510985149357653,0.1040898633003234,0.184214834963078,0.2299201405960226,0.1138121449947357,0.5805603269934818,0.0,0.0,0.0,0.0,0.0,0.0,0.0,0.0,0.0,0.0,0.0,0.0,10444049.073871631,271.5470507808408,0.0955091514836933,10187967.404313955,113.1915382407387,0.3993812978092099,12058805.904908411,389.1024324181308,0.5407017111985669,14902467.287043404,960.2769198136692,0.7270705333205355,4962.577356120235
Steel,6,2,5002.75,0.055,1.399900183081627,0.1143322216272354,0.0208260523707615,0.3748199502017753,0.1284617638587951,0.2118336149605529,0.2326205772983976,0.0544968655705452,0.406992254087201,0.3587459184786351,0.1067388010025024,0.6836162184934902,0.2200548712725357,0.109002873301506,0.9202486472283318,0.433377823789607,0.089059989452362,1.0499061542916392,0.3190849750697667,0.0843827074766159,1.2208401366553705,234330129.91172728,316.2398439690917,0.155911210766253,239946680.0351844,489.0381558405435,1.259910163373564,0.0,0.0,0.0,0.0,0.0,0.0,4961.203122382703
Steel,2,3,5002.76,0.055,0.8639726579189301,0.0840383628010749,0.0247569903286134,0.5345510159477181,0.0864842838048935,0.3186136314257062,0.3844081458139681,0.0945363849401474,0.6976562956419148,0.0,0.0,0.0,0.0,0.0,0.0,0.0,0.0,0.0,0.0,0.0,0.0,32116542.882326357,636.8744626676977,0.1180780407790224,25624781.814059544,578.8019924982394,0.4397059332359582,25030975.612344984,455.8219463837235,0.7775753912630644,0.0,0.0,0.0,4993.660298576306
Steel,3,3,5002.77,0.055,1.624473750591278,0.0596583169102668,0.0132529058743643,0.3698159240802212,0.0818350169062614,0.6433481166217854,0.3937478080413569,0.0627576637268066,0.8744127320060611,0.1571518242631907,0.0274576858803629,1.198601353370071,0.0,0.0,0.0,0.0,0.0,0.0,0.0,0.0,0.0,74633950.97870201,660.2834013600923,0.488128471453903,66125755.6706944,987.7230501578337,1.0682240485321286,66125755.6706944,179.2958525756058,1.4381406436090032,0.0,0.0,0.0,5029.977824452921
Steel,2,4,4997.22,-0.056,1.0428375780582428,0.090325178027153,0.0184068015502034,0.3243439630357508,0.0675052720308303,0.1546628253410928,0.2006702621487833,0.0930180305242538,0.5084872482527403,0.0,0.0,0.0,0.0,0.0,0.0,0.0,0.0,0.0,0.0,0.0,0.0,17484799.67624177,200.4035365999939,0.1422930739965658,15301214.631192973,228.45134733886223,0.660822264982969,13272069.891500857,596.0698959411724,0.7891551397813517,14306863.305880964,639.9247702627096,0.8976745527644956,5045.022565627689
Steel,1,2,4997.21,-0.056,1.367687749862671,0.1281966668367385,0.012773707330341,0.4603977036394762,0.0858456438779831,0.7391803772056686,0.0,0.0,0.0,0.0,0.0,0.0,0.0,0.0,0.0,0.0,0.0,0.0,0.0,0.0,0.0,48704007.32681388,630.0623755108683,0.1628472409309654,48585079.017734654,604.643118136974,0.8989194730939895,0.0,0.0,0.0,0.0,0.0,0.0,4976.679438826125
Steel,2,3,5002.8,0.056,1.3536012679338456,0.0813192082643509,0.0224473410816186,0.4673465959973814,0.0934306901693344,0.273216645651585,0.1958840743825847,0.090045867562294,0.7134196077687699,0.0,0.0,0.0,0.0,0.0,0.0,0.0,0.0,0.0,0.0,0.0,0.0,30926019.249249,331.4793704403745,0.140309730592972,25003898.837217264,574.6831110372785,0.6486655558915178,25591396.50481009,694.3696494488247,1.132440618724749,0.0,0.0,0.0,5011.680029292546
Steel,2,3,5002.83,0.057,0.8685281842947007,0.0995174034833908,0.0205776659972799,0.4422237701027103,0.0361463604867458,0.4168483507182376,0.3404098762162126,0.02,0.704379114724317,0.0,0.0,0.0,0.0,0.0,0.0,0.0,0.0,0.0,0.0,0.0,0.0,9493182.076275758,385.3990404320257,0.1503144335071565,10643266.441113496,772.2969851050278,0.4003188386805947,10240376.141107406,455.5261668970204,0.7476741703662765,0.0,0.0,0.0,4990.408833392046
Steel,3,3,4997.14,-0.057,1.5749416500329971,0.1211989593505859,0.0151471850850804,0.3722239843163198,0.02,0.4145164550401968,0.2793496600893083,0.0843648469448089,0.6422561887266199,0.3886081092677881,0.092424464225769,0.8710578206753605,0.0,0.0,0.0,0.0,0.0,0.0,0.0,0.0,0.0,30785315.079805236,301.0723637348668,0.2060146872368576,29247125.2320722,329.60869111813093,0.7489163980846791,29182745.49850254,385.0495424634713,1.3811658310718324,0.0,0.0,0.0,5011.794263966534
Steel,1,4,4997.11,-0.058,0.948652982711792,0.0899583628177642,0.0228724213071127,0.3983631084214579,0.0904999357461929,0.5866521428616429,0.0,0.0,0.0,0.0,0.0,0.0,0.0,0.0,0.0,0.0,0.0,0.0,0.0,0.0,0.0,8848190.155252635,749.3558522688168,0.1870137505279692,12595940.378505604,74.9537203640749,0.460927280742184,10162053.135325411,356.89710084008806,0.5475516789735916,10069257.606852343,602.1979530145944,0.7750984616408017,5041.213177095035
Steel,2,3,5002.9,0.058,1.2667322218418122,0.1038398373126983,0.0304574740184152,0.2090984165197568,0.0606987202167511,0.5913903245739786,0.4237899564307031,0.086596599817276,0.7927903060184347,0.0,0.0,0.0,0.0,0.0,0.0,0.0,0.0,0.0,0.0,0.0,0.0,22943255.170124933,902.1609203793736,0.2187746052863689,18902745.987346828,849.1169457310931,0.9564821507889288,25537478.136750232,410.4902629982591,1.1400589983908986,0.0,0.0,0.0,4953.361940327439
Steel,4,4,4997.06,-0.059,0.8089009940624238,0.0945602648258209,0.0112096077393767,0.1525100199851398,0.0511935447156429,0.1841520073784548,0.3701146565415655,0.0754208660125732,0.3431405919008118,0.3456847094687234,0.0495219945907592,0.4715672447475206,0.3123031770657658,0.0622162610292434,0.6296355298900358,0.0,0.0,0.0,0.0,0.0,0.0,11989073.280098077,648.849932192105,0.1036743905412387,13162433.99419849,382.6120607505736,0.4576886183650331,15445773.823157271,243.2409020857874,0.5614151829001427,14379536.801006898,543.3258149318463,0.6798626642750696,4968.923981170159
Steel,1,4,4997.02,-0.06,1.3168409168720243,0.0890878887176513,0.0157167818191022,0.4372746236662155,0.10525983273983,0.8624936716091836,0.0,0.0,0.0,0.0,0.0,0.0,0.0,0.0,0.0,0.0,0.0,0.0,0.0,0.0,0.0,19616522.22305906,539.6063823413606,0.2076840782157952,13969746.179138336,514.3879680397127,0.713287239111545,17873216.792305823,238.9128889305404,0.7184913729035627,15387372.661647117,379.4109840699351,1.111290377663526,4950.784026239886
Steel,2,2,5003.02,0.06,0.3969310391694307,0.0912540189027786,0.0184258020217719,0.2719105941479202,0.1030585241317749,0.1319910709939613,0.3074960003073854,0.0933055114746093,0.2824390327249141,0.0,0.0,0.0,0.0,0.0,0.0,0.0,0.0,0.0,0.0,0.0,0.0,18213864.633475102,1099.9999999999995,0.0686592066549441,15653302.785069326,750.0681727546669,0.3565956378504628,0.0,0.0,0.0,0.0,0.0,0.0,5025.426391699112
Steel,1,3,5003.04,0.061,1.2130998939275743,0.0730176135897636,0.0270391409167601,0.4785897454520567,0.0747861623764038,0.5973095545134428,0.0,0.0,0.0,0.0,0.0,0.0,0.0,0.0,0.0,0.0,0.0,0.0,0.0,0.0,0.0,42643514.19019516,198.9270461977538,0.2855387038760564,35417985.799850896,97.7283748286807,0.91257816649648,46552511.8907981,609.8087148755047,1.091789903321717,0.0,0.0,0.0,4973.623748646839
Steel,1,2,4996.96,-0.061,1.1108762219548227,0.1190339125394821,0.0253226354214434,0.2488134118452644,0.1147624880075454,0.5282564340887228,0.0,0.0,0.0,0.0,0.0,0.0,0.0,0.0,0.0,0.0,0.0,0.0,0.0,0.0,0.0,18363129.69467703,311.57685865656725,0.2064249039744947,19140637.28405976,233.1071992126165,0.8656426908782873,0.0,0.0,0.0,0.0,0.0,0.0,4958.30871014729
Steel,4,4,4996.89,-0.062,1.131074120104313,0.1252966099977493,0.0198803085940438,0.275730068697399,0.02,0.2279386262261098,0.3782733195592481,0.0889278990030288,0.5552550842199907,0.3582365591638529,0.0719995281100273,0.8051951263344377,0.2842463429446379,0.0927255672216415,0.8973156104821848,0.0,0.0,0.0,0.0,0.0,0.0,25337486.189389024,262.16371016383897,0.140287229707706,32161143.28641436,102.58376545304068,0.3747924012076287,23368048.65398596,302.5051847172439,0.5687631982351522,27390074.817364704,1099.9999999999995,1.0130617163226392,5016.925246231601
Steel,3,3,4996.85,-0.063,1.0082760378718376,0.0593320816755294,0.0188847936471526,0.2851122851630765,0.0721428269147873,0.1520498061798913,0.2297618233270603,0.1181156110763549,0.4188801673482656,0.2022875620936703,0.0881737971305847,0.6958197992692101,0.0,0.0,0.0,0.0,0.0,0.0,0.0,0.0,0.0,14251798.679078944,899.5132187329918,0.1290803052984573,14844708.080252351,490.2586426358073,0.5549662198604457,13572694.74844588,722.057089753658,0.8695712533680625,0.0,0.0,0.0,5022.332215521325
Steel,4,4,4996.84,-0.063,0.7524378508329391,0.1203453537225723,0.0119590949059295,0.4919029871486637,0.1059966939687729,0.1205811218928953,0.307705570353725,0.0859337842464447,0.359722479704262,0.2216523620888344,0.0504348982870578,0.4835890270670392,0.3313195696291198,0.1064837789535522,0.6590550665083797,0.0,0.0,0.0,0.0,0.0,0.0,23850877.07121948,740.7665886541187,0.0850422158705994,24892807.628035057,815.3250872163437,0.1871002290132915,31906934.125975333,347.59471172519176,0.4291357020009527,30264873.99270462,1099.9999999999995,0.6771940649972074,4952.580171418634
Steel,2,3,4996.81,-0.064,1.5104388236999513,0.0969242715835571,0.040710300897944,0.4615261212689742,0.0500758028030395,0.3141776746127806,0.2292776627349501,0.084127584695816,1.1094704787874026,0.0,0.0,0.0,0.0,0.0,0.0,0.0,0.0,0.0,0.0,0.0,0.0,20070307.97800197,941.9568913028633,0.2192447892420027,30868284.62481849,714.4984368721578,0.894364282563626,28056246.92199986,920.023468079597,1.2447810863267244,0.0,0.0,0.0,4999.475217943673
Steel,2,3,5003.22,0.064,1.249488639831543,0.0894185124635696,0.0218052328413499,0.3221583384280459,0.0303069884330034,0.6167398005150596,0.4876909976344994,0.0566408345103263,0.9378093305844905,0.0,0.0,0.0,0.0,0.0,0.0,0.0,0.0,0.0,0.0,0.0,0.0,22567754.71121641,420.1446827402502,0.2409475534591353,14116860.866484871,245.81760434822647,0.7654653110311892,19411248.121894702,379.8891649628641,1.0881392771519316,0.0,0.0,0.0,5036.149096521497
Steel,3,3,5003.33,0.067,1.154568001627922,0.0994707083702087,0.0115376156763464,0.4312284287303507,0.0857886606454849,0.1745822405465401,0.5243550736987873,0.0608111137151718,0.7126560923949579,0.4080992098667222,0.15,1.03910120146513,0.0,0.0,0.0,0.0,0.0,0.0,0.0,0.0,0.0,43748078.79357553,796.161423018691,0.1392009925484637,41268508.80131292,553.6125894152315,0.6535894245474789,46604707.54692906,463.3877541021413,1.0241567408893806,0.0,0.0,0.0,4961.720381604028
Steel,2,2,4996.67,-0.067,0.2549973485060036,0.0704048497676849,0.0148124049254317,0.3935622310853444,0.0708463305234909,0.104517361046644,0.4011707389443487,0.0905206167697906,0.2010486941617391,0.0,0.0,0.0,0.0,0.0,0.0,0.0,0.0,0.0,0.0,0.0,0.0,24203845.695393555,644.8950942563513,0.0359073214713814,24130202.026671108,812.7213157004542,0.2245383567766484,0.0,0.0,0.0,0.0,0.0,0.0,5013.934185407728
Steel,4,3,4996.63,-0.067,0.9443684965372086,0.0902496465444565,0.0213949294868624,0.4589729016430761,0.0318264344334602,0.1515368650681461,0.153857075167137,0.0851813793182373,0.293348884322627,0.1884716002842143,0.0630130460858345,0.5486310758750659,0.357315794656816,0.0495424218475818,0.6586678239417797,0.0,0.0,0.0,0.0,0.0,0.0,16100940.60334451,674.0260654469455,0.1129395938294985,17977087.947684273,803.4112550948173,0.5859187449010109,16239011.64652887,689.8285721448385,0.7989990600107053,0.0,0.0,0.0,5033.768196338474
Steel,5,4,4996.6,-0.068,1.4045578181743623,0.1021351144313812,0.0160822271964672,0.5021481796465953,0.0968338227272033,0.1904976491373648,0.3215993407095437,0.0614726933836937,0.4667288299235232,0.4231932805941018,0.0671276128292083,0.784321663943589,0.2380712838416691,0.1135797101259231,0.9526646364216332,0.2421464760515343,0.0777519249916076,1.0886279056872412,0.0,0.0,0.0,30957373.601931628,108.731226221608,0.1608001301773694,28934110.39124049,685.116540810017,0.3654334401561864,30188041.252917595,181.5322061036341,0.7137261483004391,34528046.988416106,270.8741375037608,1.2209760081256102,4957.7977580822
Steel,5,2,5003.41,0.068,1.0713089287281037,0.0915399957895279,0.0116705226197612,0.3035841628065038,0.1004586118459701,0.1602714511676635,0.3224614988939341,0.0945670849084854,0.3219398372366703,0.2217830651105256,0.15,0.5320878717889351,0.2562017403409845,0.1469480419158935,0.6836270893663629,0.3866516942717796,0.0584679669141769,0.8348734992535817,0.0,0.0,0.0,90607757.56029823,192.87125160520745,0.1071308939441193,101757742.0180761,535.8270610722716,0.9229160448526268,0.0,0.0,0.0,0.0,0.0,0.0,5016.055794465733
Steel,1,4,4996.59,-0.068,1.1499646738171578,0.0996635828018188,0.0186992890354604,0.3688847017298274,0.0781929522752761,0.4106750235307779,0.0,0.0,0.0,0.0,0.0,0.0,0.0,0.0,0.0,0.0,0.0,0.0,0.0,0.0,0.0,11970610.545169886,298.13780108887374,0.1600297325607007,13514273.226034608,696.4472163328603,0.5671914277197985,10921117.440617604,919.0592144680404,0.7430874240298325,14550578.515529618,429.0214211101967,0.9647257711086186,4979.235978802342
Steel,3,3,4996.57,-0.069,0.8066413149237633,0.0825645086169243,0.0332378413203896,0.2619057052728684,0.0726313260197639,0.1312036940570349,0.4060885117181272,0.0741828754544258,0.4469989231015281,0.3939028712236549,0.0936923450231552,0.6306325174148577,0.0,0.0,0.0,0.0,0.0,0.0,0.0,0.0,0.0,18687983.414243598,601.2306303048991,0.0850030221590016,30230604.915297847,337.3208614675452,0.3557188512466642,24833573.439881463,530.2890261999252,0.6928663062737415,0.0,0.0,0.0,4999.937745905483
Steel,2,3,5003.44,0.069,0.944192673265934,0.1025536522865295,0.0205523063354085,0.2574082373728212,0.15,0.3618215186804707,0.2904556744303366,0.0421652337908744,0.6950233187906909,0.0,0.0,0.0,0.0,0.0,0.0,0.0,0.0,0.0,0.0,0.0,0.0,12543105.081588067,589.8134735719568,0.1240384635150473,13340586.14069324,307.7781973295763,0.3501057256284336,14176112.246975789,651.2172209841027,0.7730993613329012,0.0,0.0,0.0,4976.489588027986
Steel,1,4,4996.55,-0.069,0.8319784462451935,0.0947976168394088,0.0221217733637055,0.5123628398762187,0.0934205240011215,0.4288602405678708,0.0,0.0,0.0,0.0,0.0,0.0,0.0,0.0,0.0,0.0,0.0,0.0,0.0,0.0,0.0,17367975.643493675,165.5750328959627,0.1275615696181332,11824163.252024548,481.5713789514256,0.3456637795454625,14585199.96467435,736.3213631322922,0.5513514915571303,13976040.97802966,240.3941044368368,0.7221182261925083,5024.830488614931
Steel,1,3,5003.46,0.069,1.1642397701740266,0.1058549045324325,0.0414737560642592,0.209732142249684,0.0235951652377843,0.7481240458133117,0.0,0.0,0.0,0.0,0.0,0.0,0.0,0.0,0.0,0.0,0.0,0.0,0.0,0.0,0.0,11654380.64728724,1020.886637301882,0.2274620424786095,8458786.98066704,499.8081093670262,0.5396981512348311,9241451.276289014,571.3891977499483,0.9124036274371068,0.0,0.0,0.0,5012.095476090393
Steel,3,3,5003.49,0.07,0.5666550926864147,0.1220932846069336,0.0227598066086653,0.1979891806611768,0.0927950721979141,0.1075692385024731,0.509176103870797,0.1302300882339477,0.2732475877059991,0.203431179216085,0.1015732097625732,0.4087759382509675,0.0,0.0,0.0,0.0,0.0,0.0,0.0,0.0,0.0,26756625.80872872,207.4664889410844,0.0574141940351438,29045737.447865997,224.30305351135203,0.2309173738378359,28458555.058368757,770.2738384984742,0.4909567594831973,0.0,0.0,0.0,4962.13993613124
Steel,2,2,5003.49,0.07,0.8926822438836098,0.0631943354606628,0.0342851394439805,0.2848614234535286,0.1260325300693512,0.3728224381276296,0.1842964131177901,0.0843490901589393,0.7334275731842108,0.0,0.0,0.0,0.0,0.0,0.0,0.0,0.0,0.0,0.0,0.0,0.0,29146284.64698299,150.49281110425562,0.1542344275787222,28662827.08389305,282.80047727259097,0.7993402245377875,0.0,0.0,0.0,0.0,0.0,0.0,4970.418375239147
Steel,1,4,5003.49,0.07,0.9373684257268906,0.063690965116024,0.0111778729454608,0.333088183227469,0.0817415648698806,0.2371097434392712,0.0,0.0,0.0,0.0,0.0,0.0,0.0,0.0,0.0,0.0,0.0,0.0,0.0,0.0,0.0,10216005.826531734,78.79405640917291,0.1305934266395213,7955673.147828154,425.9279973050244,0.3833059879583057,7507812.919764737,861.3001842809805,0.6369339440680551,7358828.129692613,453.5192241671691,0.7791278074467453,5000.190269874553
Steel,3,2,5003.59,0.072,0.6008748829364776,0.0755118156671524,0.0276666461601833,0.1521609748943497,0.0737956196069717,0.1856119392282553,0.290356009809294,0.0919169151782989,0.3205346694462813,0.2949202538742906,0.1423669975996017,0.4975709031321253,0.0,0.0,0.0,0.0,0.0,0.0,0.0,0.0,0.0,34049167.96190824,1099.9999999999995,0.0838214632859739,30259036.744003493,708.8002883635286,0.4807703886204637,0.0,0.0,0.0,0.0,0.0,0.0,5029.020062449348
Steel,1,3,5003.67,0.073,1.2506172388792038,0.0753655982613563,0.0088274740067465,0.4588221962998655,0.0862807512283325,0.6553882218236816,0.0,0.0,0.0,0.0,0.0,0.0,0.0,0.0,0.0,0.0,0.0,0.0,0.0,0.0,0.0,15024254.525286805,451.1521453635799,0.147470942283633,19328922.989655,459.1755228282447,0.6782174253771989,19584350.439984187,602.4113905517312,0.951746189744458,0.0,0.0,0.0,4973.03601389808
Steel,3,4,5003.67,0.073,1.0564004495739936,0.0872052216529846,0.0133836902343566,0.2545538494765105,0.1368406468629837,0.2106748981063425,0.1834353963105062,0.02,0.461655461389144,0.33626849723128,0.075012557208538,0.6631519110212997,0.0,0.0,0.0,0.0,0.0,0.0,0.0,0.0,0.0,14198037.56437974,869.9713453120005,0.1563193583544281,15420699.622085478,972.070328807119,0.4962874250858707,15479291.41997375,316.6885436921767,0.6920131110050614,16610728.497715283,376.041767568752,0.9042988827581386,4976.703068862649
Steel,5,4,5003.72,0.074,0.9180005744099616,0.1020372383594513,0.0107676817612104,0.2678511501428401,0.1116186314821243,0.1230273645809627,0.239685599363274,0.0558586671948432,0.2675866671512626,0.4130568009227079,0.02,0.449724690183903,0.2132142778841245,0.0789915427565574,0.5442715039815886,0.2642406376307135,0.0856365710496902,0.7648323418007201,0.0,0.0,0.0,15108670.230512872,402.44769353037776,0.0964033385810076,16803408.070024494,444.7227314361327,0.3385274323781818,22664334.600629143,495.2148069293812,0.6212023163483293,15885069.079628555,624.826747913704,0.812896692995354,5031.68698902087
Steel,2,2,4996.26,-0.075,1.54625726044178,0.0867755834460258,0.0156640864240332,0.3300249316513579,0.0448822642862796,0.4394788644235424,0.3455238588879386,0.1193003106117248,1.0457367689246446,0.0,0.0,0.0,0.0,0.0,0.0,0.0,0.0,0.0,0.0,0.0,0.0,97494779.39886709,671.2290824806571,0.2527144778117862,97257230.35606109,121.28956708599728,1.288648763580053,0.0,0.0,0.0,0.0,0.0,0.0,4958.1571246865105
Steel,2,2,5003.75,0.075,1.076956720650196,0.0519798061847686,0.0203298397386023,0.2406742360347294,0.0319924802333116,0.6565758193771074,0.3341437063757854,0.052377238869667,0.8126241242683699,0.0,0.0,0.0,0.0,0.0,0.0,0.0,0.0,0.0,0.0,0.0,0.0,15496399.268311864,257.95181952455994,0.1893429697617545,16315330.557313891,579.8297719198102,0.8817934964404651,0.0,0.0,0.0,0.0,0.0,0.0,4953.1259475950055
Steel,2,3,5003.78,0.076,1.37049221098423,0.0791095696091652,0.0206229834036319,0.2427149739528959,0.0200221912900451,0.7590703726684921,0.5216352443070803,0.1267185992002487,1.0264998702633712,0.0,0.0,0.0,0.0,0.0,0.0,0.0,0.0,0.0,0.0,0.0,0.0,34433082.33155741,227.74134708996,0.3043859767018843,34411481.10653122,736.3386183018212,0.927239270999364,40731978.546706565,1099.9999999999995,1.2334429885153149,0.0,0.0,0.0,4966.85529170494
Steel,1,4,5003.84,0.077,0.9268655076622964,0.0537043260335922,0.0103902269868288,0.223830852861025,0.0415882262587547,0.8341689568960667,0.0,0.0,0.0,0.0,0.0,0.0,0.0,0.0,0.0,0.0,0.0,0.0,0.0,0.0,0.0,7174440.4281119965,302.1297056213656,0.3921833421771193,9244029.21183384,228.7789309229944,0.520501370830456,6904106.153380001,627.9258171212524,0.55023347841179,7280894.3569122525,436.83852455833386,0.8218897800211916,5030.786892834629
Steel,1,3,5003.86,0.077,0.9004592671990395,0.1009731703996658,0.0127096857763483,0.4226364076465232,0.0512415763735771,0.6206994554966174,0.0,0.0,0.0,0.0,0.0,0.0,0.0,0.0,0.0,0.0,0.0,0.0,0.0,0.0,0.0,19385598.80222005,654.5741261508772,0.2134027021323485,17891380.07527323,227.6191086144007,0.3703333690106523,14905189.735706756,600.1109489131643,0.7212152235054442,0.0,0.0,0.0,4986.990728397589
Steel,1,2,4996.12,-0.078,1.3465930372476578,0.102553279876709,0.0220373249235518,0.2838542915442494,0.0630064326524734,0.98101323517244,0.0,0.0,0.0,0.0,0.0,0.0,0.0,0.0,0.0,0.0,0.0,0.0,0.0,0.0,0.0,19961585.993002173,616.5466412156582,0.3870791903479378,17248590.47847861,491.6554351296431,1.0826361603775738,0.0,0.0,0.0,0.0,0.0,0.0,4964.090252153254
Steel,6,4,5003.92,0.078,1.2081621766090394,0.0969547499418258,0.0057743048968897,0.3281154032997144,0.02,0.2631957319934924,0.2595630432543135,0.1177254766225815,0.3366204530375823,0.5060248139207981,0.0451129402220249,0.5078782588279701,0.2915119462771348,0.039498976022005,0.7072560200028541,0.4754390276574226,0.027856972888112,0.796262513312952,0.640574663494657,0.0826992961764335,0.9649122627595932,42950174.96844544,508.4648272051384,0.2092317424481642,47959317.87513898,408.2003659625892,0.4655052783907487,46633884.64938355,519.6531044770394,0.739968543697073,38538768.37234208,869.2123879766846,1.0784721677073628,4995.291537657526
Steel,2,3,4996.08,-0.078,1.0035104498267176,0.0947866899967193,0.0244208044710363,0.5494403748266129,0.0476440565288066,0.1293179780630191,0.2754436659076135,0.1197709065675735,0.5180507659042177,0.0,0.0,0.0,0.0,0.0,0.0,0.0,0.0,0.0,0.0,0.0,0.0,23138097.95919913,504.8620623640938,0.1431384232513247,24843876.05959466,381.6142593589781,0.3815837196972251,29751384.46806179,986.9815173608798,0.8552558648648121,0.0,0.0,0.0,5036.099687573458
Steel,1,3,4996.03,-0.079,1.5250316590070725,0.09815483212471,0.0211091856097166,0.5137243478358648,0.115244505405426,0.619215661111715,0.0,0.0,0.0,0.0,0.0,0.0,0.0,0.0,0.0,0.0,0.0,0.0,0.0,0.0,0.0,45065517.72543214,314.7885646255537,0.1826524946064721,39527364.39585724,421.1021636182381,0.7808560304550642,43600291.8652071,291.7456561101641,1.27964385054217,0.0,0.0,0.0,4957.035171691201
Steel,1,2,5004.02,0.08,0.7088449820876122,0.0724200608730316,0.0349992762375321,0.466494182792025,0.1237253445386886,0.2290781486002518,0.0,0.0,0.0,0.0,0.0,0.0,0.0,0.0,0.0,0.0,0.0,0.0,0.0,0.0,0.0,36899537.67455536,50.84490591386297,0.1389466723551747,48638379.58509188,910.5255041221697,0.5821225060320818,0.0,0.0,0.0,0.0,0.0,0.0,4951.1593602022385
Steel,2,3,5004.03,0.081,0.6381357707083226,0.081014644742012,0.0187351649287118,0.4247992009362547,0.0590146347880363,0.3152661195874429,0.4438120251911,0.0953731489181518,0.4725723636116459,0.0,0.0,0.0,0.0,0.0,0.0,0.0,0.0,0.0,0.0,0.0,0.0,16281016.81986148,452.786758882382,0.1634953441555535,24335301.39688845,97.435579664009,0.4607075804511915,17991863.28338565,661.4246149817011,0.5731560466470036,0.0,0.0,0.0,5022.617235211282
Steel,3,4,4995.96,-0.081,1.1355553254485131,0.0756888796091079,0.0127128610730395,0.3097132688743117,0.1332302856445312,0.3603932065095149,0.3429814974818131,0.0719924575090408,0.8403430445282338,0.2820920062569942,0.0622594285011291,0.9715912359095276,0.0,0.0,0.0,0.0,0.0,0.0,0.0,0.0,0.0,28907071.8825014,180.7215022685921,0.1371416339723436,24170643.677922063,708.5461868357556,0.3360641671776297,23223874.744048584,599.4891831195466,0.4428337330795151,19925517.915401105,1099.9999999999995,0.9987797133137004,4982.519404219812
Steel,2,4,5004.05,0.081,0.9231557413935662,0.0595240631699562,0.0104548365265133,0.4051869572635924,0.1192700678110122,0.2264720637850734,0.3640239720397065,0.077961191534996,0.6617895504729725,0.0,0.0,0.0,0.0,0.0,0.0,0.0,0.0,0.0,0.0,0.0,0.0,21764727.81218303,351.48036817382314,0.1703071450573847,26590222.820189487,902.2154080217502,0.4513465969444709,22935401.41364674,655.450049537414,0.5560350244459225,31757113.78369532,1099.9999999999995,0.8086340569441391,4999.068946660531
Steel,4,3,4995.95,-0.081,0.6991615526378154,0.0820295080542564,0.0191341896529527,0.2798309505331544,0.1242253464460373,0.1225594448462818,0.2498952692281039,0.072008880674839,0.3786110012024296,0.3670969109275623,0.0232536980696022,0.4514805340894773,0.3330571092001629,0.0709790447354316,0.5780465585581072,0.0,0.0,0.0,0.0,0.0,0.0,19241781.039261155,572.065081761831,0.1016374964300062,19567225.87347321,293.31867076777684,0.4754026363104133,20849871.716436166,379.9087795440252,0.6292453966748723,0.0,0.0,0.0,5040.091393971498
Steel,1,3,4995.94,-0.081,0.7172921627759934,0.091198216676712,0.0229978639766016,0.5057824294796582,0.0901934784650802,0.4253212702541101,0.0,0.0,0.0,0.0,0.0,0.0,0.0,0.0,0.0,0.0,0.0,0.0,0.0,0.0,0.0,19596524.449608963,280.68526053124367,0.1137986142933665,18745334.74712045,509.67184149108687,0.3895585399731138,16456854.863725375,367.7519843491801,0.5726514776863569,0.0,0.0,0.0,4966.845027154849
Steel,2,3,4995.93,-0.081,1.189720857143402,0.0725173402428627,0.0240932531578017,0.2639872455200972,0.0580532538890838,0.2848197864130561,0.4160419207965868,0.10169926404953,0.7855198913741757,0.0,0.0,0.0,0.0,0.0,0.0,0.0,0.0,0.0,0.0,0.0,0.0,32352859.17120156,426.2685492349261,0.1340085609706795,26642776.822879355,649.7013612154919,0.5318802799705602,27278406.88711367,860.3324019766438,1.0523781494958384,0.0,0.0,0.0,4999.880613454876
Steel,3,3,5004.08,0.082,0.6023951284587383,0.0710469816327095,0.019771071102812,0.4793463037966335,0.1160865539312362,0.1499840371774657,0.3867436099174511,0.047282899916172,0.3125124786428948,0.4457765888456413,0.052671530842781,0.475416609173969,0.0,0.0,0.0,0.0,0.0,0.0,0.0,0.0,0.0,35066812.43457166,704.0486656829302,0.0901578825537242,30525047.62869325,402.2706909967207,0.3685803073278254,29450433.364619117,793.1309258037744,0.5118031195170458,0.0,0.0,0.0,5010.826982241711
Steel,5,4,5004.09,0.082,1.1309774696826935,0.0857031278014183,0.0201044873453527,0.2809329525002287,0.08834825694561,0.1556324989676707,0.3379937722585857,0.1399226152896881,0.3593653314238099,0.2922219867833301,0.15,0.5854965004066882,0.2341764459986971,0.0668622967600822,0.7176597805016385,0.3683353092042498,0.1103436607122421,0.9604043568164028,0.0,0.0,0.0,41189290.68317992,254.17081295040515,0.1243398250317275,31656664.66588822,274.64778385029337,0.283824306939105,30915441.32667157,354.68188833260285,0.49115389530942,36346485.80428221,834.1518471508986,0.9871705636166644,4992.0562704631175
Steel,2,3,5004.11,0.082,0.9473432675004004,0.07151776689291,0.0264465180642251,0.2638142302067575,0.0533388483524322,0.387831148449232,0.3128128210911154,0.123927087187767,0.7186990730064157,0.0,0.0,0.0,0.0,0.0,0.0,0.0,0.0,0.0,0.0,0.0,0.0,16949063.800848383,134.77602832965334,0.1216230032261076,13693350.806714118,591.6531618410531,0.5188026746807177,14885323.293383822,1099.9999999999995,0.8308683205436247,0.0,0.0,0.0,4982.181428784922
Steel,5,3,5004.12,0.082,0.8114113137125969,0.0921127367019653,0.03924754069627,0.2135303785722348,0.141513899564743,0.1294559365118099,0.1570780793043409,0.0825523477792739,0.2594283963464502,0.1644471290513998,0.106533989906311,0.4153173556020857,0.2035610923697855,0.0729189580678939,0.5415283376429596,0.3865633674021038,0.1144207435846328,0.7052495202771816,0.0,0.0,0.0,42027753.12907076,226.6713696135816,0.1157550502364323,27593496.944722943,257.4084546480841,0.3930540984582189,33779515.73586363,524.7604381580711,0.6714873166099025,0.0,0.0,0.0,4951.514531750154
Steel,3,4,5004.16,0.083,1.3603310704231262,0.1097566422224044,0.0171195973340891,0.3317049561551065,0.12942252099514,0.202344533065505,0.243836624320456,0.0866776889562606,0.6607056928405488,0.1711175897150461,0.1175300335884094,0.8250000843603029,0.0,0.0,0.0,0.0,0.0,0.0,0.0,0.0,0.0,21242054.99439077,911.5782304609222,0.1865846655657197,21149880.099030584,873.9325817863258,0.4519789942869204,20458534.36139179,406.9975539376887,0.627564035620003,18889938.62745658,395.8552938684729,1.1788211333312564,4988.203774090665
Steel,3,2,4995.83,-0.083,0.8442998036742211,0.0564796044230461,0.0240358303695427,0.2798682823494852,0.0716152477264404,0.182344624545915,0.2469843556305037,0.0813773494958877,0.3107888144172995,0.326115354185692,0.0839486616849899,0.5021938127579777,0.0,0.0,0.0,0.0,0.0,0.0,0.0,0.0,0.0,55377441.15245302,362.2371649072,0.1098760729813457,52800018.26789237,921.0831395536223,0.6735134296899961,0.0,0.0,0.0,0.0,0.0,0.0,5037.545444500228
Steel,1,3,5004.19,0.084,1.3604714423418045,0.0941522898674011,0.0236046413079931,0.5468361485858064,0.0895319026708603,0.3769401214087793,0.0,0.0,0.0,0.0,0.0,0.0,0.0,0.0,0.0,0.0,0.0,0.0,0.0,0.0,0.0,44091908.55694786,974.1907624375164,0.2522082067250112,33494138.139269523,170.79429267011176,0.8629417554051861,23921038.027272537,1069.0884967797003,1.0777622073055175,0.0,0.0,0.0,4999.865152519381
Steel,3,3,4995.77,-0.085,0.2765727529302239,0.0766080462932586,0.0173550380934941,0.3692727617192949,0.0772630926966667,0.0329492538168188,0.491818873201522,0.0696546611189842,0.1135207169621332,0.1755437000832813,0.097475996017456,0.2221534863674144,0.0,0.0,0.0,0.0,0.0,0.0,0.0,0.0,0.0,20081579.256568976,644.0126626638432,0.0450368776525818,20204044.06310025,193.95697790815447,0.1509424787966999,21356181.895491604,726.0856452596028,0.2114187058437386,0.0,0.0,0.0,5007.536680363675
Steel,4,4,5004.26,0.085,1.46499460041523,0.0829485139250755,0.005170072002011,0.3535910883524021,0.1413371616601944,0.2965160218094869,0.38252745463307,0.0780674365162849,0.6026673050401095,0.4637359200729766,0.1180234724283218,0.7602775997058048,0.248435544199519,0.0902531117200851,1.0795449936524923,0.0,0.0,0.0,0.0,0.0,0.0,45846333.04663041,446.1152215046028,0.1599127252829078,44715476.29156672,828.0481243418843,0.4751449384656604,38644729.59314417,406.647295321272,0.8300507759184379,31067051.86826941,615.7521521090873,1.2943192373503007,4971.336387569781
Steel,3,2,4995.71,-0.086,1.2793478310108186,0.0794180857539177,0.0146608446496768,0.2676450934323561,0.0753292852640152,0.4762987146998095,0.2938404080654492,0.02,0.7883025570018586,0.3733510175949309,0.0427079188823699,0.8879227878391012,0.0,0.0,0.0,0.0,0.0,0.0,0.0,0.0,0.0,98155514.15088056,177.23269178203412,0.1924040065363996,95036916.51076236,285.35363454121847,1.1514130466303891,0.0,0.0,0.0,0.0,0.0,0.0,5014.216778507413
Steel,4,3,4995.66,-0.087,1.3853480368852615,0.0928851146697998,0.0204798899889023,0.2822872941948545,0.1309297949075699,0.3883221365394928,0.2389365886975515,0.0918840998411178,0.7202905441845854,0.356307419218316,0.0719432383775711,0.8923678822653033,0.2546451075536294,0.1227263790369034,1.204667613220125,0.0,0.0,0.0,0.0,0.0,0.0,35669656.66121418,492.1520453313116,0.1393300127731072,45259282.45098668,309.43730144240385,0.4912392093899979,33471375.348223057,595.6877636991022,1.2468132318113874,0.0,0.0,0.0,4979.645804390935
Steel,1,3,4995.58,-0.088,0.738976426422596,0.0883744107484817,0.0288752976863393,0.3402500668884591,0.0567205986380577,0.1537418134360973,0.0,0.0,0.0,0.0,0.0,0.0,0.0,0.0,0.0,0.0,0.0,0.0,0.0,0.0,0.0,8853537.376602853,383.2665647941079,0.081921299124548,11017410.324267467,162.1032753009087,0.3492458770874692,10903585.576299896,551.4214846181803,0.531624982922542,0.0,0.0,0.0,5012.182793808832
Steel,1,2,5004.42,0.088,1.492415973544121,0.0691215805411338,0.0279781831912836,0.3456655697087465,0.0962638664245605,0.8933174677574978,0.0,0.0,0.0,0.0,0.0,0.0,0.0,0.0,0.0,0.0,0.0,0.0,0.0,0.0,0.0,72907760.73267865,519.4441478940795,0.4397195719915205,65509311.45616284,210.20574315851252,1.1711301185059682,0.0,0.0,0.0,0.0,0.0,0.0,5013.426244704464
Steel,6,3,4995.57,-0.089,0.6861841797828674,0.1017524548768997,0.0217886042733371,0.3602343607066624,0.0607401868700981,0.1020162396816016,0.4625180394996512,0.0905067235231399,0.2218613916939597,0.2204780211931077,0.1165549725294113,0.3418829111982466,0.4097468753190162,0.0625788143277168,0.4347670322499791,0.214784378535338,0.0611067074537277,0.5050210947072052,0.2937186095736442,0.0707273584604263,0.5962127083693063,34756339.6850023,459.19336957108345,0.0768676604012392,35555719.8982506,434.9768934099622,0.3638969826024602,34339872.13576693,769.0889870514559,0.6175657611183965,0.0,0.0,0.0,4982.385647553481
Steel,1,3,5004.43,0.089,1.838046371936798,0.0918225194215774,0.0125737660428043,0.4628628853376412,0.0856861311197281,0.76809812459391,0.0,0.0,0.0,0.0,0.0,0.0,0.0,0.0,0.0,0.0,0.0,0.0,0.0,0.0,0.0,65282971.2694696,503.93970739074376,0.3381503139244632,50620219.89330607,804.8004598416984,1.2014416260506575,58763429.48031104,616.5499302374833,1.6472319679687772,0.0,0.0,0.0,4967.877972273975
Steel,3,3,5004.44,0.089,0.7473416775465012,0.1358851014375686,0.0229495663823215,0.3189615811599126,0.15,0.1244419632900192,0.265433763235555,0.0622629308700561,0.3407743719214743,0.2026038204483419,0.15,0.546831639550039,0.0,0.0,0.0,0.0,0.0,0.0,0.0,0.0,0.0,24411144.606660787,554.0093157191707,0.07840381908884,31887478.509782527,382.2472473787187,0.1500198197532836,23275882.577052437,472.90648955505145,0.5625543722415578,0.0,0.0,0.0,4954.3679255234165
Steel,5,3,5004.52,0.09,1.474155715107918,0.097155284166336,0.0287543943942548,0.2874894206684709,0.0505052652955055,0.2748505345929921,0.4389684425484808,0.09435172021389,0.4986714593323356,0.432801644660778,0.02,0.8013237455608114,0.3246419422171676,0.0733603689074516,1.1553172355723624,0.5667230821855047,0.0626874420046806,1.3267301435971262,0.0,0.0,0.0,78188423.64151135,834.512203399238,0.1560417865863382,57777465.87773913,195.5523246649848,0.6242282734609579,48893801.37473728,477.364444480948,1.2916199382800215,0.0,0.0,0.0,4953.610594580388
Steel,2,4,4995.45,-0.091,0.5933470666408539,0.0767775139212608,0.0286137041473685,0.3480461902890174,0.0868248271942138,0.2884700495271416,0.2966537737990781,0.1086853122711181,0.5299163596755826,0.0,0.0,0.0,0.0,0.0,0.0,0.0,0.0,0.0,0.0,0.0,0.0,9823044.245531425,734.9930884428112,0.0924246202908816,9946755.768505173,334.40223646421816,0.3631650352427927,10405204.20422101,332.1289092747985,0.4618447322330512,10377984.97301364,551.1558592686032,0.5163518880725868,4959.744664265589
Steel,1,4,5004.56,0.091,1.5178658545017245,0.0842336959838867,0.02715812967834,0.2970933492752601,0.0891868495941162,0.4500837659249612,0.0,0.0,0.0,0.0,0.0,0.0,0.0,0.0,0.0,0.0,0.0,0.0,0.0,0.0,0.0,13625212.598628402,775.5389020683035,0.2642331127374152,12855187.57533169,388.8555771451786,0.8222818219275712,13230477.663084123,366.3648819469726,0.9842984192823696,16587579.327164654,650.6130313890918,1.2393928339484246,4991.0795344854005
Steel,2,2,4995.38,-0.092,0.625018797814846,0.0548156900405883,0.0191203561370985,0.2466893575880586,0.0842245236039161,0.23051156091464,0.175527703968527,0.1266127687692642,0.3498900847925305,0.0,0.0,0.0,0.0,0.0,0.0,0.0,0.0,0.0,0.0,0.0,0.0,12167468.507083232,642.6438327358711,0.0935241614915343,11804311.06622295,522.3937227231775,0.5292333372716851,0.0,0.0,0.0,0.0,0.0,0.0,5028.373507621267
Steel,4,4,4995.37,-0.093,1.2508215665817262,0.1180067046880722,0.0412422372762242,0.2685471489406809,0.0664234313368797,0.2180916851319319,0.1705643471168389,0.02,0.5208018190215281,0.2284709801107997,0.0570585036277771,0.789203423332276,0.4139656188476106,0.1151710641384124,0.9021073979124844,0.0,0.0,0.0,0.0,0.0,0.0,15742167.183563843,389.4911521426891,0.1405242822870414,22484567.9109229,172.6804373522382,0.7401387186169621,19451927.99533441,481.8936181645232,0.8866752468070142,19813018.22467663,748.958064517956,1.119728845934945,5026.95692788291
Steel,2,2,4995.35,-0.093,0.2784656890667975,0.1067068935632705,0.0097570740552522,0.5659237423600503,0.0658396553993225,0.0416606351745158,0.3131331196184564,0.1006036037206649,0.1857463403260552,0.0,0.0,0.0,0.0,0.0,0.0,0.0,0.0,0.0,0.0,0.0,0.0,29797952.86578867,80.0919549889806,0.0530001951861887,38898010.44834022,167.7797501576822,0.2092442699273405,0.0,0.0,0.0,0.0,0.0,0.0,5030.169245307612
Steel,4,3,4995.3,-0.094,1.0232583418488503,0.0591197996139526,0.0264555588190377,0.2297751088980916,0.0756143641471862,0.1923285653970862,0.4140162971851482,0.0788525560498237,0.3944531434891261,0.1439248160157687,0.103527802824974,0.6962032965555913,0.2522277964865816,0.0373238286375999,0.8337836755020904,0.0,0.0,0.0,0.0,0.0,0.0,21523431.459467977,929.111451346443,0.1249526221901198,21523431.459467977,170.28586800823825,0.5313143239484847,26576475.83091193,762.6656870498714,0.8745352918817484,0.0,0.0,0.0,4962.427244518462
Steel,6,4,4995.3,-0.094,1.450314211845398,0.1334102350473404,0.0253040067542817,0.2186859290225666,0.0533576619625091,0.3268802498755387,0.2633933815514401,0.0823189288377761,0.6019268696832849,0.2487704418750164,0.1225446510314941,0.7406780431584208,0.197401252156068,0.0963324725627899,0.8750937112113791,0.3199925588829262,0.0742987170815467,0.9966724893858854,0.178516850532918,0.0713378244638443,1.1408046896708388,20742523.63078415,505.5308090667018,0.1655364556769737,22719249.497577038,422.2723156717405,0.4426552942672084,27298377.63663876,417.5762797345066,0.7669792979519945,27851437.85977921,859.7249986838812,1.2910195560338154,4990.5972032840245
Steel,2,3,5004.71,0.094,1.1560220584273335,0.1249743485450744,0.01137624921121,0.3180837452798306,0.0884016525745391,0.3601225240738577,0.2394940722342265,0.1135930299758911,0.7496598948577027,0.0,0.0,0.0,0.0,0.0,0.0,0.0,0.0,0.0,0.0,0.0,0.0,15191177.77519699,485.38157884792975,0.1632612157036689,21006417.28802176,589.4674707675828,0.5016661780346744,22971231.387860104,627.317420781047,0.9447243397137116,0.0,0.0,0.0,5011.949013777988
Steel,1,4,5004.78,0.096,0.855967764556408,0.0979054191112518,0.0074910308336068,0.2753056549589138,0.0602488401532173,0.1543340345037733,0.0,0.0,0.0,0.0,0.0,0.0,0.0,0.0,0.0,0.0,0.0,0.0,0.0,0.0,0.0,9151653.267240204,609.0231404011577,0.0979701623691587,7772951.560013026,354.88872554180364,0.4102257063286391,8553625.863651374,393.5291582781806,0.4965933340322686,9449539.505096938,683.0700414652199,0.6705752281066889,4970.357405148324
Steel,2,4,4995.19,-0.096,1.046149219572544,0.1221816811561584,0.0400998787373515,0.3267467543611197,0.0406329280138015,0.1541933053022865,0.2365193638972565,0.0409474399685859,0.7430947771478101,0.0,0.0,0.0,0.0,0.0,0.0,0.0,0.0,0.0,0.0,0.0,0.0,9761897.00772662,552.7335250435726,0.1130805467457721,12045667.405373096,647.2096045553784,0.3985881389817849,8719730.492286853,207.82647329534632,0.5577353349657161,11571724.442650847,764.407681916754,0.8804461328806331,4996.12307655181
Steel,2,4,5004.83,0.097,1.5681599110364914,0.0982168806791305,0.0192167306406477,0.520069402044241,0.0805117335915565,0.5334674227402547,0.2260154701398328,0.102288971543312,1.1369163955322006,0.0,0.0,0.0,0.0,0.0,0.0,0.0,0.0,0.0,0.0,0.0,0.0,30918285.953684617,363.03459624189446,0.273546643897163,32414264.64258938,499.4933038637044,0.9409975204111392,29441856.080505952,408.60442813928887,1.0192274009169395,25420988.81142152,491.0387215081318,1.405906737163526,5003.307899878862
Steel,2,3,4995.17,-0.097,0.843466117978096,0.0679690313935279,0.0202420842308119,0.1996648275398766,0.0800637790560722,0.2637038518999559,0.3040927448381713,0.1198507016897201,0.606540776650581,0.0,0.0,0.0,0.0,0.0,0.0,0.0,0.0,0.0,0.0,0.0,0.0,16920894.99762407,321.76550861500004,0.1172917628506464,15892294.630059604,357.3209005994976,0.3605279981353742,13100834.994570374,445.4613317775567,0.7276238321558477,0.0,0.0,0.0,4981.655162691507
Steel,1,3,5004.83,0.097,1.095568184554577,0.08156802880764,0.0230580909304383,0.3149201923514561,0.0241297908127307,0.7856288166030786,0.0,0.0,0.0,0.0,0.0,0.0,0.0,0.0,0.0,0.0,0.0,0.0,0.0,0.0,0.0,12202978.2468551,356.1642432882485,0.4112025875858562,9694250.82538962,462.0569207312624,0.7531739964127879,8084248.663533743,659.9466015831858,0.958362895414643,0.0,0.0,0.0,4998.668315742889
Steel,6,4,4995.17,-0.097,0.7889837294816971,0.0473425993025302,0.0114746105429558,0.1901342113542621,0.105490431189537,0.1199344184013891,0.2674279466763422,0.08674465239048,0.2889670804459117,0.4562835095551862,0.0744073757529258,0.3802132483481883,0.2492098239997296,0.0805050039291381,0.4744925889224075,0.1919187107733512,0.1100566136837005,0.5798995168008474,0.1991219607484343,0.0572836548089981,0.6887806915512166,74722538.44774044,257.299948511642,0.099688553970475,80450007.86623687,673.0122158061638,0.2220068359790443,74853289.51731129,591.5786572675839,0.2528558281900027,82744095.80557856,297.5176649594292,0.7001790531308005,5000.13338483018
Steel,1,2,4995.16,-0.097,1.4047956675291062,0.0840907202363014,0.0127779726958726,0.3899955843811135,0.0839042001962661,0.4852624883804168,0.0,0.0,0.0,0.0,0.0,0.0,0.0,0.0,0.0,0.0,0.0,0.0,0.0,0.0,0.0,30558578.47907681,404.7635377759461,0.3176754210204807,33258157.71213368,581.7116835029948,1.2171828797384283,0.0,0.0,0.0,0.0,0.0,0.0,4964.024427812638
Steel,1,2,4995.16,-0.097,1.8663384258747104,0.0956488441228866,0.0120674613169633,0.4310896683702544,0.0832449179887771,1.3059918289188888,0.0,0.0,0.0,0.0,0.0,0.0,0.0,0.0,0.0,0.0,0.0,0.0,0.0,0.0,0.0,179823419.34421718,397.45444687751535,0.6371402609782719,183831302.34146556,291.3286333912852,1.5697817477052205,0.0,0.0,0.0,0.0,0.0,0.0,4995.173181655462
Steel,4,3,5004.89,0.098,0.8004307672381401,0.1125945912599563,0.0245155141279424,0.4679209714369499,0.0546318656206131,0.1335803108199118,0.1865684514813336,0.1395754623413086,0.3844038128053678,0.3877103719454716,0.0387479445338249,0.5524078764622989,0.2326284562394844,0.1060257744789123,0.6327861788943993,0.0,0.0,0.0,0.0,0.0,0.0,23257169.60682657,373.8559923367864,0.1038808151242954,20702250.752143804,331.03052617018375,0.4446108919472445,26986607.840295017,761.308019333657,0.691209064075071,0.0,0.0,0.0,4965.898415777931
Steel,2,3,5004.91,0.098,1.013368572294712,0.0737051879167556,0.0081089667289056,0.3989362184741193,0.050058225095272,0.216661855035068,0.2122973725370725,0.0918824338912964,0.6826372164393142,0.0,0.0,0.0,0.0,0.0,0.0,0.0,0.0,0.0,0.0,0.0,0.0,9200706.433888292,531.7688663454741,0.107049211980199,13212655.114603242,944.2445757999157,0.3993512384768523,8140801.556413339,389.84133933948414,0.8132456803510522,0.0,0.0,0.0,5046.900429705766
Steel,3,3,5004.91,0.098,1.7198364555835726,0.1088441535234451,0.0271639668237858,0.2879484819888976,0.10734608232975,0.1950812727230238,0.3109133544036143,0.0578283584117889,0.5997478527519333,0.2513942923203742,0.0460964220762252,0.8853445628629836,0.0,0.0,0.0,0.0,0.0,0.0,0.0,0.0,0.0,30206657.874681085,310.10378725487345,0.184532335609379,36120117.40169488,241.89372016910409,1.0495399570085748,37559083.45565236,912.3717461927478,1.4631275176190095,0.0,0.0,0.0,5003.9823048041235
Steel,2,3,5004.95,0.099,0.8449904710054398,0.0719148530960083,0.0575318824768066,0.4366181338846719,0.0952664119005203,0.2340576382877353,0.314419396170548,0.0741974544525146,0.4286240633521243,0.0,0.0,0.0,0.0,0.0,0.0,0.0,0.0,0.0,0.0,0.0,0.0,24602066.610556133,356.27642787380853,0.1691935325631605,31311752.562072825,467.726481791847,0.4845679568312651,27125026.2355275,174.30877805361555,0.6464618882462907,0.0,0.0,0.0,5002.409335161073
Steel,4,4,5005.05,0.101,0.979934473335743,0.1008583158254623,0.0284966530462688,0.3996825788521895,0.0846611341834068,0.1771200803036323,0.1972661811175488,0.0961684191226959,0.4072065401021288,0.3133060374441919,0.0958236992359161,0.5065011612358434,0.2022500117584042,0.1081776237487793,0.758717956654327,0.0,0.0,0.0,0.0,0.0,0.0,26190715.233234,601.4488814452993,0.1316251183333241,28133890.963010304,1099.9999999999995,0.5518016265826968,25062660.0707084,475.004655926426,0.6974497232799821,25423918.814260155,300.88043951997213,0.8761974456385673,4996.8023316488325
Steel,1,2,4994.92,-0.102,0.7658307984471321,0.0878661856055259,0.008097714595518,0.2109007409709235,0.1138975191116333,0.2469660201994165,0.0,0.0,0.0,0.0,0.0,0.0,0.0,0.0,0.0,0.0,0.0,0.0,0.0,0.0,0.0,10842276.461216277,1070.0778363778506,0.1535650644557919,11220961.87303565,643.3080280688026,0.6277379606185896,0.0,0.0,0.0,0.0,0.0,0.0,5009.624804384675
Steel,2,2,5005.1,0.102,1.1436832785606383,0.0943848598003387,0.013293051057742,0.2204613565162345,0.0452950750291347,0.1800080699141872,0.2612256391269641,0.0600928956270217,0.4466848586942299,0.0,0.0,0.0,0.0,0.0,0.0,0.0,0.0,0.0,0.0,0.0,0.0,15444556.239449453,427.4525689282827,0.1420358649934841,14262654.552920828,280.457757706653,0.9162273775023562,0.0,0.0,0.0,0.0,0.0,0.0,4981.084560009009
Steel,4,4,5005.12,0.102,1.502043855190277,0.1093191876411438,0.0127663349508532,0.2366072717939697,0.0907113796472549,0.4839404381820014,0.2078935288431306,0.0702921232581138,0.7262627448658475,0.3569782642846053,0.1129468119144439,1.0059649549351155,0.4074988088993601,0.0528366962075233,1.3224829518634351,0.0,0.0,0.0,0.0,0.0,0.0,22418104.65510625,554.5231607113559,0.1767616550889513,18470204.1564221,517.9186735639878,0.771522641843185,24191987.182359826,989.6349399032292,1.0267208142040436,23001653.134477768,420.6075242487848,1.3518394681692056,5010.83209334687
Steel,5,3,4994.88,-0.102,1.86483910381794,0.1184708712100982,0.0272749165997483,0.3577016187203956,0.04886159658432,0.438407700993499,0.2689361699966622,0.0878880673646926,0.7485233718916319,0.2681199151717623,0.0905743688344955,0.9903008546157716,0.4072771507075158,0.1252348035573959,1.3664478315134092,0.1834081245936011,0.0951893752813339,1.5350540858126849,0.0,0.0,0.0,50430432.27229367,889.6413665995532,0.2207857383118426,55234779.57024433,502.8211762903616,0.8681569328795213,47255066.88231879,484.6418796921961,1.6473102329904403,0.0,0.0,0.0,4978.018395998602
Steel,4,2,4994.71,-0.106,0.8508631557226182,0.1111350409984588,0.0278118974708066,0.3568636372670802,0.1442885041236877,0.0942974174306331,0.2017737850448262,0.084584891796112,0.3615667361790629,0.2235890975213491,0.0581719857454299,0.5388018958985631,0.2793623263796205,0.0435598275065422,0.6132839662590414,0.0,0.0,0.0,0.0,0.0,0.0,42334460.56290526,397.31884975224136,0.1149606232848914,46318561.05499753,680.0368830882259,0.6964665586173213,0.0,0.0,0.0,0.0,0.0,0.0,5019.915297868177
Steel,4,2,5005.31,0.106,1.3088256031274796,0.0730187350511551,0.0333386034019853,0.1953320827347152,0.0760431098937988,0.250950796942767,0.3810439516305398,0.0330804190784692,0.5643198973709,0.2528710698530004,0.0675169375538826,0.7314697647026469,0.2332867206300401,0.09487129509449,1.0773126917820908,0.0,0.0,0.0,0.0,0.0,0.0,251868030.194486,259.575353844816,0.200214521629913,236657783.59429035,600.8458764269652,1.0989014339430336,0.0,0.0,0.0,0.0,0.0,0.0,5025.663268536779
Steel,2,3,4994.68,-0.106,1.1107598885893823,0.0737720904946327,0.020382594732885,0.2005703158556185,0.1007490140199661,0.4399946831747793,0.3282424126902784,0.1113756120204925,0.8641689590179316,0.0,0.0,0.0,0.0,0.0,0.0,0.0,0.0,0.0,0.0,0.0,0.0,20195122.030801844,523.2198496662292,0.1597102087541409,17037639.342295993,309.00340870196874,0.5908458556780827,16044893.876270808,1008.9845165183972,0.9464473740102366,0.0,0.0,0.0,4980.074369200048
Steel,3,4,5005.34,0.107,1.1415772035717966,0.0634859111905098,0.0507887289524078,0.2864335697013261,0.0725618714094162,0.1393326344088047,0.233522213748222,0.0974549353122711,0.4384585213199587,0.3796057997049308,0.1208095216751098,0.7553615046350173,0.0,0.0,0.0,0.0,0.0,0.0,0.0,0.0,0.0,25426507.310569946,369.5802872754717,0.1519366660566887,16247494.735533107,353.591097682645,0.5791032064566808,21139854.88384671,367.7051143338964,0.8504914214285038,19499984.976964533,509.6673747765472,1.0166335419230723,5040.917374369184
Steel,1,4,5005.41,0.108,0.7354281485080719,0.0692689955830574,0.0318972859257671,0.3343628733643689,0.0792558321356773,0.1756098354627869,0.0,0.0,0.0,0.0,0.0,0.0,0.0,0.0,0.0,0.0,0.0,0.0,0.0,0.0,0.0,8491570.929007448,503.9148412001574,0.1124938736468907,7466454.276345905,477.0956787824698,0.3044146365203594,9192621.163571589,496.3760875379816,0.3407682042038203,9502638.38958264,259.058723813801,0.5478024329096601,5038.704391836899
Steel,1,4,4994.58,-0.108,0.9303235858678818,0.0690646653175354,0.0062359084513822,0.4182484733639455,0.1034012061357498,0.4493087154565778,0.0,0.0,0.0,0.0,0.0,0.0,0.0,0.0,0.0,0.0,0.0,0.0,0.0,0.0,0.0,9883003.670169173,462.98279198151255,0.1691385396541665,12196816.325840058,717.5726438483586,0.3417157668246382,10337335.282401644,432.0056022640032,0.4681182211500219,9630311.61338854,657.1135157427157,0.7543060515799889,4966.392090116881
Steel,3,2,5005.44,0.109,1.4755729973316194,0.0888046837449074,0.015211212045848,0.127548142300343,0.15,0.2369544358067395,0.3582641790795007,0.0603613924980163,0.9306774483285716,0.3121867992530761,0.0640863323211669,1.328005697598457,0.0,0.0,0.0,0.0,0.0,0.0,0.0,0.0,0.0,38381527.83135535,341.6092771425975,0.2043069439915142,44322496.15942737,354.53710647067027,1.2711555923491398,0.0,0.0,0.0,0.0,0.0,0.0,5005.20482028374
Steel,5,4,5005.47,0.109,1.3434288799762726,0.1276821234226227,0.0202049570191213,0.480570535263443,0.1083117598295211,0.1405927547998838,0.3869482991561536,0.0331785125285387,0.3403588501922914,0.2914798115650021,0.0962435728311538,0.4676261777777398,0.3566955395357378,0.1176765131950378,0.7222027610401599,0.2715378955339837,0.0660236886143684,1.0065001056797205,0.0,0.0,0.0,45476324.72708152,665.9163521528474,0.1716455404009198,56280576.74631542,377.7498945373188,0.543846281997335,59234290.33177399,679.0217541651708,0.6468021348854973,44230908.53204151,1099.9999999999995,1.182833233219843,4951.853139138497
Steel,3,2,4994.52,-0.11,0.7779913291335107,0.0794216321110725,0.0050641142735494,0.3321329330483474,0.1121104121208191,0.1575448562090159,0.2905973988214281,0.0735712200403213,0.4464969151659999,0.2794489013954339,0.0721810004115104,0.6480875889381048,0.0,0.0,0.0,0.0,0.0,0.0,0.0,0.0,0.0,29047937.99727763,608.0290995412086,0.0969573009599334,26194963.18230221,223.79602915286145,0.6863195984248639,0.0,0.0,0.0,0.0,0.0,0.0,4991.362541943208
Steel,2,2,4994.5,-0.11,1.71919447183609,0.1176520435810089,0.0206799755268531,0.3405330016684875,0.0739399218559265,0.7620195471515314,0.2744657140640595,0.0890498930215835,0.8734186195872498,0.0,0.0,0.0,0.0,0.0,0.0,0.0,0.0,0.0,0.0,0.0,0.0,122188271.69574527,386.56740655968326,0.2298151071110462,149231823.48200664,472.83711890357097,1.47959866971328,0.0,0.0,0.0,0.0,0.0,0.0,5011.2651796436
Steel,4,3,5005.51,0.11,0.9130794525146484,0.0566560758948326,0.0366705386732012,0.312162644045678,0.0882969844341278,0.1611392279358611,0.1884592011962132,0.15,0.3672199781792328,0.136468511920579,0.0900599545240402,0.5535460685866674,0.4229592642959751,0.0969366312026977,0.7564508584475182,0.0,0.0,0.0,0.0,0.0,0.0,18609966.93041194,269.25953903891894,0.1140639984188176,25715424.23237381,306.1131749560912,0.5085900210078477,22142940.235708702,310.1987451460728,0.797651432376582,0.0,0.0,0.0,4998.469461652186
Steel,1,2,5005.51,0.11,1.1209085687994955,0.08883547103405,0.0188409946765148,0.2961218006730282,0.1015342265367508,0.3092371455189465,0.0,0.0,0.0,0.0,0.0,0.0,0.0,0.0,0.0,0.0,0.0,0.0,0.0,0.0,0.0,18510374.1889228,298.0364846959157,0.2099741428902516,20328941.395432305,255.0053276034882,0.8929812552112266,0.0,0.0,0.0,0.0,0.0,0.0,4988.143709903329
Steel,5,4,4994.49,-0.11,0.5893023595213891,0.0603399115204811,0.0309225610291679,0.3521903900305,0.1133865529298782,0.0823372193326023,0.3021435404712997,0.0527330818772315,0.1954517227972454,0.3451883330445416,0.114629932641983,0.3058951248886866,0.301309371135353,0.0827302286028862,0.45321972545291,0.3792182129713418,0.02,0.5249680134665797,0.0,0.0,0.0,17853056.83259701,89.0053521380482,0.067278698773684,22152851.267816298,467.2277236950615,0.2357998260131913,22975916.740243275,455.5261668970204,0.3278559241592333,21916314.112557903,217.5785084116028,0.5022412810796811,4988.546870852144
Steel,4,3,4994.49,-0.11,0.5346135757863522,0.0982029491662979,0.0212553274094698,0.2304724733675446,0.0832078796625137,0.0758719415308254,0.4187974968320118,0.0623291039466857,0.2315423078283699,0.4298509029123994,0.0228394613415002,0.3347870329303957,0.333995219721266,0.0535421484708786,0.4659654401902616,0.0,0.0,0.0,0.0,0.0,0.0,15851463.798489748,205.4959007337712,0.0652842507358125,21753096.736258622,477.7033448883691,0.3585403438486438,18024955.615675908,342.127604930897,0.4811522176731033,0.0,0.0,0.0,4968.976082323127
Steel,4,2,4994.46,-0.111,1.33350625038147,0.1098167525529861,0.0138853314872485,0.1898140500336254,0.0409410105645656,0.211968177213544,0.2521437440701969,0.1070183861255645,0.3990325814060992,0.1716995550016887,0.1136999839544296,0.7169200918947163,0.4123748883382612,0.0604725849628448,0.9865751557238804,0.0,0.0,0.0,0.0,0.0,0.0,35033701.47584081,704.6682425690452,0.1893614189341837,42006765.72756208,475.1078349731568,1.1232302916924006,0.0,0.0,0.0,0.0,0.0,0.0,4989.962667513902
Steel,5,4,5005.62,0.112,0.9676912963390352,0.0894084658622741,0.0200992745683623,0.3405548035748335,0.0730434200167656,0.1202463980222247,0.3611468296038959,0.0749396196007728,0.2976054209439942,0.2979205329781356,0.1374370414018631,0.5068153189316872,0.1057268392770664,0.042618236541748,0.6545246424951157,0.2385555911655404,0.0859378135204315,0.7964016039847082,0.0,0.0,0.0,21207462.11739519,132.56499836706143,0.0995371229568468,22309262.40280702,304.0113098987154,0.4038262516254667,19895302.688804395,626.2620200532226,0.5706280663546207,22301750.494267013,466.35582104356496,0.864020554129007,5029.896294532466
Steel,2,2,5005.63,0.113,0.7841305881738663,0.0834779452681541,0.0194478721886444,0.361170687484328,0.081270751953125,0.1690512410226667,0.2898098138070165,0.1054778087139129,0.4852591979190911,0.0,0.0,0.0,0.0,0.0,0.0,0.0,0.0,0.0,0.0,0.0,0.0,20293377.394954994,608.4606481700215,0.1111641059949761,26815516.953137856,473.7780022047157,0.5791806869212657,0.0,0.0,0.0,0.0,0.0,0.0,5041.599870877552
Steel,6,2,4994.37,-0.113,1.1073004320263862,0.0850905940532684,0.0102171601396048,0.2261705282062035,0.1081833189725876,0.176769582545472,0.2358166159247272,0.0675926142930984,0.3438141429995326,0.3829544180834697,0.1100472068786621,0.501674258137428,0.2768559465294395,0.0724685472249984,0.6171887583828505,0.1683245358812855,0.1050893169641494,0.7418595994338155,0.235449019936107,0.0389732390642166,0.8959311267269137,271121032.5901278,450.1823419910578,0.1347785342868471,230483837.0736926,376.0427705812158,0.9280136098391408,0.0,0.0,0.0,0.0,0.0,0.0,5003.239322451662
Steel,1,2,4994.33,-0.113,0.5990856923162937,0.0692548694014549,0.0090540724325141,0.2415216242490524,0.1249011951684951,0.3580929425273628,0.0,0.0,0.0,0.0,0.0,0.0,0.0,0.0,0.0,0.0,0.0,0.0,0.0,0.0,0.0,9954617.414775291,898.6112069876085,0.102207461026091,9881276.94435301,713.4409721926796,0.4651098051078435,0.0,0.0,0.0,0.0,0.0,0.0,4991.496742154261
Steel,2,4,4994.32,-0.114,1.3887609601020814,0.0620571990013122,0.0156215989721656,0.1699403958767721,0.0890953308343887,0.7879282660253064,0.3236932525176689,0.1400277018547058,1.0932231458264912,0.0,0.0,0.0,0.0,0.0,0.0,0.0,0.0,0.0,0.0,0.0,0.0,19627068.57696721,284.4440268719249,0.3259803784696465,19254185.354191072,281.0624681050302,0.6490439511899805,20693243.423300087,405.8203982301212,0.6812970380004888,23354052.19406528,468.6597849833271,1.197310161698242,5022.234846707421
Steel,4,3,5005.69,0.114,0.8617777064442634,0.0967436612844467,0.0232991758347171,0.2722123137415976,0.1021770739555359,0.1959754037181849,0.2149627566058066,0.0975503826141357,0.3485834044627207,0.3530061491754043,0.02,0.509561273475586,0.2061439154903671,0.0865669304132461,0.695600561908849,0.0,0.0,0.0,0.0,0.0,0.0,14510153.232408777,95.26366663347022,0.0946403336859779,14625263.533964338,627.6685398663308,0.3649895779292517,16036975.630947065,430.035916750256,0.7488375035564534,0.0,0.0,0.0,5015.819814420218
Steel,2,4,5005.7,0.114,0.8653733998537064,0.0964303376674652,0.0073321957158254,0.3898222966365105,0.0679294073581695,0.2590236529173548,0.2177906206677708,0.0669991526007652,0.3742402205990048,0.0,0.0,0.0,0.0,0.0,0.0,0.0,0.0,0.0,0.0,0.0,0.0,12430928.25922162,475.6039501350181,0.1053545917474819,15642741.876188736,126.56558122699576,0.4086315008204825,13819523.16953262,191.57542500867416,0.6292885984395551,13672052.4296914,359.6298741091032,0.7336761226280498,5025.6127383595185
Steel,4,3,4994.31,-0.114,1.389774438738823,0.0891084389686584,0.0099877300473241,0.1998129606902323,0.06342946767807,0.2003464351719014,0.4901803442445736,0.097444606423378,0.3098126290524218,0.2426312532797516,0.0905816757678985,0.6837024603695406,0.3682256371841518,0.0842118856310844,0.965238029754662,0.0,0.0,0.0,0.0,0.0,0.0,44974285.51135831,685.9469452626628,0.1814033168180029,46430101.46014381,558.5368162355078,0.8062581936078209,46208486.17537936,345.9284191084677,1.1759714511950237,0.0,0.0,0.0,5028.41272256067
Steel,1,2,4994.26,-0.115,0.8736696779727936,0.0985102380514145,0.016085339362341,0.2618013156735512,0.0849588084220886,0.7078274410723641,0.0,0.0,0.0,0.0,0.0,0.0,0.0,0.0,0.0,0.0,0.0,0.0,0.0,0.0,0.0,25269851.42090316,300.9351314724179,0.4228717741081956,20068880.57312712,124.96244589559588,0.7757233132446171,0.0,0.0,0.0,0.0,0.0,0.0,4952.47159842193
Steel,2,4,5005.77,0.115,0.6582904435694218,0.0959928746223449,0.0364968173852956,0.3447204923238128,0.1027210569381713,0.0883450126020811,0.2857171587264559,0.0954543155431747,0.3241798516165342,0.0,0.0,0.0,0.0,0.0,0.0,0.0,0.0,0.0,0.0,0.0,0.0,11693831.567883492,62.07571733995,0.0687246172627327,11025561.999956504,388.9519736046301,0.1083641427673441,11939368.377008634,432.487525039353,0.312881825204902,14669926.501666935,1099.9999999999995,0.5243915252392733,4961.562551800032
Steel,4,2,4994.23,-0.115,0.7880767151713371,0.136779088139534,0.0216144081134562,0.2817690254130873,0.1482826459407806,0.1531743567773721,0.3620750447903678,0.0680063664913177,0.3404965686584077,0.3343745397842453,0.0807274043560028,0.4630077978544676,0.3122789497682163,0.0586273828148841,0.6368088963346881,0.0,0.0,0.0,0.0,0.0,0.0,47388027.12085587,551.375681635057,0.1098684730612065,40160834.4932444,189.1815525524376,0.6577071892289015,0.0,0.0,0.0,0.0,0.0,0.0,5048.3629824172685
Steel,5,2,5005.78,0.116,0.8962025687098504,0.0651323900222778,0.0161188204229163,0.187994766884768,0.1260301434993744,0.1254683310418429,0.2242183827683158,0.1023550981283187,0.2544364161973929,0.2145951198290819,0.0776931595802307,0.4088385839355885,0.3736154421604445,0.0837336185574531,0.5756195289094463,0.1931772279221455,0.1241127979755401,0.7641239206575178,0.0,0.0,0.0,115102404.01585034,639.9089210196837,0.1429137820791213,104545787.36285467,98.70583069113732,0.8065823109426628,0.0,0.0,0.0,0.0,0.0,0.0,4960.70134050557
Steel,1,2,5005.83,0.117,0.9548741161823272,0.0617070491313934,0.0195546571445975,0.3317665618625727,0.0882339805364608,0.3647222164563093,0.0,0.0,0.0,0.0,0.0,0.0,0.0,0.0,0.0,0.0,0.0,0.0,0.0,0.0,0.0,18338266.31633096,377.0964053979322,0.113643250791659,18403168.75428976,656.8999702155588,0.6756024469473532,0.0,0.0,0.0,0.0,0.0,0.0,5022.988464910816
Steel,5,2,4994.17,-0.117,0.5804004311561585,0.0846137317419052,0.0159749593717393,0.4147423734395637,0.1222236728668213,0.0913134082460307,0.3303977739295864,0.0835582482814788,0.2070416589182867,0.183533350232748,0.1093240839242935,0.3164421314542613,0.1944817396884187,0.0541037517786026,0.4132542511427217,0.2250067410653978,0.0620453113317489,0.4878701437206443,0.0,0.0,0.0,51881363.34691289,305.574473501678,0.1103451511982874,38013307.41216048,368.4106171456037,0.5215669363273203,0.0,0.0,0.0,0.0,0.0,0.0,4975.699966819806
Steel,2,4,4994.15,-0.117,0.7171607226133347,0.0976186974048614,0.0251124372780755,0.4488036015608288,0.0685692754387855,0.1188202024185616,0.3150292537341967,0.1004707771539688,0.4326461343028613,0.0,0.0,0.0,0.0,0.0,0.0,0.0,0.0,0.0,0.0,0.0,0.0,21007850.225232314,1099.9999999999995,0.108270347117717,21370960.741008434,964.9116417170536,0.3850071412265211,19709052.73226582,852.6512810892909,0.4125430710092082,21085270.649516005,324.95969236022734,0.597903874690956,5026.923183696827
Steel,3,3,4994.12,-0.118,1.4184545278549194,0.1037028582096099,0.0194256763614665,0.1587854864401484,0.1107048463821411,0.3510195367129357,0.2420978123538817,0.1126735883951187,0.7244732038077635,0.3706625277538793,0.02,1.2765990750694276,0.0,0.0,0.0,0.0,0.0,0.0,0.0,0.0,0.0,20616820.15972505,657.300832018888,0.1597413005765617,14651641.3882951,655.6971020935775,0.586006655546682,18903036.625600755,194.20057562259896,1.1607335408592558,0.0,0.0,0.0,5004.300736869127
Steel,1,4,5005.9,0.118,1.9327828615903853,0.0884332472681999,0.0071587437483884,0.4854781023097591,0.0945243203639984,1.6394760297391962,0.0,0.0,0.0,0.0,0.0,0.0,0.0,0.0,0.0,0.0,0.0,0.0,0.0,0.0,0.0,91670843.23324683,162.36682165542297,0.6713402063358997,104804782.26542704,474.2964936570369,1.251233229432026,134770581.25619617,823.6030593444227,1.5829607051647416,120113378.4128038,859.0956004162779,1.739504573498564,4987.927102357367
Steel,2,2,4994.1,-0.118,1.1089072108268738,0.1006265499591827,0.0493411597520164,0.2225717665139204,0.1027158963680267,0.4912208498554403,0.2318091362952087,0.0741348224878311,0.7707656714678044,0.0,0.0,0.0,0.0,0.0,0.0,0.0,0.0,0.0,0.0,0.0,0.0,15865321.838923393,612.5271185119932,0.2376231598111287,15036374.405338114,564.8053875171994,0.8880480839848673,0.0,0.0,0.0,0.0,0.0,0.0,4951.56681919006
Steel,1,2,4994.09,-0.118,0.5468096129596234,0.1076283962726593,0.0227673523433423,0.567905144021032,0.0891773343086242,0.3293769962463406,0.0,0.0,0.0,0.0,0.0,0.0,0.0,0.0,0.0,0.0,0.0,0.0,0.0,0.0,0.0,42588572.06997266,397.1365366252463,0.1216348325490553,31474853.56005265,449.2261773889634,0.3986310028117428,0.0,0.0,0.0,0.0,0.0,0.0,5016.270409853649
Steel,1,3,5005.93,0.119,0.9206098601222038,0.0960091506242752,0.0130817228415294,0.4757845205618443,0.0975692272186279,0.5671967515606153,0.0,0.0,0.0,0.0,0.0,0.0,0.0,0.0,0.0,0.0,0.0,0.0,0.0,0.0,0.0,20391900.114123877,505.6792506749049,0.1281244313168916,21410787.466522776,745.3210051388124,0.6167709854703752,15401101.457399815,290.61882544000696,0.7923073180692629,0.0,0.0,0.0,4991.327578968009
Steel,1,2,5005.97,0.119,1.3858780980110168,0.1099261902570724,0.0163278423806641,0.43748663026129,0.122233544588089,0.1804174888303503,0.0,0.0,0.0,0.0,0.0,0.0,0.0,0.0,0.0,0.0,0.0,0.0,0.0,0.0,0.0,47560189.30217866,321.20030232263963,0.1579573298139791,57420621.41839482,233.8623526187532,0.9832014097086088,0.0,0.0,0.0,0.0,0.0,0.0,4991.736209802401
Steel,4,4,4994.0,-0.12,1.381285411119461,0.1089254065752029,0.0079849402306723,0.1552024234183696,0.1066124677658081,0.3178899922515977,0.2065673874210491,0.0605800542235374,0.5207494785414744,0.2093201193945098,0.0346625638753175,0.7277724604708709,0.3921211599594506,0.0828432381153106,0.9627983175754872,0.0,0.0,0.0,0.0,0.0,0.0,15429351.06244952,424.0528306918423,0.1904005642929557,15082366.304794123,145.5949965067903,0.4268261441220396,15582842.76359973,676.5662808687715,0.8662513905656067,19800189.45091801,382.5590694449788,1.2198785104922023,5037.188326854204
Steel,2,2,5006.02,0.12,1.0625140160322188,0.1145143469572067,0.0209665923821729,0.2381982365029416,0.0416305200755596,0.3951619128723326,0.2683995507463101,0.1359986758232116,0.8574522632004888,0.0,0.0,0.0,0.0,0.0,0.0,0.0,0.0,0.0,0.0,0.0,0.0,19814724.79286745,432.3620515108439,0.2260998826685742,25327651.838653654,282.74067759736573,0.937549215074109,0.0,0.0,0.0,0.0,0.0,0.0,5030.2130837477625
Steel,4,4,5006.03,0.121,0.8032111898064613,0.0974173675775528,0.0092566949922676,0.1857990292147864,0.044311996102333,0.1062583828826317,0.275663182269201,0.0841164693236351,0.291735665157751,0.253897011040354,0.0562814155220985,0.4826914193413397,0.3224636649883657,0.098589129447937,0.599722275978317,0.0,0.0,0.0,0.0,0.0,0.0,14878772.442379478,755.5179163404052,0.0812969036475099,12946594.804756047,576.6119218056531,0.2767180653233914,16064869.541904751,794.1184242465263,0.4051106658499513,16644522.000930317,423.5275317534171,0.6697063104160033,4993.719244459709
Steel,2,2,4993.98,-0.12,0.6793127097189426,0.0884881607890129,0.0198003024347027,0.1946418382009241,0.1393126839399338,0.1198257681065169,0.4815575961510512,0.0882712435722351,0.4014651563367371,0.0,0.0,0.0,0.0,0.0,0.0,0.0,0.0,0.0,0.0,0.0,0.0,27377084.62730605,185.8871434389464,0.1405420932058636,26465349.499571163,265.7448639327569,0.5312649638979149,0.0,0.0,0.0,0.0,0.0,0.0,4973.172189324292
Steel,1,2,5006.06,0.121,0.9824423670768738,0.08266265553236,0.0223678750477731,0.2714096192152984,0.061210771203041,0.8166101159685601,0.0,0.0,0.0,0.0,0.0,0.0,0.0,0.0,0.0,0.0,0.0,0.0,0.0,0.0,0.0,13092728.784690555,672.5624330699643,0.2255029027532685,10626325.51814038,314.1673115581981,0.8723536863158499,0.0,0.0,0.0,0.0,0.0,0.0,5032.833864652234
Steel,5,3,5006.16,0.123,1.2053802102804183,0.1339688074588775,0.0161624551362112,0.5075838277958094,0.0848371940851211,0.1917544710438483,0.2749713657640833,0.1018006932735443,0.3711092994746643,0.2504914493127619,0.0377696987986564,0.6171594776396996,0.1729599703892241,0.0966862350702285,0.8001642688553602,0.2774033612891038,0.0954887425899505,1.0751446973085403,0.0,0.0,0.0,40773489.32850766,649.5200467626497,0.1290783656128944,46062464.04966621,514.9845544575668,0.564219495560615,48857133.66818318,525.2061275114872,1.008393020997861,0.0,0.0,0.0,4996.2336650877
Steel,5,2,4993.84,-0.123,0.8978500917553902,0.1117426445484161,0.0266576067971754,0.3347981128665039,0.0848922130465507,0.1124798652263384,0.3318299279552201,0.0763429459929466,0.2379463618013745,0.2605432158370488,0.1424423140287399,0.4136546493001237,0.3150279181505048,0.0782733556628227,0.6360498413207232,0.2822409377131465,0.0973415964841842,0.7838819793605313,0.0,0.0,0.0,51271728.64458006,176.7622583063593,0.1232723764610894,44781421.00267312,476.20409117554806,0.7506862816217561,0.0,0.0,0.0,0.0,0.0,0.0,5030.320744798961
Steel,2,4,5006.19,0.124,1.254827183485031,0.0948945618867874,0.0331232226193201,0.372401503272517,0.1222784787416458,0.3201807043145565,0.3254184901303971,0.0814368084073066,0.5893488069467159,0.0,0.0,0.0,0.0,0.0,0.0,0.0,0.0,0.0,0.0,0.0,0.0,24118455.17143988,772.7099657781223,0.1929789378646432,29321776.652441345,252.30900301024596,0.6513541309261355,27314958.575019788,374.2505142285802,0.7867204705562374,27996700.284717217,264.158625085105,1.0725348612077106,4980.30125173796
Steel,4,3,5006.2,0.124,0.5218813851475717,0.0610194748044014,0.0170396037682123,0.2675755096928831,0.0946728301048278,0.0777257973039437,0.2942732137127427,0.1492265343666076,0.2262873031622064,0.2094394028072543,0.1172576546669006,0.3662513872690572,0.2826271933842387,0.0537034511566162,0.4696832466328146,0.0,0.0,0.0,0.0,0.0,0.0,22670705.895812377,636.1020108665733,0.0940734287858508,36690199.25523154,383.7958877526056,0.3982643340791237,22661740.443574395,246.00355594930136,0.4596822466328146,0.0,0.0,0.0,5042.372792978155
Steel,2,3,5006.22,0.124,1.5285569459199906,0.0912366172075271,0.0072497352953816,0.1946178986875286,0.110674882531166,0.3222468458004103,0.3779450269156892,0.1036669832468032,1.0154454087513964,0.0,0.0,0.0,0.0,0.0,0.0,0.0,0.0,0.0,0.0,0.0,0.0,23250607.77650281,458.434620954165,0.2789822942204115,21075781.08034801,541.6663226164071,0.7191766951022535,22230128.942497224,483.9816786096206,1.2245388197068965,0.0,0.0,0.0,4992.979007572416
Steel,1,3,5006.29,0.126,0.5255506552755833,0.0910920121669769,0.0100941982529835,0.4392610499761241,0.02,0.3090414380568808,0.0,0.0,0.0,0.0,0.0,0.0,0.0,0.0,0.0,0.0,0.0,0.0,0.0,0.0,0.0,4733052.11967052,528.007819528917,0.0781389287128693,5691545.0122898575,382.0446993444204,0.187709867181114,4556588.547668655,218.92505640288215,0.4729955892224743,0.0,0.0,0.0,4959.228469646553
Steel,3,3,5006.29,0.126,1.0281976029276847,0.0784927870035171,0.0068463358568357,0.1765196083965061,0.0903909128904342,0.2871765481878664,0.2609760730593432,0.0570657950639724,0.6830094040612842,0.3032337500121727,0.0984345912933349,0.8050675172463889,0.0,0.0,0.0,0.0,0.0,0.0,0.0,0.0,0.0,17263318.73445156,520.0068690925198,0.1679697881811168,14770473.249251977,246.52820053432896,0.5448512950584058,15763108.534765,1099.9999999999995,0.9218109501803636,0.0,0.0,0.0,5030.597944549742
Steel,2,2,5006.3,0.126,1.3058650016784668,0.1010619901418686,0.0393552844162664,0.2956844889979225,0.0597366535663604,0.3676359745771708,0.30745064899973,0.087631766796112,0.7268051508829851,0.0,0.0,0.0,0.0,0.0,0.0,0.0,0.0,0.0,0.0,0.0,0.0,24690190.99043249,155.73140983648324,0.1922670110938406,25767554.84630431,295.0133440285837,1.046006121101768,0.0,0.0,0.0,0.0,0.0,0.0,4962.100488090454
Steel,4,3,5006.3,0.126,0.4837997131049633,0.0498085892200469,0.0184786124400927,0.2807283981315299,0.1054298835992813,0.061894730354746,0.4010953501735929,0.1167784577608108,0.183305903947513,0.22676258738104,0.0891659903526306,0.2903220338913867,0.3045925354538101,0.1119833660125732,0.4224697637795007,0.0,0.0,0.0,0.0,0.0,0.0,27647522.302596822,935.3727553598048,0.0764881887851081,25915190.144118983,602.7528182983734,0.1980878568172712,24010570.73259848,456.5435778253952,0.3895351780310048,0.0,0.0,0.0,5039.051815134214
Steel,2,2,5006.3,0.126,1.0536402612924576,0.0640911279320717,0.0105029095989686,0.3517787385619077,0.1017052072286606,0.3490648963115235,0.2871693577518896,0.0734145355224609,0.6287546529499258,0.0,0.0,0.0,0.0,0.0,0.0,0.0,0.0,0.0,0.0,0.0,0.0,52918838.93858209,320.47418616001613,0.244913559876515,65423621.85661599,228.5938044132624,0.9482762341095714,0.0,0.0,0.0,0.0,0.0,0.0,5044.8890322742245
Steel,3,4,5006.34,0.127,1.151021432876587,0.0647440681457519,0.0168824766021662,0.3902731249389131,0.0801190769672393,0.2963453497190341,0.2999668983217328,0.0477478897571563,0.4288127229144491,0.1779245488530256,0.0820551818609237,0.7295496947557935,0.0,0.0,0.0,0.0,0.0,0.0,0.0,0.0,0.0,15604871.683724638,697.8700156293667,0.126006673436681,17480642.68886568,204.2379635366965,0.5302914724680025,17851156.375656616,348.2066951502723,0.6489084645846761,18348713.85220367,351.150255845085,0.99771257277208,4984.421462868556
Steel,1,4,5006.37,0.127,1.4766706109046936,0.1069833062887191,0.0375878565676722,0.3291787860229948,0.15,1.3289935498142245,0.0,0.0,0.0,0.0,0.0,0.0,0.0,0.0,0.0,0.0,0.0,0.0,0.0,0.0,0.0,27024999.19495937,576.6748729420863,0.3172208641937916,27297589.993345898,744.1246316110653,0.7565864613363246,27578727.41555807,243.9846733784098,0.9221703920943768,29969239.008092016,499.6736716249028,1.310307469700702,5038.061633622645
Steel,6,2,5006.38,0.128,1.215765416622162,0.0947049037218094,0.0166031530540132,0.1822391763629371,0.0830845955014228,0.1875693622486699,0.2944749263116472,0.1002526384592056,0.2933953401117802,0.1778535227657725,0.0314773714542388,0.4502462337637352,0.324608907320634,0.0522730898857116,0.5979729257392966,0.2599103632202776,0.0447717440128326,0.6780224365057618,0.2579881990481664,0.1283240246772766,0.9189231185507,66037772.689722255,341.1493161579142,0.1370647904063608,60396667.95613651,118.60642423288428,1.0473038287895498,0.0,0.0,0.0,0.0,0.0,0.0,5023.034384489561
Steel,1,3,4993.59,-0.128,0.8582431569695473,0.0925861965417862,0.0228704987269689,0.4501698922948229,0.0652902987599372,0.5291161855610347,0.0,0.0,0.0,0.0,0.0,0.0,0.0,0.0,0.0,0.0,0.0,0.0,0.0,0.0,0.0,13021639.04089452,356.14083353864345,0.1671488444133371,12660790.0244032,698.6623660384769,0.4112094016198955,15273648.57836824,419.36631536808017,0.6564191789704412,0.0,0.0,0.0,5038.990649506761
Steel,1,2,5006.44,0.129,1.2930428594350816,0.0983128354549408,0.030240507443595,0.1604216861455962,0.0877793389558792,0.771935873064064,0.0,0.0,0.0,0.0,0.0,0.0,0.0,0.0,0.0,0.0,0.0,0.0,0.0,0.0,0.0,12193791.382489463,222.41193606400967,0.2938643972540192,11810676.738279594,552.6758197940152,1.0950103702859386,0.0,0.0,0.0,0.0,0.0,0.0,5019.338587757382
Steel,1,2,4993.57,-0.129,0.8589123770594597,0.0701153307557106,0.0272790048971487,0.2679368672701639,0.071792334318161,0.2974451832766329,0.0,0.0,0.0,0.0,0.0,0.0,0.0,0.0,0.0,0.0,0.0,0.0,0.0,0.0,0.0,7752750.382695852,174.89079565341652,0.1475447623638235,7902701.172490275,191.60318453866293,0.6110800149960021,0.0,0.0,0.0,0.0,0.0,0.0,4955.935098588229
Steel,1,2,4993.52,-0.13,1.3421822935342789,0.0749599339365959,0.0325570634807943,0.3133990714391753,0.1172790485620498,0.3369550824872187,0.0,0.0,0.0,0.0,0.0,0.0,0.0,0.0,0.0,0.0,0.0,0.0,0.0,0.0,0.0,22299196.42699216,687.551825657009,0.2490237569419797,24728898.907656685,487.8964592572905,1.0209279360727328,0.0,0.0,0.0,0.0,0.0,0.0,4960.377850501763
Steel,5,4,4993.52,-0.13,0.748925906419754,0.0525883492231369,0.0090085864502241,0.4635369859575062,0.0983993428945541,0.1189955405900689,0.2152621285086791,0.048214076757431,0.237068406289929,0.3449709614955598,0.0981929510831833,0.3576129753729717,0.233904625300126,0.0812545070052147,0.494587605948062,0.296756156359918,0.1069347244501114,0.6621173893381626,0.0,0.0,0.0,25621659.581023764,769.6867571199275,0.0783692693234363,32434436.023189813,649.6452906588977,0.3201857216562152,37016296.48018596,569.5673746039445,0.4227351621220867,37403269.16188943,758.7475084686464,0.6438296973712381,5027.422146681744
Steel,1,3,4993.51,-0.13,0.7649761065840721,0.1049378622770309,0.023007477300356,0.2416592864611543,0.1033100980520248,0.4503406454185045,0.0,0.0,0.0,0.0,0.0,0.0,0.0,0.0,0.0,0.0,0.0,0.0,0.0,0.0,0.0,7588362.470801203,224.8242047760166,0.1606638719769056,8669022.888893869,401.3158087892468,0.4887831586403066,11078417.019049153,885.122285040349,0.6420619270673054,0.0,0.0,0.0,4994.549928199653
Steel,2,3,4993.51,-0.13,1.306932842731476,0.0564776535034179,0.0161435736701184,0.5132640350899635,0.063690378665924,0.4013499565298725,0.2328218497414906,0.0986839568614959,0.799925198748765,0.0,0.0,0.0,0.0,0.0,0.0,0.0,0.0,0.0,0.0,0.0,0.0,103031619.93974373,573.7016157902467,0.1306932855800804,100088454.66262588,302.0900480810325,0.7096842270865069,121510578.7001492,806.0609063208922,1.1077004469978282,0.0,0.0,0.0,4954.810504594345
Steel,5,3,4993.48,-0.13,1.0067978873848915,0.0776391009688377,0.0202832361969539,0.4122140008106157,0.0446307969093322,0.1714340950982924,0.2481151471624134,0.1053385663032531,0.2557634918122871,0.3826993444280006,0.0941275143623352,0.4335763747530229,0.2564067562902345,0.1237779885530471,0.6740138273849443,0.3410727488732341,0.0691772696375846,0.851924357842348,0.0,0.0,0.0,59733548.00152224,296.26105215922746,0.1037647345392052,38290207.03708968,96.51468145977108,0.336429230783161,32164218.15466578,285.48261914037573,0.8654054084969703,0.0,0.0,0.0,5036.088914780741
Steel,1,3,4993.47,-0.131,1.440939947962761,0.1271789808273315,0.013651893157165,0.3324763931368736,0.1147627437114715,0.462532874405994,0.0,0.0,0.0,0.0,0.0,0.0,0.0,0.0,0.0,0.0,0.0,0.0,0.0,0.0,0.0,26172585.725590736,319.59197054578607,0.2562449717189029,29579350.956385832,385.01125054296494,0.8102347510880232,25564292.112093057,215.12662846564956,1.1719498578450955,0.0,0.0,0.0,5013.988496665036
Steel,3,2,4993.42,-0.132,0.8004780724644661,0.1002374747991562,0.0103625621172292,0.3499341403774813,0.0483631579577922,0.1183863153099426,0.2129296676542696,0.0342694839835166,0.3473567000473317,0.3769256874118426,0.0854610496759414,0.6107884269829378,0.0,0.0,0.0,0.0,0.0,0.0,0.0,0.0,0.0,24546054.781610467,924.767077200904,0.1328956609518628,23520326.02017299,675.5006047422448,0.7056980385496033,0.0,0.0,0.0,0.0,0.0,0.0,4994.7364894482525
Steel,3,3,5006.6,0.132,0.7360959351062775,0.1033664028644561,0.0220329039234145,0.4131220328481772,0.078614681661129,0.09416077336528,0.4501745796851794,0.0760053741931915,0.3681678988041729,0.4003414663882064,0.0245396028459072,0.6133813175060601,0.0,0.0,0.0,0.0,0.0,0.0,0.0,0.0,0.0,33080837.54427096,382.2189919650512,0.117274291692799,19517943.81623256,532.7890509745037,0.4129482766216991,26137810.70889568,389.4128726432443,0.6362329622753267,0.0,0.0,0.0,5045.169296497826
Steel,1,4,4993.38,-0.132,1.0380058839917183,0.0981301515102386,0.0178495728681621,0.3026232251763235,0.0934666901826858,0.3203963546033747,0.0,0.0,0.0,0.0,0.0,0.0,0.0,0.0,0.0,0.0,0.0,0.0,0.0,0.0,0.0,9732734.742840368,755.4534332449791,0.1300259155890233,7906112.743014363,774.6233555160005,0.3480124406355549,8541386.491136756,61.49786605658888,0.6765527123702808,10061372.269799534,238.53075435560163,0.8245369278825505,4978.328684750304
Steel,3,2,5006.69,0.134,0.5460109375417233,0.0626719502806663,0.0216601706834587,0.2337243729903713,0.11417145550251,0.123811848186267,0.1126649992989796,0.0399099212884902,0.2641255238980731,0.2458598543891084,0.1046523189544677,0.4303567223339714,0.0,0.0,0.0,0.0,0.0,0.0,0.0,0.0,0.0,13193769.363096695,261.1074550992324,0.0728625795321593,12960414.014025236,94.57340180840376,0.4509155411692367,0.0,0.0,0.0,0.0,0.0,0.0,5003.927241467986
Steel,2,2,4993.31,-0.134,1.521547281742096,0.0657450211048126,0.0193879247015564,0.1721092859718041,0.0942263942956924,0.7734884702004894,0.2095724427235229,0.0449548590183258,1.2121112279570485,0.0,0.0,0.0,0.0,0.0,0.0,0.0,0.0,0.0,0.0,0.0,0.0,36683429.61792731,376.1880206957909,0.2789042880039289,38278787.56108978,1099.9999999999995,1.258370778370451,0.0,0.0,0.0,0.0,0.0,0.0,4984.517174397775
Steel,3,3,5006.71,0.134,0.7422708109021188,0.0903683521747589,0.0334203181466204,0.2488205313895305,0.0881122499704361,0.1858764842651389,0.4361254069354986,0.0269308079406619,0.3848434518258203,0.6019784787650102,0.0578718590736389,0.5037930351821487,0.0,0.0,0.0,0.0,0.0,0.0,0.0,0.0,0.0,19675188.413007643,501.23487854209344,0.0944318708898281,24531097.843789622,664.7752410024497,0.4460131633708461,20708073.781674866,518.0524929364824,0.6286470595362301,0.0,0.0,0.0,4995.2892507187735
Steel,2,2,4993.27,-0.135,0.7573288694024086,0.0850369628071785,0.0392111112635177,0.1400538120166595,0.0371115691959857,0.1994223440382834,0.2419240863988987,0.0727890798449516,0.4932619912158222,0.0,0.0,0.0,0.0,0.0,0.0,0.0,0.0,0.0,0.0,0.0,0.0,9124023.377591478,435.48942696029656,0.0902046143809359,9060284.89361198,355.8106147689288,0.5875389212306253,0.0,0.0,0.0,0.0,0.0,0.0,4959.58784009694
Steel,6,2,5006.75,0.135,0.970736749470234,0.0793235105872154,0.0147757189737032,0.2994562783768428,0.0729010084271431,0.1116424019893237,0.2021609343534578,0.0912047487497329,0.2698209655237066,0.2812756429924009,0.0710398751497268,0.3919751811287771,0.2838858839072702,0.0937462055683136,0.5089448070495031,0.3433333266217889,0.1012817692756652,0.6432872793492175,0.2236531870102729,0.107749730348587,0.8185687213247614,104699912.8041788,761.4204373193653,0.1389500302582583,87776918.55332202,617.9606563995271,0.8493550592395585,0.0,0.0,0.0,0.0,0.0,0.0,4988.320216738756
Steel,2,2,5006.81,0.136,0.962491635978222,0.068280027449131,0.0131185402981206,0.3353091350135772,0.1075328934192657,0.5619063789874605,0.1834330355417509,0.0706275022029876,0.8662324723803999,0.0,0.0,0.0,0.0,0.0,0.0,0.0,0.0,0.0,0.0,0.0,0.0,18603801.723927774,262.96749710448387,0.3398006821299338,20266420.259530265,531.7173006046955,0.8541708931654206,0.0,0.0,0.0,0.0,0.0,0.0,4978.899699924909
Steel,5,3,4993.2,-0.136,0.5280661575496197,0.1082259870767593,0.0099726212905515,0.2601769410800865,0.0735376143455505,0.0688615610001646,0.280580965224916,0.02,0.1471363886501116,0.3541752296442488,0.0950454139709472,0.214332250950446,0.2241483578884006,0.1136348414421081,0.3424211823186516,0.4334046215775294,0.104630297422409,0.4663583873219487,0.0,0.0,0.0,48849335.87610436,137.0563760751953,0.0896767663238437,53129442.71068585,346.187462464046,0.1996071795492552,50183779.18631496,462.90482294409145,0.4107903992452891,0.0,0.0,0.0,5041.209726752369
Steel,1,4,5006.81,0.136,0.6569452494382859,0.0823726963996887,0.0278768381592452,0.4290898309167411,0.1381127971410751,0.2174393473942073,0.0,0.0,0.0,0.0,0.0,0.0,0.0,0.0,0.0,0.0,0.0,0.0,0.0,0.0,0.0,26317828.28334018,715.2874534445642,0.1415832834512461,24893921.39320205,394.6479534302424,0.4159037807115266,27489939.89586144,126.24922451647836,0.4587819699340522,28650073.08350349,112.40889127609348,0.5230538877871888,4965.812918281107
Steel,2,3,5006.85,0.137,0.7411086350679398,0.0803928853869438,0.0213842770967389,0.382469002119599,0.1230939030647278,0.2697997662889473,0.1914692599256366,0.0836521458625793,0.5718433676209418,0.0,0.0,0.0,0.0,0.0,0.0,0.0,0.0,0.0,0.0,0.0,0.0,17757676.23877319,617.9976260286605,0.0828900697433341,15827338.307343412,525.3796645757451,0.1665534309459994,17154771.440920826,348.794436734806,0.6440784534154276,0.0,0.0,0.0,5018.947386471072
Steel,2,3,4993.14,-0.137,0.6912324413657189,0.0680401362776756,0.0191574500636648,0.4207655104987903,0.0504872924089431,0.1242512241579189,0.3256177941525737,0.0555249270796775,0.2236130015445031,0.0,0.0,0.0,0.0,0.0,0.0,0.0,0.0,0.0,0.0,0.0,0.0,14435249.131622285,791.3495565382675,0.0816964435019801,13735119.25963213,509.1532845911296,0.3080708811988599,13419843.65059014,284.174980503552,0.4933913436692929,0.0,0.0,0.0,4954.922384220398
Steel,1,3,5006.87,0.137,0.8237916097044945,0.1231067217588424,0.0224306853282423,0.2030924332126414,0.0624441629648208,0.6578044468595723,0.0,0.0,0.0,0.0,0.0,0.0,0.0,0.0,0.0,0.0,0.0,0.0,0.0,0.0,0.0,15524180.280665657,115.63101047278572,0.212403897202686,14110155.43072435,786.2737063629545,0.3451361189759927,17418558.209174726,172.63086543943385,0.6273852639639087,0.0,0.0,0.0,5036.986265320906
Steel,5,2,5006.88,0.138,1.3754390805959702,0.0937143951654434,0.0294938436299476,0.2887362059098888,0.0794135665893554,0.2784571001333691,0.1944165683627628,0.0887941271066665,0.6011085729137058,0.3339408119029449,0.0665583461523056,0.7927771933121172,0.2650142147321259,0.0867675960063934,1.0359094284769983,0.1737059856096678,0.0592113369703292,1.1705018674093364,0.0,0.0,0.0,184584260.71483973,44.99999999999999,0.1585039615692577,180176588.98190317,529.3592465443428,1.2175249259634595,0.0,0.0,0.0,0.0,0.0,0.0,5025.662991764805
Steel,3,3,4993.1,-0.138,0.25,0.0755592048168182,0.0242435720756006,0.3935529413858405,0.0945965373516082,0.0254493440972756,0.2584724575387336,0.0736345493793487,0.1132998644697279,0.2021241515580496,0.1362183487415313,0.2240016679135186,0.0,0.0,0.0,0.0,0.0,0.0,0.0,0.0,0.0,17056431.78887882,148.50544967181403,0.0354503440972756,15762020.403995538,357.5840467580177,0.0946441303497045,22974464.405082285,329.4386173946614,0.2078662057559546,0.0,0.0,0.0,5022.06540547726
Steel,2,3,4993.1,-0.138,1.7216183960437776,0.0759361343383789,0.0391656763729489,0.345107111760112,0.0531882658600807,0.5508298764305338,0.232484060708472,0.1118070697784423,0.866355622896314,0.0,0.0,0.0,0.0,0.0,0.0,0.0,0.0,0.0,0.0,0.0,0.0,58793461.899059065,387.36525828138986,0.2986083353795081,69432878.87653473,110.2936376971052,1.2279777387819866,65833560.13012644,175.17745140721033,1.4530943007727957,0.0,0.0,0.0,4968.320413886583
Steel,1,3,5006.98,0.14,1.1001279011368752,0.0749247454404831,0.0229748229604706,0.2479810876385756,0.1253548216819763,0.3127046682778431,0.0,0.0,0.0,0.0,0.0,0.0,0.0,0.0,0.0,0.0,0.0,0.0,0.0,0.0,0.0,13918214.465003692,403.7388122215246,0.1100127912138154,11793510.11452104,672.821703993079,0.2044127589644033,13162038.206887836,473.3232879540972,0.6412657510023413,0.0,0.0,0.0,5026.977529232929
Steel,4,2,5007.06,0.141,0.9152524054050446,0.1008619976043701,0.0036935315295466,0.2457334482414132,0.0850657314062118,0.1436108416114774,0.3423209332288147,0.15,0.3473621595889679,0.2101948320893279,0.1320408284664154,0.6068249005482207,0.4454471590710901,0.1378497320413589,0.7864884280659117,0.0,0.0,0.0,0.0,0.0,0.0,77290200.9227817,901.2346186599958,0.1024632141293428,72528311.37366214,52.17920799377309,0.7476256144875517,0.0,0.0,0.0,0.0,0.0,0.0,5040.282566844774
Steel,3,2,5007.09,0.142,0.961482071876526,0.0894916063547134,0.0227558181280682,0.3277692104163302,0.0788800829648971,0.1800845854946842,0.5385044182626754,0.0640871381759643,0.429262297917387,0.3448221807638986,0.1083894473314285,0.7326382802504994,0.0,0.0,0.0,0.0,0.0,0.0,0.0,0.0,0.0,55339599.11725731,418.0567609578061,0.1194758020937728,62973136.83035711,777.7465582693491,0.8139089067896049,0.0,0.0,0.0,0.0,0.0,0.0,4996.333302873393
Steel,5,2,4992.91,-0.142,1.2972010880708695,0.0937780603170395,0.0341811099689273,0.4455309845201907,0.0835212874412536,0.270895082526309,0.2095409131867874,0.1197479474544525,0.4862351788541838,0.3385239576391512,0.0812769198417663,0.7113462889780068,0.2309918722260988,0.1205333226919174,0.8419142634633286,0.2503306750683129,0.0836474269628524,1.0170967678372884,0.0,0.0,0.0,175303148.32186547,482.5235748156088,0.1496648072679852,145868409.91369316,545.3009369922665,1.0827557069524758,0.0,0.0,0.0,0.0,0.0,0.0,5005.2736244263715
Steel,1,2,4992.84,-0.143,0.5580638185143472,0.0647572209835052,0.0131420936322373,0.3134194200335811,0.1109232175350189,0.2680813575096984,0.0,0.0,0.0,0.0,0.0,0.0,0.0,0.0,0.0,0.0,0.0,0.0,0.0,0.0,0.0,11672071.270160625,299.4061390702515,0.10812231462458,11672071.270160625,734.8945130721141,0.4286446505425916,0.0,0.0,0.0,0.0,0.0,0.0,4963.956248721871
Steel,1,4,5007.2,0.144,0.574418304860592,0.1321094921827316,0.0106392418244971,0.2660600841189269,0.0773850983381271,0.4364587759177352,0.0,0.0,0.0,0.0,0.0,0.0,0.0,0.0,0.0,0.0,0.0,0.0,0.0,0.0,0.0,9369974.032982783,236.0569670853364,0.1022687900919206,11862619.409863131,439.3035533798512,0.2399323553215105,9006502.770764777,154.85204959457604,0.3320494381377373,10192663.694603784,481.8883849889947,0.4759102095850823,4981.508058373302
Steel,5,3,4992.79,-0.144,1.0658662915229795,0.1125474052429199,0.0139226550127132,0.2815933160068137,0.1163497042655944,0.1639302217440915,0.2403548650476261,0.082381979227066,0.3153437798409803,0.3511459133931739,0.1047866177558899,0.474092855142713,0.5541980781833659,0.1067189800739288,0.65849404687759,0.49296076764934,0.0816832140088081,0.848989935361608,0.0,0.0,0.0,66946971.13641409,464.9295597657216,0.2032566278076212,52256145.71751536,970.7278210704984,0.6484310678282628,51500932.39206279,695.8441477695478,0.9275896154681104,0.0,0.0,0.0,5006.326713032171
Steel,2,2,4992.75,-0.145,0.9448263317346574,0.091937602519989,0.0113080167617334,0.2519129143352518,0.0875761860609054,0.1944108730182975,0.1706620709516598,0.0923464280366897,0.608398360051623,0.0,0.0,0.0,0.0,0.0,0.0,0.0,0.0,0.0,0.0,0.0,0.0,13981051.426490808,581.938038265286,0.1247733021191511,13470036.244071716,190.62075209416733,0.6780142166500318,0.0,0.0,0.0,0.0,0.0,0.0,5003.7360590490325
Steel,1,3,5007.26,0.145,1.4802360355854034,0.1373232127428054,0.0350563317949921,0.306666565400343,0.1215689933300018,0.4473338387678673,0.0,0.0,0.0,0.0,0.0,0.0,0.0,0.0,0.0,0.0,0.0,0.0,0.0,0.0,0.0,35156117.539455496,811.9988436980836,0.1969814448884801,39635744.60940287,465.85843578932565,0.5575783968688535,33422922.12131104,453.96148607749217,0.9958781194245064,0.0,0.0,0.0,4993.110454089196
Steel,3,2,4992.74,-0.145,1.663597157597542,0.1148686356544494,0.0055531556841587,0.4783760495823848,0.1247246819734573,0.7885248293113051,0.443305902188263,0.0729494488239288,1.111910150497271,0.3412446832327409,0.0950618720054626,1.4972274418377878,0.0,0.0,0.0,0.0,0.0,0.0,0.0,0.0,0.0,694055003.0746461,306.8327652500041,0.4487372935358239,546739380.9623297,324.06605496163724,1.4872264418377878,0.0,0.0,0.0,0.0,0.0,0.0,5030.801438324452
Steel,2,2,4992.69,-0.146,1.0321617037057875,0.1178857138156891,0.0127353830547883,0.3441732848401591,0.0802350270748138,0.1032261703705787,0.3538681384086396,0.1240106791257858,0.604142934824696,0.0,0.0,0.0,0.0,0.0,0.0,0.0,0.0,0.0,0.0,0.0,0.0,35336891.375054486,107.43018316563752,0.147465462666355,31979023.774089843,720.6265773919234,0.8020770009395437,0.0,0.0,0.0,0.0,0.0,0.0,4971.382936867419
Steel,3,2,4992.67,-0.147,0.7382888466119766,0.1106151568889618,0.0192410679158042,0.3240521414049936,0.0870589977502823,0.1674457336683889,0.263663516512074,0.0922154223918914,0.4375439082927989,0.3701674467511128,0.0637658926844596,0.5376079419653498,0.0,0.0,0.0,0.0,0.0,0.0,0.0,0.0,0.0,33994781.24497108,256.9838109828065,0.0844602561978025,27407968.31541789,243.7021209807937,0.624737911674868,0.0,0.0,0.0,0.0,0.0,0.0,5043.255769293989
Steel,3,3,4992.66,-0.147,1.0512506857514383,0.0680985072851181,0.0062623668809276,0.5030506855602346,0.0260125305876135,0.2442574232417605,0.4571674316669364,0.1339381903409958,0.4362803196015933,0.3762598363145336,0.0630271098017692,0.7967551713056956,0.0,0.0,0.0,0.0,0.0,0.0,0.0,0.0,0.0,45935450.2836603,205.1931721505761,0.1177223221358059,40467322.62066078,550.764534137051,0.5021425809217591,37213711.41828993,444.45616988139375,0.9003056297271992,0.0,0.0,0.0,4980.4137819124335
Steel,2,2,4992.65,-0.147,1.185817900300026,0.0481651827692985,0.0088959004756338,0.1722524795086081,0.085496352314949,0.5862511608863935,0.2742532570194516,0.055017269551754,0.9274698020943436,0.0,0.0,0.0,0.0,0.0,0.0,0.0,0.0,0.0,0.0,0.0,0.0,23437629.16436902,878.4345312517377,0.3290085440898493,22526214.2346948,265.72947290873617,1.0112617848064076,0.0,0.0,0.0,0.0,0.0,0.0,4969.74735792326
Steel,1,2,4992.59,-0.148,0.953231555223465,0.0850343347787857,0.0338887515859591,0.4144471004890387,0.0783602058887481,0.2937894211094597,0.0,0.0,0.0,0.0,0.0,0.0,0.0,0.0,0.0,0.0,0.0,0.0,0.0,0.0,0.0,18682032.03180485,815.663013273701,0.1300251970842581,18023246.756507047,327.99424843960594,0.6553924701029217,0.0,0.0,0.0,0.0,0.0,0.0,4978.815344761797
Steel,1,4,4992.57,-0.149,1.4773007959127429,0.078841557264328,0.0189495860521315,0.4564391532088773,0.0602805241942405,0.4594980533100539,0.0,0.0,0.0,0.0,0.0,0.0,0.0,0.0,0.0,0.0,0.0,0.0,0.0,0.0,0.0,16009874.879244732,817.2202121838159,0.2275835311306542,19041989.662630398,372.8357039069425,0.7433079527298658,19518999.19732632,541.4033334555857,0.9625643396942668,23811154.336362705,218.6392605314523,1.1952814781344054,5033.835777295825
Steel,1,3,4992.54,-0.149,1.1512258157134057,0.1071138274669647,0.0147569010155642,0.2657944870227897,0.0932683259248733,0.8645838810472506,0.0,0.0,0.0,0.0,0.0,0.0,0.0,0.0,0.0,0.0,0.0,0.0,0.0,0.0,0.0,22625226.75085903,517.3415544793462,0.1940558652676732,19932670.090186477,665.6904337813818,0.3795809504179685,20618323.551110312,926.4676105674382,0.8856945134600261,0.0,0.0,0.0,4956.777124002554
Steel,1,3,4992.54,-0.149,1.0273941859602929,0.1067512695789337,0.0380265167332299,0.3273956518742948,0.0889864474534988,0.7000931804689072,0.0,0.0,0.0,0.0,0.0,0.0,0.0,0.0,0.0,0.0,0.0,0.0,0.0,0.0,0.0,16411709.449707946,580.9904192176997,0.1269818199382111,15207935.656165017,370.9941237974324,0.3358351707071401,17526136.889479313,721.3735696536345,0.8340645926955649,0.0,0.0,0.0,4993.494561453172
Steel,1,2,5007.47,0.149,1.131777247786522,0.0777392538189888,0.0043133181576669,0.3258553056790806,0.094663740992546,0.3497634650588799,0.0,0.0,0.0,0.0,0.0,0.0,0.0,0.0,0.0,0.0,0.0,0.0,0.0,0.0,0.0,19760411.894170817,815.68135073828,0.2487296535215632,20302017.02017619,261.2349860348105,0.9106769821667152,0.0,0.0,0.0,0.0,0.0,0.0,5012.03165473795
Steel,5,4,5007.48,0.15,1.3973284989595414,0.0951346900463104,0.0232534907610255,0.552000876021095,0.0657367888092994,0.3816502587344786,0.4543613359143065,0.0903265064954757,0.5809477226412507,0.2734433549215641,0.0531140458583831,0.7452604918209627,0.1443135361647305,0.1142139643430709,0.9570020397220012,0.3290473604781153,0.0968948662281036,1.2278053991088882,0.0,0.0,0.0,45455739.54084762,415.40574309083365,0.1726696008097162,42350388.21988449,289.428514335747,0.7229645767731313,47093680.54772215,503.2909960869016,0.9452162308167756,47222410.57366937,410.950611512756,1.2468616621759914,4982.345348383632
Steel,4,3,5007.6,0.152,0.848690202832222,0.0738580663800239,0.0038205344970408,0.2436494222885866,0.1031489890813827,0.1603088043898639,0.173486457615731,0.0824211174249649,0.3326489016959539,0.2407279681527226,0.0421218764781951,0.4561394450193482,0.1479115865688689,0.0943489772081375,0.6821541521825703,0.0,0.0,0.0,0.0,0.0,0.0,11174450.74949837,801.0042271344429,0.1271050694668038,15931433.216082867,418.0447342272532,0.4349367469490619,12970710.630616138,895.5578499016659,0.7185468076274414,0.0,0.0,0.0,4976.927523774058
Steel,5,2,4992.35,-0.153,0.8768896862864495,0.1186694926023483,0.0354668265453105,0.2305383907881379,0.0536019638180732,0.1720506152475585,0.2428149809006946,0.059887406527996,0.4311770757866527,0.3307625298972029,0.0796172812581062,0.5207630018141742,0.2635631960276829,0.0200145195687946,0.6068631593736331,0.3257304419251784,0.0992837995290756,0.67631108823013,0.0,0.0,0.0,40602384.480845615,518.5818918106448,0.1155799351666713,34871575.0833346,224.16463703465408,0.7862935848689323,0.0,0.0,0.0,0.0,0.0,0.0,4973.204151308071
Steel,4,2,4992.34,-0.153,1.5687562435865403,0.1224205989837646,0.0150114244933066,0.3163334659005282,0.0802828127145767,0.3694762996631874,0.2311389182296157,0.1069789844751358,0.5168581731703273,0.2704261436087508,0.0535721123218536,0.6342976979936831,0.3711437458535014,0.0960049933195114,0.9119779987368012,0.0,0.0,0.0,0.0,0.0,0.0,143572035.81300282,544.6379963450031,0.1762711572441385,161562458.39443627,575.2920822165321,1.3694556185531168,0.0,0.0,0.0,0.0,0.0,0.0,5007.067010412042
Steel,1,4,4992.33,-0.153,1.2071228951215744,0.065496361374855,0.0074792362658591,0.2123280297699591,0.0946023797988891,0.6309910899912019,0.0,0.0,0.0,0.0,0.0,0.0,0.0,0.0,0.0,0.0,0.0,0.0,0.0,0.0,0.0,3698232.844724088,904.3605692726252,0.2236255968586582,3471381.2366376617,532.0757301637545,0.4960131642564779,4070051.451546683,373.3473489716144,0.6567567625081608,5170174.766047526,1006.0198542535422,1.0387250699828892,4957.381795415064
Steel,4,4,4992.29,-0.154,0.5488402917981148,0.0701360587477684,0.0234447077961864,0.4065458223660381,0.075673656463623,0.0943779364560742,0.3153347057575216,0.0831624263525009,0.1943091699270461,0.3199555093615677,0.0846695685386657,0.313483625145526,0.3446503326477308,0.0437441493570804,0.4170011957215325,0.0,0.0,0.0,0.0,0.0,0.0,25409542.752459623,588.2229801154691,0.0799350603836823,25980712.905334625,746.8647096814243,0.3457437208869874,24431513.652602527,737.1934654634864,0.3827198085848881,24744286.34266901,953.0750634046124,0.4777402192147471,5046.599892420814
Steel,2,3,4992.29,-0.154,1.499510434269905,0.0504795722663402,0.008265709457934,0.3014186818260041,0.0649572017788887,0.5379086854742247,0.280233234236686,0.0793974301218986,1.009094028702611,0.0,0.0,0.0,0.0,0.0,0.0,0.0,0.0,0.0,0.0,0.0,0.0,52435281.77076447,574.0816750199408,0.2377284632155678,48919923.00046035,469.18331235269466,0.944040162232318,41422352.64813776,162.73929388088254,1.2931209818482652,0.0,0.0,0.0,4961.576144060989
Steel,5,4,5007.78,0.156,0.8660762518644333,0.0544702460765838,0.0084376779825812,0.3198093888379488,0.1179307603836059,0.157625338453154,0.3134919510616276,0.02,0.319359713791284,0.2721108671285859,0.0764523601531982,0.4241305529244486,0.1986166350462242,0.0940289133787155,0.525242457280502,0.1703276364458627,0.1001958566904068,0.6692342631294423,0.0,0.0,0.0,14691202.549072824,212.3071090086668,0.0904109757942556,14100557.14995355,849.1111218815188,0.3364821704343168,16711627.855265096,355.27297846145854,0.493643039107945,16038655.91335769,298.433939913755,0.7543410357011403,4963.077240164121
Steel,3,2,5007.8,0.156,0.6965189382433892,0.1009941184520721,0.018494973462601,0.3637712880425698,0.0622623768448829,0.1919836067781634,0.2137818227531833,0.1195933240652084,0.3398562526531747,0.234704783645576,0.0920249152183532,0.5079194573893555,0.0,0.0,0.0,0.0,0.0,0.0,0.0,0.0,0.0,21662320.94078349,544.3164207988634,0.1015180904434032,24521611.26667991,650.035780827107,0.5756263289154884,0.0,0.0,0.0,0.0,0.0,0.0,5043.5902214716125
Steel,6,3,5007.82,0.156,0.6107892975211144,0.1294128980636597,0.0241725222152846,0.245061571709347,0.0695259451866149,0.1016204476018968,0.22672649431896,0.0785420423746109,0.2206370709866058,0.3564043278985673,0.0735723280906677,0.3158275336008955,0.2965573946530148,0.0660401001572609,0.3909421087807406,0.2678062722063813,0.0371458528935909,0.452393577336593,0.4889019536143917,0.0580359783768653,0.5132238165486914,28420017.40062715,278.60322112597095,0.1151920875088073,30672422.99728969,847.1081493543034,0.3358098553097935,29040947.66620978,560.1684796520241,0.5497103671582136,0.0,0.0,0.0,5035.875170449814
Steel,1,2,4992.19,-0.156,0.8754159465432167,0.0442102751135826,0.0277381538662711,0.2331583848879795,0.0600028529763221,0.2671856402754325,0.0,0.0,0.0,0.0,0.0,0.0,0.0,0.0,0.0,0.0,0.0,0.0,0.0,0.0,0.0,7201655.70815671,320.3002212563981,0.1133430412447101,7638707.693640976,276.42979932882724,0.6859135849922137,0.0,0.0,0.0,0.0,0.0,0.0,5001.892400925427
Steel,2,3,4992.17,-0.157,0.8945389464497566,0.0658334345817566,0.0057338440381743,0.2484694177783558,0.0875288343429565,0.200399701218659,0.4002538025578078,0.0636646068096161,0.570264616364593,0.0,0.0,0.0,0.0,0.0,0.0,0.0,0.0,0.0,0.0,0.0,0.0,14742796.8371307,979.907719641678,0.1153451368244358,12829231.273545906,476.8383293563559,0.3767632541261155,11896063.524920948,671.6875712240324,0.7616575519510624,0.0,0.0,0.0,4985.2127285323395
Steel,4,4,5007.85,0.157,1.642712727189064,0.1136730223894119,0.0253730697669806,0.2794217082600143,0.1111570316553115,0.2359891285868909,0.4562112327428414,0.1104827868938446,0.8498847437846918,0.4295704251437915,0.02,1.2518243331380654,0.486825553939651,0.0643396767973899,1.341634265646602,0.0,0.0,0.0,0.0,0.0,0.0,29488961.359789703,695.1286241340663,0.181850320204645,38520523.17365243,620.0423981843636,0.830995560533774,34811173.12025486,723.0704282724471,0.93763264726175,27576092.329004224,343.9824234825021,1.4669580874383823,5014.277944649834
Steel,6,3,4992.16,-0.157,0.7794838145375252,0.0983204190731048,0.0318083204662587,0.279654206450346,0.0648718664050102,0.1275247537268827,0.333980717583604,0.0463705018162727,0.232377590640562,0.3365889896611888,0.0587951323390007,0.2933382496399508,0.3560976393525433,0.0885877895355224,0.3819089030583037,0.2503853130820151,0.1290733689069748,0.5238312773451504,0.3834495631439359,0.1336385828256607,0.68907529575675,44287400.78810416,505.2516719782906,0.108570101717205,40432960.20723555,451.17973735008354,0.540421904037389,29443886.626282685,608.3242206780553,0.7015354323042889,0.0,0.0,0.0,5019.461957601498
Steel,6,2,4992.15,-0.157,0.6642505161464214,0.0770603422522544,0.0140629814271973,0.1612912693287181,0.0400609473884105,0.1009583560895976,0.3521595621710897,0.025906118042767,0.1743774083703946,0.2810852245010795,0.1172603744268417,0.2776751703164727,0.2898154177408165,0.0413752946257591,0.3652521060788042,0.3192901063427988,0.0433554658293724,0.4482445991773791,0.2115450913523618,0.068020062148571,0.543825822640767,27278647.05651372,393.0401731437156,0.0885875648470015,29434281.167237148,284.2325383731545,0.5786270905591906,0.0,0.0,0.0,0.0,0.0,0.0,5003.991790539087
Steel,1,3,4992.15,-0.157,1.4448851376771927,0.072307775080204,0.008548300749523,0.1405398419105376,0.0768819504976272,0.6929628754253386,0.0,0.0,0.0,0.0,0.0,0.0,0.0,0.0,0.0,0.0,0.0,0.0,0.0,0.0,0.0,6220120.264352136,765.8722811257144,0.2664266755224848,7850372.786287044,834.0843076117715,0.9081462044889788,5929111.205887655,1009.2488704146496,1.139518167262055,0.0,0.0,0.0,5000.565557547535
Steel,5,2,4992.09,-0.158,1.328214019536972,0.1020005475282669,0.0104939180996376,0.2993130503292527,0.0328838854283094,0.2815618278301821,0.3572588713435041,0.1009712207317352,0.5341679371142672,0.200038593290282,0.0650217670202255,0.6822443603435564,0.2903607856925392,0.0785936596989631,0.8430090488898744,0.2255758678214407,0.0865667366981506,1.10874611637012,0.0,0.0,0.0,164720687.6303921,201.5523415012465,0.1654588894171184,182469847.947096,959.3167171253986,1.1953926162550608,0.0,0.0,0.0,0.0,0.0,0.0,5015.721449033646
Steel,3,4,5008.07,0.161,1.1751890003681185,0.067793774485588,0.0126561581181192,0.3037742308931068,0.0619239953160286,0.2986208778576336,0.3288705521540914,0.0861080658435821,0.631712744732442,0.3561071469999286,0.0986673206090927,0.8772804975549482,0.0,0.0,0.0,0.0,0.0,0.0,0.0,0.0,0.0,15013006.188797344,175.44022523756124,0.1974036994816671,17175069.20922121,496.7899082551682,0.4936046733394537,15754986.544321854,458.73421169818175,0.7288168648183326,14955848.394475987,207.0412829532632,1.0021480518813752,4952.0229369285125
Steel,3,3,4991.87,-0.163,0.8306700542569161,0.1168095425367355,0.0066756897462688,0.3577709071635028,0.0604141566157341,0.0830770054256916,0.1233565489521874,0.1236216294765472,0.2384905190668335,0.2322279663551995,0.0899846303462982,0.4771012491625133,0.0,0.0,0.0,0.0,0.0,0.0,0.0,0.0,0.0,19989376.11075438,460.8712544901816,0.1011573738806715,21432879.95807147,358.4776261261671,0.4426772497984923,20346129.27827261,269.7631030581322,0.7248766093428038,0.0,0.0,0.0,5020.154345053002
Steel,5,2,4991.84,-0.163,0.5753160290420056,0.1060058743953705,0.0146063372244854,0.3104504060777316,0.0793037146329879,0.1077442983117143,0.3176102265708929,0.051727987229824,0.1890273098731406,0.46451195230615,0.0626799181103706,0.2496597654840535,0.317958335050574,0.038826590925455,0.3346559876524138,0.3451315992921231,0.15,0.4807350512532463,0.0,0.0,0.0,43460881.49812229,398.03437925218446,0.0702521977948606,52963385.85619838,148.57665274703254,0.517784425562489,0.0,0.0,0.0,0.0,0.0,0.0,5009.6515407520465
Steel,2,3,4991.84,-0.163,1.24132479429245,0.1103581517934799,0.010643722890519,0.3074548969456323,0.0622063311934471,0.3360673263140724,0.3327431437817435,0.1486432737112045,0.8581914127365036,0.0,0.0,0.0,0.0,0.0,0.0,0.0,0.0,0.0,0.0,0.0,0.0,25794441.821183,382.4752604956,0.1516874960199843,24588465.74409232,1009.3519391307528,0.5504961804720182,25649351.414305497,622.6820809984536,1.019570124241493,0.0,0.0,0.0,4968.669867347076
Steel,3,4,5008.22,0.164,0.25,0.1156179749965667,0.0238325334983472,0.3237078700548992,0.0315747772157192,0.0421057107779565,0.3240047959229106,0.0789902758598327,0.1052566647346028,0.2770463128608029,0.1198413801193237,0.2188478465678476,0.0,0.0,0.0,0.0,0.0,0.0,0.0,0.0,0.0,10087977.69020689,458.8346432850113,0.0547862467798345,12344617.219250068,187.97514715627173,0.0906973441773428,15925769.76862047,497.9946348483495,0.1233391795541489,11413647.131857589,993.7223555428887,0.2009874093441812,4977.689705101818
Steel,6,3,4991.74,-0.165,1.3893812209367753,0.0913070957660675,0.0148685420698904,0.2978655074613189,0.0297185333073139,0.2830249923838667,0.3261254277008774,0.0832991853356361,0.3891225625273743,0.2488566173421474,0.0329339433461427,0.5692559456031753,0.2892624953600771,0.0393808814883232,0.6441517167636139,0.2825935736279577,0.0632845339179039,0.8867022009573347,0.4880975826858181,0.0766509336233139,1.119778500743797,29737659.11664805,530.9644434838846,0.1673120787802008,32507117.87302488,677.4542087015797,0.6161427916481028,38890386.73244065,591.0529961688575,1.192969821690837,0.0,0.0,0.0,5014.969046982791
Steel,4,2,4991.73,-0.165,0.8865735292434692,0.1012809332609176,0.0339554120539401,0.1676309958073456,0.0819787147641182,0.1382163182464451,0.2426515973067709,0.15,0.30223505275474,0.2501281539109364,0.1154039871692657,0.4781215567445031,0.3447832614015525,0.0920793724060058,0.7218463281528805,0.0,0.0,0.0,0.0,0.0,0.0,38580898.76024885,682.5171753376706,0.0989347373805504,35944153.333080016,75.56498650271365,0.7521344629958298,0.0,0.0,0.0,0.0,0.0,0.0,5027.478303839639
Steel,2,2,4991.72,-0.166,1.0375826731324196,0.0832014352083206,0.013599756367515,0.2188960653701167,0.1028072524070739,0.2589959104761783,0.3212270207549861,0.1253697764873504,0.6536672474398296,0.0,0.0,0.0,0.0,0.0,0.0,0.0,0.0,0.0,0.0,0.0,0.0,30969473.556064297,206.42564560120692,0.1323943623247154,31529083.436717357,474.9555179959705,0.878870566295835,0.0,0.0,0.0,0.0,0.0,0.0,4996.057936724087
Steel,2,2,4991.62,-0.168,0.7622762903571129,0.0755196193456649,0.0126693028481078,0.2527136809929937,0.0930530774593353,0.2970216063444505,0.2602436695294756,0.0893275642395019,0.61284839695805,0.0,0.0,0.0,0.0,0.0,0.0,0.0,0.0,0.0,0.0,0.0,0.0,17060789.344790537,406.2958673859018,0.1317849872119715,17134119.530289877,779.2822933810129,0.5793643639993227,0.0,0.0,0.0,0.0,0.0,0.0,4994.061903234452
Steel,4,3,5008.39,0.168,0.732347023487091,0.0748811354041099,0.0135759856926361,0.1783774780362735,0.0395902080833911,0.2131895455304741,0.4994373603123545,0.0858359968662262,0.3456303184544091,0.3417936860528869,0.0880777841806411,0.4392546773949609,0.5832453219136041,0.0496077328920364,0.5990452980921707,0.0,0.0,0.0,0.0,0.0,0.0,30369572.1467354,387.73850208281806,0.1485179466285976,31738719.044806343,731.5644640931068,0.4657587025204958,35627561.96509976,481.4125872676434,0.62138387029115,0.0,0.0,0.0,4967.371339469902
Steel,6,2,5008.41,0.168,1.2001544713974,0.0821489796638488,0.0160737483254719,0.2539040137133948,0.0756576478481292,0.213166424190255,0.261425269191019,0.0854849308729171,0.3950340898753721,0.1439568405832259,0.0764933735132217,0.580334722969335,0.3619936302048036,0.1058679509162903,0.8025863305482326,0.2618076179755303,0.0932072746753692,0.9267832851885598,0.3348343355629054,0.0862326866388321,1.0801290242576598,185509404.2511069,376.9522408861349,0.133147336463816,240050980.49305803,532.4570228617162,1.036618755830765,0.0,0.0,0.0,0.0,0.0,0.0,5022.154650032181
Steel,1,3,5008.44,0.169,0.8992438316345215,0.0505663543343544,0.0022677386308761,0.2240007543149449,0.1205656576156616,0.2529476717100592,0.0,0.0,0.0,0.0,0.0,0.0,0.0,0.0,0.0,0.0,0.0,0.0,0.0,0.0,0.0,8334328.75426343,258.5569145653817,0.1099038278298649,7139153.836061143,701.1681089275065,0.4964759802005296,8241953.048900144,542.9386010205715,0.7388161469300765,0.0,0.0,0.0,5007.560573669941
Steel,2,2,4991.56,-0.169,1.2004722654819489,0.1003791513442993,0.016902932703748,0.3230310884751239,0.0649438315629959,0.4397748984332857,0.293732134478218,0.1017451745271682,0.7046938397856458,0.0,0.0,0.0,0.0,0.0,0.0,0.0,0.0,0.0,0.0,0.0,0.0,33679128.86451196,925.393105412062,0.1902162588260083,24324712.778919376,210.0106173864957,0.9325807567289062,0.0,0.0,0.0,0.0,0.0,0.0,5002.763864114774
Steel,1,2,4991.55,-0.169,0.7859066843986512,0.0758127693533897,0.0214152142182647,0.3103964003008611,0.074243705868721,0.3186960910238896,0.0,0.0,0.0,0.0,0.0,0.0,0.0,0.0,0.0,0.0,0.0,0.0,0.0,0.0,0.0,10887089.530120328,865.7405233618672,0.0940310208666233,9757881.81148497,250.57036744897107,0.6081812330181418,0.0,0.0,0.0,0.0,0.0,0.0,4969.184043910272
Steel,3,4,5008.47,0.169,0.5878280960023403,0.0839556412696838,0.018716854732945,0.375446230618507,0.0668989902734756,0.1792384373298381,0.2202092434787096,0.0963867050409317,0.3548385316199191,0.211234020895717,0.079103118777275,0.4882434944668453,0.0,0.0,0.0,0.0,0.0,0.0,0.0,0.0,0.0,10980213.221993629,540.2059717274524,0.0894160371085108,11207376.125911746,284.1402240115371,0.3397743417685876,10671235.142065505,351.5441908528022,0.4254904917892889,11209986.395509252,662.7143734451225,0.5290452858142781,4964.891722184413
Steel,1,3,5008.52,0.17,1.003956100344658,0.0984035934209823,0.0380775444431875,0.2742097749726043,0.0688133487105369,0.409151863428823,0.0,0.0,0.0,0.0,0.0,0.0,0.0,0.0,0.0,0.0,0.0,0.0,0.0,0.0,0.0,11726751.548814228,344.3817018560532,0.2588920535095708,10784000.49881347,380.9288282086941,0.6496167702375375,8977215.823987959,434.82824644786274,0.8484216209919353,0.0,0.0,0.0,4994.186623360158
Steel,3,4,5008.6,0.172,1.3798473984003068,0.1146514191627502,0.0260764684829975,0.3964961978916162,0.0923624986410141,0.3580713131540607,0.3674721258534499,0.091736341714859,0.7178795353708662,0.2274004695441077,0.0993751633167266,1.060254801608574,0.0,0.0,0.0,0.0,0.0,0.0,0.0,0.0,0.0,19660281.632385723,1042.73760394748,0.1560220914955777,27147595.123160243,1050.9172791012518,0.5704211832174164,19210508.784680136,421.03622088967575,0.8184279207954634,26327169.295006275,471.5080722848334,1.1727394410962788,4986.557311573737
Steel,1,2,4991.39,-0.172,1.2950983762741088,0.0640400739312172,0.0094362738121596,0.4504715247673815,0.0369771037995815,0.576773185307297,0.0,0.0,0.0,0.0,0.0,0.0,0.0,0.0,0.0,0.0,0.0,0.0,0.0,0.0,0.0,20615494.70955045,268.3738773949868,0.28244829053637,30988375.171967592,436.11289190706873,0.9937188913079728,0.0,0.0,0.0,0.0,0.0,0.0,4979.606644959165
Steel,6,4,5008.65,0.173,1.152271603047848,0.1072398035526275,0.0319995663558877,0.2898147111423941,0.0881815147399902,0.1869430250752555,0.226514221535776,0.0447082287073135,0.2705862680382384,0.3471482706815956,0.1406592750549316,0.4028674152172552,0.1796046356976295,0.0858620011806488,0.5837457325364135,0.2800987782674609,0.063931832909584,0.7062567019740832,0.4065929786395745,0.0762043660879135,0.9626083717019998,24990987.41342874,135.24857785248338,0.1235612476392082,25987667.87638655,153.96429286922782,0.460821126452105,29720882.85794858,389.7275700865307,0.7367832073510651,25691520.958594773,831.0304153007366,1.0370444415907916,4995.424611169201
Steel,5,4,5008.73,0.175,0.6382969282567501,0.0608075947761535,0.0141308275063013,0.2353389414481161,0.0565844246745109,0.0865458070420959,0.3818457324784181,0.0680402433872223,0.2139567544000662,0.4125661504732414,0.1120606738328933,0.3247938903375283,0.3041642728590024,0.0898024994134903,0.4289994020712599,0.3594029424773318,0.0636546847224235,0.5449978080982866,0.0,0.0,0.0,27780768.88660459,438.7744930112217,0.067133371162366,21003389.817147475,806.1912987279962,0.2336396247874645,25395916.571730275,265.2902429224958,0.3782215762771629,23549684.23147242,460.8507084833964,0.5591059366682365,4991.786370937181
Steel,6,2,5008.74,0.175,0.6597449138760567,0.0937902398109436,0.0114711441162568,0.3403897647627845,0.1027647125720977,0.0846898864537522,0.2407061815461326,0.0620828455686569,0.1818844161999691,0.2171022676938721,0.1039579278230667,0.2738200730464682,0.2027462469501651,0.0749478292465209,0.386925757756406,0.2468986646106377,0.0843708598613739,0.4823940862787745,0.2410427109938214,0.0894469779729843,0.582449336874618,32229271.594563417,576.2322733699322,0.0741116336650675,48114541.73387782,431.57190336441926,0.5525714074304532,0.0,0.0,0.0,0.0,0.0,0.0,5016.638555856448
Steel,4,4,5008.74,0.175,1.4261872231960298,0.0838796527385711,0.045495829869662,0.269687627235249,0.1146814221143722,0.1541821780037825,0.5831732827882024,0.0666646453738212,0.3578955908763592,0.3075495532866827,0.1169289278984069,0.6361675490415151,0.3496650230408996,0.15,1.071883182355256,0.0,0.0,0.0,0.0,0.0,0.0,43875976.86869986,248.9741238115413,0.1697157230422726,46310507.97011012,578.6789402161687,0.6899186275771987,32616090.708822675,715.1494182683475,0.9093808233011677,36532721.68908798,631.304329072134,1.2775986232427927,4986.191871391386
Steel,3,3,5008.85,0.177,0.7527706965804101,0.0731726249456405,0.0420410316859275,0.2905701763383302,0.0762777608633041,0.1744080152551416,0.2905328001924723,0.0693599390983581,0.4284216903415538,0.2212163419209371,0.1045888191461563,0.5633808828212187,0.0,0.0,0.0,0.0,0.0,0.0,0.0,0.0,0.0,14007837.303677784,159.44404224823,0.1043070634033429,12510097.366129862,510.8450276537436,0.5373651993552164,12616796.516569654,335.7344569240851,0.6527648685067291,0.0,0.0,0.0,5020.58394916395
Steel,4,4,5008.94,0.179,1.4166077494621276,0.1229943301677704,0.0082345474470971,0.1555390934399386,0.0668881344795227,0.2294417296998839,0.3232221167903999,0.0656044310331344,0.4710818875493776,0.2720365295749924,0.1041950738430023,0.8649386134816572,0.3673256632808667,0.0762228426337242,1.10162642025265,0.0,0.0,0.0,0.0,0.0,0.0,22131388.519278284,336.3793878099597,0.1865304920080474,22617220.35493793,158.41522929848193,0.8525159023453157,25142760.386554267,590.7198839166297,1.0117502326657708,23766836.97439901,255.69917103640668,1.2749469730993073,5016.513455029073
Steel,1,2,5008.94,0.179,1.1681234300136567,0.0615298709273338,0.0207962797152741,0.2513041152990408,0.15,0.4751513936322914,0.0,0.0,0.0,0.0,0.0,0.0,0.0,0.0,0.0,0.0,0.0,0.0,0.0,0.0,0.0,31702052.31616264,235.51825831540685,0.2118532108488831,20378457.74086222,469.1076953341079,0.8435386873976114,0.0,0.0,0.0,0.0,0.0,0.0,5015.592343365464
Steel,1,4,5008.95,0.179,0.6559273324906827,0.0802034684419632,0.0186368007682264,0.3935551917564496,0.0873556607961654,0.3883926631789394,0.0,0.0,0.0,0.0,0.0,0.0,0.0,0.0,0.0,0.0,0.0,0.0,0.0,0.0,0.0,9039463.306122083,601.2080650209085,0.1068185488381123,7466895.480673391,491.0421829785505,0.2500357085467305,7804532.782539941,306.328629546248,0.4550321261043024,7526013.856638511,320.970412953927,0.5743022935578325,4983.909987065307
Steel,1,3,4991.03,-0.179,0.8630933210253716,0.0949790481328964,0.0406703850174466,0.3697033999532486,0.0876954680681228,0.291155623298004,0.0,0.0,0.0,0.0,0.0,0.0,0.0,0.0,0.0,0.0,0.0,0.0,0.0,0.0,0.0,11487231.559447035,280.50852359558445,0.0900307997324801,9205697.708894772,546.6356970592766,0.3399852050732403,11404006.111190757,663.6733849980676,0.6363355632314636,0.0,0.0,0.0,5009.190514881106
Steel,5,3,4990.99,-0.18,0.8458721786737442,0.1020410217046737,0.035287976155369,0.1827236173865799,0.0621122980117797,0.1358292848135255,0.3086475845662207,0.0879716747999191,0.2883135848530438,0.2235072155716682,0.0572674795985221,0.3833144079057414,0.302271668269842,0.0666685777902603,0.5166547827574846,0.396232191346362,0.1111514294147491,0.6833483391374686,0.0,0.0,0.0,25058386.24019496,694.8448712281654,0.1214616309441179,26291418.947546683,523.5963922106997,0.6050673179419482,27705596.786811344,803.5161123419814,0.7533118734556936,0.0,0.0,0.0,5024.318071102392
Steel,1,2,5009.03,0.181,0.8467354714870453,0.0640308821797371,0.0131308948031776,0.3129544134999931,0.1154436135292053,0.5610931182757954,0.0,0.0,0.0,0.0,0.0,0.0,0.0,0.0,0.0,0.0,0.0,0.0,0.0,0.0,0.0,21787690.14749604,180.14688393797027,0.1346380261712995,20302407.919358965,122.58515591393946,0.7242071144548606,0.0,0.0,0.0,0.0,0.0,0.0,4985.901922998942
Steel,2,4,4990.97,-0.181,1.3949959874153135,0.1146249442100525,0.0185231553652437,0.56986639817554,0.0794413647055626,0.4164483050604421,0.2614471537425344,0.1278915905952453,0.7941932954367413,0.0,0.0,0.0,0.0,0.0,0.0,0.0,0.0,0.0,0.0,0.0,0.0,21961987.34225535,723.7671390630485,0.1678220874857559,28858091.704945818,835.6682367176784,0.442513030508118,21367755.413047075,630.0450900202625,0.7608894670224193,27915516.702865407,539.8501905679522,1.1762831483386886,5008.854321520212
Steel,3,3,4990.96,-0.181,1.0900790691375732,0.1108789838552475,0.0340222306259395,0.425346201805901,0.0983169442415237,0.3357291365370857,0.437155526973548,0.0251895005255937,0.6343893679245494,0.1763207735063884,0.0791004571318626,0.8775379081243657,0.0,0.0,0.0,0.0,0.0,0.0,0.0,0.0,0.0,21266244.25154943,91.72108598876557,0.1373422528571072,21893366.61311208,413.1071567763079,0.47622657315154,23386668.27497905,341.28557482282434,0.916545078900934,0.0,0.0,0.0,4970.903089900382
Steel,2,4,4990.95,-0.181,1.1372939303517342,0.1159333807229995,0.0290231196191687,0.4165008950393291,0.103768435716629,0.3693963381838156,0.235864419272627,0.0605159500241279,0.6115173942198188,0.0,0.0,0.0,0.0,0.0,0.0,0.0,0.0,0.0,0.0,0.0,0.0,16688239.916513477,457.14675352215306,0.1734192735818386,26842733.67384841,865.7994094034678,0.5144707816369185,22026076.29612754,469.9570753379448,0.6952154595462168,18427671.97204776,631.4113841383054,0.9945048365589884,4967.013258619796
Steel,1,4,4990.92,-0.182,1.3756024986505508,0.1096824734210968,0.0040999466538528,0.3386895028245076,0.1134321689605713,0.378254398427766,0.0,0.0,0.0,0.0,0.0,0.0,0.0,0.0,0.0,0.0,0.0,0.0,0.0,0.0,0.0,16162878.821607515,122.14928792959508,0.1668378140776586,12860220.491240628,313.25745436256625,0.5696832825702282,14755770.239903249,364.93287893510967,0.5695318418655253,15751517.500178508,336.33651623422725,1.0442367220358384,5049.741794757211
Steel,5,2,4990.89,-0.182,0.7693976566195488,0.0864189164042472,0.022907000902509,0.2868133149227539,0.0668968400359153,0.1371005647224793,0.2018487929278353,0.1146161091327667,0.3226066414225798,0.272276455410055,0.0527837538719177,0.4212937881834938,0.2399090339526338,0.1100191724300384,0.5688387619810925,0.5003363141811265,0.0554290148615837,0.6575272990683446,0.0,0.0,0.0,48569804.49614672,269.6127106847018,0.1022945902725037,39993150.03408472,474.21137917209865,0.6924578901881961,0.0,0.0,0.0,0.0,0.0,0.0,5005.948433540804
Steel,5,2,5009.18,0.184,1.239433467388153,0.1134284591674804,0.0184893715543136,0.3793280017586473,0.0748831051588058,0.2396489317447694,0.3091068661107473,0.0944776582717895,0.4814539867284021,0.2967451889820024,0.0605364876985549,0.6173970177468543,0.3800837948891698,0.0567911496758461,0.7136127378435708,0.2226111894821845,0.0792264726758003,0.9264409419825927,0.0,0.0,0.0,80879405.88366373,347.2513780010812,0.1498014102925068,87004957.7493193,330.51188251393285,1.1154901194099045,0.0,0.0,0.0,0.0,0.0,0.0,5014.862066847506
Steel,6,4,4990.82,-0.184,1.2378330290317536,0.0876350799202919,0.0023144491417933,0.2422271538709012,0.0689248511195182,0.1599846593655703,0.2548456087245324,0.0797305387258529,0.3004864969195238,0.1966492815350642,0.0533781105279922,0.4198993055883233,0.2242958179554853,0.10204345703125,0.5461457615772028,0.4331570561277218,0.0773159226775169,0.7779994696095528,0.2526392208481516,0.0692876291275024,0.8655300891901345,16752601.060472967,617.4273155152861,0.1304075652443656,20423481.2624216,661.4049569456522,0.3953827163372208,23273843.044963647,271.5849753817914,0.7351478496977766,18649384.637317147,508.6369995886572,1.0498568741457386,4966.190642175866
Steel,6,4,4990.82,-0.184,1.7770170062780382,0.1071960453987121,0.0089393782798969,0.3149778445255921,0.0947802025079727,0.2230266441252451,0.1809003594082198,0.1287591165304184,0.3737004978820021,0.215562601377723,0.0692917048931121,0.8547486749501895,0.3742535981385427,0.02,1.164207989419462,0.2867619963751553,0.15,1.4343201576555928,0.1680170843758955,0.0498136055469512,1.584810883944389,23956821.859069463,598.4721630751808,0.1819613006557625,23999939.452101745,533.9028341285547,0.7012679329701091,25955396.879339,418.4502496644967,1.0984359724771315,24065510.37384181,554.9479226617294,1.5993153038732173,4989.776283082401
Steel,1,4,4990.77,-0.185,1.0047205924987792,0.0931836349964141,0.0148426714211726,0.3648552009476469,0.0986764329671859,0.5466925697531984,0.0,0.0,0.0,0.0,0.0,0.0,0.0,0.0,0.0,0.0,0.0,0.0,0.0,0.0,0.0,28024130.81997402,773.780680516123,0.1032528229037427,21617787.623718955,542.7370321053576,0.1145066514782945,21403539.25224394,675.5926291421373,0.2438630820555911,24134844.11189915,250.80176863394385,0.6570309473576752,5014.182846545389
Steel,1,2,5009.36,0.187,0.7734382838010788,0.084225875377655,0.0119582793257686,0.3642194765184813,0.0742932930588722,0.3633477480522781,0.0,0.0,0.0,0.0,0.0,0.0,0.0,0.0,0.0,0.0,0.0,0.0,0.0,0.0,0.0,14803313.263497911,692.5618604887544,0.1251027085181755,13114268.828704748,455.2922490730772,0.5602428381002139,0.0,0.0,0.0,0.0,0.0,0.0,4988.843296053329
Steel,3,2,4990.64,-0.187,0.9879570096731186,0.0898032371997833,0.0260025626007858,0.2758704818524613,0.1044221776723861,0.2253680419674893,0.1804884705896246,0.0895976185798645,0.6834939384435338,0.2463264152091548,0.0994832408428192,0.8464270955311776,0.0,0.0,0.0,0.0,0.0,0.0,0.0,0.0,0.0,23590672.842240226,733.6996392282042,0.1294256709201647,21371057.29644853,457.0917993684881,0.8872242116966972,0.0,0.0,0.0,0.0,0.0,0.0,4988.934844031851
Steel,5,3,5009.39,0.188,1.3801372945308683,0.0800309792160988,0.0194897586674375,0.319620476111866,0.0939238423109054,0.2517661643581031,0.3868803888660926,0.0401693677902221,0.4230105688018423,0.2357126264670196,0.0720527610182762,0.7649584758158847,0.1925081075727242,0.0685034471750259,0.9943606784866924,0.482163121952628,0.116833751797676,1.1806209149447873,0.0,0.0,0.0,56185465.409218274,149.24854538481227,0.1582177209977938,41785145.23874538,709.8422192266037,0.711286921986346,43387919.42932319,187.2374873226925,1.2421235636976444,0.0,0.0,0.0,4975.4174735359375
Steel,4,2,5009.42,0.188,0.6855676129460335,0.0714637886285781,0.0249073810730582,0.2620289453058315,0.120855176448822,0.0959579694172685,0.2989705839310663,0.0864328253269195,0.2033617642238744,0.2352678796141184,0.0220334760285913,0.4300165337647398,0.4532765004956836,0.0341853796690702,0.5453755229864579,0.0,0.0,0.0,0.0,0.0,0.0,25295255.212447003,440.6506142594637,0.0851445424008935,35241351.155441225,1055.2515721558302,0.5834300191713689,0.0,0.0,0.0,0.0,0.0,0.0,5039.45522453523
Steel,3,3,4990.57,-0.189,0.9036379247903824,0.0833527901768684,0.0046327651655111,0.2324598911429178,0.0761914026737213,0.1485363927795672,0.3314084443118921,0.0961371225118637,0.3326407380781077,0.2536833580786856,0.1411578434705734,0.5124960121642737,0.0,0.0,0.0,0.0,0.0,0.0,0.0,0.0,0.0,21673043.70916665,623.5196043423238,0.1103539307475103,16545230.387689214,364.7058737942885,0.431743126939822,17038979.015174314,860.3345328213469,0.7733414989173746,0.0,0.0,0.0,4954.309860351829
Steel,3,3,4990.56,-0.189,1.3696533977985383,0.0702634779214859,0.019194128863989,0.2654344690140801,0.0783183169364929,0.4669204670323325,0.2045622655327807,0.15,0.6875438481714823,0.5264792511764015,0.0813880348205566,1.130231176468612,0.0,0.0,0.0,0.0,0.0,0.0,0.0,0.0,0.0,29684694.279044457,528.1223105231626,0.2021547567297555,41171624.96531151,130.9521446645444,0.6106986817127068,38004097.24655822,253.0573110201834,1.1882347210671982,0.0,0.0,0.0,5031.379942803147
Steel,1,3,4990.55,-0.189,0.4683559902012348,0.089923508644104,0.0456552174629297,0.3201666397914915,0.0945504719018936,0.2845239919180206,0.0,0.0,0.0,0.0,0.0,0.0,0.0,0.0,0.0,0.0,0.0,0.0,0.0,0.0,0.0,8759713.71089706,808.2581193839995,0.0828473147033802,8220961.949832419,316.38248826289407,0.1995279097448843,7754301.770554945,1093.7132544343258,0.3964113478353999,0.0,0.0,0.0,4982.102871309669
Steel,6,4,4990.55,-0.189,0.7038412138819694,0.0399127440750598,0.0157556543569082,0.1414719433522785,0.0684286344051361,0.0923133199182177,0.3280860356035853,0.0933277654647827,0.2051852886059999,0.2169543177622961,0.0706678918004036,0.3038032163757851,0.2466278908180423,0.0678513208031654,0.4117720530239986,0.18487342629234,0.02,0.4979845335721677,0.1810422503288784,0.0706921914219856,0.5894486779561943,22562706.602561463,538.8454349142255,0.0730745291036565,19024206.594220925,419.2850671111445,0.3707176769112414,16683675.80560958,938.7666250423832,0.4779915493588129,16683675.80560958,372.9671378059524,0.63066162441391,4997.8491394695675
Steel,1,3,5009.47,0.189,1.3419101506471631,0.1161280410289764,0.014145896457377,0.1899199484858983,0.048965073376894,0.8927808956845296,0.0,0.0,0.0,0.0,0.0,0.0,0.0,0.0,0.0,0.0,0.0,0.0,0.0,0.0,0.0,11765826.067941504,688.2287359120406,0.2581624325976051,12633796.952203372,565.5426533129491,0.6965804074989701,12904596.04283345,765.7822572680055,1.1424906522087164,0.0,0.0,0.0,5015.30698440271
Steel,3,4,5009.5,0.19,0.8976787894964219,0.1030783946514129,0.0244243681138969,0.271454893698778,0.0668057009577751,0.2486040775102947,0.3382992877178121,0.0288083077222108,0.6456704695201565,0.4138650027632642,0.0566385912895202,0.7696397338027657,0.0,0.0,0.0,0.0,0.0,0.0,0.0,0.0,0.0,13843461.509956976,627.8008133753692,0.1326114116900121,12514736.045193112,410.7035100930021,0.4830952071675727,12371791.033504477,316.0322298419096,0.5633211701788149,15105346.465426471,230.5878470603585,0.8079109096491008,5037.918247893669
Steel,6,2,5009.58,0.192,1.487120544910431,0.1215104293823242,0.0219223016205934,0.2561522205930935,0.0934713393449783,0.3192474821001061,0.2554490909002924,0.1080453550815582,0.4922617002859182,0.3996566907788408,0.0717291831970214,0.7267916572861747,0.3779161147841854,0.1148829710483551,0.911069677010954,0.2479238429283706,0.0989382272958755,1.13418006783635,0.5253237181858446,0.0630360516905784,1.300623822658018,234420802.61428973,292.7072759455046,0.2076107720935924,297875205.8148446,204.256972694626,1.3178008551336702,0.0,0.0,0.0,0.0,0.0,0.0,5039.697706917613
Steel,4,4,5009.62,0.192,1.265390032529831,0.0985911440849304,0.0374653075976108,0.1565489376864132,0.1398638653755188,0.2008321514172113,0.5013878915397549,0.0851853001117706,0.3412136087658003,0.3759664759867847,0.02,0.8887715693162059,0.2144484343490005,0.1035488945245742,1.100764711918522,0.0,0.0,0.0,0.0,0.0,0.0,30667666.128906712,654.3078002854156,0.1543541904903948,24643935.48614156,613.0461818524008,0.7080442185410845,32385261.97571561,401.4358671761528,0.7638433500145005,34659402.801610075,567.678351301752,1.1245992909656255,5009.1194698302115
Steel,1,4,5009.68,0.194,1.2158963054418566,0.0745816248059272,0.0301942827687629,0.2953707151994961,0.0700205385684967,0.4228938644652463,0.0,0.0,0.0,0.0,0.0,0.0,0.0,0.0,0.0,0.0,0.0,0.0,0.0,0.0,0.0,9294600.19996111,615.6115094243472,0.2998292273567828,9148048.261799864,589.5134055540925,0.6517652256192539,8061766.375242858,471.57006039537225,0.6231120772316571,9186480.019163102,383.6599799377363,0.950040639997326,5009.079115544127
Steel,1,2,4990.2,-0.196,0.9001481994986534,0.1394494273662567,0.009763738373466,0.2112773750699524,0.0872856676578521,0.7570135646916655,0.0,0.0,0.0,0.0,0.0,0.0,0.0,0.0,0.0,0.0,0.0,0.0,0.0,0.0,0.0,25983575.221402176,451.0428254839469,0.2274927138549551,28594806.947958488,752.7925590269168,0.673557690702571,0.0,0.0,0.0,0.0,0.0,0.0,5040.041605543319
Steel,1,4,5009.86,0.197,0.8113047391176224,0.0753692461848259,0.0064274407137368,0.3054265676202285,0.0741303902864456,0.1707648072634858,0.0,0.0,0.0,0.0,0.0,0.0,0.0,0.0,0.0,0.0,0.0,0.0,0.0,0.0,0.0,9474605.825606149,160.504885102585,0.110898411489349,11562596.755460722,484.89300140799935,0.4134776277893531,9814183.394720562,722.5424503878421,0.4869067370857387,11363507.229801588,391.96222717609794,0.6413995075312546,4960.058087314991
Steel,4,2,5009.99,0.2,1.0875226572155952,0.1124245438575744,0.05977384532454,0.2363909773179489,0.0802976047992706,0.231247168292931,0.2590024004357884,0.1127933275699615,0.4431535442777943,0.4371295244243904,0.1308559972047805,0.6368478415321734,0.2755783427710487,0.0690880289673805,0.7465596627264997,0.0,0.0,0.0,0.0,0.0,0.0,69561857.63579866,444.9258727055304,0.1261802427294486,75283391.9130495,674.1113389042066,0.9219102543490686,0.0,0.0,0.0,0.0,0.0,0.0,5025.899196499265
Steel,5,4,4990.03,-0.199,1.0675660818815231,0.114204205751419,0.0162087656942247,0.3860970357269384,0.1158279520273208,0.2098436648173509,0.2870899496635725,0.1104676228761673,0.4291896756694446,0.2884867494006687,0.1138424265384674,0.6068238094661077,0.1425489417078537,0.0807588636875152,0.7901830510934797,0.3492667450474459,0.0874077779054641,0.945595066358236,0.0,0.0,0.0,34681855.613361955,905.909658152342,0.1566530565619749,29564235.78143529,141.51766508973992,0.5745106346407863,36320601.25608254,468.91995684363394,0.7203870312380102,30850384.50963554,646.9028902501376,0.9608094726258049,4981.31133834554
Steel,4,4,5010.02,0.2,1.452910155057907,0.0878851827383041,0.0140882639498377,0.3889311599176784,0.0893409305810928,0.2278969249166791,0.2391589215936423,0.0792757654190063,0.3433334576460455,0.1498106195501271,0.0650694906711578,0.7028619802020337,0.2695575338579656,0.1373206108808517,1.1560847390226885,0.0,0.0,0.0,0.0,0.0,0.0,28447465.45347718,560.7601471381095,0.1718712626687161,19713029.13594878,600.4445521792076,0.7209021859982412,17402036.321503446,335.4767797927166,0.925571333929138,18161289.493810456,747.7329167016587,1.2959209584060498,4973.283047283977
Steel,3,3,4990.0,-0.2,1.0507227197289466,0.1051537076234817,0.0132892882146163,0.1398571852803069,0.0788237389922142,0.2968793522051304,0.2359436536081268,0.0835300007462501,0.6258773148244019,0.3795781443666057,0.105236137509346,0.846791410537739,0.0,0.0,0.0,0.0,0.0,0.0,0.0,0.0,0.0,18635152.34812937,474.3901191591789,0.166047056671134,20231900.90401677,869.9620635102536,0.7250260144955809,20161635.445460957,416.6259426992456,0.9456504467053292,0.0,0.0,0.0,4985.992727401331
Steel,3,3,5010.03,0.201,0.8084596991539001,0.08877360445261,0.016435954670352,0.3581462363443478,0.1164688467979431,0.1930483566852862,0.2162945324640411,0.129138953089714,0.4056568034537263,0.2944143448201633,0.1151245260238647,0.6884294953529921,0.0,0.0,0.0,0.0,0.0,0.0,0.0,0.0,0.0,23892642.96282916,773.0626310927205,0.145657822450967,26673719.648882225,623.3324142939921,0.4814417497129881,28068886.03788156,663.9202483395165,0.7028991172679914,0.0,0.0,0.0,4988.737578740906
Steel,1,4,4989.91,-0.202,1.0382948979735374,0.076514186322689,0.013329374477295,0.1728567394292084,0.0636515155434608,0.6459460176921146,0.0,0.0,0.0,0.0,0.0,0.0,0.0,0.0,0.0,0.0,0.0,0.0,0.0,0.0,0.0,5689782.300848808,376.4187303507489,0.1936612723734709,4502548.207128687,172.61136294162318,0.4431312395881338,4954912.443997314,429.9874165452524,0.5300934953491947,5042565.017252885,650.0999357640327,0.819445638480548,4984.905951398494
Steel,5,2,5010.13,0.203,0.642602475732565,0.0648701669573783,0.015634661652771,0.375252005179582,0.0805163866281509,0.1040272189179727,0.2022615670073678,0.0725703909993171,0.2371141483657957,0.2698205490983578,0.0980890887975692,0.3475845419369594,0.3000359481794685,0.0697316047549247,0.4783868522805533,0.3321980359110841,0.0828634464740753,0.5772684696533028,0.0,0.0,0.0,40645975.334471166,559.0136421066555,0.0908760974449469,36662674.70244344,706.5369770428615,0.5627233518546249,0.0,0.0,0.0,0.0,0.0,0.0,5049.084563211722
Steel,1,2,5010.13,0.203,0.7536208674311639,0.0726991862654686,0.0208049562572969,0.1793432016748934,0.0940842616558075,0.1844291343221732,0.0,0.0,0.0,0.0,0.0,0.0,0.0,0.0,0.0,0.0,0.0,0.0,0.0,0.0,0.0,6413487.411575734,615.9270912127257,0.1047247459875787,6093659.07776346,710.7478189310897,0.5846719027527904,0.0,0.0,0.0,0.0,0.0,0.0,5003.9297124288805
Steel,2,2,5010.19,0.204,1.5978986889123916,0.0630731456875801,0.0154534357193135,0.3224699771464442,0.0359600017219781,0.3007505953444305,0.2290714133904232,0.0558847993612289,0.979937237915937,0.0,0.0,0.0,0.0,0.0,0.0,0.0,0.0,0.0,0.0,0.0,0.0,130735078.90976617,889.3287034911008,0.2339613013246292,122517255.77043173,467.3962622110199,1.257166598655216,0.0,0.0,0.0,0.0,0.0,0.0,4974.558179059338
Steel,2,4,5010.24,0.205,0.8572098851203919,0.0790606696605682,0.006779804975851,0.3047116881310985,0.0825972780585289,0.2402923356371811,0.2677874360095086,0.0826459509134292,0.6661079232918188,0.0,0.0,0.0,0.0,0.0,0.0,0.0,0.0,0.0,0.0,0.0,0.0,10518353.99826738,538.7527399310029,0.1240250132706576,14637521.155226162,496.22820240127066,0.5204565752904652,9253800.711424123,507.2150576936577,0.7068403044368123,13331754.35507085,526.3933081133739,0.7714888957511428,4995.2492259612245
Steel,4,3,5010.27,0.205,0.943459276854992,0.0545040126442909,0.008628189201008,0.2164033106259856,0.0706448358297348,0.196922994094918,0.3179358057923147,0.0736063599586486,0.4835647116685269,0.269344578345932,0.0945297443866729,0.6080392996025586,0.2042851284076552,0.02,0.796425592880084,0.0,0.0,0.0,0.0,0.0,0.0,17125993.420327425,585.1189442709631,0.1349743415828586,17889949.36303259,358.84798880871847,0.5787260143641835,16196628.625076571,821.5669635285085,0.8194618103430089,0.0,0.0,0.0,4965.523552018944
Steel,3,4,4989.74,-0.205,1.5771196752786636,0.1136351550817489,0.0188770526223342,0.3541255659305952,0.1317066079378128,0.2584468122206273,0.3786154044153626,0.0256122730672359,0.4845425909383338,0.2050233409049885,0.0286003758758306,1.2275449045051936,0.0,0.0,0.0,0.0,0.0,0.0,0.0,0.0,0.0,35391329.54106969,726.3317834647877,0.2060578566357345,40329071.75433293,207.34417038735637,0.878232664626378,34658355.96510866,364.4881067076893,0.9455211010011408,36599568.392880455,379.41438150630427,1.3324835406433737,5027.060099430643
Steel,3,4,5010.29,0.206,1.0207134529948236,0.0924648755788803,0.0156234077623012,0.294836654495986,0.1063253509998321,0.1580083378412673,0.2512818834726468,0.0476676277816295,0.4294770004041408,0.3041236151311025,0.0495116482675075,0.6826169917856808,0.0,0.0,0.0,0.0,0.0,0.0,0.0,0.0,0.0,16211653.07851864,519.1613836582443,0.1028069955737619,14203284.690405872,263.90851461957936,0.5037436349877518,18515946.86693481,148.8863127163624,0.646668324885669,17161966.162642024,350.5210781611993,0.9055401220972024,5032.446007433344
Steel,2,3,4989.7,-0.206,1.1357233196496963,0.0774856131076812,0.0354249717383436,0.3396137958231134,0.0857713890075683,0.2973816431296239,0.2978517964785283,0.0396067687869071,0.7101835687935878,0.0,0.0,0.0,0.0,0.0,0.0,0.0,0.0,0.0,0.0,0.0,0.0,13967114.35936188,531.3811821408281,0.1521287340196954,11958882.665616736,872.9640769625838,0.5443452097888947,11190810.01208218,596.6670847200334,0.9381993354329524,0.0,0.0,0.0,5040.511309558821
Steel,3,4,4989.63,-0.207,1.0387509137392046,0.0969127099514007,0.0201326788702947,0.2690040871048481,0.0584651851654052,0.2885619579497155,0.2673428622757278,0.0933876776695251,0.5042305498818895,0.2894999372331418,0.0672834876179695,0.8917624334810931,0.0,0.0,0.0,0.0,0.0,0.0,0.0,0.0,0.0,14561267.217534812,325.17242786733976,0.1135969058091252,13369638.477654165,327.1982233954912,0.3369063951909835,14633450.599392522,250.78337290397167,0.4456833308490623,15658307.419533722,558.4239237786509,0.8771037976417395,4959.791407433681
Steel,3,3,4989.5,-0.21,0.6620986245572567,0.049956338584423,0.0136418501040025,0.3721563977856994,0.1444684886932373,0.1289884618738909,0.3274075983603438,0.081013862490654,0.288227252181256,0.4168019444119219,0.0639997494220733,0.4478034289026859,0.0,0.0,0.0,0.0,0.0,0.0,0.0,0.0,0.0,33484875.86961144,741.2696098099599,0.0757400400664339,30070351.683640394,252.6016306252965,0.3648550938183109,32678901.563041177,289.5132800842044,0.5285964585429678,0.0,0.0,0.0,5031.633301041716
Steel,1,4,4989.46,-0.211,1.0938417091965675,0.0820508242845535,0.0068254433231785,0.3410027880241058,0.0652772539854049,0.2628226614224842,0.0,0.0,0.0,0.0,0.0,0.0,0.0,0.0,0.0,0.0,0.0,0.0,0.0,0.0,0.0,11052690.628719728,432.290804028832,0.127676698507838,11036950.900032371,591.4910897575691,0.5475434549984766,12328941.09669058,389.6732963284761,0.7826736259283795,11116496.02818276,306.169109736034,0.9297266659144932,4997.167554524297
Steel,2,4,5010.58,0.212,0.6145375199615956,0.1023170535564422,0.0299455932833779,0.3512164067796703,0.0978049010038376,0.1360415897881233,0.3576266838780585,0.0968630194664001,0.3916342524976187,0.0,0.0,0.0,0.0,0.0,0.0,0.0,0.0,0.0,0.0,0.0,0.0,19817032.362718977,406.0785647605529,0.0770231197060608,16813101.970548116,754.7387305808451,0.4099645509351388,18038071.78052734,884.3066415996675,0.4979335800249054,18867120.20149241,563.6131785047368,0.5503182723900955,5009.006109629362
Steel,3,2,5010.58,0.212,1.2786435455083849,0.0570113506317138,0.0299096848851966,0.2706933827473812,0.0557270687818527,0.378602351219296,0.1880414842998555,0.1184363412857055,0.8884339268511526,0.3621026857968722,0.0560355368256568,1.044891242596537,0.0,0.0,0.0,0.0,0.0,0.0,0.0,0.0,0.0,47260054.303210735,510.0497118395437,0.2036640821360375,55427304.28930729,354.84133159801144,1.0704333981949756,0.0,0.0,0.0,0.0,0.0,0.0,4961.036142634579
Steel,3,4,5010.59,0.212,0.9425068870186806,0.0665436539649963,0.0084635994963386,0.1954571359550696,0.0643589243292808,0.2223498994223149,0.3035653606314491,0.0717715641856193,0.5235826776181773,0.2389805581158522,0.0843265223503112,0.7493424410484206,0.0,0.0,0.0,0.0,0.0,0.0,0.0,0.0,0.0,10113888.567409577,489.8409298325101,0.1257350006527968,8533291.497638179,519.9225656976562,0.472678512555806,6921151.846916459,671.1192400787245,0.6144623151295985,7597150.15001561,587.6183452378748,0.8442466784020729,4981.064654793849
Steel,2,3,4989.41,-0.212,0.694100196659565,0.1078119096755981,0.0081104716244991,0.4212631714168276,0.0931792712211608,0.4045840074449288,0.1531688141054419,0.0540263935923576,0.5107019278385501,0.0,0.0,0.0,0.0,0.0,0.0,0.0,0.0,0.0,0.0,0.0,0.0,19310819.6316622,324.17134083268814,0.1708107864193183,13900362.51924649,239.14810404966516,0.354971737600948,12650749.591059946,748.3179372620174,0.6246901762995083,0.0,0.0,0.0,4952.266252519052
Steel,1,3,5010.64,0.213,0.9092939868569374,0.0865941690802574,0.0211666149245072,0.3613012134146111,0.0731696254014969,0.3468207972922681,0.0,0.0,0.0,0.0,0.0,0.0,0.0,0.0,0.0,0.0,0.0,0.0,0.0,0.0,0.0,8893367.694752334,250.3987098734968,0.1157541353544273,9811934.564144474,128.9431357091917,0.3741236314840262,8483798.693830175,340.2851866624929,0.6896646946212377,0.0,0.0,0.0,4981.8906586872135
Steel,3,4,5010.7,0.214,0.5263454161584378,0.0863050605654716,0.0554956672284887,0.2604534780340364,0.02,0.1391820267701389,0.4158757032387216,0.0886021089553833,0.2474759234431924,0.3202166970180477,0.02,0.3981009430269091,0.0,0.0,0.0,0.0,0.0,0.0,0.0,0.0,0.0,8794550.166805439,452.7390567711419,0.0637340986409865,9730560.412763871,811.4620491910074,0.1797552260196721,10168829.881528031,715.6250909814431,0.3148619494903457,7753543.426976893,406.82808381169474,0.4563067540165065,5016.5686827506315
Steel,1,3,5010.76,0.215,1.312836953997612,0.0886451823115349,0.0203865390880401,0.1979081896456402,0.1486676198244094,0.3659446564629623,0.0,0.0,0.0,0.0,0.0,0.0,0.0,0.0,0.0,0.0,0.0,0.0,0.0,0.0,0.0,14729382.716988487,757.0230277628856,0.2512448896004918,16090553.476442568,743.6788954642007,0.8475580075923965,21302293.90606278,1099.9999999999995,0.9715745335467816,0.0,0.0,0.0,5017.8334508931375
Steel,5,4,4989.24,-0.215,1.0417613565921784,0.0565541583299636,0.0188177454212086,0.3500579538263424,0.0820393902063369,0.1383028415916675,0.4718221722482104,0.0875723737478256,0.3494003534072361,0.3268890471132167,0.0372406473755836,0.5137103245995219,0.3269287583671639,0.0494327287375927,0.5696181901508495,0.2912919724596298,0.0728314492106437,0.7604698955005831,0.0,0.0,0.0,25370524.74129191,699.2886604562485,0.1190876552903504,29950045.190864574,926.6346050584154,0.394064611267739,28299870.963589437,438.6879801781928,0.6510222310667328,29447400.57434011,341.048067533048,0.8992034183024992,4989.443741971993
Steel,6,2,5010.8,0.216,1.1379434123635292,0.0802671251296997,0.0203403378638743,0.2459636574065646,0.0863977551460266,0.1787634667960926,0.3618835131973011,0.0790336486697197,0.3525750024180724,0.2986871202154094,0.0568026757240295,0.4694287662345645,0.2587537473263673,0.0445794081687927,0.6557195902144106,0.3074888567224669,0.034729263857007,0.7960057015560034,0.2282167053575068,0.0696958565711975,0.9168279843168248,185611811.92863405,826.273177245305,0.1448413612764232,180500127.05827785,565.0877111744968,1.0106103269562148,0.0,0.0,0.0,0.0,0.0,0.0,5013.149030644136
Steel,2,3,5010.85,0.217,0.7733228877186775,0.0923510112762451,0.0265833397726278,0.3801289656548484,0.10601238489151,0.2709516741736502,0.249779624372871,0.0548819750547409,0.5271937827234674,0.0,0.0,0.0,0.0,0.0,0.0,0.0,0.0,0.0,0.0,0.0,0.0,19840895.57577992,877.9896343662009,0.1419827094627983,22106553.205632195,472.5029310757084,0.5657782202672601,21132597.43639664,303.95177358295086,0.6806709917316198,0.0,0.0,0.0,4975.19264113746
Steel,4,3,4989.14,-0.217,1.242743620276451,0.088161341547966,0.0141045066424934,0.2335564107963734,0.0358948911726474,0.3218954605136909,0.1949386362650059,0.0900208550691604,0.6777541303845446,0.4451334566166908,0.0571428626775741,0.9995560293852844,0.2880451663947803,0.0509790226817131,1.0811767795332292,0.0,0.0,0.0,0.0,0.0,0.0,29007224.73606815,538.3162717119036,0.1556804795976316,22994384.060485832,388.4727465538045,0.6368042119170073,26536150.505216967,338.4198703157847,1.0547317219603114,0.0,0.0,0.0,4999.070836053824
Steel,3,2,5010.89,0.218,0.9643880903720856,0.0864696699380874,0.0282113616646193,0.1565849068227514,0.0793723556399345,0.2968831744071252,0.1743819851278879,0.0954821717739105,0.5953702067598841,0.3201019073738225,0.097017952799797,0.855020428629497,0.0,0.0,0.0,0.0,0.0,0.0,0.0,0.0,0.0,20172302.06412027,660.3293190440165,0.1355695054362579,25161463.79229708,367.5515850700164,0.8222286161594454,0.0,0.0,0.0,0.0,0.0,0.0,4954.703597773091
Steel,1,4,5010.92,0.218,0.8587133973836899,0.0980906337499618,0.0243567670536482,0.2055256686438682,0.1207661294937133,0.3092755577020111,0.0,0.0,0.0,0.0,0.0,0.0,0.0,0.0,0.0,0.0,0.0,0.0,0.0,0.0,0.0,5240755.896536046,1082.7109362849326,0.1003311646330145,4945781.760763872,626.9678120633123,0.2762842778164038,6010194.732590756,771.5778134872306,0.3675685040223801,5929278.273975263,931.600775235234,0.692609577719113,5015.788432661961
Steel,6,4,5010.94,0.219,1.271524715423584,0.1108767832517624,0.0406572281381974,0.37373726292296,0.0941182082891464,0.3129997034448277,0.29221345198415,0.0949143928289413,0.4888162593351697,0.2905440362739779,0.0820026502013206,0.6245891945623813,0.279537526332174,0.1044540166854858,0.7220346106950508,0.275658259454922,0.0565864780545234,0.9528746716089695,0.2447490989332902,0.0719241264462471,1.0393782655754158,23508352.254917707,490.1745859690863,0.1294614243699553,25495070.201261804,533.6874358685877,0.4104123061788399,27793012.434854586,347.7008186137776,0.6462299117100962,26717061.92932801,530.3520732360281,1.0817121126541531,5013.705671201284
Steel,3,4,5010.96,0.219,0.6972694814205169,0.0956843500137329,0.0180301649858793,0.346689320440098,0.0988551545143127,0.2485016188817356,0.2561959345225789,0.0955326306819915,0.3534815464219608,0.4329530576796894,0.0549793672561645,0.4703227669961873,0.0,0.0,0.0,0.0,0.0,0.0,0.0,0.0,0.0,19703744.03215439,283.6479185261852,0.0757719930311827,15894443.81117312,325.6898285183064,0.0812457645130728,21505824.20523939,182.51160517333363,0.237466638789553,20709280.720535804,269.091688270994,0.5839341581026267,5042.9015081512625
Steel,6,2,4989.01,-0.22,0.8659391880035401,0.0999768471717834,0.0284914784722692,0.3710884323219393,0.0802491295337677,0.1351211248772224,0.2346501738659765,0.0623244392871856,0.2548291555723989,0.1706882850084832,0.0956131154298782,0.3822991218511687,0.3204258933148488,0.082492846250534,0.5401187737903963,0.2972809129194101,0.0646349644660949,0.6494883018383283,0.2848124910838037,0.0776001879572868,0.7334051069430301,44739396.55543327,606.4752147792932,0.0957847053077584,41358977.69543713,501.0706531890921,0.7494268805548578,0.0,0.0,0.0,0.0,0.0,0.0,5003.581138678463
Steel,4,3,5011.05,0.221,0.9198201715946198,0.0863419376015663,0.0404490601795119,0.3968518043351731,0.0623985624313354,0.1656657824349322,0.3502178321173572,0.0613044247031211,0.373002010445287,0.2602130444046345,0.15,0.5477424195172507,0.2630150271367738,0.02,0.6520930120886809,0.0,0.0,0.0,0.0,0.0,0.0,33650445.71621824,176.04726743566172,0.1374110028802494,24898677.4680444,851.2216432330791,0.7133123775861754,28728076.68866381,431.0679224924465,0.80177222448668,0.0,0.0,0.0,5047.882826882301
Steel,1,4,5011.14,0.223,1.3539717704057694,0.0821006848812103,0.0102255252624132,0.2797703916404411,0.0594007322192192,1.1565206865868152,0.0,0.0,0.0,0.0,0.0,0.0,0.0,0.0,0.0,0.0,0.0,0.0,0.0,0.0,0.0,14111775.012824835,320.2257809371214,0.3272256084929966,15596885.25433412,520.989103252763,0.5567333924462401,14176553.201745078,454.186672654688,0.8288645869466559,12204846.078960134,651.9951091294296,1.1107708421950893,4978.740237448081
Steel,1,2,5011.16,0.223,0.9250382468104362,0.0848974910974502,0.0208768829402527,0.4706078640221854,0.053394463956356,0.6289865477757728,0.0,0.0,0.0,0.0,0.0,0.0,0.0,0.0,0.0,0.0,0.0,0.0,0.0,0.0,0.0,14997987.175641662,781.2981388594671,0.300220815194608,17703534.90257006,87.21302021696215,0.7325798222103661,0.0,0.0,0.0,0.0,0.0,0.0,4966.199070069165
Steel,1,3,4988.86,-0.223,0.9216970533132554,0.0869602987170219,0.0150096627491713,0.215889555827795,0.0650260636210441,0.2763070075177556,0.0,0.0,0.0,0.0,0.0,0.0,0.0,0.0,0.0,0.0,0.0,0.0,0.0,0.0,0.0,7913401.308385016,379.8877174324259,0.1693222813635255,7019237.260281289,648.4233390443247,0.4672624901355482,7477507.717946062,544.7266185941504,0.6569797643640415,0.0,0.0,0.0,4958.478485172165
Steel,5,3,5011.22,0.224,1.1046121940016749,0.1014566937685012,0.0160844974875665,0.2028754605206721,0.0752545344829559,0.1752862035113149,0.2542907909353331,0.1167293936014175,0.3364115843897476,0.1748933786452312,0.0488393987715244,0.4839807509293882,0.2142176315101505,0.118304351568222,0.6617575551127532,0.4465281416079943,0.15,0.8872774999484676,0.0,0.0,0.0,38913182.84711581,1099.9999999999995,0.122407958351919,37032391.49286273,573.2550728085753,0.7768758622030434,34021386.26839624,189.97114887649508,0.994150973496895,0.0,0.0,0.0,4961.373653463917
Steel,6,4,5011.31,0.226,1.733740884065628,0.100183847784996,0.0165220608411323,0.3142404101111778,0.0450104475021362,0.5288389565329717,0.3035059875378261,0.0372244566679,0.7245249816608297,0.2805512929700715,0.0534172293543815,0.9303827142508924,0.3408074450057943,0.0383910961449146,1.0110637973189172,0.5082522152543345,0.0327827099710702,1.170952233359102,0.3850400273996357,0.1039478003978729,1.375847460622304,42695710.39972779,364.37167033257634,0.2125923151223278,41234196.22119462,854.8575687519915,0.6518021635220508,42016447.89279598,206.07413383290995,0.8886682779021753,38877566.71011438,573.5554977637423,1.5546084968596128,5043.738991812184
Steel,5,3,4988.72,-0.226,1.094410419464111,0.0709433416724205,0.021847483513295,0.4159125239768168,0.1051000642776489,0.1827118415201316,0.125700346187161,0.1269829583168029,0.4563038092723283,0.3375894001268624,0.0625507140159607,0.7194402205110342,0.1207089850027483,0.0912271577119827,0.8490085789350157,0.3025967782429185,0.0365831260383129,0.9849593775177004,0.0,0.0,0.0,24233290.376795303,452.812466624823,0.1319998938481045,28040981.4910814,497.54084968716063,0.4843116910016067,29872933.443638545,341.96123495813407,0.9749583775177004,0.0,0.0,0.0,5018.528980478691
Steel,5,4,4988.71,-0.226,0.9573390051722528,0.064273329436779,0.0227606188283843,0.1776511191628643,0.0795912924408912,0.179230467181597,0.3383773806121028,0.0974245297908783,0.2797956526937409,0.4184790602120213,0.1298476636409759,0.4930704544754996,0.2560853418999504,0.118666746020317,0.6350149992586466,0.1360572296789818,0.046642687022686,0.7501974315756977,0.0,0.0,0.0,18835298.8873966,537.482794975775,0.1062978624949758,24595775.716104563,686.496965573613,0.3728860345214858,29740696.67098184,700.0324724635143,0.5126202761569482,26714564.022468228,347.61497683101925,0.8331449831420639,5016.1676633736115
Steel,2,3,4988.66,-0.227,1.4125282526016236,0.0863124833703041,0.0160087819586313,0.258096151690672,0.0393775631487369,0.5615769213735231,0.2752105338257877,0.0905599176883697,1.1533081069924993,0.0,0.0,0.0,0.0,0.0,0.0,0.0,0.0,0.0,0.0,0.0,0.0,13131916.917431118,162.16391191362268,0.3273668352632896,17991090.20703641,358.5950484523836,0.6359213457717037,14910929.107786428,1001.7988271637206,1.2340566718673454,0.0,0.0,0.0,5013.888641149662
Steel,2,2,5011.38,0.228,1.113912081718445,0.1359096889495849,0.017941989211941,0.29927999999543,0.0715645563602447,0.3232566878710038,0.2975163928371437,0.0808655658364295,0.6015315193349587,0.0,0.0,0.0,0.0,0.0,0.0,0.0,0.0,0.0,0.0,0.0,0.0,31620491.321869235,560.8454089733126,0.1489342534773489,29100713.71484216,250.93287129818395,0.9539124923973544,0.0,0.0,0.0,0.0,0.0,0.0,5010.5644807683875
Steel,2,2,4988.63,-0.227,1.392742869257927,0.1160439864397049,0.0110408183753386,0.4417316036128068,0.0752196928858757,0.8011349102903389,0.236625202992376,0.0559840667247772,0.8894057528223382,0.0,0.0,0.0,0.0,0.0,0.0,0.0,0.0,0.0,0.0,0.0,0.0,41202212.85145056,381.9421557561185,0.2694517052260452,36302784.28922372,489.8387833686303,1.0739153821258642,0.0,0.0,0.0,0.0,0.0,0.0,5017.943989434689
Steel,5,4,5011.46,0.229,0.997701334953308,0.0945241072177887,0.0159776326443662,0.3174575065141271,0.02,0.2001356812035633,0.3167086352651985,0.1017326837778091,0.3415916569319347,0.4581324384989198,0.0499295963346958,0.5548334098311659,0.2707563433772446,0.0900016385316848,0.6988380957513239,0.45349288743625,0.1179065692424774,0.8739476799723989,0.0,0.0,0.0,34374444.68455105,247.1759965648778,0.1105481868462839,30251287.65766336,440.55718452198687,0.4146438472182771,34716132.371574275,381.6442151287831,0.5741318192046713,41129455.519029565,268.97308148472706,0.8928521721862505,5038.615963393156
Steel,4,4,4988.56,-0.229,1.2264729380607604,0.1257141914367676,0.023490600887813,0.3747929511844147,0.0895204502344131,0.2731797088773148,0.3857047706942606,0.1369597119092941,0.4537979547655353,0.3555118308222919,0.15,0.7452384763715838,0.1685813185792202,0.0768609711527824,0.918118626603816,0.0,0.0,0.0,0.0,0.0,0.0,28819521.36259473,430.9518101870275,0.1359289496487491,38759572.89749858,259.2734125602157,0.4847750070902169,31381600.3763986,344.5648729779397,0.6740722878095257,33894854.94271132,219.8170370960259,1.09091549073691,5014.664207890172
Steel,4,3,4988.51,-0.23,0.9655976817011832,0.0647819566130638,0.0062388218583548,0.2688487189475345,0.0740210691094398,0.172763939453953,0.2474254378785075,0.0762225675582885,0.3954467421188826,0.2694235370258649,0.0356527763605117,0.6055720092976007,0.3360957939477315,0.1242180782556533,0.8141904100852518,0.0,0.0,0.0,0.0,0.0,0.0,21559497.15667361,84.32659848081742,0.1971094504384585,17455299.902856942,358.82248849364174,0.6483737693889648,16835879.61332781,335.941125145889,0.8690379125654673,0.0,0.0,0.0,4983.9341745690635
Steel,3,2,4988.49,-0.23,0.7765633508563042,0.0785649287104606,0.020777619276249,0.2529289783332185,0.0524925245344638,0.1082886254114623,0.3320159531062118,0.0779702535271644,0.3012182843481664,0.3329828370500444,0.1298126864433288,0.5015608813245115,0.0,0.0,0.0,0.0,0.0,0.0,0.0,0.0,0.0,30302053.69345108,521.1495306298503,0.0982846609320974,37227576.01648283,358.752286533326,0.6545382394636563,0.0,0.0,0.0,0.0,0.0,0.0,5006.905957516058
Steel,1,4,4988.43,-0.231,1.3586283028125763,0.0852968583106994,0.0153410887635073,0.2799858719497042,0.0755235156416893,0.3931855656312885,0.0,0.0,0.0,0.0,0.0,0.0,0.0,0.0,0.0,0.0,0.0,0.0,0.0,0.0,0.0,8518185.668532861,622.4822153326928,0.2113080279911288,9410407.153896453,408.4192708890421,0.5590510989076618,10002186.982975535,685.8657934799121,0.8320958355039729,11798237.054536128,1099.9999999999995,1.154337110677042,4954.912402109998
Steel,1,3,4988.4,-0.232,0.9252894386649132,0.1106193295717239,0.0351723677108523,0.2569812224101988,0.02,0.3070839428971872,0.0,0.0,0.0,0.0,0.0,0.0,0.0,0.0,0.0,0.0,0.0,0.0,0.0,0.0,0.0,8279226.403364318,425.4430085974379,0.1093325848971847,9615764.64011231,228.4657544544609,0.335010186507223,12190702.962044636,446.5147875110029,0.6364887405155375,0.0,0.0,0.0,5026.341164542586
Steel,2,2,5011.71,0.234,1.5079157680273056,0.1471157459020614,0.0138557205250284,0.3211666587242243,0.0625377389788627,0.5608825284547914,0.2164406660086931,0.0472398990392684,0.8967196796185423,0.0,0.0,0.0,0.0,0.0,0.0,0.0,0.0,0.0,0.0,0.0,0.0,37463734.42552197,234.0529944274864,0.2702303609160347,38330011.12026563,1084.9559213687298,1.2802293301756722,0.0,0.0,0.0,0.0,0.0,0.0,5029.13601330722
Steel,5,2,5011.72,0.234,1.5121694892644884,0.1378135241270065,0.0192004010838042,0.404205511865857,0.0913671672344207,0.4282043838447948,0.3435617227627305,0.0493882304430007,0.7687877926693454,0.3314165548947041,0.0674163335561752,1.0232041321721514,0.3470887839762236,0.0906879246234893,1.246529128526166,0.2367945800184534,0.1013948136568069,1.3609425403380395,0.0,0.0,0.0,67859679.10773613,311.1067123522046,0.1992339858204772,102486798.26314954,234.4575691283525,1.339617886842506,0.0,0.0,0.0,0.0,0.0,0.0,4990.1528575563925
Steel,3,3,5011.73,0.235,0.5443131044507027,0.0476566529273986,0.0215754824409366,0.4627895751996846,0.0696266150474548,0.1271581264952863,0.2529200667745511,0.1129823857545852,0.2703817252598056,0.2196995122073644,0.0324218787997961,0.3984848080555242,0.0,0.0,0.0,0.0,0.0,0.0,0.0,0.0,0.0,19450982.65765156,920.477739217306,0.0689039552580097,16503730.333300808,567.3666279500229,0.2436163693641051,20778551.44543526,931.0040708702112,0.4688057244287612,0.0,0.0,0.0,5002.903184106497
Steel,1,2,5011.74,0.235,0.7080374300479889,0.0827088682055473,0.0116256484709861,0.248892565731313,0.1018786287307739,0.5491551813180555,0.0,0.0,0.0,0.0,0.0,0.0,0.0,0.0,0.0,0.0,0.0,0.0,0.0,0.0,0.0,11844125.924912134,62.55190914814578,0.1662246393525465,13072653.122931074,357.3196752166135,0.5728285115237699,0.0,0.0,0.0,0.0,0.0,0.0,5006.411697372451
Steel,1,2,4988.28,-0.234,0.8224404335021973,0.048433745265007,0.020895847948153,0.2576196118671153,0.0851489901542663,0.1498176283572459,0.0,0.0,0.0,0.0,0.0,0.0,0.0,0.0,0.0,0.0,0.0,0.0,0.0,0.0,0.0,9359454.773940831,491.1879610975631,0.0946494910910141,10575362.453535892,371.7006966508671,0.5698128317523805,0.0,0.0,0.0,0.0,0.0,0.0,5028.527830790793
Steel,5,4,4988.26,-0.235,1.0513828977942468,0.0988684116601944,0.018260771820748,0.2377605307713494,0.0350509432703256,0.2621208349672088,0.2916482298557028,0.0998958539962768,0.5412866892572574,0.1625387196035066,0.0809830966591835,0.6750253185962454,0.2170557148697702,0.0964236116409301,0.773833887822455,0.2616149085974888,0.0346902515739202,0.8533326214687582,0.0,0.0,0.0,21246151.517419323,725.6762915418985,0.177077415467554,16468279.723062798,357.34840474320305,0.3927927436663984,15162396.287206018,619.0710617444295,0.4640855731208543,16678324.91930662,713.8339039103124,0.9129449471537652,4967.121116546291
Steel,1,3,5011.81,0.236,1.3810793191194537,0.0974079726934433,0.0218440879765149,0.2644272322983381,0.0669267845153808,0.5054094437210398,0.0,0.0,0.0,0.0,0.0,0.0,0.0,0.0,0.0,0.0,0.0,0.0,0.0,0.0,0.0,16390528.403390167,876.7246094387668,0.3547990201002233,16577144.546438929,315.7182070115343,0.7889333922010062,20387039.236428574,1035.7556356309951,1.0590329150163609,0.0,0.0,0.0,5025.440992896065
Steel,6,3,4988.06,-0.239,1.295514640212059,0.1007662205696106,0.0228021528217231,0.2397833546701034,0.1114826202392578,0.1295614640212059,0.3287254454047926,0.0639165952801704,0.3342299894723528,0.3060870341228084,0.0921645992994308,0.482124605080196,0.3558187270700205,0.0954561054706573,0.64587686518193,0.2096687045402854,0.1311086171865463,0.8185347032451543,0.1663422835216579,0.0713264882564544,0.9498531987384105,35186740.86515006,465.9416959488272,0.1447206631206297,33329227.420390457,404.5362644142618,0.5103201373704225,38631522.89634503,447.0849514567874,1.0840889705936887,0.0,0.0,0.0,4973.410203698022
Steel,1,2,5011.99,0.24,1.405090966820717,0.1252626106739044,0.0235574418633828,0.4265451471468728,0.0882217222452163,1.2645718701386457,0.0,0.0,0.0,0.0,0.0,0.0,0.0,0.0,0.0,0.0,0.0,0.0,0.0,0.0,0.0,87597938.73549205,331.90378150677213,0.3725844867481658,84409169.61689824,1099.9999999999995,1.0496739475582344,0.0,0.0,0.0,0.0,0.0,0.0,5031.491949593451
Steel,3,2,4987.95,-0.241,0.5791233003139495,0.0547261212468147,0.0105673315032126,0.1112213245355714,0.1124234014749527,0.1362458138748757,0.2085680345355924,0.1167523294687271,0.2578048839853388,0.2398911887709358,0.1039788335561752,0.4448504489693771,0.0,0.0,0.0,0.0,0.0,0.0,0.0,0.0,0.0,13683080.31109843,495.0750021094881,0.0846537666624292,14220856.17327698,336.9698276770324,0.4917349711495372,0.0,0.0,0.0,0.0,0.0,0.0,4967.308581391124
Steel,5,3,5012.16,0.243,1.2240085452795029,0.0721178249120712,0.0168930431648332,0.4662372358141161,0.077356087565422,0.2812827576012409,0.1274412303058262,0.0987868583202362,0.4556605068184485,0.3241229875268094,0.0839239126443863,0.7323005763699542,0.2316752250566256,0.092551851272583,0.9295318925017024,0.16247898923157,0.069556125998497,1.0301161070506624,0.0,0.0,0.0,29761250.165588524,622.4427242505609,0.1648133695977688,32163499.899832577,772.8268649660762,0.6879545560852098,23616443.890427694,521.5326315516593,1.0935887053465967,0.0,0.0,0.0,5036.70030401524
Steel,2,2,4987.86,-0.243,0.5848524980247021,0.077726799249649,0.0138165054494887,0.3139297868839011,0.0623153153061866,0.093715440031664,0.2857218744475048,0.1044971996545791,0.2884544646390183,0.0,0.0,0.0,0.0,0.0,0.0,0.0,0.0,0.0,0.0,0.0,0.0,15871327.994928911,250.9551507438625,0.0757764261012539,19455022.046670858,396.2950016950055,0.4450540098747854,0.0,0.0,0.0,0.0,0.0,0.0,5009.337254853294
Steel,2,4,5012.17,0.243,1.1969872266054151,0.0954399306774139,0.0224973112207132,0.2411272718829973,0.1412411177158355,0.4170096266939429,0.3986091733294111,0.1442165970802307,0.8389596694137177,0.0,0.0,0.0,0.0,0.0,0.0,0.0,0.0,0.0,0.0,0.0,0.0,26900256.28722701,529.4220821714846,0.1466262608953173,18774198.15752396,367.279074541609,0.5769463372835921,18886977.66685273,254.09920284793327,0.8239597530157748,18305764.554003373,360.4136690391477,1.059104302837397,4987.206313336169
Steel,1,4,4987.8,-0.244,1.4285492867231369,0.16,0.0063064372315638,0.2918509581081085,0.0679197758436203,0.5267749045200434,0.0,0.0,0.0,0.0,0.0,0.0,0.0,0.0,0.0,0.0,0.0,0.0,0.0,0.0,0.0,25662952.78733365,666.4390106653691,0.1793077695335679,20917597.44011047,563.2352208593763,0.4199711043320325,27677971.3146586,892.8276303649859,0.5098067728360984,25358255.480383214,644.3439086204502,1.1721046522545298,4974.534804393208
Steel,2,4,5012.23,0.245,1.334410011768341,0.1021850342750549,0.0165934125917916,0.344002154851409,0.0992244374752044,0.5848997458036548,0.2100885210030912,0.0743033275008201,0.9453241363168244,0.0,0.0,0.0,0.0,0.0,0.0,0.0,0.0,0.0,0.0,0.0,0.0,11908966.962432504,430.6233506572257,0.1878344765699703,11269190.557900526,522.1208917983017,0.5189236719078129,12432460.749830604,723.6030656465853,0.5548691423092906,15633493.86529537,410.747565754945,1.1922880190854164,4984.366815666424
