material,n_disks,n_bearings,cs1_pred,rel_err_pct,L,OD,ID,d0_OD,d0_W,d0_pos,d1_OD,d1_W,d1_pos,d2_OD,d2_W,d2_pos,d3_OD,d3_W,d3_pos,d4_OD,d4_W,d4_pos,d5_OD,d5_W,d5_pos,b0_K,b0_C,b0_pos,b1_K,b1_C,b1_pos,b2_K,b2_C,b2_pos,b3_K,b3_C,b3_pos
Steel,4,3,5000.01,0.0,0.9505966320633888,0.08001661604642868,0.0349621595262035,0.41615193263297506,0.10584004044532777,0.16712422647474012,0.2954239800214845,0.05474141538143158,0.3493998049417718,0.1716616270654704,0.10242842316627503,0.444255736458873,0.2766807964440823,0.12365361571311952,0.66589631439221,0.0,0.0,0.0,0.0,0.0,0.0,36119101.02470328,727.6215317205879,0.1233071268137148,32322310.556416158,359.6767426885139,0.5854742896282544,38183788.63029385,78.99560805136103,0.8455453924008649,0.0,0.0,0.0
Steel,2,2,5000.04,0.001,0.6398655816912651,0.05295056220889091,0.021548944348618777,0.2717267284020346,0.14580866396427153,0.21427353096253665,0.535693219632226,0.11903291404247285,0.4951172765746672,0.0,0.0,0.0,0.0,0.0,0.0,0.0,0.0,0.0,0.0,0.0,0.0,94422124.082958,429.44003875642846,0.09998737387868989,100263775.4994911,468.42679789610105,0.575879022882273,0.0,0.0,0.0,0.0,0.0,0.0
Steel,3,4,5000.04,0.001,1.1103515088558198,0.09480171334743501,0.014395382859499128,0.3771883223408695,0.11341495931148529,0.33073141526972216,0.36519812816235525,0.061283666193485256,0.7897357704568522,0.4845468075350959,0.09347904920578004,0.9689915111109295,0.0,0.0,0.0,0.0,0.0,0.0,0.0,0.0,0.0,39852267.990234606,289.75613314096745,0.142576800198097,38991157.79774694,228.63879784753914,0.6068789228886542,21458913.533203226,302.59833467572935,0.8052680177443667,27186029.67387647,295.454385241731,0.9986150150641857
Steel,1,3,5000.06,0.001,0.8847548142075539,0.07850041717290879,0.011663879442940532,0.4927238565999507,0.0789206314086914,0.3971520904945035,0.0,0.0,0.0,0.0,0.0,0.0,0.0,0.0,0.0,0.0,0.0,0.0,0.0,0.0,0.0,15066692.995567122,703.8694832220485,0.17527325712424738,14898098.47549462,631.3795062937961,0.42365217822018125,15837090.261516191,1024.4057440737572,0.7099891220756684,0.0,0.0,0.0
Steel,1,2,5000.07,0.001,1.4899674594402315,0.12750522875785827,0.038862753241163214,0.36864703489993444,0.09007992267608643,0.8616797568661632,0.0,0.0,0.0,0.0,0.0,0.0,0.0,0.0,0.0,0.0,0.0,0.0,0.0,0.0,0.0,52978514.52093627,417.05765288846794,0.5675120847061288,52551596.45627329,374.99929557647755,1.1325071211267121,0.0,0.0,0.0,0.0,0.0,0.0
Steel,2,4,5000.07,0.001,0.9474429503083229,0.10289455115795136,0.043624196764689496,0.2901814399573477,0.11402805209159851,0.12429699283672951,0.16482063278278167,0.10855908751487732,0.43567774361855094,0.0,0.0,0.0,0.0,0.0,0.0,0.0,0.0,0.0,0.0,0.0,0.0,21628250.1443352,498.5463721789917,0.14158579122367265,24828707.924309567,484.79360852173596,0.6220902072091652,22773085.543596078,526.5267089811199,0.6268042013696359,22649406.79417567,586.5141807593726,0.8111552354729312
Steel,3,4,5000.07,0.001,1.4538240611553193,0.07884029614925385,0.021481498228048908,0.28680830481957154,0.06765918642282487,0.24929683414543924,0.15333554616367695,0.10849248051643372,0.74572398565891,0.2859667769309535,0.04689656227827072,1.021171223068786,0.0,0.0,0.0,0.0,0.0,0.0,0.0,0.0,0.0,10079375.89068045,921.3493890556401,0.1635095334714464,12468930.313364897,161.15604662131085,0.6821833046331753,12682626.904460903,552.2505874106556,0.9385150283266679,13135033.677310284,505.31511181656595,1.308441653585963
Steel,2,2,5000.07,0.001,0.2984390321187675,0.05568255853652955,0.01973964428316546,0.27369414413211923,0.08126277863979339,0.09203414824495709,0.14130529465007005,0.15,0.2685851289068908,0.0,0.0,0.0,0.0,0.0,0.0,0.0,0.0,0.0,0.0,0.0,0.0,11168932.187165681,867.8517027245267,0.055851055627922946,8813739.625141144,463.6424375716007,0.2382700802604647,0.0,0.0,0.0,0.0,0.0,0.0
Steel,3,4,4999.92,-0.002,1.7953221440315248,0.10490098524093629,0.020277285607922437,0.39939808462152554,0.07474946111440658,0.2343052037595078,0.34267502816753875,0.10764570534229279,0.722265522757563,0.27590241610433613,0.10086144626140595,1.350845875627443,0.0,0.0,0.0,0.0,0.0,0.0,0.0,0.0,0.0,30758546.068122838,749.345144773493,0.28401915110780773,29675209.608523045,535.511606078952,0.7643551301160724,29820082.15669079,717.0981357952418,1.0324684108308455,26606115.1657585,898.6189111926999,1.5272639075780914
Steel,1,4,4999.92,-0.002,0.887682831287384,0.08052819710969926,0.009664472069982544,0.2940511820345611,0.09132725417613984,0.2973075813250342,0.0,0.0,0.0,0.0,0.0,0.0,0.0,0.0,0.0,0.0,0.0,0.0,0.0,0.0,0.0,5636278.836698482,512.0802284265993,0.11222853275315023,7034762.950570291,502.6763509930027,0.27591036492265847,5822369.75117113,425.016221911413,0.49187869284643926,7187560.71725555,178.5733522349064,0.6938069989544214
Steel,5,2,5000.08,0.002,1.2767709642648697,0.080538027882576,0.01665138658316603,0.2878201623791423,0.047313018739223486,0.24111737691014717,0.10875126517259233,0.09424884200096131,0.4212588533823558,0.2772086586600062,0.10036698460578919,0.6657639656824674,0.2002753170462703,0.08518587350845337,0.8123844221566626,0.28895144452833676,0.10058733940124512,1.0642330323461437,0.0,0.0,0.0,145080014.90524292,132.97830474680168,0.18662616927323478,123721048.13701805,286.5617988924907,1.1028591337084637,0.0,0.0,0.0,0.0,0.0,0.0
Steel,6,4,4999.91,-0.002,1.16190847158432,0.0792703025341034,0.00799222561146433,0.3954608587415084,0.09039378762245179,0.13815891338879172,0.19119761131556012,0.09093847572803498,0.25036165681133304,0.459529803500258,0.11033987939357759,0.45769461371029124,0.17331702984555958,0.1470427143573761,0.6446631081222448,0.25007402901247416,0.08859584033489228,0.7745143660702108,0.2908542368402655,0.049483586698770524,0.9549643356895923,31564052.640962616,486.3819870505431,0.11619084832034048,27625093.644187994,1004.9386650274006,0.431643419579381,32320019.727432895,245.30573506592592,0.5887242803348733,31050564.749624364,551.6859766928043,1.0154519313559867
Steel,1,2,5000.1,0.002,0.7492932662367822,0.07403852856159211,0.022443781121277234,0.44629332965235613,0.0672365814447403,0.49520266211401226,0.0,0.0,0.0,0.0,0.0,0.0,0.0,0.0,0.0,0.0,0.0,0.0,0.0,0.0,0.0,17551027.519133635,431.237630810145,0.2610507777564118,14605342.461034272,1061.7188875448824,0.6743639388638106,0.0,0.0,0.0,0.0,0.0,0.0
Steel,3,3,5000.11,0.002,0.7254744231700898,0.061072962164878855,0.02421832271299366,0.26722716702883986,0.0845605456829071,0.07860167134328842,0.4775170752827663,0.11630804777145387,0.2711215887074858,0.33063609335496974,0.09014738202095032,0.4403508155345601,0.0,0.0,0.0,0.0,0.0,0.0,0.0,0.0,0.0,41644718.551263794,735.8432892640467,0.09607004358156677,33260253.20622896,211.37614276656706,0.35621983768583365,27634232.405414086,707.9542219484317,0.5969525909754325,0.0,0.0,0.0
Steel,2,2,4999.88,-0.002,1.4357403427362443,0.08610097998380661,0.012213714568216473,0.32084924322302255,0.10357962548732758,0.5646768263814729,0.4007771636866109,0.11767315030097962,0.8143986222238344,0.0,0.0,0.0,0.0,0.0,0.0,0.0,0.0,0.0,0.0,0.0,0.0,367310594.42745316,602.1841854479983,0.24256777297404417,311949808.3971281,487.8278638362393,1.0630384258691175,0.0,0.0,0.0,0.0,0.0,0.0
Steel,3,3,5000.13,0.003,0.7821126729249954,0.05803201168775558,0.014237043374825405,0.3247493155936073,0.07722576767206192,0.09600391270600703,0.23722398797271357,0.02,0.2785017798642223,0.47476326009370245,0.06199121445417405,0.5017207951671745,0.0,0.0,0.0,0.0,0.0,0.0,0.0,0.0,0.0,16138412.003550906,704.6650204871269,0.11495909846091792,18192003.333612185,392.3226337751017,0.3773618889375746,18850333.886194043,716.1233188289001,0.6708973490135484,0.0,0.0,0.0
Steel,3,4,5000.13,0.003,1.1644974127411842,0.08648611944913866,0.018866965606038476,0.48670334992296627,0.05242100104689598,0.15442585772760453,0.2137321924871208,0.04122658729553223,0.4285390712349585,0.3639949354977856,0.0959946644306183,0.8436117657441689,0.0,0.0,0.0,0.0,0.0,0.0,0.0,0.0,0.0,20272601.836939503,180.72704576785716,0.12119343008966899,17289150.41726733,658.4718909398998,0.5380900893257856,13032325.933855794,218.77557817063845,0.7180349236591905,16646223.236221693,188.87478762856566,1.0014245092022867
Steel,4,3,4999.87,-0.003,1.587397149205208,0.053758287370204924,0.008224399292347782,0.1820677764171698,0.06795089036226273,0.44635637086321744,0.26225035268689595,0.06912922441959381,0.8080261416524199,0.33421210623116293,0.04780657961964607,1.2107214928992285,0.2107241767909109,0.07158001869916916,1.3317004374407726,0.0,0.0,0.0,0.0,0.0,0.0,38660175.889673874,551.2817764072062,0.20894242523778359,53963965.8869823,714.7466387155222,0.5850332267120294,51950088.76458403,656.5603930813104,1.3641782268567484,0.0,0.0,0.0
Steel,5,3,4999.87,-0.003,1.2942344218492507,0.08797866606712343,0.019872789871457294,0.17720094337861503,0.12613111555576326,0.2689938015675779,0.326689366161823,0.0880339813232422,0.48220655365014153,0.42432078576086946,0.05538145005702973,0.6955336958809691,0.22409288036846092,0.09127454042434693,0.8343331067362509,0.42248480494671603,0.13332545399665832,1.1342350833998032,0.0,0.0,0.0,50507001.55079198,842.8348286329351,0.1475724972305809,55787584.45180606,532.7270336746697,0.5552082964381291,55591093.54487771,199.170871452172,1.1030261154271401,0.0,0.0,0.0
Steel,3,4,5000.14,0.003,1.3142257869243623,0.10637101376056672,0.04077527606824562,0.40302773973257333,0.02,0.3689314837374603,0.37573639520164565,0.10500959932804109,0.6460258414873561,0.47370124802443137,0.10284328341484071,1.013939427814529,0.0,0.0,0.0,0.0,0.0,0.0,0.0,0.0,0.0,28929905.965353336,321.3757969736073,0.15708315727294797,23219141.724138953,548.929505560305,0.5771091568643845,22168137.6746717,578.2695057103438,0.8407390058556683,31864028.115474764,564.320611001964,1.1434640377397058
Steel,3,2,4999.85,-0.003,1.1842355459928513,0.05725360745191574,0.008910911282178552,0.3353043326164952,0.0914537423849106,0.20639275719680164,0.23538345797902607,0.033977184370160105,0.6352971629299805,0.18673624877265044,0.02,0.8511093543087718,0.0,0.0,0.0,0.0,0.0,0.0,0.0,0.0,0.0,26906457.089052793,578.6951472195672,0.26702571816511167,21731101.087697227,202.67237837841097,0.9580649991217363,0.0,0.0,0.0,0.0,0.0,0.0
Steel,3,4,4999.85,-0.003,1.019885776937008,0.09395911920070649,0.05891662555179664,0.4026637582171471,0.056944808363914495,0.29397899138921935,0.19767602048689026,0.09546121180057526,0.3750523415129455,0.2592011511454194,0.08765145599842072,0.6790622885178722,0.0,0.0,0.0,0.0,0.0,0.0,0.0,0.0,0.0,11878589.383505685,456.44599569239426,0.1336889953802326,17055500.217277274,206.84915373940646,0.5018217479127975,11909499.832115354,209.14123538101055,0.6642861446751341,11797008.033333555,241.34486394418087,0.8768941553520186
Steel,1,4,4999.85,-0.003,1.4975798517465593,0.038692691415548326,0.01665323537173176,0.20739584578579673,0.09304761469364167,0.9013322179004795,0.0,0.0,0.0,0.0,0.0,0.0,0.0,0.0,0.0,0.0,0.0,0.0,0.0,0.0,0.0,6866723.782202014,271.3826341532487,0.31956491008040383,7321836.770444629,151.84637239114025,0.6079379037036183,6380400.196515234,258.4462009343859,0.7304683462225574,8756610.353965417,992.8828671064931,1.2192135211827855
Steel,2,2,5000.15,0.003,0.6140577688813209,0.059475798010826114,0.0294064508340979,0.27408844129597953,0.07819704353809356,0.3047209285892355,0.45578632947435577,0.09443931818008423,0.4726160134909836,0.0,0.0,0.0,0.0,0.0,0.0,0.0,0.0,0.0,0.0,0.0,0.0,41616742.75649981,771.7389438029797,0.11090286851440578,34476749.992726795,307.67594956716704,0.5200310514361701,0.0,0.0,0.0,0.0,0.0,0.0
Steel,5,4,5000.15,0.003,1.200594112277031,0.06681847548484803,0.02608583783780403,0.3938556398041469,0.059100214242935184,0.21192442227346348,0.22233146489716252,0.08003050267696381,0.38210294450425375,0.22501402445777874,0.051839231997728344,0.6859107837514655,0.29667077231361905,0.1294238305091858,0.937492965577066,0.35685281898847454,0.10237647652626038,1.075813715483033,0.0,0.0,0.0,30483003.010184396,408.8088289478599,0.15854192022152372,29462109.24660219,394.4289149172949,0.5488985311866279,27340952.03732269,554.8992894825411,0.7530868455824058,28352691.389021773,565.971650785506,1.065812715483033
Steel,2,2,5000.16,0.003,0.43524794168770314,0.06917967647314072,0.02651140300208232,0.2682334021004348,0.09503462791442872,0.11259095012575382,0.38881206789583367,0.09767135381698609,0.2641884625734396,0.0,0.0,0.0,0.0,0.0,0.0,0.0,0.0,0.0,0.0,0.0,0.0,19707812.963968944,247.56353827523822,0.058192228198158086,21180885.849720787,142.56893029208862,0.3211397993623236,0.0,0.0,0.0,0.0,0.0,0.0
Steel,5,2,4999.82,-0.004,1.4701421588659287,0.08493759709596635,0.02612411545024921,0.28379950823764627,0.0638403606414795,0.23773795421921312,0.24548041743048082,0.06102187573909759,0.36914272667548775,0.26475346634052843,0.09545301377773285,0.6572987843377707,0.22584813945162682,0.1243496185541153,0.9514915067689695,0.4092386417346893,0.08235053926706315,1.1900400342852548,0.0,0.0,0.0,269237176.8218886,867.0810483177588,0.20261029863718294,285897483.0093212,246.96737253428836,1.2073635331002222,0.0,0.0,0.0,0.0,0.0,0.0
Steel,1,4,5000.2,0.004,1.0930189400911332,0.1099618400335312,0.015096423383608578,0.4330690786755597,0.10267902076244355,0.20267311120996206,0.0,0.0,0.0,0.0,0.0,0.0,0.0,0.0,0.0,0.0,0.0,0.0,0.0,0.0,0.0,33207523.99911948,320.3041267999927,0.15927483624079247,26276348.69205538,363.903800742488,0.6422968514192927,23866064.17655946,573.9550335431403,0.779971778688511,31685189.83662224,359.1226593014778,0.9416913814540948
Steel,1,4,5000.2,0.004,1.039689575135708,0.0697123071551323,0.014289719392870067,0.657149592163969,0.12022868633270264,0.4567569166103896,0.0,0.0,0.0,0.0,0.0,0.0,0.0,0.0,0.0,0.0,0.0,0.0,0.0,0.0,0.0,37169640.57502076,318.08839874175317,0.14529040289818546,51819339.26622025,888.0126574905024,0.4099520172028877,43816317.38037029,606.2761617993572,0.6646404218928889,48553600.95490899,1099.9999999999995,0.9355712546520573
Steel,4,2,4999.79,-0.004,0.5350355736911296,0.06498405241966249,0.00954508043266112,0.4243808498295094,0.10315383970737457,0.07631531271425476,0.4451503050479585,0.033769844323396685,0.2150630484775947,0.20817573733993833,0.049770633727312094,0.28639509628346327,0.209670908613013,0.10401611983776093,0.46619727889164286,0.0,0.0,0.0,0.0,0.0,0.0,35658459.043419495,178.17915120405002,0.06429246455582512,52928533.47492997,391.3703379451661,0.4535692844434367,0.0,0.0,0.0,0.0,0.0,0.0
Steel,2,2,5000.21,0.004,0.6609344363212586,0.08617313861846924,0.015816582910446624,0.28247106475956607,0.0943651795387268,0.10363585063668736,0.3481796163591668,0.0701902174949646,0.25771787150347725,0.0,0.0,0.0,0.0,0.0,0.0,0.0,0.0,0.0,0.0,0.0,0.0,20712177.8384273,487.50917969102795,0.07803857902618642,18737570.302761484,419.9338940501524,0.5045640703030475,0.0,0.0,0.0,0.0,0.0,0.0
Steel,2,2,4999.78,-0.004,1.1505000278353692,0.0886877893805504,0.00511758990668317,0.13382613698276463,0.14573793470859528,0.6877449281045225,0.3559847710222043,0.10931661427021028,1.0354400250518325,0.0,0.0,0.0,0.0,0.0,0.0,0.0,0.0,0.0,0.0,0.0,0.0,33890388.679729424,310.27345554132086,0.24276681283249701,32420137.54911056,911.075929131606,1.01639798852754,0.0,0.0,0.0,0.0,0.0,0.0
Steel,1,4,5000.22,0.004,1.7420551359653473,0.03484110620341722,0.027872884962733775,0.21797574646635692,0.06651180028915406,1.028356541939265,0.0,0.0,0.0,0.0,0.0,0.0,0.0,0.0,0.0,0.0,0.0,0.0,0.0,0.0,0.0,5640218.728446634,754.9090009011774,0.3706024689837199,4463963.574538069,163.39548889275991,0.9262963971529409,4686356.50524859,156.86753432498764,1.2086562596351644,4604104.963059695,489.89104777141733,1.5542604049469273
Steel,1,3,5000.23,0.005,1.3902844309806823,0.0576574097275734,0.002891489926057041,0.14764858735143918,0.08727488934993745,0.40387931406096833,0.0,0.0,0.0,0.0,0.0,0.0,0.0,0.0,0.0,0.0,0.0,0.0,0.0,0.0,0.0,6077829.111665881,375.91132710737935,0.3195459853343012,6335799.405232304,258.4115387988326,0.8573750436110057,6439928.264666298,719.0265459512822,1.1278295483734992,0.0,0.0,0.0
Steel,6,4,4999.77,-0.005,1.2468896090984345,0.08588258278369905,0.028772094843168526,0.1319204647089691,0.052555700838565825,0.23911952673672648,0.3502844927441419,0.11175715327262879,0.3802256959334668,0.3678724242577111,0.12243027389049531,0.5433878656861825,0.22115632803526286,0.08758077323436737,0.6858059997067361,0.22425623309593767,0.09150956332683564,0.9112147151067401,0.30769276368277676,0.12750395119190217,1.0577749153689335,36813258.69573247,733.0218564426102,0.1300955912449549,35207976.15424728,485.45704441457923,0.3169680686875815,39503546.51892257,406.35624986043575,0.4789009449845961,42803669.335456856,897.4055431839286,1.1152949275867234
Steel,5,2,5000.24,0.005,1.0891354456543922,0.08183624851703644,0.02310060741453706,0.3428258503924718,0.046238885968923574,0.20934024958111447,0.29063503206377517,0.14687304317951203,0.39697371611090293,0.36691382367250397,0.07925673484802247,0.6016073127818452,0.1559544461749382,0.08326956242322922,0.8023452481295997,0.3708693943055195,0.10907340109348297,0.949848294810668,0.0,0.0,0.0,83954177.58289538,833.236794035353,0.1400362870014408,101009808.05321792,306.4886996078523,0.9075602438698419,0.0,0.0,0.0,0.0,0.0,0.0
Steel,4,2,4999.75,-0.005,1.4681046158075333,0.08394632679224015,0.022303878673485527,0.2970709619996048,0.02,0.24024492887351717,0.22420361612924253,0.10733080208301544,0.37075103010703725,0.2613126295745992,0.12363028466701509,0.6298254291299947,0.38240223125634437,0.15,1.2235545942322792,0.0,0.0,0.0,0.0,0.0,0.0,416932314.4847267,140.90384836613336,0.14694707897029408,284294086.83331776,351.88714305088024,1.2084319594289843,0.0,0.0,0.0,0.0,0.0,0.0
Steel,2,4,5000.25,0.005,1.4263105034828187,0.09942747497558595,0.04080037625575406,0.2700640910835713,0.03351146906614304,0.5897908425245431,0.35391084081483853,0.05236888781189919,1.1622382837375256,0.0,0.0,0.0,0.0,0.0,0.0,0.0,0.0,0.0,0.0,0.0,0.0,8868311.352092072,149.91565026026066,0.19107679144529427,11259123.735296821,234.20416512394263,0.7206649522397524,11388023.869829457,768.7158728329518,0.8985774348182733,10499786.846876595,567.3442527359795,1.224764768771485
Steel,1,4,4999.75,-0.005,1.4210372388362884,0.06608831524848939,0.017434410830516098,0.4322385031864621,0.07563023328781128,0.38098979350945217,0.0,0.0,0.0,0.0,0.0,0.0,0.0,0.0,0.0,0.0,0.0,0.0,0.0,0.0,0.0,20402959.934869234,588.5584968317311,0.22632601587610346,15647007.809487076,515.6828219834626,0.6864879684583217,17561588.580552198,783.9138408090707,0.8732547927499756,17483296.88302551,434.5415361957623,1.1553352585977994
Steel,1,3,4999.74,-0.005,0.9649109840393066,0.09440906643867494,0.011368917010436226,0.44606616973594926,0.08454436272382737,0.43191235869648303,0.0,0.0,0.0,0.0,0.0,0.0,0.0,0.0,0.0,0.0,0.0,0.0,0.0,0.0,0.0,18388621.29802228,230.76878483574487,0.2511715528496796,18868244.807954106,643.7707484615723,0.6102547324764314,21020516.348634545,323.2946536779246,0.7894541712481369,0.0,0.0,0.0
Steel,2,4,5000.27,0.005,0.5528673835098743,0.10863557863235475,0.014821440776092789,0.23013737490663383,0.14312267243862153,0.055789297306693436,0.4946570218497649,0.0905632883310318,0.3248833977433352,0.0,0.0,0.0,0.0,0.0,0.0,0.0,0.0,0.0,0.0,0.0,0.0,18094400.04402893,309.8285324006169,0.06784631170784768,14109511.896101693,473.024262779031,0.19470550055227537,16340208.756332288,459.38692879693946,0.22909864326042578,16625181.06090279,1099.9999999999995,0.4516245168461752
Steel,2,3,5000.27,0.005,1.3420863598585129,0.058382830202579505,0.0047560598696375625,0.2791319873572589,0.06275555998086929,0.31558165531256427,0.2602122869535967,0.056686338186264035,1.2078677238726616,0.0,0.0,0.0,0.0,0.0,0.0,0.0,0.0,0.0,0.0,0.0,0.0,8206915.589776406,518.425810573193,0.1709575517746959,9110670.709300512,596.8420597196977,0.6457948201457253,9343518.17572355,200.07733594589294,1.1911569025661135,0.0,0.0,0.0
Steel,2,2,5000.27,0.005,1.5832589894533158,0.07342855936288833,0.02703180853949828,0.37827566493910425,0.05674335241317749,0.3383773150253418,0.3298117548659043,0.08786070704460144,1.037888617238235,0.0,0.0,0.0,0.0,0.0,0.0,0.0,0.0,0.0,0.0,0.0,0.0,46154808.72916717,324.7267411194363,0.20876360450532286,37799767.314717494,505.9233444757575,1.1726048072971298,0.0,0.0,0.0,0.0,0.0,0.0
Steel,5,4,4999.73,-0.005,1.7543113797903063,0.06317842763662339,0.025625471941950462,0.323951218043725,0.11681417882442476,0.5095614474102247,0.33849470594278613,0.06734794050455094,0.7586094306224829,0.17024172901579035,0.11613526940345766,0.898198572137184,0.25611685796160344,0.03456525012850761,1.161726383327183,0.28612700517615564,0.12465231001377107,1.3231863059607387,0.0,0.0,0.0,80378796.38012758,320.10561464774884,0.22402635496975384,68111463.53104761,599.3440334839502,0.5458992056684986,90413312.09802212,486.1889100193157,0.6379212399262124,91472798.15178032,304.2436013852377,1.458855543062984
Steel,4,2,5000.28,0.006,1.0904308810830117,0.08074098700284958,0.011896769032768243,0.2407910131662035,0.06568356364965439,0.16332307990700956,0.4327259547260596,0.08146883726119995,0.39935617670617685,0.30149369149681193,0.11313089549541475,0.5816338054158209,0.2753592369243079,0.14160000205039977,0.8285522221649958,0.0,0.0,0.0,0.0,0.0,0.0,623214739.3839942,835.6346436820397,0.13979345566163887,563234791.5396488,411.18329032131675,0.9200751185629972,0.0,0.0,0.0,0.0,0.0,0.0
Steel,2,4,4999.71,-0.006,0.5553388610482216,0.06987248569726945,0.02047006655076687,0.23469249957029145,0.08894715428352357,0.22220112893262603,0.3591251736561474,0.07406586766242981,0.3979672780217539,0.0,0.0,0.0,0.0,0.0,0.0,0.0,0.0,0.0,0.0,0.0,0.0,6822832.513329458,442.7960329158282,0.08380318515036028,7451285.773573203,518.7785420070318,0.2733445301569303,7360120.309170644,688.9850675517073,0.3637806178034565,7692600.770336968,361.1508667253041,0.4816558049254579
Steel,1,4,4999.7,-0.006,0.9279624596238136,0.10262097382545472,0.020973027998720212,0.31871660756413744,0.12121272802352906,0.6611151084596555,0.0,0.0,0.0,0.0,0.0,0.0,0.0,0.0,0.0,0.0,0.0,0.0,0.0,0.0,0.0,15308064.938124025,489.9474249139141,0.16907614675674792,17472994.74284759,952.5493518908215,0.37146053335987333,13066065.147169627,218.26703398604874,0.5141280780455714,15779050.104454923,441.8271878615375,0.7748990643448471
Steel,6,2,4999.69,-0.006,0.9098056331276894,0.07172727704048157,0.02917283187675027,0.2591006810229713,0.06368209928274154,0.1329160922270354,0.1893387438249235,0.07739888310432434,0.22615591889966177,0.4501353087143638,0.05220254659652711,0.32819186342773493,0.3071648722414525,0.09243473112583162,0.4956677631383397,0.36691540091803176,0.052147930562496184,0.6746007298779403,0.26880196626107145,0.06326913356781005,0.7739037392170907,281454851.93232805,794.0860476031506,0.10163233977091354,303296017.7684662,865.9675123231118,0.8188250689051148,0.0,0.0,0.0,0.0,0.0,0.0
Steel,1,4,5000.32,0.006,1.3613588839769364,0.0678254674077034,0.01389102552740435,0.2875162323393916,0.08916197657585144,0.629367885016809,0.0,0.0,0.0,0.0,0.0,0.0,0.0,0.0,0.0,0.0,0.0,0.0,0.0,0.0,0.0,8490803.98368986,652.4182100395053,0.17894733615376102,8697027.743186327,1099.9999999999995,0.4726994788752664,6493413.43142183,1020.1147650602039,0.6063282618675042,6493413.43142183,222.0398012415841,1.0520264859293331
Steel,1,2,5000.32,0.006,1.5908892452716827,0.07332305312156678,0.01325082509080971,0.3919556950140121,0.09867479026317597,0.4314297761865466,0.0,0.0,0.0,0.0,0.0,0.0,0.0,0.0,0.0,0.0,0.0,0.0,0.0,0.0,0.0,40008723.42958157,282.4649008702992,0.29519578426181153,32592963.807782844,682.8583384167918,1.1214068935640065,0.0,0.0,0.0,0.0,0.0,0.0
Steel,4,3,4999.68,-0.006,1.1699593469500542,0.06871651291847229,0.013338965346134688,0.319024424163994,0.11891067206859589,0.3523491115190377,0.47251285797521575,0.1086665141582489,0.5967418726920228,0.2754820028778595,0.08052549511194229,0.7085961917579952,0.34896676382426317,0.12377025544643402,0.9128572641040156,0.0,0.0,0.0,0.0,0.0,0.0,223463312.67157984,775.7051454185882,0.19758207797052976,175309080.0894261,792.3423848989679,0.8137114176744507,170661653.93945163,315.4356248869817,1.0331454452116362,0.0,0.0,0.0
Steel,2,4,4999.68,-0.006,1.259129422903061,0.06581892329454422,0.005565892758310906,0.3316276780638073,0.09993217170238496,0.15001036025146358,0.2986233703885343,0.08316795110702516,0.6953184909972159,0.0,0.0,0.0,0.0,0.0,0.0,0.0,0.0,0.0,0.0,0.0,0.0,17433022.531432696,1046.9543824370796,0.12591294354943552,18120356.47296741,181.55036445177475,0.6033775986609804,21372590.788070068,320.90168610354084,0.7670087355484745,24768915.46467698,288.11531679950355,1.0347166467109328
Steel,1,3,4999.67,-0.007,1.1050314351916315,0.07909288311004639,0.00769230347906727,0.5649158064459032,0.03191316843032837,0.6506666884026425,0.0,0.0,0.0,0.0,0.0,0.0,0.0,0.0,0.0,0.0,0.0,0.0,0.0,0.0,0.0,13346133.592124274,693.6445410315226,0.15884223977599218,11979475.384458372,403.68512527839397,0.4752422324281485,12913372.152679758,796.2246781944559,0.8814303640399943,0.0,0.0,0.0
Steel,2,2,5000.33,0.007,0.7792327329516411,0.10686859560012818,0.005574183761254803,0.29086908344564155,0.11603893876075745,0.32398577876166096,0.4726125210445508,0.10463692247867584,0.701299459656477,0.0,0.0,0.0,0.0,0.0,0.0,0.0,0.0,0.0,0.0,0.0,0.0,44730625.91074032,581.2450633029108,0.2218022018239345,45209502.6845283,1099.9999999999995,0.691298459656477,0.0,0.0,0.0,0.0,0.0,0.0
Steel,3,4,4999.67,-0.007,1.0964672043919563,0.10291042935848237,0.00858212683052115,0.1999960655481363,0.11425221145153046,0.39879018833699603,0.3976729646641128,0.0678398334980011,0.7228311307627864,0.280920761409227,0.09829873502254487,0.8409774212475378,0.0,0.0,0.0,0.0,0.0,0.0,0.0,0.0,0.0,19753148.82942206,524.2436086773739,0.14212097538535598,14104605.454025956,223.6687065057505,0.4609482833473228,13591823.531033073,274.9793645512858,0.7362880024724395,18721085.677875984,451.611027605654,0.9652620244776419
Steel,6,2,5000.33,0.007,1.2702386528253555,0.0907601696252823,0.030528640538995108,0.3393711693622257,0.07966894507408143,0.27910363319233916,0.30105496209693844,0.10384625494480133,0.44347001464924896,0.21433419871603962,0.07057030588388444,0.5926439845764534,0.24851593636760388,0.08010971665382385,0.8158534570178821,0.31299161646422746,0.06809641689062118,0.9620336224965107,0.24074624788948015,0.09577162086963655,1.054953164197452,133208038.51265113,828.5341680803215,0.1832985112139125,138902698.5929218,815.8941265464205,1.11836470474648,0.0,0.0,0.0,0.0,0.0,0.0
Steel,2,2,5000.33,0.007,1.2692247331142426,0.09069508254528047,0.04491298457916965,0.35633808706425335,0.07237927943468093,0.12693247331142427,0.3687381932581138,0.02,0.7051796135430064,0.0,0.0,0.0,0.0,0.0,0.0,0.0,0.0,0.0,0.0,0.0,0.0,25736897.66167003,640.8919504646516,0.20023316537453453,36890190.280209206,251.86824978154164,1.0891742611294022,0.0,0.0,0.0,0.0,0.0,0.0
Steel,2,4,4999.65,-0.007,1.2112666785717012,0.07676594805717468,0.055001020655955524,0.37454651763896396,0.036253099441528325,0.5503874486152129,0.28606427955943636,0.11918650686740875,0.8048023842322449,0.0,0.0,0.0,0.0,0.0,0.0,0.0,0.0,0.0,0.0,0.0,0.0,7608590.609745759,517.8864081364862,0.15492496384916016,9419637.203941427,125.72481742328449,0.412039793718882,11321426.463181755,792.83058063475,0.6982483590577611,11679383.942760628,609.9925409807481,1.0560298718784527
Steel,1,2,4999.64,-0.007,1.021394968032837,0.07218248456716538,0.015171228219063877,0.19174033483907071,0.07956602811813354,0.4884262680381886,0.0,0.0,0.0,0.0,0.0,0.0,0.0,0.0,0.0,0.0,0.0,0.0,0.0,0.0,0.0,12424865.605720801,285.37353308363816,0.39862880342292895,13369645.751521474,631.522427838343,0.8854349453317054,0.0,0.0,0.0,0.0,0.0,0.0
Steel,1,4,5000.36,0.007,1.0703487649559975,0.03210905075073242,0.02568724060058594,0.3005843812700447,0.02,0.32212766480992217,0.0,0.0,0.0,0.0,0.0,0.0,0.0,0.0,0.0,0.0,0.0,0.0,0.0,0.0,0.0,3217952.856814182,286.10345120056144,0.16995421201834265,2426509.6931340117,386.5179175987845,0.4918681015164221,3075118.793726117,250.87254504794467,0.6984800916632895,3187606.1789475884,329.820511311671,0.8915233217666999
Steel,4,3,4999.63,-0.007,1.1280095353722572,0.04272599133849144,0.005912041645243695,0.21823661028050564,0.06453843235969543,0.3412099059398781,0.22363822439010309,0.07972821801900865,0.4434711131904589,0.23718435117076975,0.09648740589618683,0.6073152160360005,0.35283987017361573,0.05581126898527146,0.8662790421986721,0.0,0.0,0.0,0.0,0.0,0.0,33326434.521021023,261.19268444107917,0.1630982240486677,30722147.26481584,225.8667431136341,0.42149503534993027,39084766.41255369,1099.9999999999995,0.9381432086912949,0.0,0.0,0.0
Steel,2,3,4999.61,-0.008,1.339110651612282,0.09986019825935365,0.043397155165462414,0.19182104442848008,0.06832721292972566,0.4851902629153624,0.3335014565673977,0.0837515875697136,0.9631264858350645,0.0,0.0,0.0,0.0,0.0,0.0,0.0,0.0,0.0,0.0,0.0,0.0,16112927.14677544,842.5373314454296,0.18506521829063058,20057856.011729922,233.837848342529,0.6011264608355633,15715800.349045137,960.7574730282324,1.0914565094023119,0.0,0.0,0.0
Steel,1,2,4999.61,-0.008,1.3093005299568177,0.07082149171829225,0.008748945190039175,0.4076174332764903,0.10264057993888856,0.39009520024089617,0.0,0.0,0.0,0.0,0.0,0.0,0.0,0.0,0.0,0.0,0.0,0.0,0.0,0.0,0.0,42857582.561507754,515.9607425598376,0.1938007697478799,44184685.19967883,1099.9999999999995,0.8525121764930068,0.0,0.0,0.0,0.0,0.0,0.0
Steel,3,3,5000.4,0.008,0.9231645077466964,0.05001353099942207,0.005111080388250487,0.28929705449547605,0.08336077123880387,0.276197325948922,0.36596054369806535,0.02981187976896763,0.5234091364329214,0.39998981012732876,0.033906344696879386,0.6591486225275361,0.0,0.0,0.0,0.0,0.0,0.0,0.0,0.0,0.0,34401358.09988305,589.423673204599,0.14333902466904028,28949424.338396464,84.69761982303062,0.6982637896902155,29874807.035571832,558.5558644323777,0.8308480560488622,0.0,0.0,0.0
Steel,3,3,5000.4,0.008,0.9522221565246582,0.09439970541000367,0.011304896504051257,0.15624111733015145,0.03750879943370819,0.42124236929498915,0.2880292646450414,0.09048673987388611,0.5335543026199266,0.3261829461163858,0.09559702157974244,0.6681913974422777,0.0,0.0,0.0,0.0,0.0,0.0,0.0,0.0,0.0,31842885.972639553,287.22842450891477,0.13451725015417898,23674770.90511822,763.1879409701584,0.36073027389915846,19724168.842529267,334.37573395933623,0.7604154948659321,0.0,0.0,0.0
Steel,1,2,5000.42,0.008,1.1707580223679543,0.08037277948856354,0.03289686529146538,0.33509035990779584,0.04738965436816216,0.28820746148493903,0.0,0.0,0.0,0.0,0.0,0.0,0.0,0.0,0.0,0.0,0.0,0.0,0.0,0.0,0.0,13396031.88791057,297.83968633450036,0.25412332068602117,19031047.9413158,483.980664318132,0.9376160561358089,0.0,0.0,0.0,0.0,0.0,0.0
Steel,3,4,4999.57,-0.009,0.8872311159968377,0.11160939800739289,0.013394509810433074,0.25446140636101466,0.0379066301882267,0.17911932326023453,0.16564039662170157,0.15,0.31682913122068523,0.3515981051632175,0.08403120368719101,0.6054270033039141,0.0,0.0,0.0,0.0,0.0,0.0,0.0,0.0,0.0,13086143.805680187,683.7309456429334,0.1010185196313656,16473828.215346223,301.60312835786993,0.338215835804085,11880277.539576989,579.7900042863159,0.4514835768105899,15073858.306518221,924.7836389321113,0.7079371265577258
Steel,3,3,4999.57,-0.009,1.6414148658514023,0.06063042080402374,0.03052089436873212,0.20486398532900085,0.026655539274215698,0.5182878133357276,0.3093399062265009,0.02,0.9292201160491982,0.3827353538848668,0.04091763108968735,1.2756225457564558,0.0,0.0,0.0,0.0,0.0,0.0,0.0,0.0,0.0,16969007.85358961,600.7159631251496,0.22664931954912648,14307344.574366398,653.8038733406016,0.7643443907347072,12717552.110249652,681.8079513337268,1.4316872866225083,0.0,0.0,0.0
Steel,2,2,5000.44,0.009,0.9251124575734139,0.10144863617420198,0.02125901917682673,0.22151119843621642,0.05519321322441101,0.45254968006433044,0.534987881667511,0.06748757809400559,0.728690868290863,0.0,0.0,0.0,0.0,0.0,0.0,0.0,0.0,0.0,0.0,0.0,0.0,38835693.63060008,94.04886197356616,0.20596693433463723,41997036.635972895,682.478166405898,0.7176076911125835,0.0,0.0,0.0,0.0,0.0,0.0
Steel,3,2,4999.56,-0.009,0.9419288590550423,0.07653246825933457,0.01386659179858997,0.21750796998274502,0.1178790694475174,0.1653372848748028,0.2252628580909695,0.043053886294364935,0.35823075382879155,0.3285654278520462,0.10909571707248689,0.7442590405443327,0.0,0.0,0.0,0.0,0.0,0.0,0.0,0.0,0.0,24049429.319238845,129.01197658544217,0.12442207228840999,24888561.996654958,645.8466533387018,0.8172125736994681,0.0,0.0,0.0,0.0,0.0,0.0
Steel,5,2,4999.55,-0.009,0.7009219355881214,0.07885187470912934,0.0019462054376527278,0.2774026177953281,0.05570471793413162,0.1149119844359495,0.26694594620030815,0.07681585878133775,0.23151379963589214,0.26513026743358364,0.09088519632816315,0.3713038924721719,0.16189043168665204,0.07058604717254639,0.47792805675721056,0.3336910583277982,0.1330540668964386,0.6102180222235026,0.0,0.0,0.0,38660435.112177536,768.5331173423498,0.085679735910939,38374834.57388643,221.1096900167572,0.5866029532457582,0.0,0.0,0.0,0.0,0.0,0.0
Steel,6,4,4999.52,-0.01,1.1705851763486863,0.07499525785446168,0.017046293899371585,0.48970438170502817,0.08656290888786317,0.16987020094074665,0.2580898300236548,0.09964102566242218,0.2793815862182054,0.36088923673262424,0.056483057439327244,0.4774146554126136,0.29996598068066666,0.10936866939067841,0.6348595931302722,0.47668492880869884,0.07840418696403503,0.8350834469618729,0.5366348627610229,0.06243377596139908,0.9985020701478557,47150786.88104103,779.619837008472,0.13375659381051241,46278087.16644948,973.5144733485422,0.6878507764633636,46284720.40985586,346.4142927699372,0.7413696055479098,49207279.36503317,116.35955040709365,1.03687232351218
Steel,3,2,5000.49,0.01,0.4648921642452478,0.057403218865394595,0.018055347563343458,0.3082625644988255,0.021424890756607057,0.09081307753071252,0.23671744847892173,0.09998987555503847,0.2315000566648251,0.21739127389437443,0.07881511867046356,0.3800336203549691,0.0,0.0,0.0,0.0,0.0,0.0,0.0,0.0,0.0,15378384.294277867,820.1749123362443,0.0480828129032612,13810736.532679444,346.60191275068723,0.33882136876485536,0.0,0.0,0.0,0.0,0.0,0.0
Steel,1,2,4999.51,-0.01,1.8680640190839768,0.05889888864755631,0.010220758248717628,0.4446244258255838,0.0487498152256012,1.392882846790933,0.0,0.0,0.0,0.0,0.0,0.0,0.0,0.0,0.0,0.0,0.0,0.0,0.0,0.0,0.0,294573529.71371967,898.9158302109032,0.4833517724987193,329299300.6247008,236.89496150053876,1.4199362321496354,0.0,0.0,0.0,0.0,0.0,0.0
Steel,2,4,4999.51,-0.01,0.7414377868175507,0.06821407282352449,0.006480474416278737,0.593870835642123,0.10320317506790162,0.37738365257803264,0.41646328846887043,0.04104024112224579,0.5748418366307213,0.0,0.0,0.0,0.0,0.0,0.0,0.0,0.0,0.0,0.0,0.0,0.0,30331316.550659403,314.45882232793656,0.12291914362942358,27853540.983490646,774.1590554220588,0.41091852003381957,24481502.34278356,528.1900308509094,0.522114197892728,24832312.529899515,484.7826174370729,0.6672940073943578
Steel,3,3,5000.5,0.01,1.0204998075962068,0.08336192691326143,0.015260713754188453,0.2055830747474591,0.13680643677711488,0.378556937532285,0.22550714049897366,0.11727028489112855,0.6239336087581481,0.3766290529640045,0.09113511979579926,0.8130268951052037,0.0,0.0,0.0,0.0,0.0,0.0,0.0,0.0,0.0,20295284.360335223,448.05456987300414,0.16790130460674765,24833443.06814574,833.7466919353192,0.4995533188706472,22852040.66563358,567.067716077319,0.8685787092327999,0.0,0.0,0.0
Steel,1,3,5000.5,0.01,0.6025981605052948,0.09350400900840761,0.03996872768512133,0.35445780243316644,0.13118570804595947,0.2483161799836725,0.0,0.0,0.0,0.0,0.0,0.0,0.0,0.0,0.0,0.0,0.0,0.0,0.0,0.0,0.0,15508551.012372302,438.2570077596499,0.1087148825282418,10144228.77351434,629.263417596394,0.3311614257733521,11552473.908971092,542.152399208763,0.4930979652907493,0.0,0.0,0.0
Steel,3,2,5000.5,0.01,0.28190575214102864,0.08815015655755998,0.012840118253154894,0.4962065351695,0.07361098587512971,0.031533331463624234,0.3770504713576831,0.07626176387071609,0.11650813933464513,0.49504132058400874,0.14980526983737946,0.2424341781498307,0.0,0.0,0.0,0.0,0.0,0.0,0.0,0.0,0.0,57724897.488484025,601.3435839979572,0.04738352099121233,56105614.22686216,304.0618206619652,0.2527423212063033,0.0,0.0,0.0,0.0,0.0,0.0
Steel,5,2,4999.49,-0.01,1.095695434510708,0.07554326736927033,0.03368036512141914,0.3184363303522665,0.034577154889702796,0.16747342718926916,0.19444216019860394,0.04695773556828499,0.304610014673113,0.2628444416044652,0.060396784245967866,0.49098703592956405,0.1779029326014903,0.05766691237688065,0.7277034112685115,0.4596406280656984,0.07967029333114624,0.9661554781806446,0.0,0.0,0.0,45726773.37124076,461.4403211407799,0.13492598486849608,40874905.24379361,431.3343434946199,0.9250691435236168,0.0,0.0,0.0,0.0,0.0,0.0
Steel,3,4,4999.47,-0.011,1.6482914358377458,0.08280255043506624,0.015609772666163623,0.4869356714271214,0.08635031044483185,0.2826262465757264,0.43699307919378677,0.08152002841234207,0.6650982886328765,0.2336302657788517,0.045893141329288484,1.0509200948959774,0.0,0.0,0.0,0.0,0.0,0.0,0.0,0.0,0.0,29233953.595290273,550.7291732171121,0.1827172195160852,26020188.12212865,310.6416550185885,0.4938523693921307,20316455.671162628,1099.9999999999995,0.8294616328469357,19300215.93939475,509.750500921899,1.369835745553081
Steel,1,2,4999.46,-0.011,0.9995475620031358,0.05124429467320442,0.006218747515343924,0.354864384890919,0.08647533416748047,0.2981120570426706,0.0,0.0,0.0,0.0,0.0,0.0,0.0,0.0,0.0,0.0,0.0,0.0,0.0,0.0,0.0,52187226.864079095,585.2179443388931,0.11327176043021195,42852655.81745997,686.7057408984949,0.6574360789241586,0.0,0.0,0.0,0.0,0.0,0.0
Steel,1,2,4999.45,-0.011,1.1676940441131594,0.06305803346633912,0.015487591048785722,0.32619619990759874,0.10704533576965333,0.5732238969834575,0.0,0.0,0.0,0.0,0.0,0.0,0.0,0.0,0.0,0.0,0.0,0.0,0.0,0.0,0.0,42669645.26196257,828.4033185141797,0.18921406271113908,48519439.89985607,130.5032836822189,0.8395632490935474,0.0,0.0,0.0,0.0,0.0,0.0
Steel,1,3,4999.44,-0.011,0.7664586678147316,0.06177778160572052,0.03709205110243026,0.496029503723022,0.10506129026412965,0.24458044065764742,0.0,0.0,0.0,0.0,0.0,0.0,0.0,0.0,0.0,0.0,0.0,0.0,0.0,0.0,0.0,32025480.924404845,251.90510576862948,0.09330192076221905,26303222.80674715,668.8321157334088,0.41799734961275703,29488230.957002107,202.8255956627286,0.6060743843121071,0.0,0.0,0.0
Steel,4,4,5000.57,0.011,1.0588229954242707,0.11968981087207796,0.016561270191349564,0.21354343954761254,0.11454396963119508,0.20031529167561063,0.3287823463666447,0.08181576550006867,0.4970681036795126,0.21789806939255493,0.02,0.7068660188080782,0.3286279435161307,0.11802126407623292,0.9455460025283603,0.0,0.0,0.0,0.0,0.0,0.0,24856599.115308993,684.9992055386606,0.11259171608007962,21923689.35428483,411.29885633442626,0.21207316326053832,28452503.94788329,674.6409435565755,0.5533823068408252,28488890.136931565,676.1714473764509,0.9141684635814329
Steel,4,4,4999.42,-0.012,0.7143379017710686,0.049695613622665405,0.030970293590162276,0.2769955253040054,0.14146260380744935,0.07984135173771553,0.21233435953645055,0.12434926986694336,0.2392293157382221,0.1315965228394322,0.14246751248836517,0.41168399917797316,0.3928585718452857,0.08705636322498322,0.6067174489284954,0.0,0.0,0.0,0.0,0.0,0.0,18115495.128035784,344.0259419337774,0.09966253043759508,15965015.106025403,492.02107300667524,0.20941105075514654,21959364.666857246,444.1324791533871,0.3541337579430143,20455189.691257585,217.4088860606524,0.5906343225930673
Steel,3,4,5000.59,0.012,0.28134989850223063,0.07150599789619447,0.03270450980432196,0.28724340322386366,0.05700051307678222,0.039404317316478685,0.3191703601822707,0.08095439195632935,0.1217126257341736,0.3132513437609852,0.059444240629673004,0.22280723919553058,0.0,0.0,0.0,0.0,0.0,0.0,0.0,0.0,0.0,10129386.210101385,457.60467120287456,0.053074769600912994,9040747.831009123,383.77738859293436,0.15461757016027303,9886292.671415582,444.74281261057666,0.1954048617419472,7807258.154339987,646.093163519927,0.24809493851296777
Steel,2,2,4999.4,-0.012,0.7715757369995118,0.07377547180652619,0.01657440883564045,0.3119012190333549,0.07025482535362244,0.4200263953527382,0.2514444380910191,0.09270266234874726,0.6944081632995607,0.0,0.0,0.0,0.0,0.0,0.0,0.0,0.0,0.0,0.0,0.0,0.0,19419801.391758054,515.9428520734833,0.17376263165473482,18075057.045977347,662.5782784409845,0.6609614256866196,0.0,0.0,0.0,0.0,0.0,0.0
Steel,3,3,5000.6,0.012,1.3328197181224823,0.07089928728342057,0.017758801405391902,0.3243900915397196,0.06844468951225281,0.43139807153940846,0.1255489929332359,0.059231847524642944,0.7874796920956032,0.3231310741517541,0.08902772426605225,1.0892783729870597,0.0,0.0,0.0,0.0,0.0,0.0,0.0,0.0,0.0,14840298.48895848,452.4392437830402,0.16866527120519673,15439787.727285136,362.4554516310554,0.8599335664412678,17619328.005743913,846.9093384370664,1.1249476045868563,0.0,0.0,0.0
Steel,4,2,5000.6,0.012,1.074079316854477,0.07869900047779084,0.016483976987067866,0.4658336860302667,0.050328723043203356,0.1766157866216369,0.2711724152102409,0.11247255861759187,0.4103122708423309,0.25641219511739993,0.10215874075889587,0.5474560031245075,0.29700197303319037,0.1259428322315216,0.742320996416251,0.0,0.0,0.0,0.0,0.0,0.0,219583308.39855227,227.59031534656802,0.1237627269618957,192570851.15265328,233.1361130169132,0.9144870906367235,0.0,0.0,0.0,0.0,0.0,0.0
Steel,5,4,4999.4,-0.012,1.117760345339775,0.10535147416591645,0.03313081477128359,0.298248204816462,0.02901156134903431,0.21153912951100784,0.5451094544912655,0.08596508860588074,0.3601385141413858,0.34222894216981603,0.09822224855422974,0.6134212493371923,0.2866865518238559,0.08187876552343369,0.7919613511885285,0.23536189856042233,0.04813198998570442,0.908471763152666,0.0,0.0,0.0,26818845.609668825,319.80886916790274,0.14110250986909686,44397460.96146883,915.5551646204127,0.5663471331568904,30850935.742669918,1099.9999999999995,0.6722657569645293,29833587.187135532,834.3397152855518,0.9848980840266784
Steel,1,4,4999.4,-0.012,1.0268184185028075,0.02654118855297565,0.00859184421432147,0.21738246795900218,0.03936226740479469,0.614046227328014,0.0,0.0,0.0,0.0,0.0,0.0,0.0,0.0,0.0,0.0,0.0,0.0,0.0,0.0,0.0,6931288.635644107,630.668747938579,0.3769324479175257,5946909.783194659,528.3011391699586,0.7089940606240344,5496365.843433243,981.547129257993,0.8685646196159638,6328077.859793273,145.5496089936585,0.9008590986435752
Steel,3,2,4999.4,-0.012,0.5411498293280601,0.09019551169872285,0.007349217290434135,0.3428471412563124,0.09539652645587922,0.054124982932806015,0.21796812589068076,0.055205084085464484,0.19785002455745682,0.24504803599305908,0.07070349276065827,0.3125590878620718,0.0,0.0,0.0,0.0,0.0,0.0,0.0,0.0,0.0,26124219.886056527,300.29063970463534,0.06607962259304145,27962736.41082457,257.2101578837262,0.4511421357802509,0.0,0.0,0.0,0.0,0.0,0.0
Steel,2,3,4999.36,-0.013,0.8907061755657196,0.05824063313007355,0.003602146559892351,0.3398503134451486,0.053725798130035404,0.2457333883972956,0.27751002348558723,0.12783659100532532,0.5727746661862722,0.0,0.0,0.0,0.0,0.0,0.0,0.0,0.0,0.0,0.0,0.0,0.0,13818255.92402674,557.0368188697171,0.09809320013902686,14780506.69397556,658.8074360417202,0.38729037852764436,11999735.400279308,618.2876906412633,0.730614503939353,0.0,0.0,0.0
Steel,1,2,4999.35,-0.013,0.8775328829884529,0.046396873027086255,0.008406127623632123,0.30283753170517913,0.15,0.15731020934900133,0.0,0.0,0.0,0.0,0.0,0.0,0.0,0.0,0.0,0.0,0.0,0.0,0.0,0.0,0.0,26813918.51164609,283.78370133665027,0.11171558278779067,27661717.441701405,811.001626087742,0.6645293947558986,0.0,0.0,0.0,0.0,0.0,0.0
Steel,2,2,4999.33,-0.013,1.2963974505662919,0.10942826986312867,0.017892202192201456,0.23700145088917537,0.09645318806171418,0.5096236722664658,0.3345409212825754,0.15,0.9750303881893294,0.0,0.0,0.0,0.0,0.0,0.0,0.0,0.0,0.0,0.0,0.0,0.0,40493409.80265675,671.4458789587499,0.31045574396557996,37314114.73783563,247.97030081112,1.0471401551582011,0.0,0.0,0.0,0.0,0.0,0.0
Steel,1,4,4999.32,-0.014,0.9417285561561585,0.07840940952301026,0.02093100769010782,0.4528514264629461,0.1188759583234787,0.42684904689425124,0.0,0.0,0.0,0.0,0.0,0.0,0.0,0.0,0.0,0.0,0.0,0.0,0.0,0.0,0.0,12881613.820395874,398.847083344216,0.1690132744491752,15472987.399286065,571.7706662863778,0.3972668772395273,12081970.428281268,361.59349557596914,0.47566640612583055,14562108.05264671,90.75789476679991,0.7433651389976808
Steel,2,3,4999.31,-0.014,0.4758443992584944,0.10133836901187898,0.02751953449080207,0.35990059044402206,0.07552155137062073,0.06908821748721627,0.46832983836812236,0.11674082279205324,0.32329220635638756,0.0,0.0,0.0,0.0,0.0,0.0,0.0,0.0,0.0,0.0,0.0,0.0,24097305.46638695,153.15541670330148,0.056211084745597766,26897696.00615626,234.71943071834923,0.18321111022677697,26091443.538059674,314.70197456733575,0.3761894819237019,0.0,0.0,0.0
Steel,3,2,4999.3,-0.014,0.3360058704391122,0.07968702912330627,0.0068908426121924975,0.35917558961403573,0.0856889671087265,0.0533814770018848,0.23466737069712434,0.07954124420881271,0.15170901454898317,0.3909378999013002,0.15,0.2816957508638149,0.0,0.0,0.0,0.0,0.0,0.0,0.0,0.0,0.0,43616786.24351223,301.46846851334163,0.06629103203166177,32986638.57313304,269.25661498602136,0.30240528305919506,0.0,0.0,0.0,0.0,0.0,0.0
Steel,2,3,5000.7,0.014,0.8513917282223702,0.09414716923236847,0.02108322106788084,0.3279724538728833,0.02,0.2926138068766836,0.46510468664193794,0.06687923520803452,0.5999629986368399,0.0,0.0,0.0,0.0,0.0,0.0,0.0,0.0,0.0,0.0,0.0,0.0,15499164.961906213,549.0262527160544,0.10214633859795433,15377740.831577983,538.339450830947,0.49726867691346816,14822302.09454961,780.6278425140364,0.7345380847334607,0.0,0.0,0.0
Steel,1,3,5000.7,0.014,1.0827058494091033,0.06573293048143387,0.009423568478552951,0.409219633712002,0.11016601622104645,0.5963980155372391,0.0,0.0,0.0,0.0,0.0,0.0,0.0,0.0,0.0,0.0,0.0,0.0,0.0,0.0,0.0,15208625.831787487,331.84099562502706,0.3079183949145664,20623346.21068536,622.2472032275275,0.6913030383384328,21547257.225884024,715.9926249278099,0.9284327312786191,0.0,0.0,0.0
Steel,2,4,4999.29,-0.014,0.8875787377357484,0.07379845541715623,0.027851250098282113,0.15826976571234944,0.07338506758213044,0.3484153425398367,0.3102095589415203,0.07078548073768616,0.5505237302903159,0.0,0.0,0.0,0.0,0.0,0.0,0.0,0.0,0.0,0.0,0.0,0.0,6891954.134124212,415.4219677830917,0.11899105485622853,7594682.081865962,1075.0149355583085,0.28684770264993814,8035999.616377235,265.42219353088433,0.4144897571787556,5709072.277798982,364.4155465780908,0.768909487799371
Steel,1,3,4999.29,-0.014,1.173418638110161,0.07871593242883683,0.015771918174488607,0.3415894974200083,0.08907978713512421,0.45461222861286843,0.0,0.0,0.0,0.0,0.0,0.0,0.0,0.0,0.0,0.0,0.0,0.0,0.0,0.0,0.0,14877664.980105765,222.68094061441633,0.28796390144841255,18845850.718230307,443.3872967057638,0.747579069417613,17371184.14120844,537.1086478826173,0.9893970381146868,0.0,0.0,0.0
Steel,5,3,4999.29,-0.014,1.0493088006973266,0.06695889937877655,0.006285532195292894,0.1928021968105654,0.05346303135156631,0.17740526150934233,0.27014173746199455,0.07429295212030411,0.424122663894464,0.3154558552336443,0.10073429942131043,0.5561113661641437,0.24123108178143526,0.03764778226613999,0.6390051154775028,0.5761731883097503,0.10696309983730316,0.8287510788708685,0.0,0.0,0.0,52836537.40171047,280.5005607591309,0.1287438423036019,77524905.49863866,298.97554620259484,0.4457502124815246,62736640.22521179,896.9498419212628,0.9443779195782852,0.0,0.0,0.0
Steel,3,2,4999.29,-0.014,1.2107155561447143,0.09979174256324769,0.00835476186422661,0.5329861047240323,0.07447435081005097,0.1652360742564887,0.24585685786259828,0.12162293910980225,0.45149860927273994,0.17276105069200814,0.11025114238262178,0.9044100356738158,0.0,0.0,0.0,0.0,0.0,0.0,0.0,0.0,0.0,56432184.964607984,667.1549994387507,0.20984743089174304,58951399.47582461,736.7264752722657,1.0234092332399012,0.0,0.0,0.0,0.0,0.0,0.0
Steel,1,2,4999.28,-0.014,1.2057370394468307,0.09937692880630494,0.026630920290118834,0.5717839505799999,0.1088756799697876,0.21137722949490628,0.0,0.0,0.0,0.0,0.0,0.0,0.0,0.0,0.0,0.0,0.0,0.0,0.0,0.0,0.0,66393053.257228285,785.1460630749755,0.23468213366072216,68347405.6456811,550.5257608727367,0.937535340413383,0.0,0.0,0.0,0.0,0.0,0.0
Steel,3,2,4999.28,-0.014,0.6444068007171154,0.09503569674491884,0.030014611646559358,0.30619791872575153,0.07834667682647706,0.18439938555995491,0.32374725029152107,0.07572274774312973,0.3493739001003524,0.5145183157544306,0.11075340688228608,0.5261136344493191,0.0,0.0,0.0,0.0,0.0,0.0,0.0,0.0,0.0,47155879.70482945,857.5282043192724,0.0846330428728998,58478833.880089335,212.76167371979847,0.5372155115394965,0.0,0.0,0.0,0.0,0.0,0.0
Steel,2,3,5000.74,0.015,0.6930538855493069,0.10401338875293732,0.019328146673180287,0.35809664085961895,0.02,0.2514476774159985,0.32439070275871273,0.08759527087211609,0.5570667123876479,0.0,0.0,0.0,0.0,0.0,0.0,0.0,0.0,0.0,0.0,0.0,0.0,10962824.655487573,857.357166004257,0.09659879627512134,12892179.659046045,795.3453209873929,0.37796601234323435,13348670.185912836,424.36431255223863,0.5925047206449627,0.0,0.0,0.0
Steel,3,4,5000.75,0.015,1.4460951149463654,0.10782268416881563,0.032885388615371144,0.2910213880851099,0.09563553214073182,0.5378491946394195,0.2113408277434617,0.13546354949474335,0.7697076678707205,0.23879858215066266,0.06716663479804993,0.9049807921117446,0.0,0.0,0.0,0.0,0.0,0.0,0.0,0.0,0.0,28252361.736679215,752.2046135346545,0.19339323674872103,16940749.34464291,337.4606701286147,0.27404228153676713,21500810.12421685,546.2901481170445,0.4981370099696938,20700143.770987254,421.639074350713,1.223444758922127
Steel,2,3,5000.78,0.016,1.3116241097450256,0.12813791072368622,0.05178334971977373,0.49470379963032174,0.06108396142721176,0.6605978452213073,0.22225975441276566,0.1338988584280014,1.0655136332690702,0.0,0.0,0.0,0.0,0.0,0.0,0.0,0.0,0.0,0.0,0.0,0.0,23307180.282039568,152.9554361433309,0.22460102956673095,24033920.073814314,665.2978911592324,0.7692483862885185,22517246.120069414,539.7334655915585,1.1777657353776014,0.0,0.0,0.0
Steel,1,4,4999.22,-0.016,0.7908139675855637,0.07133482056856155,0.020971764000855726,0.20114130871044347,0.06015418320894242,0.27599164751558836,0.0,0.0,0.0,0.0,0.0,0.0,0.0,0.0,0.0,0.0,0.0,0.0,0.0,0.0,0.0,3584300.236618122,225.74452160978962,0.1343452352555511,4235133.226976107,373.6191656562344,0.37729106825449416,3356123.678182475,1090.1616596246624,0.5304198824421503,3342781.0521463095,243.1213218335359,0.6589339076469927
Steel,2,4,5000.79,0.016,0.3038820518180728,0.11512474358081819,0.01718250255044673,0.34598889778370046,0.08880497515201569,0.07316824383076616,0.39257912645731013,0.08846585750579834,0.2285022919457836,0.0,0.0,0.0,0.0,0.0,0.0,0.0,0.0,0.0,0.0,0.0,0.0,15635562.740338651,653.2216760437193,0.09604160608228594,13522590.447340785,319.28754979332,0.20134817040859143,12327597.50006515,813.747313534102,0.20865652596954654,15025001.365741981,412.8585226685315,0.26527118213256085
Steel,3,3,5000.79,0.016,1.4392822802066803,0.09598072052001955,0.010397785510695574,0.5606914163200111,0.10616636514663697,0.2670376176262045,0.42032156809376364,0.07044413149356843,0.3899924569317185,0.29298936093830397,0.046205320954322816,0.9915706892773783,0.0,0.0,0.0,0.0,0.0,0.0,0.0,0.0,0.0,46733436.12982771,529.7683665923769,0.14392822945995032,56665942.79076581,548.6421886083353,0.5033686202701046,43731500.80794391,455.6738156034269,1.1802203550652486,0.0,0.0,0.0
Steel,1,3,4999.2,-0.016,1.2830134898424148,0.09469381606578828,0.02932317688322693,0.6811670758408259,0.0989748626947403,1.0716170686691981,0.0,0.0,0.0,0.0,0.0,0.0,0.0,0.0,0.0,0.0,0.0,0.0,0.0,0.0,0.0,48281881.4430903,506.64870737116865,0.26612948895099636,50629123.23493074,477.66503026238576,0.7067595924430884,62435614.63576421,457.0691577404857,1.1469760673554594,0.0,0.0,0.0
Steel,1,3,5000.8,0.016,0.6682113364338875,0.09499105834960939,0.015206146508910591,0.4198356059470201,0.08072549432516098,0.2518097649330628,0.0,0.0,0.0,0.0,0.0,0.0,0.0,0.0,0.0,0.0,0.0,0.0,0.0,0.0,0.0,11878083.785734242,466.67187985844186,0.10664984540285713,12652222.915966596,887.0045516594529,0.32327996713223456,13052948.952805592,599.584902894474,0.5296230798877132,0.0,0.0,0.0
Steel,5,4,5000.81,0.016,1.287598016858101,0.10542334079742433,0.006805677680863343,0.28215528217973435,0.05504726827144622,0.18823128608034795,0.24991736050481808,0.10456122636795044,0.4085947947095539,0.39601240448999214,0.05432868987321854,0.7453415463581107,0.22064027466977412,0.07927567631006241,1.0089372255115068,0.2893957056689902,0.09372372686862947,1.1571609251499921,0.0,0.0,0.0,22229209.209006388,108.29073523360137,0.15737437973870103,26484746.299021654,942.567259986735,0.6195359283718544,25377741.683591805,436.445122845628,0.7763031526085818,18110390.1325734,422.4649605340943,1.1213491018618682
Steel,5,3,5000.82,0.016,1.251499167084694,0.0759396299123764,0.02113265142189872,0.37727786007452785,0.11248996198177338,0.14956031763650166,0.16544150675947938,0.08486855655908586,0.27531392891466444,0.20209615351947582,0.0716955891251564,0.5196131983556798,0.2760981840748729,0.02,0.7341509197216166,0.3204561196724696,0.07095600038766861,0.9855612951037083,0.0,0.0,0.0,29883008.337418307,358.8382807003468,0.18284635368873314,23682885.78866709,496.26110397820764,0.49518632894643,23673137.46721795,346.1689953337933,1.0485843274286673,0.0,0.0,0.0
Steel,2,4,4999.18,-0.016,1.2631215870380401,0.096349609375,0.021709559164296895,0.32070852465155847,0.07654835760593415,0.32360414610805766,0.35391840782081935,0.1226791900396347,0.922998651290013,0.0,0.0,0.0,0.0,0.0,0.0,0.0,0.0,0.0,0.0,0.0,0.0,32755097.19138849,615.9937477533725,0.14747673210262677,27311878.718801547,568.4886806653067,0.19748778475776388,22707344.89623332,222.17777343260303,0.5161436779076598,26634633.59752518,316.6212162667151,1.0235982741940373
Steel,1,2,4999.17,-0.017,0.9173282116651535,0.05829433631896973,0.010839820700454457,0.3401869414568638,0.15,0.4020675598653337,0.0,0.0,0.0,0.0,0.0,0.0,0.0,0.0,0.0,0.0,0.0,0.0,0.0,0.0,0.0,25713206.12734709,464.2457934145641,0.17919263623666565,23034447.978195034,563.1872562993966,0.5488979150318843,0.0,0.0,0.0,0.0,0.0,0.0
Steel,5,3,4999.17,-0.017,1.4696825593709946,0.06254334616661072,0.004355645165304947,0.37068151057054516,0.08787894725799561,0.29471490328756733,0.17324218294587382,0.08388435602188112,0.39190416962275576,0.15289326886331342,0.09676317095756531,0.7854749907306195,0.15908784349050925,0.06803725242614746,1.086162250099847,0.30456359230098995,0.02,1.2256845153981248,0.0,0.0,0.0,22941881.91460471,334.89074254440294,0.16756256462421962,27941393.577679873,272.0959987609673,0.761338397401113,27058706.60017589,397.8594693610732,1.3227143019642125,0.0,0.0,0.0
Steel,1,2,5000.84,0.017,1.3268581569194795,0.09935570991039278,0.03888371579925923,0.26302953669431767,0.06810595542192459,0.9505467308005023,0.0,0.0,0.0,0.0,0.0,0.0,0.0,0.0,0.0,0.0,0.0,0.0,0.0,0.0,0.0,24644933.532113,925.8032847991698,0.26729278724523703,26801402.995975364,272.6617961551863,0.8719965854952886,0.0,0.0,0.0,0.0,0.0,0.0
Steel,4,4,4999.15,-0.017,1.0456015154719354,0.056506587207317355,0.012151969652472212,0.34937341847356884,0.06458674490451813,0.22785879234155143,0.1953697570936782,0.07818870604038239,0.3721124542073869,0.5087357031203579,0.07958957999944687,0.6660141871949343,0.29525008212116854,0.030825528874993326,0.8337494262942808,0.0,0.0,0.0,0.0,0.0,0.0,21430896.26751422,530.859652488809,0.11579801365289003,20227539.140636906,529.9960165075643,0.4997699506636964,21470927.90945309,1033.5695269084008,0.6995614679779206,25576259.116785817,227.46958807285333,0.9410413628791403
Steel,2,4,5000.85,0.017,1.1675941407680512,0.08207277530431749,0.03429903575473119,0.3452938893066602,0.10627890586853028,0.2384936373544512,0.3383442058026382,0.05659008890390396,0.5612593192152003,0.0,0.0,0.0,0.0,0.0,0.0,0.0,0.0,0.0,0.0,0.0,0.0,19460389.932897292,299.9026532475207,0.16077272270964404,21858149.87673859,354.22376137251507,0.638699558245516,28490291.250846248,615.7996658632651,0.7932027569956638,23657366.982008748,283.97959815326016,0.9789995742923864
Steel,1,3,5000.86,0.017,0.4868279919028282,0.07678174161911011,0.008291898280107695,0.24515634434809958,0.1239347118139267,0.290274104244372,0.0,0.0,0.0,0.0,0.0,0.0,0.0,0.0,0.0,0.0,0.0,0.0,0.0,0.0,0.0,5634642.563094963,127.46053806571291,0.10236738682352073,7508393.341986291,212.39680304782144,0.27350205431782904,4857363.0523123825,948.2326758657767,0.42743226410773255,0.0,0.0,0.0
Steel,2,3,5000.87,0.017,1.609167367219925,0.08073662811517716,0.02076207072504563,0.21298793232140925,0.04021813943982125,0.7221655489434822,0.3191612459306081,0.13309592485427857,1.2368608581663416,0.0,0.0,0.0,0.0,0.0,0.0,0.0,0.0,0.0,0.0,0.0,0.0,23478521.168582287,253.00211361830404,0.25312164408362237,19632014.56797587,710.3647062512842,0.9388665891353343,19012491.093749944,840.3362636495066,1.3717402408259998,0.0,0.0,0.0
Steel,2,4,5000.87,0.017,0.7917512506246567,0.09406830298900605,0.02414671492977548,0.27455242733498086,0.046727857738733294,0.45059686723584574,0.6547091292940427,0.1307617509365082,0.5632266907711541,0.0,0.0,0.0,0.0,0.0,0.0,0.0,0.0,0.0,0.0,0.0,0.0,41335805.7488625,219.99291816658874,0.21632459402116538,36441549.25823783,799.510067015008,0.4013292541426456,40222161.50203058,44.99999999999999,0.5078324381782092,31897472.581729867,660.7847688521401,0.6851465459252062
Steel,3,4,4999.12,-0.018,1.2073172986507417,0.049442948371171955,0.01750155370437057,0.3207643095845817,0.06558470696210861,0.391030564515661,0.2663666201284945,0.12435672402381898,0.6264670488436319,0.3561964929675626,0.05653871178627014,0.8721249921342593,0.0,0.0,0.0,0.0,0.0,0.0,0.0,0.0,0.0,31215006.165678598,573.5115712740766,0.15938464282178416,23730653.32756788,596.8595714129782,0.6868986104578616,25453894.035062153,663.547206519981,0.7712073722721262,23796222.43179086,538.347553501779,1.0448673698984121
Steel,2,3,5000.89,0.018,1.2139538139104844,0.10035896503925325,0.02546791768535534,0.22605349644879166,0.10303055942058564,0.21901835674759645,0.317270326656148,0.09564351320266724,0.6269009955081204,0.0,0.0,0.0,0.0,0.0,0.0,0.0,0.0,0.0,0.0,0.0,0.0,17105257.393452834,553.2704303535502,0.17325219778312323,16739281.555912456,940.4063603859179,0.7025282961363396,19621792.558818553,663.1191624002896,0.9825099960757565,0.0,0.0,0.0
Steel,3,3,5000.89,0.018,0.39136495627462864,0.06985172808170319,0.015616978835895117,0.29070095019379727,0.036109728962183,0.06454843417617907,0.24395953586563376,0.038738276213407516,0.18412058911748264,0.40483185391421606,0.09433323979377747,0.27899947646670176,0.0,0.0,0.0,0.0,0.0,0.0,0.0,0.0,0.0,15817696.661149476,183.60651465433384,0.04251472822525748,14851780.741733657,412.11155495093357,0.1428872250866605,17292241.86767606,573.8439445132728,0.33690803255957713,0.0,0.0,0.0
Steel,5,2,4999.1,-0.018,0.6504977069795133,0.09741520929336549,0.008629722020275106,0.1961755353304897,0.12049957752227784,0.07794964746568725,0.25029892868102355,0.10386720716953278,0.2314095534175617,0.24254258870809547,0.10121431767940522,0.38242100215945696,0.2842388916295019,0.07663479328155517,0.5141574797982622,0.20771502140002898,0.0238351409509778,0.5779671102080827,0.0,0.0,0.0,26306082.806058947,540.5797016067911,0.10697789925608031,26476957.944701646,618.6033479002373,0.5633323971589849,0.0,0.0,0.0,0.0,0.0,0.0
Steel,6,4,5000.91,0.018,0.9385167628526688,0.0909568612575531,0.025246481073994586,0.3568596753252391,0.05952672839164734,0.13347960205362258,0.4101181592250096,0.11861820876598358,0.28820032551053154,0.4305261137476472,0.0947979235649109,0.4530136964160571,0.15579243850116958,0.07798212438821793,0.5895816056685894,0.2664789307604332,0.10835605084896088,0.7185999603885451,0.2219865878170281,0.09439990103244782,0.8378895473096968,32513318.183620222,405.5383662143074,0.10825405793482802,31923374.632143162,310.3334023623964,0.2575403838371354,30575839.635890897,914.0123939035989,0.40185207007584955,30745707.56013402,471.32969980681713,0.8016954321171673
Steel,2,4,5000.91,0.018,1.2612287163734437,0.08310190868377687,0.04102020760706235,0.32522121554769434,0.1308526110649109,0.12613287163734438,0.340443013808064,0.022454463727772236,0.24118021209350393,0.0,0.0,0.0,0.0,0.0,0.0,0.0,0.0,0.0,0.0,0.0,0.0,23189911.62703403,831.7235488398707,0.1361338716373444,19129777.44153402,207.0383245543098,0.48201128439693125,19298820.48194557,603.7597431534313,0.5791748076924443,18432692.947645664,672.8956715554249,0.9799072190149777
Steel,6,4,5000.92,0.018,1.8872783213853837,0.0807505807876587,0.023799444215929937,0.23265104994058172,0.11555631697177887,0.3445690031299746,0.22215533474332405,0.0938655185699463,0.5082210759219705,0.328641426709732,0.08264087557792664,0.8805370204186307,0.5472532533205273,0.09488456070423126,1.3555985631707337,0.22822024109488345,0.05257987260818482,1.5169150935816365,0.31011149782281067,0.03396597407758236,1.6985404892468459,72324401.69290596,837.9065641156033,0.20614381710486862,86716153.16565345,480.0526687170328,0.684503286094315,70923064.28191729,1099.9999999999995,0.9962028994819428,66433708.55377654,513.3488318346489,1.688539489246846
Steel,1,4,4999.08,-0.018,1.3087758719921112,0.06324883848428726,0.021276913942907618,0.2968422221089239,0.10718428373336793,0.3129066769822013,0.0,0.0,0.0,0.0,0.0,0.0,0.0,0.0,0.0,0.0,0.0,0.0,0.0,0.0,0.0,15141135.524898095,407.3734928994025,0.19251207044296373,11363251.533275902,683.6315608726509,0.7126432077063348,10529224.594496945,708.6992849229678,0.8463353761332678,10291975.732966905,908.5344708976743,1.0569156768648023
Steel,4,2,4999.07,-0.019,0.7614250168204307,0.08733245885372162,0.03658267556566397,0.25017907862285377,0.07455746620893479,0.17756398883327473,0.23110797461096683,0.08091689258813858,0.3589709053083209,0.2313252172615404,0.08078315556049347,0.5011089969351504,0.3819615268028956,0.11389231204986573,0.6720654606411153,0.0,0.0,0.0,0.0,0.0,0.0,30969350.645159148,640.7284753582088,0.10224097366575753,44098491.1588851,423.0923486760322,0.6306683343081732,0.0,0.0,0.0,0.0,0.0,0.0
Steel,4,3,4999.07,-0.019,0.844936715066433,0.0476830347776413,0.015293606262423974,0.5480621880732908,0.11907293558120728,0.1265928613561574,0.30605344259077644,0.10848845124244691,0.30677837094517196,0.270894754844442,0.046871834546327595,0.4444731622888436,0.5134406730599594,0.15,0.6679553592957604,0.0,0.0,0.0,0.0,0.0,0.0,72328223.46481098,194.69454991830844,0.08449367235158002,78869170.03853516,573.2870742306684,0.4998431888489447,84389020.60591747,1096.0885934489022,0.748000162275532,0.0,0.0,0.0
Steel,1,3,5000.94,0.019,0.6196669943630695,0.07110904288291932,0.028663327549845366,0.2544941050582874,0.05944866120815277,0.3362537432010678,0.0,0.0,0.0,0.0,0.0,0.0,0.0,0.0,0.0,0.0,0.0,0.0,0.0,0.0,0.0,4968093.413719432,541.9538067541613,0.11630297121342764,4681329.490775576,360.59155832944833,0.21476278084137598,5294223.80725168,218.75575964607768,0.44134175613986426,0.0,0.0,0.0
Steel,2,4,5000.96,0.019,0.9639713302254678,0.06400439453125001,0.017449819637412718,0.4079799292283314,0.03566527001559734,0.5030371424052829,0.2275620194116063,0.11160068571567536,0.8117110312362549,0.0,0.0,0.0,0.0,0.0,0.0,0.0,0.0,0.0,0.0,0.0,0.0,6330427.854116124,674.5926169151666,0.2156226003039275,6896978.157120437,715.5100282395989,0.6553780830963793,6186482.873383765,466.3792781198541,0.7258910247298167,6768949.168252796,465.6820231365259,0.8675741962389496
Steel,5,3,4999.04,-0.019,1.5295460551977158,0.0819227872490883,0.026957738902481213,0.5699699239738699,0.10960727989673615,0.21341222911162633,0.2449942943928994,0.05774367004632951,0.35237355443938323,0.43930090816027967,0.05547019481658935,0.44805403002630656,0.32148731559100546,0.07834188044071198,0.8203009182075274,0.284268373318901,0.0990108472108841,1.0921599428028406,0.0,0.0,0.0,78220908.92489485,521.7831849296801,0.19449291685605757,81126986.10635284,511.9166434852321,0.8007222280715419,80082432.0755739,388.32852392906307,1.3459797204741335,0.0,0.0,0.0
Steel,1,4,4999.04,-0.019,1.3998079985380174,0.0876608819961548,0.027545036228387918,0.41157459231926946,0.09263475358486176,0.3278887358581256,0.0,0.0,0.0,0.0,0.0,0.0,0.0,0.0,0.0,0.0,0.0,0.0,0.0,0.0,0.0,16134266.177509313,278.81030855034135,0.16601354576558366,18983235.1576813,622.9579653998122,0.5484773143176715,22097180.244037393,392.2233843204698,0.709918224910971,18494759.484830778,823.0286434761258,1.1105846763397738
Steel,4,4,4999.04,-0.019,1.9136490553617478,0.0703925348520279,0.017466654851008245,0.3653457186184013,0.09017412245273591,0.1913749055361748,0.2509592315763241,0.10332490563392639,0.4206832320004169,0.26690493443607843,0.09660194575786592,0.6206011834970738,0.229462118762193,0.10323548674583435,1.100608819371959,0.0,0.0,0.0,0.0,0.0,0.0,28888379.720682915,138.6283768626732,0.2533738526530389,27079434.127541758,340.2199078141658,0.6697374214370688,31801147.8384601,667.4886107498672,1.0152792835055018,33466602.415931527,514.8201398078364,1.550532822964098
Steel,1,3,5000.96,0.019,0.9199505642056466,0.06422451412677765,0.009473508471561008,0.2969985626979656,0.04469688475131989,0.6223287968001578,0.0,0.0,0.0,0.0,0.0,0.0,0.0,0.0,0.0,0.0,0.0,0.0,0.0,0.0,0.0,7760969.649310675,535.8219567955805,0.1351018709753158,5167426.091166717,812.0478858385778,0.3577074458390886,6691188.542388534,473.3569254583312,0.7512088378258396,0.0,0.0,0.0
Steel,1,4,5000.96,0.019,1.1491958260536195,0.07140940833091736,0.006161216957291003,0.6344657447802715,0.06054566204547883,0.6194753979345426,0.0,0.0,0.0,0.0,0.0,0.0,0.0,0.0,0.0,0.0,0.0,0.0,0.0,0.0,0.0,16055287.150501417,616.1841341389355,0.13581483972725517,17400580.46946509,518.2077706753188,0.516306427251813,12453627.416600693,260.53058832555126,0.7435851515079038,21249917.753492787,151.30258504322296,0.8899153020623969
Steel,3,2,4999.03,-0.019,0.9241326108574868,0.09321654248237611,0.01503694533425049,0.17739761138746313,0.05409614652395249,0.36634777059340184,0.2115708788129123,0.10408284306526185,0.5018122718807341,0.3715154800264916,0.08755459845066071,0.7201540313655395,0.0,0.0,0.0,0.0,0.0,0.0,0.0,0.0,0.0,31117721.728686776,430.17833578430555,0.131185244900893,28106354.240867633,736.1554255209728,0.7863269246366817,0.0,0.0,0.0,0.0,0.0,0.0
Steel,2,2,4999.02,-0.02,1.2170442014932634,0.0719587339758873,0.010785192390702218,0.39848906900277414,0.07204533010721206,0.3565970676251863,0.40641848153031485,0.07349617093801498,0.7655302676919522,0.0,0.0,0.0,0.0,0.0,0.0,0.0,0.0,0.0,0.0,0.0,0.0,95792369.69167013,449.4524402093414,0.18908941065634605,89557905.5046997,651.9361080542418,0.9683575457499363,0.0,0.0,0.0,0.0,0.0,0.0
Steel,4,3,5001.0,0.02,0.620135498046875,0.08148119807243348,0.03512501038799361,0.26496906397892056,0.09054595470428467,0.12139216514861627,0.15879633557160533,0.02,0.22331074286655922,0.2506510825780701,0.07455547094345093,0.2769910116560653,0.36491291253888586,0.11763130009174348,0.46761726023834704,0.0,0.0,0.0,0.0,0.0,0.0,21841801.453734748,723.9556625919272,0.07614503169608156,18687481.531659383,269.4964928105629,0.3130697153827594,17654912.265293587,161.41280960141512,0.530208569173731,0.0,0.0,0.0
Steel,1,4,4999.0,-0.02,0.43079944476485255,0.09473588991165162,0.004120180762772611,0.2935956880865742,0.09077074944972993,0.1664932252192851,0.0,0.0,0.0,0.0,0.0,0.0,0.0,0.0,0.0,0.0,0.0,0.0,0.0,0.0,0.0,6073529.63650946,387.4358922856691,0.06556655373851174,6574699.7129366435,835.2873294787714,0.2110823870735211,6632389.547087036,458.6547735635762,0.3093257746442887,7017604.2545107715,483.1245314431121,0.37682286203053994
Steel,4,2,5001.0,0.02,1.4517845332622528,0.0938696985244751,0.03827623932974292,0.25046143748744093,0.060137527585029604,0.20824185337656426,0.4778234882235456,0.0611674216389656,0.3720056117704784,0.3093768765381596,0.0916196632385254,0.6402254642739694,0.35286248215087496,0.1278977197408676,1.0743297914994185,0.0,0.0,0.0,0.0,0.0,0.0,158077813.83397108,626.2294477059224,0.22470266247320375,162672743.01720014,779.3543042814734,1.2407715951137464,0.0,0.0,0.0,0.0,0.0,0.0
Steel,2,2,4998.99,-0.02,1.1872263610363007,0.059157886981964114,0.009506320498102844,0.22174022522071105,0.10926954925060273,0.23006146795334603,0.2521500409317571,0.11776694715023041,0.7529587138088435,0.0,0.0,0.0,0.0,0.0,0.0,0.0,0.0,0.0,0.0,0.0,0.0,24968574.691122465,549.0669439102621,0.14343675522456537,28382435.69185751,520.3037733822522,0.8995785794249581,0.0,0.0,0.0,0.0,0.0,0.0
Steel,4,3,5001.01,0.02,1.2893970489501954,0.10854430437088014,0.0313246693835077,0.2573837964124931,0.11424836814403534,0.20794873284649668,0.42317279778061795,0.09697892308235169,0.3351518559411659,0.40695099607625485,0.076100612282753,0.43260826675531544,0.2589633264260278,0.06266284793615341,0.8489103880304705,0.0,0.0,0.0,0.0,0.0,0.0,53407726.55067599,858.8952852162272,0.1443709753305665,52771456.91359778,658.4780381347177,0.7364009236539595,32851894.392883748,224.48573161656543,1.0946747850784209,0.0,0.0,0.0
Steel,3,4,4998.96,-0.021,0.9116076976060867,0.0775681992173195,0.019578459747380417,0.39673503161355705,0.07206324487924576,0.3812450740101327,0.2844250417836813,0.05427666574716568,0.6412418796522316,0.27604584118997305,0.1339689987897873,0.819769275410831,0.0,0.0,0.0,0.0,0.0,0.0,0.0,0.0,0.0,25227575.221339013,858.4774576551174,0.16837450931003128,18365220.45131585,835.4843672044823,0.40354850703087314,21014245.14958291,206.38881792472725,0.4574869551814054,18800596.231205363,197.6296878034867,0.809768275410831
Steel,3,2,5001.04,0.021,0.43577538393437865,0.0893231670856476,0.023337935277237903,0.17428539174882732,0.06345585942268371,0.08820853281362837,0.19988985307481788,0.11229379832744599,0.2196647782224414,0.2641616269070396,0.12288927793502809,0.3903327898160213,0.0,0.0,0.0,0.0,0.0,0.0,0.0,0.0,0.0,21105099.599247973,508.9693979943967,0.05030877246712,20342255.452220194,184.352171206726,0.37474724054091413,0.0,0.0,0.0,0.0,0.0,0.0
Steel,4,4,5001.06,0.021,2.0205482810735704,0.09483748161792756,0.02373782677937404,0.2935339829045361,0.11779047966003418,0.7449376020161674,0.3837604798841002,0.06901567250490188,0.9417410248808538,0.22077483325484393,0.12633849143981934,1.2524822117347356,0.33524354600044853,0.08694219529628754,1.7158663399520366,0.0,0.0,0.0,0.0,0.0,0.0,35871298.42900613,347.92008952106005,0.26897406347571934,30773611.076634053,289.2829208010838,0.8411305652671638,36453514.47296831,418.23911583159196,1.4694340573281568,31141811.311084222,333.6657910357975,1.8184934509456652
Steel,4,4,4998.94,-0.021,0.9339905127882958,0.08145229399204255,0.017904025444298543,0.23170122688940545,0.10913213551044465,0.15223369376499496,0.20414019997560562,0.06963397234678269,0.3148825704011211,0.16373340908991682,0.048012425154447556,0.5233895329359175,0.4502419398601082,0.07295306742191315,0.7179218419846495,0.0,0.0,0.0,0.0,0.0,0.0,12821767.536469433,341.23915235381776,0.10249539069148556,12058529.41719103,540.7723300151848,0.325590801948681,16498412.25420374,147.2136818492054,0.5972693640383508,13590172.264166242,523.1430985481115,0.7939786672698357
Steel,2,3,4998.94,-0.021,0.9788549989461899,0.0527058487534523,0.020953527672815324,0.29364290101022195,0.04870026484131813,0.17179142340555326,0.351598035496026,0.06707799851894379,0.6562678764328874,0.0,0.0,0.0,0.0,0.0,0.0,0.0,0.0,0.0,0.0,0.0,0.0,14210740.54376727,569.2371530210324,0.09977459273813788,11968035.245436668,322.3532653903624,0.3224642955480766,12553790.711082308,363.11905716476895,0.8077471908573955,0.0,0.0,0.0
Steel,1,3,5001.08,0.022,0.9799117028713227,0.11329467093944551,0.010299813279642859,0.5047619686161879,0.14158055305480957,0.2558567656075784,0.0,0.0,0.0,0.0,0.0,0.0,0.0,0.0,0.0,0.0,0.0,0.0,0.0,0.0,0.0,34538802.184306204,200.34594887543656,0.12380107429552498,26219555.703319225,425.63961383900914,0.3626328361492294,39748747.05610384,326.47465756081726,0.7531837222545212,0.0,0.0,0.0
Steel,1,3,4998.9,-0.022,1.414761632680893,0.07107481080293655,0.033144611195122006,0.5128255065234815,0.08845160007476807,0.8053310389142087,0.0,0.0,0.0,0.0,0.0,0.0,0.0,0.0,0.0,0.0,0.0,0.0,0.0,0.0,0.0,35220582.68272575,651.1839710175508,0.25734609220376703,31493228.12495485,550.1421151884456,0.617523889751104,32506307.828089923,341.1805156288919,1.0684182386004804,0.0,0.0,0.0
Steel,5,2,4998.88,-0.022,1.0634756684303284,0.10227192425727845,0.03756595410059982,0.27917031044378193,0.07450091689825059,0.14631421494276278,0.28490247567716137,0.07486705780029297,0.3338929298809521,0.2744548235418898,0.0723809415102005,0.4955558541714843,0.49745498368541685,0.07145452618598938,0.6735972900467557,0.3031986111157679,0.08979884982109071,0.897377453717221,0.0,0.0,0.0,86325960.89634809,270.21143743360716,0.1323416079284883,68482222.51043268,86.10845247208694,0.9524880618030915,0.0,0.0,0.0,0.0,0.0,0.0
Steel,6,4,4998.86,-0.023,1.4345931082963943,0.11467431390285493,0.021908589267430136,0.2487100897736039,0.12743842899799346,0.16161028359326704,0.21377930793941696,0.03652613893151284,0.37503516533292297,0.28230210278706436,0.0879449498653412,0.5247805817465032,0.28084824866397157,0.04428799480199814,0.6735829667663367,0.2622051560849632,0.09534844636917116,0.9083650431186465,0.16928249993920497,0.03783872336149216,1.1099038248777713,25216239.22319733,492.72537715701714,0.18291004835435093,34989597.776026465,474.01030945264074,0.7351194889745213,33303081.985211972,110.91366622333501,0.8596361440022634,34995218.09230678,561.726137194334,1.2574203570192113
Steel,2,2,5001.15,0.023,1.3733744114637376,0.1453232274055481,0.0024780467345263406,0.459472398547517,0.09862871706485749,0.2191481720713458,0.2344917616876024,0.09152479708194733,0.7538560678012396,0.0,0.0,0.0,0.0,0.0,0.0,0.0,0.0,0.0,0.0,0.0,0.0,53100023.405562155,234.62004175270403,0.15166730681886145,49615795.407803886,400.93171041613925,1.0919173644030828,0.0,0.0,0.0,0.0,0.0,0.0
Steel,5,3,4998.85,-0.023,1.743051964044571,0.1007860429286957,0.04747249011579154,0.2983495535324192,0.05983189165592194,0.2776837457386679,0.29836292704130835,0.04975345119833946,0.5702205911037199,0.4348896204899408,0.060687453746795655,0.7842203810565531,0.4432156165902423,0.12000252008438111,0.9151556415334737,0.4546811059871088,0.08395475208759308,1.1636359482417549,0.0,0.0,0.0,70082513.15385273,448.0853871794924,0.2090211086766608,74542157.27284871,341.43684924565196,0.8233116967780469,75777304.6981427,510.52667480818775,1.4927174149581244,0.0,0.0,0.0
Steel,3,3,4998.83,-0.023,0.8249353155493736,0.056592161059379587,0.01605502141713983,0.33598770373098324,0.06105753868818284,0.14755945965894812,0.20247238267572287,0.0493115308880806,0.335932401025748,0.22921650941905627,0.10324621081352235,0.511050146641312,0.0,0.0,0.0,0.0,0.0,0.0,0.0,0.0,0.0,15046707.74490722,286.1901874679257,0.11494675857161264,13083469.78784695,478.3978177060638,0.5271616163067174,10909915.100140043,327.6971824330912,0.7295820935607207,0.0,0.0,0.0
Steel,4,4,4998.83,-0.023,1.0131627008318902,0.06637223118543625,0.02967317395261907,0.4199690315480478,0.13240068912506103,0.14298746411133864,0.3379177291701474,0.05350781053304672,0.3549205844428238,0.22335759704379454,0.06498442649841309,0.5540778990631264,0.25069075326829643,0.12109232246875763,0.8317390956748292,0.0,0.0,0.0,0.0,0.0,0.0,44568053.642152525,244.9081959926325,0.15808617672576072,41202181.53307287,243.02133841004067,0.5911264316770808,48600692.58644804,245.967938307255,0.713562223746369,46007957.40432999,425.95339738619316,0.9046861768177251
Steel,6,2,5001.17,0.023,1.2292603075504305,0.11228967225551606,0.021175882587747982,0.22278141580000707,0.03337216757237911,0.24679282534407734,0.2419551874219038,0.07175358355045319,0.39957798438633385,0.431171613629198,0.10225323498249055,0.5567187812830955,0.2748165279650875,0.02,0.7656299633958563,0.31108136331656183,0.12740485429763795,0.8767068742984205,0.3158688141526275,0.1315702247619629,1.070914334344191,84226944.67596865,343.5882557056021,0.18325489630723132,88517485.97049943,763.6206372721647,1.0587617137722893,0.0,0.0,0.0,0.0,0.0,0.0
Steel,6,4,5001.19,0.024,0.9961592838168145,0.08065028828382494,0.01873871617896094,0.18569111879968866,0.09891946017742158,0.12831195126135855,0.2846682870522132,0.055906600058078765,0.21248325231851664,0.2995654841197394,0.10404306948184967,0.38730383335020674,0.2720950233895226,0.09033653318881989,0.5327339013804605,0.27881908214485357,0.14795055627822876,0.6554073411942719,0.4172847258681246,0.11939852416515351,0.8460776851259896,31920070.33921681,293.073948574003,0.11563631320741236,33046580.072684273,395.07359940004574,0.4417120072425781,39085906.85057184,161.63276241576895,0.5665560110750347,33103830.66996742,886.4803228484383,0.8611760162030405
Steel,5,4,5001.19,0.024,0.9254336699843407,0.06816854572296142,0.013165720576603226,0.27184014872608886,0.043705183565616604,0.09769611250202402,0.4680281872227464,0.10751593172550201,0.24141286398938033,0.2922709398599954,0.09437127768993378,0.3803924945699748,0.2424876699720362,0.06485620647668838,0.519347577388381,0.37471339397773357,0.058071846663951876,0.6788939039267228,0.0,0.0,0.0,33615144.656589545,481.82733547345754,0.11657839473889077,35189111.18714252,335.2859194284414,0.461925615165121,38393675.164613985,1099.9999999999995,0.5358094426868512,37844029.4013808,394.65020909201945,0.7928547047967961
Steel,2,4,4998.81,-0.024,0.4183772191405296,0.06318789023160935,0.035029736897551345,0.35494950426899,0.12051519095897675,0.11652489245889237,0.31701184036428576,0.07095386952161789,0.37652949722647666,0.0,0.0,0.0,0.0,0.0,0.0,0.0,0.0,0.0,0.0,0.0,0.0,11228546.576595273,212.28071777525463,0.04661211464175074,12197417.298394615,912.0415375350958,0.13583882300546019,12009358.64495748,313.2905795990995,0.20008567180701428,10805879.426529862,106.07488161152953,0.3526624133776636
Steel,3,3,5001.2,0.024,1.168011562526226,0.10332690203189851,0.02444240734600835,0.4537645853134233,0.043620059341192244,0.17033216759497166,0.19229587326824207,0.07680189192295074,0.5530435950860783,0.33928663952617166,0.07710351020097733,0.8228667089221317,0.0,0.0,0.0,0.0,0.0,0.0,0.0,0.0,0.0,20649853.345076993,747.7769376497835,0.14322466159245095,18314442.007367514,389.83146118853153,0.6399695537245934,22998082.72957484,342.1604583923821,0.9878648389465949,0.0,0.0,0.0
Steel,3,4,4998.78,-0.024,1.1075511276721954,0.11774297928810121,0.03501362859811509,0.46923573400627366,0.12008701860904694,0.2026922294076386,0.40460306828375175,0.1306530147790909,0.5333384067434264,0.33832058212050575,0.04827552318572998,0.7905722698750327,0.0,0.0,0.0,0.0,0.0,0.0,0.0,0.0,0.0,49807314.48067112,900.1501047291548,0.24078532886326764,71580289.77521893,113.52020607009315,0.5984566737040173,48034284.6690711,130.3226508267757,0.6452008189817182,42345602.7955077,659.0342830384902,0.9440580901125684
Steel,2,3,4998.77,-0.025,0.6245592534542084,0.11013601779937746,0.010204787135566565,0.2205785154940322,0.06905472159385681,0.22063559781414038,0.4683500779235056,0.09795295357704163,0.3328906689748634,0.0,0.0,0.0,0.0,0.0,0.0,0.0,0.0,0.0,0.0,0.0,0.0,16695078.336116154,268.47999460396454,0.07377093057369476,18187166.978157975,592.9103317842107,0.1126623505820612,29701152.281224284,342.4397097377523,0.4784742485457436,0.0,0.0,0.0
Steel,2,2,4998.76,-0.025,1.0482065007090569,0.0608762578368187,0.02027175473445209,0.18912233545006693,0.03906616225838661,0.22314479877161136,0.13664281244508986,0.06057845801115036,0.8654982204861003,0.0,0.0,0.0,0.0,0.0,0.0,0.0,0.0,0.0,0.0,0.0,0.0,6264919.350922998,375.0563130523166,0.16084542230196905,5014774.579280446,710.7131543034471,0.831609818313674,0.0,0.0,0.0,0.0,0.0,0.0
Steel,1,3,5001.24,0.025,1.194423371553421,0.05288641673326493,0.017532934691276276,0.14444214341259967,0.10687901973724366,0.5143725504250236,0.0,0.0,0.0,0.0,0.0,0.0,0.0,0.0,0.0,0.0,0.0,0.0,0.0,0.0,0.0,4222510.667313408,473.77746061859807,0.25177967042310845,4825484.792839652,487.9176532887899,0.827219706127046,5807510.455764159,115.7581056746803,0.9955767519769088,0.0,0.0,0.0
Steel,4,3,5001.25,0.025,0.8743577539920807,0.055049389898777015,0.04403951191902161,0.447256014548094,0.15,0.11932656756736387,0.5119395981497122,0.10777795851230622,0.3616884577373808,0.3669138757632203,0.057651422917842865,0.5244823906013384,0.18945087755728046,0.11135001063346864,0.698095691868172,0.0,0.0,0.0,0.0,0.0,0.0,50723715.42736882,223.89258178013583,0.09801789620062765,59590078.322613664,243.0614842921042,0.4140705151152852,68727152.41678225,356.5192421290871,0.7669586577178412,0.0,0.0,0.0
Steel,5,2,4998.75,-0.025,1.0311205476522445,0.06951257276535035,0.027486317258210522,0.2267665791795745,0.03695180460810661,0.20298551104068172,0.20297522490334693,0.05539512634277344,0.3645122599195311,0.3005961677972421,0.09828488826751709,0.6094406664121903,0.21433480679240421,0.050831648111343386,0.715914286085378,0.2861495234388067,0.06057456821203232,0.8418144436805974,0.0,0.0,0.0,147897966.72742307,722.775820279888,0.11515920865688903,169446605.47334868,315.3206803858897,0.8955759186028075,0.0,0.0,0.0,0.0,0.0,0.0
Steel,6,4,5001.25,0.025,1.2778304249048233,0.09486338949203492,0.01442921343985999,0.3668102016262352,0.06233287751674653,0.15123582712056022,0.5032863915773287,0.08304866135120392,0.2956843443339217,0.26965001523076637,0.10301311731338501,0.5007055987196454,0.2751641165625503,0.07902778297662735,0.7080644588843585,0.36175475924211936,0.0625421091914177,0.8423345074534329,0.3197418202812515,0.07986023485660554,1.045144825551723,37185685.29041989,102.50900641802012,0.12778304376831276,32582047.670299023,903.4177230075426,0.4443890595552763,30219964.870939,421.1884984186934,0.7666730775053721,36120766.691206485,808.9865107514405,1.1176238806425296
Steel,4,2,4998.73,-0.025,0.654564467817545,0.08533638876676561,0.011956430251204095,0.26477547361883097,0.10197183668613434,0.14504046236519047,0.3089976905777373,0.11873203575611115,0.2747474575860695,0.2855731975497852,0.023950938507914542,0.42150205429547205,0.4806754763918612,0.07415931969881058,0.5471766485575202,0.0,0.0,0.0,0.0,0.0,0.0,38506623.2347427,648.8847937401312,0.07689917362391598,42443068.70417899,251.3422009219587,0.5326805884786064,0.0,0.0,0.0,0.0,0.0,0.0
Steel,2,4,5001.27,0.025,0.8164884656667709,0.12270009255409242,0.021200263138998348,0.3389766762161921,0.09829645693302155,0.14883028933147402,0.26994410829440146,0.09231060624122621,0.5833900697552784,0.0,0.0,0.0,0.0,0.0,0.0,0.0,0.0,0.0,0.0,0.0,0.0,15380256.993904393,448.07027704415367,0.08576929345101136,16572326.180602258,316.40961422793094,0.3011824916645115,12094242.514657754,867.8156585881593,0.3268616307472657,15478547.134388452,592.4647530156644,0.6638101469016892
Steel,5,4,5001.28,0.026,0.8458854660391808,0.053756002128124244,0.006760712975014479,0.4066815128390416,0.06972548723220826,0.19137733045841937,0.5990377011951965,0.1057349306344986,0.3289578451170408,0.21817993449258058,0.06823411345481872,0.47463375968284455,0.23411042276450822,0.15,0.6016373915896811,0.12219081953613889,0.0632283914089203,0.7323509722210461,0.0,0.0,0.0,35422246.29150044,549.7749718404453,0.12602046026254915,37636255.625897974,625.1097754992641,0.30119546301101063,39587028.44570305,247.57966954543528,0.4856786435097901,40433518.152354166,764.9716441226559,0.7612969185893772
Steel,4,3,5001.28,0.026,1.3457498133182526,0.12441454887390138,0.01585621782619103,0.2902097171083231,0.046195530593395234,0.30851207397558256,0.30051345383981987,0.07413592666387558,0.576306052405154,0.31075794546268903,0.02,0.676937541457226,0.3134221205123265,0.09547474086284638,0.8889955337872463,0.0,0.0,0.0,0.0,0.0,0.0,28351679.810406864,357.1061143455518,0.16659322159907725,26166013.423667915,291.8994406370354,0.862589689804439,23814449.137463927,425.1229594231292,1.1570327178356976,0.0,0.0,0.0
Steel,3,4,4998.72,-0.026,1.0779665052890777,0.11112199819087984,0.02292762829144357,0.272882347233693,0.10742252230644227,0.1277374742766685,0.3536800343532166,0.047123569250106814,0.33588699027792335,0.2395872489739291,0.05912943422794342,0.5800359846271559,0.0,0.0,0.0,0.0,0.0,0.0,0.0,0.0,0.0,16543927.436033757,261.80488300572017,0.14487203062899395,18061641.94691588,409.3607150675018,0.37630868404578843,19615894.066068258,812.2878792036644,0.5006322213042528,17780282.529273268,350.94499574058375,0.9086696028000817
Steel,4,3,4998.72,-0.026,1.2241398751735688,0.10293863093852998,0.012894781847253126,0.4256940033636964,0.10376833498477936,0.23720161655138183,0.38752985438297366,0.15,0.4951983641676029,0.3320509347999912,0.0554473015666008,0.7811778127227353,0.8054201470649626,0.1012558037042618,1.0912862473498603,0.0,0.0,0.0,0.0,0.0,0.0,77034602.09238327,464.6363685210853,0.1960956212300996,69116414.79388912,256.8053134216015,0.754091365635126,85335809.58747691,178.26322324569546,1.101725886432072,0.0,0.0,0.0
Steel,1,3,4998.71,-0.026,1.1218787118792535,0.07657589632272721,0.029245147796327375,0.20413617667614245,0.06259743034839631,1.009680840691328,0.0,0.0,0.0,0.0,0.0,0.0,0.0,0.0,0.0,0.0,0.0,0.0,0.0,0.0,0.0,9683528.519811664,711.0189654702609,0.41904862047842073,9884190.099016936,128.86066843645986,0.8856417107055886,11679347.269744981,734.8946530845707,0.999679840691328,0.0,0.0,0.0
Steel,2,3,4998.71,-0.026,1.2850295305252075,0.09461295235157013,0.030148487375123996,0.15962721122218537,0.13175884902477264,0.4475958111931052,0.27304427368272133,0.09801708102226259,1.0496283575817524,0.0,0.0,0.0,0.0,0.0,0.0,0.0,0.0,0.0,0.0,0.0,0.0,18978520.991776835,497.5269155004296,0.13236606869905773,17894097.58917242,625.6192383610849,0.4325222182014664,16993856.920250963,623.2806381393659,1.1032149166139296,0.0,0.0,0.0
Steel,4,3,5001.31,0.026,0.6009206444025039,0.08129006719589234,0.021707699901149784,0.45931395559853433,0.03064979150891304,0.07783959147790179,0.30142685910412825,0.08676992058753968,0.20437787316830097,0.38012054809325657,0.047886913269758226,0.35571695788367474,0.3342317981852285,0.11288978219032288,0.4981025157046113,0.0,0.0,0.0,0.0,0.0,0.0,22217726.976632327,171.62659982276847,0.08894089401401384,26955547.770923525,701.3033118767066,0.3137964811192089,20510626.667891204,1099.3915697603625,0.4847950987274152,0.0,0.0,0.0
Steel,3,3,5001.34,0.027,0.6334708578884602,0.03729996967315674,0.014397118171944376,0.2664936096195926,0.07366219639778138,0.1442363920454134,0.3742452097586151,0.0892942762374878,0.2999609111009347,0.22611035175453226,0.051287577897310255,0.459891936392583,0.0,0.0,0.0,0.0,0.0,0.0,0.0,0.0,0.0,25949416.831831016,768.247941600166,0.06828523906005154,18921696.55863515,388.4625330310032,0.27387241364358594,26670750.9227186,471.59009597645326,0.5514915834306187,0.0,0.0,0.0
Steel,1,3,4998.6,-0.028,0.9637603312730789,0.13156475818157196,0.0535960976077582,0.31313179515473194,0.05571966111660004,0.6025160566747471,0.0,0.0,0.0,0.0,0.0,0.0,0.0,0.0,0.0,0.0,0.0,0.0,0.0,0.0,0.0,19418498.518387865,575.3035908476327,0.20899649187841035,17855873.543689452,933.8460502538242,0.3204153161042359,17685193.68242067,207.40365114670752,0.7222240175071926,0.0,0.0,0.0
Steel,5,3,4998.6,-0.028,0.7187651857733727,0.06848558920621872,0.01700758161913138,0.2868285213947666,0.04841168165206909,0.1140222735966509,0.17199636272254873,0.05803246825933457,0.23947371897223468,0.2566400342185366,0.07546891123056412,0.3882321395596787,0.25322868409591914,0.06816207855939865,0.5128842181513968,0.2969841568325245,0.0659485000371933,0.5970374737135407,0.0,0.0,0.0,18385188.932951733,386.7657205230668,0.08058496881215402,16632947.429861415,437.0846119080968,0.2841300230917224,16137694.200127093,870.9146272202125,0.6260455648936576,0.0,0.0,0.0
Steel,2,4,4998.59,-0.028,1.3235268324613572,0.09189414906501771,0.027907273881920665,0.19672008254559414,0.032821018099784854,0.5870723980827168,0.25289256693353485,0.1269421696662903,0.8739258021516645,0.0,0.0,0.0,0.0,0.0,0.0,0.0,0.0,0.0,0.0,0.0,0.0,12664209.114725988,965.7475355247167,0.30314574430159064,13112147.398600647,409.2472530263966,0.6082167393523132,11789482.28902331,348.56877070102854,0.649121891423944,9943998.818587737,568.166553501831,1.1373883300901533
Steel,1,2,5001.42,0.028,0.8998642578721047,0.13240995073318482,0.02092345663077382,0.3081067232356567,0.09054314970970155,0.4568230593490602,0.0,0.0,0.0,0.0,0.0,0.0,0.0,0.0,0.0,0.0,0.0,0.0,0.0,0.0,0.0,22202750.130671877,667.6856265207252,0.13215055510826743,21688232.63432454,504.8283020124263,0.6771038794166524,0.0,0.0,0.0,0.0,0.0,0.0
Steel,2,2,5001.42,0.028,0.34897703379392625,0.1171303312778473,0.02273644514486592,0.20433306373156498,0.10064337730407716,0.1108287880181805,0.2933406662433282,0.12260984778404237,0.29137196659892284,0.0,0.0,0.0,0.0,0.0,0.0,0.0,0.0,0.0,0.0,0.0,0.0,15647193.822435476,120.67849160207389,0.06518729230920775,19808492.18375801,227.85423085268806,0.30276746928980236,0.0,0.0,0.0,0.0,0.0,0.0
Steel,3,4,5001.44,0.029,1.3884791135787964,0.09165554440021516,0.01377472480884598,0.33907240328473925,0.07476527214050294,0.5104109711280244,0.3780074177567025,0.025524950176477434,0.8396932412810234,0.5330634387155315,0.07497412413358688,1.2496212022209168,0.0,0.0,0.0,0.0,0.0,0.0,0.0,0.0,0.0,26699632.245338194,133.69807742879163,0.22267417082370905,25778727.769644663,321.30165761237237,0.6112640773137392,39570105.080668,577.6053288707025,0.8604281806211892,31831560.628664874,258.20169587263814,1.2023905434186761
Steel,4,3,4998.56,-0.029,0.8619151011109353,0.06370698720216751,0.029896500023252157,0.24137753125466366,0.08769266307353973,0.14362514649354355,0.28739059946059853,0.024498016573488712,0.2984187528054989,0.24055817478931213,0.1393360149860382,0.5007110904757948,0.4253419850775677,0.08671219348907472,0.6423945453704686,0.0,0.0,0.0,0.0,0.0,0.0,24651942.76289366,587.4629745745937,0.126352434799788,19312506.280308813,1099.9999999999995,0.47456972323528984,24434906.85782131,747.1389586528402,0.743391049018326,0.0,0.0,0.0
Steel,1,4,5001.44,0.029,0.9667405605316163,0.07683558869361878,0.012415903267829716,0.3096771633713777,0.09292448163032532,0.5605210828401506,0.0,0.0,0.0,0.0,0.0,0.0,0.0,0.0,0.0,0.0,0.0,0.0,0.0,0.0,0.0,6931507.653326326,581.241076709743,0.1274947315552496,6454024.531934703,386.82821196416097,0.3164104146031812,8227316.730631283,388.9464158960649,0.48678046621655524,7601250.951533112,257.0757755814249,0.7805305318040547
Steel,2,4,4998.55,-0.029,1.043396033346653,0.0491731713116169,0.03643071420959652,0.3976969308909703,0.07844952017068862,0.25069963247608784,0.20561841998083386,0.06646082997322082,0.8951892725667254,0.0,0.0,0.0,0.0,0.0,0.0,0.0,0.0,0.0,0.0,0.0,0.0,10546838.631113177,1099.9999999999995,0.12094273636191784,12989728.447513651,341.0608031914731,0.3715418604438286,12400675.817494128,172.85166360285604,0.5618782342210007,12210185.35600355,555.7875162450327,0.9144084929091011
Steel,1,2,4998.54,-0.029,0.7840718701481819,0.08292324084043504,0.024008855256913778,0.2593907296351285,0.06813108801841736,0.43586710982691845,0.0,0.0,0.0,0.0,0.0,0.0,0.0,0.0,0.0,0.0,0.0,0.0,0.0,0.0,0.0,12309433.393178381,548.3889767702838,0.10787566188084523,9710340.456491021,244.67677836241114,0.5595051471325059,0.0,0.0,0.0,0.0,0.0,0.0
Steel,2,3,4998.53,-0.029,1.1835831969976427,0.09692444932460786,0.03524278280306736,0.34195432801780756,0.0821882951259613,0.4186302147582307,0.1774891302421908,0.037739723324775695,0.7687907477897296,0.0,0.0,0.0,0.0,0.0,0.0,0.0,0.0,0.0,0.0,0.0,0.0,14454934.08811332,233.2882915733325,0.1785051924030642,13688135.12762336,539.7786099679857,0.6900511652328392,12516710.588570694,880.8318779084019,1.0295521878173948,0.0,0.0,0.0
Steel,3,3,4998.52,-0.03,1.127031783759594,0.10161200559139252,0.02612233385135319,0.3780140510731426,0.08014469772577286,0.14936917521927023,0.2042463672381115,0.05429695546627045,0.5278933933390252,0.2053436034567588,0.07675381183624268,0.8276302402503585,0.0,0.0,0.0,0.0,0.0,0.0,0.0,0.0,0.0,26254894.172037244,292.16333143979796,0.12550187851522532,22551016.949666347,384.2430634327072,0.7930432593464791,19732889.478818323,1099.9999999999995,1.0143286042566029,0.0,0.0,0.0
Steel,1,3,4998.52,-0.03,1.531076142191887,0.07316039890050889,0.011247219755127656,0.4613983744043734,0.08001954615116119,0.63640921752986,0.0,0.0,0.0,0.0,0.0,0.0,0.0,0.0,0.0,0.0,0.0,0.0,0.0,0.0,0.0,40317005.1510631,229.26024546539273,0.1822421026599982,37618745.34872695,731.3438619856388,0.43620044829834337,40387504.6356895,479.88825205676375,1.1097591827836446,0.0,0.0,0.0
Steel,1,3,4998.51,-0.03,0.8987653210759163,0.09970760333538056,0.03558362859763503,0.20376626651599228,0.06724443078041077,0.25261393695423906,0.0,0.0,0.0,0.0,0.0,0.0,0.0,0.0,0.0,0.0,0.0,0.0,0.0,0.0,0.0,7114889.120147244,992.0096896040709,0.10193023261955442,7113012.463653801,465.1826976996907,0.2276538161378555,8617645.236121137,453.67434711404655,0.644320289649071,0.0,0.0,0.0
Steel,4,4,4998.51,-0.03,1.6811684578657151,0.08098334115743638,0.009340551594273723,0.2549456880732517,0.11334922790527345,0.5688733243853205,0.36589039466635753,0.07402104198932648,0.8954046876368671,0.3469824925152732,0.12619717240333558,1.2152981433805352,0.31432943163847027,0.11002370536327363,1.4795257233809027,0.0,0.0,0.0,0.0,0.0,0.0,36222673.45339382,191.34793393040357,0.22226490720211145,37581293.80909826,148.83531958187567,0.7518653103515427,36846166.65514918,663.2235256100688,0.9398231415522241,31868248.29243771,1067.4551877342271,1.4929955992366293
Steel,2,2,5001.5,0.03,0.6423746608197689,0.06997537237405778,0.014561671599460552,0.22933816866215034,0.035124552100896836,0.23470213227123135,0.3264465275549763,0.08783535361289979,0.3959602858739182,0.0,0.0,0.0,0.0,0.0,0.0,0.0,0.0,0.0,0.0,0.0,0.0,14903127.188398024,686.2279797166866,0.10362522076246737,13591756.60784098,830.3805735125198,0.5492978702558426,0.0,0.0,0.0,0.0,0.0,0.0
Steel,6,3,5001.51,0.03,1.8113733917474748,0.08839860892295838,0.020047888799731975,0.3417835304573467,0.08684124648571015,0.3498117664054818,0.29229406776070693,0.05850586146116257,0.5654116621671986,0.21757695979440894,0.14330636084079743,0.8928541588410089,0.2617609329033255,0.04426466763019562,1.218324160961989,0.17233862086820562,0.05704381227493287,1.383303349230666,0.5967112219165883,0.09063611745834352,1.594060440908878,87632932.0942696,583.9059943051373,0.1811373409861209,97540680.36497378,677.3290234461924,0.526811191751023,84236139.63757825,741.4865662709764,1.6242354180657603,0.0,0.0,0.0
Steel,2,2,5001.51,0.03,0.8518791154026986,0.07195770984888077,0.005236089555075871,0.26752834712744433,0.15,0.22325428695690627,0.391001316795987,0.02,0.7631934921509151,0.0,0.0,0.0,0.0,0.0,0.0,0.0,0.0,0.0,0.0,0.0,0.0,18873718.80528052,737.646978927334,0.13580692221911178,19484472.873863067,971.7301772397076,0.7531924921509151,0.0,0.0,0.0,0.0,0.0,0.0
Steel,2,2,5001.52,0.03,0.6160711079835892,0.07638098633289338,0.013332905483262627,0.20238784250656144,0.07285390079021455,0.4736287662923242,0.3529781338124156,0.06028307735919952,0.5522623002274936,0.0,0.0,0.0,0.0,0.0,0.0,0.0,0.0,0.0,0.0,0.0,0.0,15268975.722712643,705.9587956380932,0.23900552397743308,17679410.807227187,683.5497714021071,0.5386318557976644,0.0,0.0,0.0,0.0,0.0,0.0
Steel,4,4,5001.53,0.031,1.471190592646599,0.10914026165008546,0.007510707954505676,0.26753249551024916,0.15,0.49298782193655954,0.2122740250430897,0.09787905514240265,0.9020660807381744,0.4241325418588113,0.09457603454589844,1.0804653917239067,0.12526950895293737,0.049927337616682055,1.287035733624831,0.0,0.0,0.0,0.0,0.0,0.0,25789522.548966322,186.58867760279654,0.24137452791462038,20146152.118228357,456.98887608419625,0.7944881589331696,23840417.87343809,361.35046108764385,1.065205099203436,20176875.986184314,241.40519873417188,1.3062056315823747
Steel,3,3,4998.47,-0.031,0.25,0.0927042419910431,0.014999786528044724,0.1972467769021873,0.05935491472482682,0.025272049687199594,0.23043775896340374,0.1070493108034134,0.11157832196781325,0.31763829844226754,0.1132439398765564,0.22489802413996648,0.0,0.0,0.0,0.0,0.0,0.0,0.0,0.0,0.0,16370246.588815711,205.59811070887045,0.04937272074253504,15611447.329028176,265.6638685429572,0.12343649162838732,17721487.0151431,513.9992453020208,0.21066175355602712,0.0,0.0,0.0
Steel,1,2,5001.53,0.031,1.359236764907837,0.09719727337360383,0.03738991817844069,0.3642177542097122,0.02,0.20145258813046896,0.0,0.0,0.0,0.0,0.0,0.0,0.0,0.0,0.0,0.0,0.0,0.0,0.0,0.0,0.0,23179016.17443028,602.8080573043825,0.16332662912058665,15736817.38005579,279.588258259047,0.8927567615612519,0.0,0.0,0.0,0.0,0.0,0.0
Steel,3,4,5001.54,0.031,0.6839624881744385,0.05827124267816544,0.001991957565099108,0.32854618753739984,0.02,0.1918097473380072,0.5134695963567975,0.11662018477916718,0.3583164313694675,0.32781510325278224,0.10336494266986848,0.4818894247584265,0.0,0.0,0.0,0.0,0.0,0.0,0.0,0.0,0.0,32612044.135074876,838.3477609829314,0.0797533162674769,29493944.595418405,291.88664996943055,0.23517620634969771,31273678.905197773,429.49829649373817,0.34096527245401004,28181559.60700206,889.3380224823511,0.5968186967620932
Steel,2,3,4998.45,-0.031,0.5847871914505959,0.11062189412117006,0.0549621716663347,0.4176805305743498,0.08140009552240372,0.10998193944661244,0.23068109571806758,0.05727745592594147,0.31110916132339844,0.0,0.0,0.0,0.0,0.0,0.0,0.0,0.0,0.0,0.0,0.0,0.0,13790204.666794632,561.0493206554049,0.05847871972984678,13937265.586753845,714.8233087110707,0.16697396184066132,15355702.433281872,435.5612016194486,0.43657612979292915,0.0,0.0,0.0
Steel,1,4,4998.44,-0.031,0.8228752225637436,0.12885987794399262,0.009767664787570563,0.38106644697298214,0.06966382771730423,0.6351249826185497,0.0,0.0,0.0,0.0,0.0,0.0,0.0,0.0,0.0,0.0,0.0,0.0,0.0,0.0,0.0,26649335.60869677,568.8341821430479,0.34201313214410245,18315154.77260792,477.9079842742846,0.47258888372213537,18239004.16386156,513.9108244890518,0.4964170678489587,20621065.69694106,464.36866439339155,0.7188454825450721
Steel,5,3,4998.44,-0.031,1.0471973225474358,0.08816850197315217,0.01841560563431411,0.2013189657160436,0.06935307383537292,0.18401794847516142,0.40510112746915883,0.14658280372619628,0.3473683407418413,0.2833659620252103,0.10842915892601014,0.48491044168486475,0.23183416744917548,0.11744816958904267,0.6889914628704623,0.27190241830061246,0.07293651252985,0.8579675177513566,0.0,0.0,0.0,66729787.31045014,496.01912038198856,0.10471973330194091,43349858.85527861,824.0530524807629,0.336018501167863,36865450.64630312,656.461205639247,0.9130531839724871,0.0,0.0,0.0
Steel,4,2,5001.56,0.031,0.3296917736530304,0.05934167122840882,0.01253363606593723,0.34482258518327885,0.07603342026472092,0.047223888073597016,0.341750837937509,0.02,0.12627773711118778,0.21112022954313106,0.06535382568836212,0.17484515006636278,0.21707579415128306,0.054251788854599,0.24834992753576898,0.0,0.0,0.0,0.0,0.0,0.0,17052880.87137198,646.1121202692473,0.035408587713564484,18637577.889683206,622.5998732862026,0.2733591266151695,0.0,0.0,0.0,0.0,0.0,0.0
Steel,1,4,5001.58,0.032,1.5125880688428879,0.08593914252519609,0.034589803787802506,0.7242990495065056,0.11732450962066651,0.5952101700384906,0.0,0.0,0.0,0.0,0.0,0.0,0.0,0.0,0.0,0.0,0.0,0.0,0.0,0.0,0.0,80555371.95088238,132.93873722674036,0.23835150385899181,77533297.49745525,349.5417633388411,0.7371928701667786,74395802.62893504,652.9116150299693,0.9948111486651006,80010642.69356418,937.451180237665,1.2609605909889776
Steel,1,2,5001.58,0.032,1.3137353122234345,0.05569558864831925,0.01029144451372806,0.30907383203507266,0.0814609956741333,1.0786294346583694,0.0,0.0,0.0,0.0,0.0,0.0,0.0,0.0,0.0,0.0,0.0,0.0,0.0,0.0,0.0,103467319.2481505,413.3682262319656,0.5360503825955567,122649871.91066097,173.9477844111214,1.1823617796873558,0.0,0.0,0.0,0.0,0.0,0.0
Steel,6,4,4998.42,-0.032,1.2654560834169388,0.07960619080066682,0.011014879779695013,0.500003402545424,0.08770381331443787,0.18113058704457202,0.24959195877127224,0.07770534813404084,0.31822157930325495,0.240424094772607,0.06950827836990357,0.43573054472076583,0.23092865477103325,0.07168491542339325,0.599844101764577,0.3676991881732828,0.084237719476223,0.7370624195627987,0.22895152125576168,0.09295167922973634,0.9701582503317931,42739264.22290056,383.96556590075573,0.1432848979485168,46143043.85511004,815.4833900820323,0.6551612830425906,47066522.45741756,121.743437794834,0.8463745194391739,40865211.42280586,1099.9999999999995,1.0956500842593617
Steel,4,2,5001.59,0.032,1.3698858439922332,0.07832726776599884,0.02057541416450922,0.189373515895815,0.06255707949399948,0.2801137689330123,0.44786775270862816,0.04559159278869629,0.7405895928773549,0.1958701388512822,0.08167880892753601,0.9909747452229389,0.27843253712529964,0.14422545373439788,1.1848266319409868,0.0,0.0,0.0,0.0,0.0,0.0,126066218.75731032,136.8726313941445,0.17704209140907412,120925938.2785592,136.21679254431353,1.1187002967308506,0.0,0.0,0.0,0.0,0.0,0.0
Steel,2,2,4998.41,-0.032,1.050439715385437,0.0576870459318161,0.003874324380144962,0.39154134115039074,0.09927805781364442,0.21937439540252457,0.19350116297880382,0.07765755474567414,0.47361468958928793,0.0,0.0,0.0,0.0,0.0,0.0,0.0,0.0,0.0,0.0,0.0,0.0,86760681.99728096,663.1224471904507,0.10504397258898343,82674728.7177715,343.9115866955442,0.8258880223500078,0.0,0.0,0.0,0.0,0.0,0.0
Steel,2,2,4998.41,-0.032,0.8322756201028824,0.07950865751504899,0.026647630564305993,0.4437621239555431,0.0562701877951622,0.507791566532745,0.5469064850799328,0.08834271669387818,0.7263903283681378,0.0,0.0,0.0,0.0,0.0,0.0,0.0,0.0,0.0,0.0,0.0,0.0,54422042.18482301,325.01473631947874,0.1812861181079061,60446079.62420394,358.4692256538058,0.7104426613349344,0.0,0.0,0.0,0.0,0.0,0.0
Steel,3,3,4998.4,-0.032,1.1343055963516235,0.0808376950621605,0.009796009585660617,0.4620730118694941,0.07890942692756653,0.28578662174432046,0.4380725995950754,0.09229169189929963,0.39539524280652333,0.3438143811482915,0.05953143566846848,0.7490509080016762,0.0,0.0,0.0,0.0,0.0,0.0,0.0,0.0,0.0,41548685.93479242,683.1905606441944,0.196364293968657,36381268.05609908,583.4079358260035,0.5838707940402992,43385120.54155177,149.41390056792181,0.9463275015510131,0.0,0.0,0.0
Steel,5,2,5001.62,0.032,0.5463326737284661,0.07652848601341249,0.01667509303232345,0.26648247016549786,0.09556218385696412,0.06696905748725263,0.21955034084202618,0.03877624824643135,0.1764963294171849,0.24247466365568968,0.08073878705501557,0.28299882253282477,0.17987178146211708,0.05730392128229142,0.3599532280361856,0.2115946668887419,0.10127512872219087,0.4793344520595757,0.0,0.0,0.0,19698045.114815675,1013.0626761148803,0.08890226091029796,21498601.185965404,327.62183444282095,0.4434247889105494,0.0,0.0,0.0,0.0,0.0,0.0
Steel,1,3,4998.38,-0.032,0.9644472494721413,0.10219818711280824,0.03816500260447631,0.2738693903324994,0.08163792341947555,0.8679925245249271,0.0,0.0,0.0,0.0,0.0,0.0,0.0,0.0,0.0,0.0,0.0,0.0,0.0,0.0,0.0,46475031.511047654,217.3789822696776,0.5469287882413805,56493279.93381712,395.25330880819826,0.7063950802196475,53419057.80355226,325.3726564059593,0.8579915245249271,0.0,0.0,0.0
Steel,2,4,4998.35,-0.033,0.8724972471594811,0.10186565053462983,0.014267469259407613,0.276179553314701,0.027295160852372647,0.27576528927864385,0.36437395117750904,0.0898534232378006,0.7171881054903084,0.0,0.0,0.0,0.0,0.0,0.0,0.0,0.0,0.0,0.0,0.0,0.0,17138077.226228897,1099.9999999999995,0.10556715347676698,11207078.303182105,205.23930766429942,0.24923696491103298,15751070.496268453,344.77198476208224,0.4914751340123868,17272442.758800693,83.15060273675721,0.7595088711552632
Steel,3,3,4998.35,-0.033,1.283056715130806,0.1434204078912735,0.04520040300627573,0.24197823647746425,0.0635240238904953,0.17540296405488986,0.26878597041002616,0.06907749474048615,0.634871519189278,0.20424653320810518,0.07081524312496186,0.7480733288627783,0.0,0.0,0.0,0.0,0.0,0.0,0.0,0.0,0.0,21444558.6219292,391.76699591540256,0.1399783110870304,20939599.126277015,456.07386185482216,0.36406990278477525,22461867.563671544,394.52398704974433,1.116494135060765,0.0,0.0,0.0
Steel,1,3,4998.32,-0.034,1.2083754360675814,0.12299483799934388,0.014858546606853307,0.292337973638817,0.108229438662529,0.8221634652675265,0.0,0.0,0.0,0.0,0.0,0.0,0.0,0.0,0.0,0.0,0.0,0.0,0.0,0.0,0.0,32367289.64335686,323.8338060324609,0.48801489467045217,34940388.08349339,902.3386619268736,0.6442041927442226,36393554.222175516,245.2440516162413,1.0179347280263409,0.0,0.0,0.0
Steel,4,4,4998.31,-0.034,1.2270936399698258,0.08861183893680573,0.013587693425692987,0.34441928891077783,0.07351940512657165,0.12271936399698258,0.2111642388447249,0.0706210321187973,0.44079581887588637,0.30122556257568767,0.07297959476709366,0.6736408849153253,0.29845029942387497,0.059265170395374295,0.8963593831409743,0.0,0.0,0.0,0.0,0.0,0.0,19368664.442391437,394.6922419481378,0.16466646155546547,18919277.20921079,624.5041076173732,0.5795764689400908,18334389.83467493,266.4524448802926,0.7812897801538138,20294047.44540976,653.7191759755946,1.066872113142943
Steel,1,4,5001.71,0.034,1.5046048432588577,0.05955559527873994,0.017906311511463678,0.48556007605650636,0.06288026601076126,1.014690378386654,0.0,0.0,0.0,0.0,0.0,0.0,0.0,0.0,0.0,0.0,0.0,0.0,0.0,0.0,0.0,20010862.594627008,574.5879730653729,0.30060599794600584,17508334.227648783,508.4283074128216,0.6124774597965039,19520060.19557432,1065.7790922705815,0.9959567465375121,18498173.64351504,590.145287647443,1.3541443574283671
Steel,5,2,4998.28,-0.034,1.2390801668167115,0.08223974609375001,0.023513842167243063,0.37953548430629025,0.06806574016809464,0.34285793702648787,0.31474449464742976,0.06519867151975632,0.5100140943564151,0.25947601203789794,0.09377857923507692,0.7016379018996063,0.17525272709236078,0.024594461023807527,0.8814046886711109,0.2907910387902273,0.049275013655424124,0.9257370105683285,0.0,0.0,0.0,182656169.19006914,519.9461415335569,0.20509516781485732,195656175.94806185,219.60200660855443,1.0755402783028996,0.0,0.0,0.0,0.0,0.0,0.0
Steel,4,3,4998.27,-0.035,1.614991644024849,0.09331676304340364,0.024573050074637906,0.3191798361908399,0.0997141879796982,0.29435888355267653,0.2638063998758598,0.15,0.6265616752662969,0.19870501154192194,0.04596280127763748,0.834896728553735,0.2558033679219613,0.07752460420131684,1.093640501892975,0.0,0.0,0.0,0.0,0.0,0.0,37682215.4146871,689.1041358783079,0.3146762875362464,34186422.65381489,291.7964082756832,1.041219208867277,33426985.952029824,317.4031193828941,1.406711308771358,0.0,0.0,0.0
Steel,2,2,5001.74,0.035,1.2886586904525756,0.07920814394950867,0.02663586256648196,0.3506130101070503,0.1233120882511139,0.4733526557748249,0.41242758826819803,0.13926059782505035,0.9960719658852099,0.0,0.0,0.0,0.0,0.0,0.0,0.0,0.0,0.0,0.0,0.0,0.0,99666623.92159243,351.9818186675489,0.30152119513612785,80302371.6822736,837.0299698913889,1.1225116006029765,0.0,0.0,0.0,0.0,0.0,0.0
Steel,1,4,4998.25,-0.035,1.919318073987961,0.09966239786148072,0.03409074866110819,0.2907145844312871,0.02954883597791195,0.7171036926554066,0.0,0.0,0.0,0.0,0.0,0.0,0.0,0.0,0.0,0.0,0.0,0.0,0.0,0.0,0.0,14358474.202007588,772.7978593618955,0.20244907204727972,15239066.801435156,276.2635315976699,0.43533354151502723,14210544.39169421,218.74479875167287,0.8726036802744103,11374951.119692592,649.4592898960155,1.5159418551264998
Steel,5,4,4998.24,-0.035,0.7350590243935585,0.08311650037765504,0.007369369242219568,0.37865992718810476,0.11668890714645387,0.07351590243935585,0.5113219770937891,0.09075655400753022,0.20810175088236368,0.29560181887780423,0.02,0.3144193358528407,0.45588207815734794,0.0430179288983345,0.45975427288969684,0.2753595173528644,0.0724196419119835,0.5340578495790648,0.0,0.0,0.0,31710914.167544827,774.8745801300578,0.08817960160361463,34248246.58411251,1012.8654399452299,0.24100281772398624,33404344.89865625,787.135835349604,0.36786680514523706,29427937.263788044,549.0997919582338,0.6209037499981764
Steel,2,3,5001.76,0.035,0.3093230418860912,0.11052037858963014,0.018346847425308975,0.2795964779234097,0.06217213273048401,0.07473700285736504,0.38019342957127794,0.05914712429046631,0.20741229019952867,0.0,0.0,0.0,0.0,0.0,0.0,0.0,0.0,0.0,0.0,0.0,0.0,8254052.953388501,303.03200902566385,0.03576222592402264,8714602.795746481,240.598459229929,0.1339043830189296,11986309.805107377,597.7978798051765,0.23719257282909478,0.0,0.0,0.0
Steel,2,2,4998.23,-0.035,1.0284540325403215,0.08607842379808427,0.033616723793175596,0.2502575601074935,0.06037026852369308,0.48750712457847134,0.30295410332671685,0.12130977153778078,0.8502196514791729,0.0,0.0,0.0,0.0,0.0,0.0,0.0,0.0,0.0,0.0,0.0,0.0,27426872.990117554,444.9614764730646,0.2093848633172854,23011178.26894569,626.1408070030973,0.9134783106359473,0.0,0.0,0.0,0.0,0.0,0.0
Steel,3,4,4998.22,-0.036,1.3507039606571198,0.06496266001462937,0.011076765977874313,0.4167622546879239,0.04444068491458893,0.4014959163003847,0.2859359285340619,0.02,0.733690870210216,0.21721636235936334,0.07339484244585037,1.177639900418779,0.0,0.0,0.0,0.0,0.0,0.0,0.0,0.0,0.0,8639171.468911253,591.2580903492043,0.16217650107062387,10356415.869290864,416.1674825702739,0.5820314341750139,9206894.71646838,890.6029218675784,0.860582494188303,10778475.438937608,913.3909323816941,1.1449991473474979
Steel,2,2,5001.78,0.036,0.7651365473866463,0.12270528090000155,0.02697555270424735,0.2600119217262977,0.10096609115600587,0.23065829091655432,0.30573434621585843,0.1307431310415268,0.6701976856056375,0.0,0.0,0.0,0.0,0.0,0.0,0.0,0.0,0.0,0.0,0.0,0.0,27437381.806867782,622.9716144669738,0.15051668805165114,29841678.393178944,300.3325786711874,0.6571160637700196,0.0,0.0,0.0,0.0,0.0,0.0
Steel,6,4,4998.21,-0.036,1.6057157397270203,0.10175378370285035,0.035078579177682624,0.26615115438575154,0.10622096955776215,0.24897308366010368,0.2068321734743901,0.10308481514453889,0.5557249450854715,0.3523989160858968,0.07146294116973877,0.7330358636315588,0.23625979528485846,0.06310341030359268,0.9302464724043705,0.34570139280198703,0.0420351754128933,1.1404593589016212,0.3970268655828368,0.1445475399494171,1.3607139388173097,30653152.660823908,898.3078850160084,0.2143367640119656,43852559.954180755,727.3228523037529,0.8105974542530171,28206488.666621536,386.7842163481762,1.0428461800479147,35259511.2327327,836.64971714893,1.4075937933820406
Steel,3,3,4998.21,-0.036,0.8527129113674164,0.07658092385530473,0.013382204420163808,0.2655098006397127,0.06856046527624131,0.21168085937673767,0.18960161194028727,0.03037207670509815,0.4163974598950335,0.23889584652879292,0.02,0.7352826629239753,0.0,0.0,0.0,0.0,0.0,0.0,0.0,0.0,0.0,7063766.657768248,770.1306209559289,0.10231915646959117,7641935.508584532,325.7718697125708,0.3495039706525418,6308309.717653458,167.50379563326666,0.6918286818426613,0.0,0.0,0.0
Steel,1,2,5001.82,0.036,0.671379490941763,0.06659982860088348,0.007572511698543867,0.3674623464360449,0.07480412364006042,0.3708046746984938,0.0,0.0,0.0,0.0,0.0,0.0,0.0,0.0,0.0,0.0,0.0,0.0,0.0,0.0,0.0,12618498.507897342,414.34965426052213,0.11327894191581624,13366234.508273197,373.34286778897905,0.47734153991710854,0.0,0.0,0.0,0.0,0.0,0.0
Steel,1,2,4998.17,-0.037,0.89459937363863,0.09111238467693329,0.012525776436739865,0.28027774479221823,0.09780615627765656,0.6021342965991384,0.0,0.0,0.0,0.0,0.0,0.0,0.0,0.0,0.0,0.0,0.0,0.0,0.0,0.0,0.0,17018686.259903997,346.93396239242134,0.15155340622343821,14989524.338679979,357.47519625753415,0.7254026209559709,0.0,0.0,0.0,0.0,0.0,0.0
Steel,2,3,4998.17,-0.037,1.0154191270470618,0.09257483804225923,0.019337023406729166,0.3265101270927424,0.13474984884262084,0.2276438864745275,0.22305312100332098,0.0825635987520218,0.6334022060300544,0.0,0.0,0.0,0.0,0.0,0.0,0.0,0.0,0.0,0.0,0.0,0.0,19003038.858552765,315.3972853684971,0.1126626089200094,17335506.660353445,815.6541554935611,0.4594043804457325,21516367.094959684,1099.9999999999995,0.8208229411754955,0.0,0.0,0.0
Steel,5,2,5001.84,0.037,1.0048805370926859,0.12483419549465181,0.06000000000000005,0.24483830651704583,0.04455617010593414,0.16213207556388037,0.20061764687558095,0.06932786375284195,0.23783325202737193,0.2925339179653841,0.07935030311346054,0.43565408293567703,0.44224697903753235,0.03536427453160286,0.6192616466433477,0.2263875011701759,0.0440237732231617,0.8099715379976554,0.0,0.0,0.0,29954716.100250855,426.7950523809031,0.11380067588555307,30320936.248335905,745.8440285290919,0.7770440128342901,0.0,0.0,0.0,0.0,0.0,0.0
Steel,1,2,5001.86,0.037,0.9079037204384804,0.03906320533156395,0.004460946285133805,0.3066047164824447,0.06273461550474167,0.4435361247656318,0.0,0.0,0.0,0.0,0.0,0.0,0.0,0.0,0.0,0.0,0.0,0.0,0.0,0.0,0.0,23211702.57908815,806.9810147996335,0.20365626412620402,32902047.732869416,227.51566061895042,0.6375922465739536,0.0,0.0,0.0,0.0,0.0,0.0
Steel,2,4,5001.86,0.037,1.191566202044487,0.079313942193985,0.025867355661178287,0.347099726091097,0.04921236038208008,0.7912511397617848,0.23997601858625667,0.15,1.0723995818400385,0.0,0.0,0.0,0.0,0.0,0.0,0.0,0.0,0.0,0.0,0.0,0.0,25548039.552207418,295.27819347465027,0.1667730193213446,21414293.19797337,344.9577294353279,0.3708278328353818,20902611.869764503,1099.9999999999995,0.4810531870449281,22408500.663540453,741.9087963146526,1.0542132181117219
Steel,1,4,5001.89,0.038,1.2090125679969788,0.07145953553915024,0.024469442666488327,0.17415833149429233,0.06058041840791703,0.724151693462571,0.0,0.0,0.0,0.0,0.0,0.0,0.0,0.0,0.0,0.0,0.0,0.0,0.0,0.0,0.0,9345970.52798157,625.7577562699821,0.4189339274734249,7695304.351595643,712.574839902254,0.6633802204686693,7597056.557095482,336.78806331481513,0.7122211226890722,9090607.126597375,623.3726744138977,0.9661316814710249
Steel,5,3,4998.11,-0.038,0.8804251730442048,0.09297001564502717,0.01447992471375189,0.37720501548100377,0.1035871183872223,0.1414146425269021,0.24473607951389345,0.06939263045787812,0.32380737898690437,0.2110821748610711,0.07601967424154282,0.4602409767753313,0.22716546661830467,0.13816633999347686,0.6460028577547726,0.34632629928112907,0.11520264744758607,0.7923726557397842,0.0,0.0,0.0,33017790.492636744,308.37929576348205,0.10740703813266594,31137833.075468145,441.8963026828112,0.5552493228752451,26776129.150622092,575.0361021039794,0.7698425255071751,0.0,0.0,0.0
Steel,2,2,4998.11,-0.038,1.5021569907665253,0.09505016148090363,0.012100925198818046,0.35216757491643946,0.10936023890972138,0.6682395499725358,0.17353470256613943,0.049092069119215015,0.9357220900911702,0.0,0.0,0.0,0.0,0.0,0.0,0.0,0.0,0.0,0.0,0.0,0.0,195090630.72597042,625.3508726987014,0.22987381679153843,165249955.59076774,530.3962308315017,1.2735156781888293,0.0,0.0,0.0,0.0,0.0,0.0
Steel,1,3,5001.92,0.038,0.8960947260260582,0.08721744769811632,0.024720343383030825,0.3670359585361233,0.055049650967121125,0.6659940096325263,0.0,0.0,0.0,0.0,0.0,0.0,0.0,0.0,0.0,0.0,0.0,0.0,0.0,0.0,0.0,9903939.868493667,391.6080457580852,0.23805178152472814,8917668.404262291,545.1003603936613,0.48761454322990005,10384399.393261798,259.52625025402097,0.7644805953453221,0.0,0.0,0.0
Steel,1,4,5001.94,0.039,0.7620977655053139,0.05403462392091751,0.016468363178949254,0.3473505631336576,0.06354673117399216,0.4614191297549752,0.0,0.0,0.0,0.0,0.0,0.0,0.0,0.0,0.0,0.0,0.0,0.0,0.0,0.0,0.0,4499458.885109425,442.26403040106896,0.16815133129449622,3772539.246784966,298.13927792768516,0.3651236718911904,4280817.636411359,314.6761940419604,0.5019783789684911,5290097.465766015,521.1862690952821,0.6400644970531519
Steel,2,4,5001.94,0.039,0.6500088311731815,0.1116924284696579,0.01629361704074893,0.24789895747413465,0.08506693243980408,0.16680868503687318,0.3276780660508482,0.11131239116191864,0.43991480548540596,0.0,0.0,0.0,0.0,0.0,0.0,0.0,0.0,0.0,0.0,0.0,0.0,10746353.18361078,179.01604839188283,0.08122392549732965,10512697.002702326,778.6567468071432,0.3339380053788388,9084640.100828039,384.9424520250195,0.37274182957798796,12446638.367054142,396.35744702256574,0.5340480014040296
Steel,3,4,5001.94,0.039,1.4053088575601578,0.047091290384531026,0.005597182024749294,0.27218255304664146,0.0669594332575798,0.32521572551870837,0.2523399252986996,0.07164716809988023,0.7234580839096174,0.17028218113680874,0.09015901267528535,0.977845285699952,0.0,0.0,0.0,0.0,0.0,0.0,0.0,0.0,0.0,18457064.2847255,448.8313679952621,0.16514831141351077,18568219.620167777,267.4982637625418,0.8101396528202934,15308312.426202623,206.62324688920518,0.9974289320201444,14183527.47627463,662.4526867983018,1.228867753437807
Steel,2,2,4998.03,-0.039,1.1093845635652544,0.06943918687105179,0.010799262502227649,0.411425319143204,0.02743845820426941,0.2977952890453053,0.3969221255099391,0.10360217392444611,0.8378913442360687,0.0,0.0,0.0,0.0,0.0,0.0,0.0,0.0,0.0,0.0,0.0,0.0,35218531.96981287,411.02131752910856,0.24374120125372073,32750700.987894434,469.1354022831278,0.9471555045472535,0.0,0.0,0.0,0.0,0.0,0.0
Steel,1,4,5001.98,0.04,1.0415933623909952,0.08327783423662187,0.027671846483827752,0.2232153398645797,0.1403779000043869,0.7183263083749925,0.0,0.0,0.0,0.0,0.0,0.0,0.0,0.0,0.0,0.0,0.0,0.0,0.0,0.0,0.0,12633420.441377643,563.298858000491,0.1597412529421669,13631560.769563798,568.2717796739211,0.256160780212981,14079967.506633816,864.2625928571116,0.3337012841925983,16580255.7246632,626.2122673700444,0.7642476237470393
Steel,2,4,4998.01,-0.04,1.0711660757660866,0.06878741043806076,0.023864419704273308,0.3615749804076248,0.06801187574863433,0.1596715473398065,0.3874227805651488,0.10316687285900117,0.7865260756516537,0.0,0.0,0.0,0.0,0.0,0.0,0.0,0.0,0.0,0.0,0.0,0.0,13215269.302003885,168.8963915703141,0.1410589053438001,13863327.834411647,308.10357579762336,0.5080286227513708,17727289.79263231,423.96590876339985,0.6459109880385031,20056825.686525665,716.8136089032133,0.9194387000311025
Steel,4,2,5001.99,0.04,1.3352939248085023,0.09259273910522461,0.00730590869329821,0.31087812911945895,0.04594595193862915,0.18449125579139913,0.551825012169202,0.048246810734272005,0.40389782466848734,0.28487632307143185,0.08418923646211625,0.6858952970049421,0.2586932468592465,0.12840517580509186,0.9297908575667422,0.0,0.0,0.0,0.0,0.0,0.0,140678971.58592343,525.4616492496151,0.20581752245031548,189192731.31305173,278.4882743992615,1.1741557985533086,0.0,0.0,0.0,0.0,0.0,0.0
Steel,2,4,5002.0,0.04,1.120360368490219,0.11004970335960389,0.022555619154856935,0.34122441709098167,0.09804267466068269,0.6477549534202858,0.25270635640179867,0.08636361479759216,0.8629769524248521,0.0,0.0,0.0,0.0,0.0,0.0,0.0,0.0,0.0,0.0,0.0,0.0,14394943.909893908,405.6742179462866,0.2275117927709467,12715104.953954922,553.5028013200634,0.49494680292252674,11536194.873779498,288.0256923287735,0.8367583032934108,12950659.4272051,488.18637674180553,1.0083243305208367
Steel,1,4,5002.0,0.04,1.4633627355098724,0.07028233540058136,0.01649352241212033,0.36388855363551653,0.1467961460351944,0.7747633181647542,0.0,0.0,0.0,0.0,0.0,0.0,0.0,0.0,0.0,0.0,0.0,0.0,0.0,0.0,0.0,31657832.391091157,362.9353572877645,0.19209594832164797,34212379.31992146,884.8422284340428,0.40902852807524,33765228.11294469,205.28776111778038,0.9888902230117821,32529097.232343625,1099.9999999999995,1.2206287804822165
Steel,2,3,4998.0,-0.04,0.7306376397609711,0.06368095237016679,0.02790340121606193,0.3860852463216877,0.1018206924200058,0.19912007026750678,0.19077279821171678,0.08506494104862214,0.30224266840399683,0.0,0.0,0.0,0.0,0.0,0.0,0.0,0.0,0.0,0.0,0.0,0.0,16615832.217499817,177.04149114249705,0.08193451783601298,11208720.929403653,114.81549366173016,0.2777479087877626,13742361.549979098,687.3366383444678,0.5383528490372148,0.0,0.0,0.0
Steel,6,2,4998.0,-0.04,1.7853848487138748,0.13944368040561678,0.032695667040984096,0.42716439621188407,0.06652844041585923,0.3877516316363265,0.2895882374219374,0.13465626120567323,0.5529395592369423,0.30569417751171285,0.08794242382049561,0.7852527640210154,0.27054645601465255,0.08218417674303055,1.0650898559695885,0.34281859704565637,0.11170846104621888,1.263858180815418,0.28984280245650657,0.13926387548446656,1.466834458914012,223216352.83602726,309.2257873633227,0.2685383938525601,212604888.69827014,135.94821999548526,1.558434213188644,0.0,0.0,0.0,0.0,0.0,0.0
Steel,5,3,5002.01,0.04,1.2404991030693053,0.08457321101427079,0.004471008005536412,0.3389448055062283,0.13951507747173308,0.21945404350584635,0.430199377907088,0.08733007490634918,0.42255053336925985,0.39633921619052087,0.09747495770454408,0.577910495727922,0.3118732410573383,0.11057688593864441,0.8146809854187073,0.3336180298528735,0.0867779403924942,0.9896940082384151,0.0,0.0,0.0,112158103.11929019,718.4859156598005,0.14512994346534128,60747661.39473936,862.2192798643116,0.7455184798034562,90672576.45635214,319.88656452499225,1.116098129984143,0.0,0.0,0.0
Steel,5,3,5002.01,0.04,1.0318549916148188,0.0672681137919426,0.025878188981423713,0.1859811334710448,0.028733085244894027,0.239418425685672,0.319955619816546,0.057590317428112034,0.35549236018647656,0.19233399674228946,0.0589227944612503,0.5136976684390562,0.19184508230372055,0.03310181684792042,0.6932145009079684,0.3452698685752073,0.09234179437160493,0.8644752671973298,0.0,0.0,0.0,17910038.316669993,688.226375726248,0.11299239348282514,23633493.80798687,391.00283522762163,0.3446950900484058,25232706.26572578,691.0076854994766,0.8512147271103426,0.0,0.0,0.0
Steel,3,3,4997.97,-0.041,0.8880843192338944,0.09163720321655275,0.04690235650773369,0.33736650283967834,0.13237264692783357,0.17772168501004598,0.33544331576514147,0.12561603486537934,0.5407479255375643,0.6528911849835659,0.08221205621957779,0.7225153358214146,0.0,0.0,0.0,0.0,0.0,0.0,0.0,0.0,0.0,41126980.390893705,1032.6265320965538,0.12216464570556283,49477725.38897158,337.89479939999507,0.38287578142249096,53986199.03400919,474.8818658684476,0.788312838112123,0.0,0.0,0.0
Steel,1,3,4997.95,-0.041,1.382357332110405,0.10619172382354737,0.040060053068592186,0.3374543529309531,0.02,0.5987281977911831,0.0,0.0,0.0,0.0,0.0,0.0,0.0,0.0,0.0,0.0,0.0,0.0,0.0,0.0,0.0,14192855.51397177,250.00906386909318,0.18998840016716256,14325171.480387269,258.22383353965364,0.5647311879980026,12246712.273595262,884.626808716029,1.025775719477838,0.0,0.0,0.0
Steel,2,4,5002.08,0.042,0.9832489266991615,0.11980061972141268,0.03931688418472113,0.4276157413031571,0.14287379503250122,0.2899445055632959,0.29327802422982346,0.03549372851848602,0.7398588082034492,0.0,0.0,0.0,0.0,0.0,0.0,0.0,0.0,0.0,0.0,0.0,0.0,19643621.39099126,195.86685640249632,0.11390207756849775,21250315.1634063,234.39901542841943,0.32180605144164875,18952081.206547663,814.7989782792052,0.5953594669194973,23482876.03744372,291.35005874867653,0.8787656150878898
Steel,4,3,5002.08,0.042,0.6511637017130851,0.06795693230628967,0.04505442800524497,0.30979683530435903,0.062095630764961246,0.08089490578044643,0.47340429011401536,0.0817406776547432,0.17386925729359734,0.2608041847543279,0.07146389037370682,0.34298213538474837,0.23328365657980382,0.02,0.4234061246408992,0.0,0.0,0.0,0.0,0.0,0.0,23594508.40716454,407.8974844287343,0.06551437363947654,26448224.566857584,465.8506253650689,0.28063812937286337,24129545.75000293,648.1895239368652,0.5297114451764453,0.0,0.0,0.0
Steel,5,2,5002.09,0.042,1.630997681617737,0.1280978174209595,0.0031926014957784233,0.26447220615348915,0.06290689796209335,0.29907023594186366,0.42270895672456105,0.037849912345409395,0.4646171039437266,0.2523593558306273,0.06024749577045441,0.8244419020048224,0.24586803270081223,0.07497096657752991,1.0462605881779878,0.26791427488697184,0.054754545390605924,1.2507284766412123,0.0,0.0,0.0,63620538.6784219,187.68110103921876,0.19723145668986797,63210210.11501506,527.5142231767704,1.418424195662798,0.0,0.0,0.0,0.0,0.0,0.0
Steel,3,3,5002.1,0.042,0.9539943933486938,0.09746440970897675,0.023813867907983118,0.32146848066234424,0.07654629647731781,0.21079898567827482,0.23710183637030674,0.08043381363153458,0.4583933012841491,0.45283644127305167,0.10144967377185822,0.7130115838297104,0.0,0.0,0.0,0.0,0.0,0.0,0.0,0.0,0.0,26167242.515882876,742.5024159679767,0.11229817935812557,25171579.28125444,555.8848366593224,0.44471462733407774,28884021.279304996,850.0264414393221,0.8270545863071613,0.0,0.0,0.0
Steel,6,4,4997.89,-0.042,1.4112907081842423,0.05497317284345628,0.04397853827476503,0.15906338591638874,0.1256757688522339,0.1958178605779085,0.3888825251136461,0.06794541984796525,0.3397912319332123,0.5402537654147348,0.06714850306510925,0.5752502321700959,0.2262993761353196,0.03937511846423149,0.8100545895311345,0.306782491114312,0.09303117215633393,1.0574826991059307,0.37565484296040114,0.15,1.186845639792777,55338078.30748837,365.77275890061213,0.14572169201401106,57189827.94282671,422.0385882702653,0.5424739448456971,50704265.21490093,152.65599842639153,0.680588114890858,58028286.45941108,730.5562021912765,1.2175855635783233
Steel,3,4,4997.88,-0.042,1.9330848872661592,0.11535828685760499,0.011692384799835144,0.29058136660931255,0.09536025524139405,0.3360868370962995,0.41562194186158474,0.10512075304985047,0.7039452826120579,0.28612400399209653,0.1043371444940567,0.9328593474334881,0.0,0.0,0.0,0.0,0.0,0.0,0.0,0.0,0.0,64583098.14193421,698.6606356174079,0.2345511533511799,40026909.30237418,240.75495837392216,1.1072065476313324,48699951.55334306,95.85165850493524,1.3064716633363012,36922731.54360325,692.5403534280164,1.6877259702080525
Steel,1,2,4997.87,-0.043,1.2227575480937958,0.06908545255661011,0.03807238122715697,0.2949868431289534,0.15,0.3520293232010933,0.0,0.0,0.0,0.0,0.0,0.0,0.0,0.0,0.0,0.0,0.0,0.0,0.0,0.0,0.0,48193888.0433242,287.3746813022406,0.16983424276986905,58868975.20331408,679.5365733002984,0.9698720006359578,0.0,0.0,0.0,0.0,0.0,0.0
Steel,2,2,4997.84,-0.043,0.885926914215088,0.06292426216602326,0.027551896033337995,0.2670858405281073,0.104922993183136,0.3162940323179733,0.1619187893357317,0.07660338819026948,0.6043824405821941,0.0,0.0,0.0,0.0,0.0,0.0,0.0,0.0,0.0,0.0,0.0,0.0,14429940.550429845,471.17051492362435,0.14480590840796204,11927348.667938828,306.56023860785,0.691423660678962,0.0,0.0,0.0,0.0,0.0,0.0
Steel,4,4,4997.82,-0.044,0.918226845562458,0.09491009306907655,0.011254767999184193,0.4205006596252432,0.07918281316757203,0.09351462620942044,0.1806184496100458,0.0725291258096695,0.25411191787594894,0.43756235878587535,0.0795249953866005,0.566098992504872,0.2533370651684688,0.08474899172782899,0.7548012848848795,0.0,0.0,0.0,0.0,0.0,0.0,25224038.660627693,213.50372989648486,0.11724364558331032,23124258.902622532,152.57741890020569,0.4347385790743276,29024618.020505335,655.7119681842813,0.5468526694079745,22627637.685578655,429.9726709457505,0.8054376098281534
Steel,2,3,4997.82,-0.044,1.0528564721345903,0.09003435981273653,0.027442670306003253,0.41649684236044177,0.057039438188076025,0.38304774944334385,0.23634904736171217,0.0874104279279709,0.554447912753237,0.0,0.0,0.0,0.0,0.0,0.0,0.0,0.0,0.0,0.0,0.0,0.0,16706928.067876823,461.7561277009405,0.11111942817915206,16349715.695255479,476.49241691118635,0.2336177517274805,15648581.706273332,605.0636177287831,0.8430700898139816,0.0,0.0,0.0
Steel,6,3,5002.18,0.044,0.7834532633423805,0.08293924599885942,0.00544896588001896,0.2878720845268098,0.10776366233825685,0.13020752343298633,0.2802084645973551,0.08477668911218644,0.2558268920120757,0.20378048678045765,0.06973461508750915,0.35247680720891383,0.3716721699214087,0.03355099469423294,0.43807958864138,0.34478848568534326,0.10667110919952394,0.5290655201305386,0.41698145430224387,0.13263214766979217,0.7050979370081425,45378943.63466194,685.999091329705,0.1004101996775654,39463853.03050523,1042.5220770305084,0.45379391165301497,45101553.19489122,468.15922891684033,0.6863460278512643,0.0,0.0,0.0
Steel,2,3,5002.2,0.044,1.7840375870466234,0.07959977096319198,0.010619500375133565,0.2662500038220833,0.12503014743328095,0.17841375870466236,0.2809508273197428,0.063909392952919,1.2621153299965961,0.0,0.0,0.0,0.0,0.0,0.0,0.0,0.0,0.0,0.0,0.0,0.0,21028201.618000567,574.9598560825644,0.19959532857400716,28656136.922886338,301.78579651522165,1.2013733569688538,26574610.933888596,409.23867641887017,1.5719722245313488,0.0,0.0,0.0
Steel,3,4,4997.8,-0.044,0.8190626308321953,0.07650863826274873,0.027775926308683096,0.19862329965003345,0.06621399432420731,0.11275816160702555,0.1340105064066056,0.09151679277420044,0.44032948257022136,0.2424374799113239,0.13661766529083252,0.6548948776366991,0.0,0.0,0.0,0.0,0.0,0.0,0.0,0.0,0.0,11355457.069949714,375.38086319185385,0.08664345080345016,10999226.792426027,389.66156646857195,0.20486409124899768,11286437.247323673,1099.9999999999995,0.3581390282692325,12780012.174277632,351.57466641849504,0.7117653758988851
Steel,4,4,5002.22,0.044,0.9746483623981477,0.10521781289577485,0.025532750347038814,0.37104984425080134,0.06569976985454559,0.10735087304304078,0.24369700138172182,0.02,0.36341921566311886,0.2895051958350798,0.05290239661931992,0.5565430065177233,0.35258770904065145,0.05487177789211273,0.7665801923227994,0.0,0.0,0.0,0.0,0.0,0.0,17460676.315010898,394.41629046034524,0.13223982881240076,18439223.320945237,469.7341824766809,0.44843877097896606,28289202.759257935,389.3036786253681,0.6524932231096692,18232806.490175184,342.12154302978183,0.8467961957087545
Steel,4,2,5002.23,0.045,1.27303826212883,0.12938125169277193,0.015530477600316906,0.30648590614158944,0.07982657104730606,0.30073595489065463,0.13678787947444884,0.07140995234251023,0.42970589192566905,0.5585312340699834,0.02272799937054515,0.5958164731087449,0.24943762591009516,0.1074506187438965,0.7627592766596419,0.0,0.0,0.0,0.0,0.0,0.0,50818542.79940113,361.364299128729,0.1751615361793453,45443646.02402823,806.589671394066,1.130271532502559,0.0,0.0,0.0,0.0,0.0,0.0
Steel,1,3,4997.76,-0.045,0.929295937716961,0.09306312656402589,0.024303013672637815,0.5112304768945816,0.11611570417881013,0.666557792917558,0.0,0.0,0.0,0.0,0.0,0.0,0.0,0.0,0.0,0.0,0.0,0.0,0.0,0.0,0.0,39064931.335682794,621.4218075438321,0.20018799600936094,37520091.35126078,559.2876363325926,0.3714979258625677,37064992.21634208,204.4713713183656,0.7635481132410346,0.0,0.0,0.0
Steel,4,4,5002.24,0.045,0.6163039401173591,0.08221228086948396,0.016450154889770065,0.25440875289919535,0.0767674571275711,0.06164039401173592,0.18649781626417122,0.09868139207363129,0.1620805026546514,0.3175038653435964,0.0708540403842926,0.29626870139902933,0.24646756662159433,0.05141072452068329,0.4967834726672017,0.0,0.0,0.0,0.0,0.0,0.0,13896100.426978977,518.1936525942309,0.07919129088383109,8813032.531687552,331.60721798174535,0.2636788175337031,11294168.937695643,332.03546177193664,0.39449721217856737,9942225.259800278,412.01703290828783,0.5373020515867988
Steel,6,4,5002.24,0.045,0.8154274061322212,0.0734477215409279,0.027583989384098964,0.3953475112473571,0.0715911728143692,0.1257915368473188,0.1917691644611314,0.08565602779388429,0.2405987272031749,0.35609928307592054,0.03476382456719875,0.4356501573007959,0.22557568220948462,0.11086925625801088,0.5614565082088872,0.21951403238085038,0.06535276800394059,0.6630896982247403,0.2209705497323543,0.045537154972553257,0.7279115631700321,16811534.136975266,524.548028754504,0.09878566247798638,19278570.223039027,380.5041400373154,0.36788364781673966,19534714.688092154,356.3050056369186,0.5453250842370081,20789662.726941857,749.0528178914213,0.7179105631700321
Steel,2,2,4997.76,-0.045,1.5087898671627045,0.09047814536094667,0.022922028891222516,0.2881915617165912,0.0963368195295334,0.37596908690458697,0.29528680695715637,0.04751873642206192,1.1958916688533134,0.0,0.0,0.0,0.0,0.0,0.0,0.0,0.0,0.0,0.0,0.0,0.0,33633929.556442805,484.53783022476773,0.19365218317045482,23072365.91451497,328.7503681395556,1.280508800085431,0.0,0.0,0.0,0.0,0.0,0.0
Steel,3,4,5002.25,0.045,1.0453271120786667,0.05203234136104584,0.01364983632686109,0.1172569645382727,0.10420044362545014,0.37997640302057434,0.248821077322673,0.0625253838300705,0.49209181527098833,0.31185223259528366,0.11261288583278657,0.7032918933960584,0.0,0.0,0.0,0.0,0.0,0.0,0.0,0.0,0.0,9593655.833856614,491.0321728470614,0.1403071601409941,10638406.70175809,490.62922409366314,0.5527687386334408,8223293.033555781,376.27174234142365,0.7241553084752983,13173997.656381777,538.1323100356606,0.9230386544664552
Steel,2,2,4997.74,-0.045,1.0399007946252823,0.07884804058074951,0.02838203885988427,0.24212662330726425,0.12167665243148805,0.3545029836436696,0.45245294641553857,0.09425566852092744,0.5763300713608518,0.0,0.0,0.0,0.0,0.0,0.0,0.0,0.0,0.0,0.0,0.0,0.0,56895406.435070574,273.6686297850443,0.21543232237322424,55668179.74180525,198.7948013660262,0.8702905239044079,0.0,0.0,0.0,0.0,0.0,0.0
Steel,4,2,4997.73,-0.045,1.2035397171974183,0.12542213749885558,0.010510200027632992,0.1773002961088216,0.12799055576324464,0.14089289929748217,0.20616724839372488,0.1184104996919632,0.4937190948414868,0.2947601113801792,0.08383683383464814,0.7639789692508581,0.2718254643176345,0.15,1.0069604178418243,0.0,0.0,0.0,0.0,0.0,0.0,47104443.09069352,260.5188743965046,0.16649979709328724,43369834.33856431,644.2437436753935,1.0362090903470358,0.0,0.0,0.0,0.0,0.0,0.0
Steel,2,3,4997.72,-0.046,0.691624142974615,0.09417711436748506,0.043680241886359,0.35775959843103605,0.05528480947017669,0.3754021345986986,0.35164111079074684,0.08106606483459473,0.5174124199535075,0.0,0.0,0.0,0.0,0.0,0.0,0.0,0.0,0.0,0.0,0.0,0.0,16666837.395619165,282.43288255553904,0.10875604260719249,16923525.08588432,286.09865448730363,0.33324540773250483,14220348.454096459,838.7156823896715,0.6090180606198695,0.0,0.0,0.0
Steel,1,4,4997.7,-0.046,1.0723183825612068,0.0840273090004921,0.011423167826937914,0.28847587058113977,0.0426473693549633,0.3608087502184385,0.0,0.0,0.0,0.0,0.0,0.0,0.0,0.0,0.0,0.0,0.0,0.0,0.0,0.0,0.0,5806302.994662188,686.2690334531152,0.14937258046806795,5750614.651190788,388.06212307051203,0.45315814195919013,5804184.667394034,704.4600458113025,0.6196785092688898,6118473.898590728,190.99232957273165,0.8309649964129576
Steel,2,2,5002.3,0.046,1.143313217163086,0.12280994498729707,0.014213770580587162,0.3326654467749001,0.08908378541469575,0.47016962177746574,0.22536643185664934,0.06447265058755874,0.9254232183947488,0.0,0.0,0.0,0.0,0.0,0.0,0.0,0.0,0.0,0.0,0.0,0.0,24545005.31029464,457.8746695598948,0.2207658088644362,28605762.703020126,779.4557247302985,0.9145987358071734,0.0,0.0,0.0,0.0,0.0,0.0
Steel,1,4,4997.7,-0.046,1.3199753016233444,0.09307870006561281,0.03798164120664562,0.3490413997315688,0.04380006715655327,0.5150577305490058,0.0,0.0,0.0,0.0,0.0,0.0,0.0,0.0,0.0,0.0,0.0,0.0,0.0,0.0,0.0,9170939.964088377,665.0334105193498,0.16726310956505186,9471064.408128079,295.5833740241739,0.33798743451145874,11805447.069200456,360.0744118864711,0.4164529427353241,10397958.642085591,387.88819588483415,0.9558217680894916
Steel,3,4,5002.31,0.046,1.1670260921120645,0.06388053864240646,0.01006511835343087,0.29100845064466413,0.08031119197607041,0.18487363619351754,0.29131348021908043,0.15,0.5290113493579255,0.3164739609730858,0.09969780743122102,0.9234525006549608,0.0,0.0,0.0,0.0,0.0,0.0,0.0,0.0,0.0,16625120.872981746,463.5216132645683,0.14841406823470532,14467926.593817627,522.9321408352193,0.4049468745286484,14879075.219363673,578.3576501669197,0.6724137368524989,18538904.959840335,550.300930303571,0.9920494967961552
Steel,4,2,4997.69,-0.046,0.737033548951149,0.10992911875247957,0.013174556366625649,0.38035123354051126,0.06487987458705902,0.15099734788902186,0.301141696381021,0.08997617661952972,0.36134321789834567,0.26784683754027794,0.06910034537315368,0.48944879662585716,0.11543711724757257,0.03762925922870636,0.582497317822396,0.0,0.0,0.0,0.0,0.0,0.0,28715124.281887002,490.57893717084147,0.0962966193107192,30964158.488111794,1042.5139335689503,0.6551087123902831,0.0,0.0,0.0,0.0,0.0,0.0
Steel,2,4,4997.68,-0.046,0.8819695398211479,0.08707850921154023,0.011947691318529761,0.3011514632406137,0.02,0.3100361196558402,0.4277730258385716,0.07364759415388107,0.4922953734211879,0.0,0.0,0.0,0.0,0.0,0.0,0.0,0.0,0.0,0.0,0.0,0.0,10892666.681372834,536.620550136799,0.09675666480764937,9923396.299539296,741.8080214595514,0.3414578980131084,10175959.261550637,167.78507249381423,0.4308101073584168,11432150.663690846,994.5725965020034,0.7326142834834937
Steel,3,4,5002.34,0.047,0.8654048264026643,0.06376816821098329,0.028960354058890563,0.42311385152504677,0.052286167591810234,0.10958545842860008,0.49176699500671567,0.09661461472511292,0.5354857240609967,0.21410080035856482,0.02,0.608417891175051,0.0,0.0,0.0,0.0,0.0,0.0,0.0,0.0,0.0,24410235.700618293,586.7080868301913,0.12127988440459411,21892390.80042274,520.3458055707414,0.4695651601658043,16358523.08677984,403.1833670763445,0.6348935502302279,20713633.30859811,213.91966868069358,0.7755500843871523
Steel,6,4,4997.65,-0.047,1.4012102842330934,0.0472887564599514,0.009596280770029924,0.2707979829377659,0.15,0.273296829137272,0.33220075002448607,0.05345420181751251,0.4853876600232557,0.3371661302970715,0.07125095099210739,0.6155425531340766,0.25630259033289965,0.06499179542064668,0.8051352988722299,0.3834999405174939,0.10540711820125581,1.0196698322243771,0.286741689069232,0.09609213411808015,1.22247522292209,93312599.02332203,274.037817503756,0.16682121290362398,75776764.19101603,546.7131866441837,0.59012631496066,78671874.17543948,817.6399238085482,0.7002703468088953,80510304.67740017,292.85448133825145,1.191221369534515
Steel,5,4,4997.65,-0.047,1.0046208545565607,0.059431917130947115,0.011144327729351287,0.4861200433801213,0.08800438165664673,0.2762239327453293,0.31766104176375215,0.02,0.5618187851788524,0.2685433981598351,0.10459304988384248,0.6444722417308689,0.27680824030106943,0.03794012546539306,0.7294015269070014,0.3358720761590156,0.05625318348407746,0.8333833804090416,0.0,0.0,0.0,18443744.450892407,677.8992552853276,0.13040110170956407,19765200.61872387,660.2444052867813,0.3762791082567279,19736722.193105698,316.69331024425026,0.5385539534240047,26659354.27082315,464.5036033883912,0.9041587680962838
Steel,4,2,4997.64,-0.047,1.0514337867498398,0.06926639717817307,0.021388652755107346,0.6141907175197717,0.09567849040031434,0.17705801856478404,0.2506530491899668,0.0627252784371376,0.3089923933407366,0.19034036046899308,0.14166053414344787,0.6229210999978676,0.1325704216628279,0.058949744105339055,0.8723088694777099,0.0,0.0,0.0,0.0,0.0,0.0,79353493.95873033,300.56875915394755,0.15595139362041505,91045665.82841757,270.0146979606899,0.9261014654921033,0.0,0.0,0.0,0.0,0.0,0.0
Steel,2,4,4997.64,-0.047,0.9002524584531785,0.09309945344924928,0.03758243191037143,0.2543111503414517,0.13953986525535583,0.29563077796418247,0.253211271441002,0.0992479932308197,0.662943304002624,0.0,0.0,0.0,0.0,0.0,0.0,0.0,0.0,0.0,0.0,0.0,0.0,10886232.068772199,419.7146548539096,0.16989659561601955,10331759.134757748,589.1351398611667,0.46506408617356476,10203779.766202925,167.08533473417685,0.5911569139943977,9907547.30213576,721.3441588578487,0.7539772565419806
Steel,4,2,4997.63,-0.047,1.5679834812879563,0.09111555016040802,0.0369042441893252,0.36804318180876533,0.08253035724163056,0.255977203868314,0.21691614434162262,0.042342640012502666,0.5253317069384817,0.1866435404989359,0.06206112623214721,0.7597990710278687,0.49824302758118383,0.049197517931461335,1.129089660492752,0.0,0.0,0.0,0.0,0.0,0.0,77459863.80382259,559.5363927328442,0.308200236600049,64619292.72889044,443.5805316468751,1.3779600804019356,0.0,0.0,0.0,0.0,0.0,0.0
Steel,4,4,4997.62,-0.048,1.3638645172119142,0.10928429114818575,0.00885152498935342,0.1905864372895535,0.0788684406876564,0.23080475027007435,0.18387181976396402,0.08888752102851868,0.6061090646352127,0.3615775951092672,0.06895833671092988,0.7421044799337948,0.2721195449994442,0.0284535301476717,0.9513159078664396,0.0,0.0,0.0,0.0,0.0,0.0,14808130.411539644,129.13813065770458,0.21045778338735038,13499049.935385916,975.1171773916144,0.5392697187068554,15492828.066039134,255.53733925221238,0.8934045214875019,15236859.506353943,135.21674570241944,1.1894002910507915
Steel,5,4,5002.39,0.048,1.4339148461818696,0.07885412609577179,0.028173533282085675,0.2862132947565149,0.059853270053863525,0.2708547619443621,0.31741694672778853,0.08153473138809204,0.545212670810928,0.48452239162922306,0.10339077651500703,0.6517399642277473,0.46562063974279083,0.09322721183300019,0.9407141725749204,0.3570844942495193,0.06530924022197723,1.2281408131986975,0.0,0.0,0.0,46203528.75190247,724.8749866677645,0.15422460734530985,41619688.620297246,247.81576852323786,0.4320417337339859,47168578.483060256,400.0729105101549,0.6978830515385027,67014578.20531954,121.21998532121117,1.271509582509034
Steel,6,2,5002.4,0.048,1.1647991627454757,0.08060294991731645,0.01731237055626494,0.3637329921795787,0.11935406267642976,0.16688943082370913,0.24292701288577187,0.07309217423200608,0.35805407567294667,0.16436279531342377,0.07686324536800385,0.5687309296038989,0.4402869762503559,0.06494881004095078,0.693509878991329,0.3825040165987907,0.10165061056613922,0.7946469144711765,0.3713688838539185,0.04204361751675606,0.9607743243847193,187463101.88665628,447.3880352483866,0.1367029826570642,260762106.2510039,367.512162490971,0.9473237698562527,0.0,0.0,0.0,0.0,0.0,0.0
Steel,3,3,4997.61,-0.048,1.2535678058862687,0.06597573322057725,0.01790797299806642,0.41509695449879885,0.09062252640724183,0.2666609930264976,0.37361522731442365,0.058686454296112064,0.6768063825550328,0.5444687131585184,0.06182327508926391,0.9431099368939762,0.0,0.0,0.0,0.0,0.0,0.0,0.0,0.0,0.0,78397062.23585469,305.86104128582326,0.13446702369666655,58338593.95476201,507.3341257996283,0.4608952145728194,58190663.45494792,835.5886345592917,1.100986788476632,0.0,0.0,0.0
Steel,1,3,5002.4,0.048,1.350862967967987,0.09549506425857544,0.03697255527657533,0.40818973488383653,0.0843749937415123,0.6599894397139165,0.0,0.0,0.0,0.0,0.0,0.0,0.0,0.0,0.0,0.0,0.0,0.0,0.0,0.0,0.0,17924937.416670773,719.0470946355254,0.33542885965652824,28782267.765324827,422.2197840987236,0.9281379236592736,19483627.13347871,414.6337852675665,1.1332763535571004,0.0,0.0,0.0
Steel,3,4,4997.6,-0.048,1.214568892121315,0.0437458758354187,0.017703976190760407,0.3053320784344439,0.06224304795265198,0.38917472629584676,0.10737694601166824,0.12471831262111664,0.600868719040315,0.1286164295856529,0.04166356205940247,1.0761350690702507,0.0,0.0,0.0,0.0,0.0,0.0,0.0,0.0,0.0,11718668.603080373,535.9969591392618,0.21717653078166432,14983704.931301164,673.3623545516331,0.6711085729240699,13464237.940382842,761.7749164723067,0.9424646543869787,17564527.089302845,1099.9999999999995,1.0931120016946145
Steel,1,4,5002.4,0.048,1.0402660042047502,0.041692693740129474,0.01827483845765568,0.3486204633067557,0.061359800100326545,0.7642887886652374,0.0,0.0,0.0,0.0,0.0,0.0,0.0,0.0,0.0,0.0,0.0,0.0,0.0,0.0,0.0,5869731.90052003,267.0644036160478,0.29803336987899465,6059841.389316256,436.2883268600798,0.5456353991952108,6526399.71606023,168.06125026498282,0.7842714884241436,5556462.450129886,277.79064484326165,0.9362394027440092
Steel,6,2,4997.59,-0.048,1.3220715075731277,0.11228404378890992,0.01507351482215548,0.22030316424476504,0.08147575676441193,0.1865357493784174,0.3946315637220425,0.060625275075435636,0.34804157691974535,0.3982730022093293,0.07105044424533845,0.5702618974898146,0.2147447245684437,0.08233342260122299,0.7733174066427361,0.244824133222428,0.07762926071882248,0.9291889524812953,0.32497623161362615,0.08975885927677155,1.118919598602193,101369586.20608108,702.6761875685327,0.16192747287886625,90866463.44527599,568.9097242214376,1.1898643554937434,0.0,0.0,0.0,0.0,0.0,0.0
Steel,2,2,5002.42,0.048,1.399056187272072,0.061809516847133636,0.010356072144019315,0.26211214563995106,0.06973528921604157,0.3037325207727434,0.2003620061863159,0.113986736536026,0.9043318170470863,0.0,0.0,0.0,0.0,0.0,0.0,0.0,0.0,0.0,0.0,0.0,0.0,31066973.240161896,348.3293139807161,0.15850598831770388,32315488.573935576,248.6696846718965,1.0593417159950738,0.0,0.0,0.0,0.0,0.0,0.0
Steel,1,2,5002.44,0.049,1.0212976008653643,0.11201315796375276,0.043204448125367174,0.2881152493209318,0.10404943883419038,0.8757251012962056,0.0,0.0,0.0,0.0,0.0,0.0,0.0,0.0,0.0,0.0,0.0,0.0,0.0,0.0,0.0,19481221.342143115,600.8253860315167,0.3315668100360731,20243416.687754624,573.7291605297058,0.892367951621018,0.0,0.0,0.0,0.0,0.0,0.0
Steel,2,4,5002.45,0.049,1.2381839036941529,0.12334906744956972,0.003758932429143301,0.19341326297948594,0.10642975568771362,0.6489338590805085,0.2734728748643695,0.1188476449251175,1.0184879694931204,0.0,0.0,0.0,0.0,0.0,0.0,0.0,0.0,0.0,0.0,0.0,0.0,21942236.10823264,425.27793037655266,0.1964866757311109,18513674.21968624,882.4756620413245,0.5016628062687645,17589431.093894962,477.6536547774678,0.674355722441629,18583427.390169032,644.6745880097799,1.095719175753177
Steel,3,3,5002.46,0.049,1.0806960389018059,0.07803277200460434,0.016299975502047998,0.39025368214588074,0.10713966727256775,0.23990472825817233,0.165877055716531,0.076623774766922,0.5225305457008915,0.36670443149918724,0.1304991662502289,0.6879699019587966,0.0,0.0,0.0,0.0,0.0,0.0,0.0,0.0,0.0,40955985.03191619,467.1264339643323,0.10806960497087663,51919858.03525268,319.09945551737104,0.2162598610594027,34058784.49560044,1051.043025566892,0.8647300240901628,0.0,0.0,0.0
Steel,2,3,5002.51,0.05,0.9137274459004402,0.06991372585296632,0.03076235678514652,0.5002605301314927,0.10229317128658295,0.2383438693458224,0.3215876915950382,0.0663716396689415,0.70805070370093,0.0,0.0,0.0,0.0,0.0,0.0,0.0,0.0,0.0,0.0,0.0,0.0,40204090.745281905,835.2755532514252,0.10566474991088169,35396122.15274859,283.5508239509887,0.620612435202627,45836619.61074905,820.4055846824026,0.7994519727090321,0.0,0.0,0.0
Steel,4,3,5002.55,0.051,0.8643785566091537,0.08466589027643205,0.02451432823622782,0.21828746696821957,0.08452695548534393,0.17788024985955575,0.2759836557211632,0.06186927855014801,0.4027487365144899,0.26312389437776057,0.10810068011283876,0.6000834707110737,0.3615058039487506,0.06979883164167404,0.7694058612036614,0.0,0.0,0.0,0.0,0.0,0.0,33331304.99023087,427.3291260483466,0.09936647460818966,20526443.973330777,697.8920870925167,0.4438460817133006,23780834.499459047,471.3558317354951,0.7193158511501765,0.0,0.0,0.0
Steel,6,2,5002.57,0.051,1.5493489712476731,0.09688181686401368,0.014678864943874954,0.26879034108976374,0.07927511066198349,0.20038203037097893,0.3541817381931062,0.06357727617025376,0.49358242398806246,0.22458573632988052,0.10270588517189026,0.8202332245718158,0.28946511602863073,0.02,0.9968370242579783,0.37123508611008926,0.10005998492240907,1.0726801189882273,0.28795036957220776,0.04484301760792732,1.2303405819460442,169734326.93716872,732.0511945398522,0.21185860250898075,148845467.6143644,443.3975182203298,1.2546656087229584,0.0,0.0,0.0,0.0,0.0,0.0
Steel,2,4,5002.58,0.052,1.5866541594266892,0.07591977369785309,0.019465508179412318,0.3221782804903974,0.02,0.6976331227116629,0.4380410081565327,0.117281032204628,0.987762160005431,0.0,0.0,0.0,0.0,0.0,0.0,0.0,0.0,0.0,0.0,0.0,0.0,100570566.36271039,449.22309627546605,0.2082153638432998,74903678.14572373,746.9327288376932,0.6288822397677145,93590650.2510443,639.3124216417883,0.6326600320603157,83740819.42859145,244.53734323557546,1.4213185195634659
Steel,1,3,5002.6,0.052,0.4723303597420454,0.09239396536350251,0.02968440057780129,0.27149574478170435,0.09299021303653718,0.17578968535959244,0.0,0.0,0.0,0.0,0.0,0.0,0.0,0.0,0.0,0.0,0.0,0.0,0.0,0.0,0.0,8198543.441207869,552.1003607730376,0.10064502807778834,8248026.77822042,890.9397965554864,0.2945796675839866,8432976.31394675,542.7110786956736,0.4127032030079115,0.0,0.0,0.0
Steel,4,4,4997.4,-0.052,0.4961422696709633,0.08524262613058091,0.024988734182751188,0.3363545736022399,0.10434847295284272,0.08260754668145348,0.2342638320301951,0.10105689704418183,0.24737172977179386,0.32932927760258074,0.02,0.34723220982554015,0.22317324157272025,0.10492911458015443,0.4180707734407496,0.0,0.0,0.0,0.0,0.0,0.0,16301628.052602794,572.681098296872,0.05755552389386365,16055616.863079071,324.54224402413496,0.25934170833015446,17137711.631984375,722.2666341633028,0.37939005676525306,18818061.323064882,231.99044173839786,0.4465280422077247
Steel,4,4,5002.63,0.053,1.245819452404976,0.07567553633451463,0.036449584475432915,0.31460112239363647,0.02,0.16058663368331397,0.22491488922513594,0.055130077600479124,0.42724190562020037,0.24136331390672697,0.08333167523145676,0.6146117709611898,0.329607186753129,0.08004054874181747,0.9387051737676968,0.0,0.0,0.0,0.0,0.0,0.0,15662270.921925372,768.2741417316715,0.13938386742161746,17454268.293285843,702.359914049044,0.454359335098425,13348378.824023824,346.6696049860631,0.5411279961792912,15519849.44535649,601.6973602357139,1.081997208872959
Steel,2,2,5002.63,0.053,1.0771119236946105,0.08572144359350205,0.03336449646272646,0.27560555290410627,0.0909102863073349,0.5574542244367554,0.15625597643761033,0.13351763486862184,0.8052643799643957,0.0,0.0,0.0,0.0,0.0,0.0,0.0,0.0,0.0,0.0,0.0,0.0,18136638.558464784,549.564268541645,0.2005191509649864,16648378.177520191,396.7717077416109,0.84046281136559,0.0,0.0,0.0,0.0,0.0,0.0
Steel,3,3,4997.36,-0.053,0.6997210554778577,0.08397623383998871,0.006788531315083559,0.19797040535031327,0.07598351150751115,0.2546382102751368,0.21633525048917854,0.10140947401523591,0.43591466630316644,0.21582903136599063,0.08817495942115784,0.5497430560058733,0.0,0.0,0.0,0.0,0.0,0.0,0.0,0.0,0.0,10735285.457692128,744.8789516975593,0.10888976446189923,10206177.226399591,160.32058153481043,0.3191090040570642,11608480.709555086,337.9904754914228,0.5845804223868705,0.0,0.0,0.0
Steel,1,3,4997.35,-0.053,0.3967365253716707,0.10209914302825929,0.02410978591217849,0.41740628600785795,0.09861607909202576,0.11401948336589468,0.0,0.0,0.0,0.0,0.0,0.0,0.0,0.0,0.0,0.0,0.0,0.0,0.0,0.0,0.0,11205630.544580838,372.01461744353406,0.040099067262625625,11170989.343227683,500.1911504566964,0.04066491386607604,13994647.67964126,468.2383506031992,0.24803284791385924,0.0,0.0,0.0
Steel,2,4,4997.34,-0.053,0.9916782438755036,0.11443476974964142,0.016717223977522067,0.1633082247627185,0.15,0.2931706794172154,0.35387163269085703,0.0803755208849907,0.5882833956595725,0.0,0.0,0.0,0.0,0.0,0.0,0.0,0.0,0.0,0.0,0.0,0.0,18377023.18861212,608.8673302042422,0.09972957157605997,18777164.58096715,699.6382069309989,0.17355528956034633,18706591.20653587,514.3732680346474,0.2319150317671731,22928141.788317945,481.4868853493065,0.776882328312311
Steel,3,2,4997.34,-0.053,1.103934869170189,0.060210410237312315,0.03202401309400017,0.34832190938815555,0.08235230594873429,0.22369330384573563,0.19377381900871843,0.06741713553667068,0.5320739938044766,0.10426987183141238,0.1225115567445755,0.6860801855313571,0.0,0.0,0.0,0.0,0.0,0.0,0.0,0.0,0.0,34262446.18823395,654.4991798724163,0.1406855887432919,33182934.123498827,402.26164748415215,0.898729476786953,0.0,0.0,0.0,0.0,0.0,0.0
Steel,3,2,4997.34,-0.053,1.2629854053258895,0.08961558496952057,0.03402643981996234,0.32167659935012377,0.11308954119682313,0.2810018258787441,0.2114756670563319,0.0894807541370392,0.43817412714911663,0.3694810305126423,0.09523624658584595,0.8071848643646925,0.0,0.0,0.0,0.0,0.0,0.0,0.0,0.0,0.0,143302733.94748688,519.7189466739009,0.1428435941528347,178170879.25658363,491.85724262348714,1.1176165196709,0.0,0.0,0.0,0.0,0.0,0.0
Steel,4,4,4997.33,-0.053,0.32538887951523066,0.057466896712780005,0.006863187355461389,0.3285041248599221,0.07096935123205185,0.03386386205755347,0.2499452860629864,0.08990435481071472,0.11949616876951397,0.3392987473665902,0.06645680457353592,0.20508261617015813,0.3907772323884634,0.07676159143447876,0.284203472560172,0.0,0.0,0.0,0.0,0.0,0.0,15312760.878911661,367.03585488746455,0.04806744531591298,10810569.06969141,566.822090867563,0.16959401585687695,13173228.256690947,827.1567865030914,0.2344663898869474,14173286.802429315,426.1065603231571,0.26611403548337076
Steel,1,4,5002.71,0.054,0.5823376573622228,0.07177031999826432,0.02776106213431246,0.28686864481470975,0.07284422278404236,0.23472677425157787,0.0,0.0,0.0,0.0,0.0,0.0,0.0,0.0,0.0,0.0,0.0,0.0,0.0,0.0,0.0,3371005.960758471,520.1337957481542,0.07682891824364868,4060598.979739267,339.1161517394914,0.19122744234893635,4149051.1848728475,1099.9999999999995,0.20358563533601964,3145555.4147556056,202.94669852454632,0.43854374615743863
Steel,1,4,4997.29,-0.054,1.2681381464004517,0.07384396135807038,0.01085667375480316,0.3321336087382192,0.12427823066711427,0.872170324387696,0.0,0.0,0.0,0.0,0.0,0.0,0.0,0.0,0.0,0.0,0.0,0.0,0.0,0.0,0.0,10249806.832191708,732.0474288397489,0.1911650259250382,10615371.291474644,578.1190301018489,0.6094649777583893,11530974.34093633,258.5724813150656,0.8538861306463841,12286242.488687593,1008.0268859775724,1.1413243304922684
Steel,2,4,4997.28,-0.054,0.8196964547038078,0.10729383683204652,0.025872238300843616,0.25109851493576535,0.10408986330032349,0.18421483496307803,0.2299201405960226,0.11381214499473573,0.5805603269934818,0.0,0.0,0.0,0.0,0.0,0.0,0.0,0.0,0.0,0.0,0.0,0.0,10444049.073871631,271.5470507808408,0.09550915148369332,10187967.404313955,113.1915382407387,0.39938129780920995,12058805.904908411,389.1024324181308,0.5407017111985669,14902467.287043404,960.2769198136693,0.7270705333205355
Steel,6,2,5002.75,0.055,1.399900183081627,0.11433222162723543,0.02082605237076154,0.37481995020177533,0.12846176385879518,0.21183361496055292,0.23262057729839766,0.0544968655705452,0.406992254087201,0.3587459184786351,0.10673880100250245,0.6836162184934902,0.22005487127253573,0.10900287330150604,0.9202486472283318,0.433377823789607,0.08905998945236207,1.0499061542916392,0.31908497506976674,0.08438270747661591,1.2208401366553705,234330129.91172728,316.2398439690917,0.15591121076625306,239946680.03518438,489.0381558405435,1.259910163373564,0.0,0.0,0.0,0.0,0.0,0.0
Steel,2,3,5002.76,0.055,0.8639726579189301,0.08403836280107499,0.02475699032861341,0.5345510159477181,0.0864842838048935,0.31861363142570626,0.3844081458139681,0.0945363849401474,0.6976562956419148,0.0,0.0,0.0,0.0,0.0,0.0,0.0,0.0,0.0,0.0,0.0,0.0,32116542.882326353,636.8744626676977,0.11807804077902248,25624781.814059544,578.8019924982394,0.43970593323595825,25030975.612344984,455.8219463837235,0.7775753912630644,0.0,0.0,0.0
Steel,3,3,5002.77,0.055,1.624473750591278,0.05965831691026688,0.01325290587436434,0.36981592408022124,0.08183501690626145,0.6433481166217854,0.3937478080413569,0.06275766372680665,0.8744127320060611,0.15715182426319074,0.027457685880362986,1.198601353370071,0.0,0.0,0.0,0.0,0.0,0.0,0.0,0.0,0.0,74633950.97870201,660.2834013600923,0.48812847145390303,66125755.670694396,987.7230501578337,1.0682240485321286,66125755.670694396,179.2958525756058,1.4381406436090032,0.0,0.0,0.0
Steel,1,3,5002.78,0.056,1.1223348930478096,0.09958935475349427,0.03868969050800111,0.2660215181793153,0.05072545349597931,0.11224348930478097,0.0,0.0,0.0,0.0,0.0,0.0,0.0,0.0,0.0,0.0,0.0,0.0,0.0,0.0,0.0,11868543.569978876,465.3790475402381,0.13851289936905514,14894364.648495361,504.95873910620435,0.4875325167377557,13149180.495997282,242.46410306134845,0.7822225871016673,0.0,0.0,0.0
Steel,2,4,4997.22,-0.056,1.0428375780582428,0.09032517802715302,0.0184068015502034,0.3243439630357508,0.06750527203083038,0.15466282534109285,0.20067026214878333,0.09301803052425385,0.5084872482527403,0.0,0.0,0.0,0.0,0.0,0.0,0.0,0.0,0.0,0.0,0.0,0.0,17484799.67624177,200.4035365999939,0.14229307399656588,15301214.631192971,228.45134733886226,0.660822264982969,13272069.891500857,596.0698959411724,0.7891551397813517,14306863.305880964,639.9247702627096,0.8976745527644956
Steel,1,2,4997.21,-0.056,1.367687749862671,0.12819666683673858,0.012773707330341052,0.46039770363947624,0.0858456438779831,0.7391803772056686,0.0,0.0,0.0,0.0,0.0,0.0,0.0,0.0,0.0,0.0,0.0,0.0,0.0,0.0,0.0,48704007.32681388,630.0623755108683,0.16284724093096545,48585079.017734654,604.643118136974,0.8989194730939895,0.0,0.0,0.0,0.0,0.0,0.0
Steel,2,3,5002.8,0.056,1.3536012679338456,0.0813192082643509,0.022447341081618683,0.4673465959973814,0.09343069016933442,0.273216645651585,0.1958840743825847,0.09004586756229402,0.7134196077687699,0.0,0.0,0.0,0.0,0.0,0.0,0.0,0.0,0.0,0.0,0.0,0.0,30926019.249248996,331.4793704403745,0.14030973059297208,25003898.837217264,574.6831110372785,0.6486655558915178,25591396.504810095,694.3696494488247,1.1324406187247493,0.0,0.0,0.0
Steel,1,4,5002.81,0.056,1.5779256284236909,0.08191024380922318,0.024469151596484048,0.26336733315448724,0.10448909461498261,1.0712283252882218,0.0,0.0,0.0,0.0,0.0,0.0,0.0,0.0,0.0,0.0,0.0,0.0,0.0,0.0,0.0,50640982.49229757,243.62956131810049,0.645374054066888,63824970.4221954,581.6482933527939,1.2241551700482465,72585303.68542452,664.472481956916,1.3043944343555518,70485545.11754651,1099.9999999999995,1.3847927564822895
Steel,2,3,5002.83,0.057,0.8685281842947007,0.09951740348339082,0.020577665997279945,0.4422237701027103,0.03614636048674584,0.41684835071823767,0.34040987621621266,0.02,0.704379114724317,0.0,0.0,0.0,0.0,0.0,0.0,0.0,0.0,0.0,0.0,0.0,0.0,9493182.076275758,385.3990404320257,0.1503144335071565,10643266.441113496,772.2969851050278,0.4003188386805947,10240376.141107406,455.52616689702035,0.7476741703662765,0.0,0.0,0.0
Steel,2,4,5002.84,0.057,1.7290749788284303,0.03458150303471857,0.0022379234604216203,0.34183202530934165,0.06438649386167526,0.6955907087573647,0.3287822522115305,0.10554663181304932,1.0518494514439172,0.0,0.0,0.0,0.0,0.0,0.0,0.0,0.0,0.0,0.0,0.0,0.0,71795066.35890283,887.813042121437,0.2734270507693593,73599645.94397347,446.9448542326523,0.7915529821593679,70535364.23547052,329.43616957663,1.0279110123731319,95021222.4415117,122.3186620616052,1.488999980609476
Steel,4,4,5002.85,0.057,0.8331228688359261,0.073166679084301,0.007843038304828444,0.23780881671269932,0.038971367776393886,0.16289073962781397,0.5035024608115899,0.15,0.3492416408979119,0.3389096155748381,0.0808274582028389,0.6227119137483256,0.15573356685837517,0.0945320612192154,0.7498005819523335,0.0,0.0,0.0,0.0,0.0,0.0,26480322.784037314,703.3390433990752,0.10258751638276013,28260879.080784015,702.9180059610734,0.37603821232952095,37458057.39608434,547.4690773945114,0.5226233322768442,33571943.5277738,399.42942823506655,0.7195917746404832
Steel,3,3,4997.14,-0.057,1.5749416500329971,0.12119895935058594,0.015147185085080407,0.37222398431631987,0.02,0.41451645504019685,0.27934966008930834,0.08436484694480896,0.6422561887266199,0.38860810926778816,0.09242446422576905,0.8710578206753605,0.0,0.0,0.0,0.0,0.0,0.0,0.0,0.0,0.0,30785315.079805233,301.07236373486677,0.20601468723685767,29247125.232072197,329.60869111813093,0.7489163980846791,29182745.49850254,385.0495424634713,1.3811658310718324,0.0,0.0,0.0
Steel,1,4,4997.11,-0.058,0.948652982711792,0.08995836281776429,0.02287242130711273,0.3983631084214579,0.09049993574619294,0.5866521428616429,0.0,0.0,0.0,0.0,0.0,0.0,0.0,0.0,0.0,0.0,0.0,0.0,0.0,0.0,0.0,8848190.155252635,749.3558522688168,0.1870137505279692,12595940.378505604,74.9537203640749,0.46092728074218403,10162053.135325413,356.89710084008806,0.5475516789735916,10069257.606852343,602.1979530145944,0.7750984616408017
Steel,2,3,5002.9,0.058,1.2667322218418122,0.10383983731269837,0.03045747401841522,0.2090984165197568,0.0606987202167511,0.5913903245739786,0.42378995643070316,0.08659659981727601,0.7927903060184347,0.0,0.0,0.0,0.0,0.0,0.0,0.0,0.0,0.0,0.0,0.0,0.0,22943255.170124933,902.1609203793737,0.21877460528636894,18902745.987346828,849.1169457310931,0.9564821507889287,25537478.136750232,410.4902629982591,1.1400589983908986,0.0,0.0,0.0
Steel,1,4,4997.1,-0.058,1.3830495983362199,0.07349142044782639,0.01957762135430612,0.4559355253166425,0.12738514959812164,0.5079732455972805,0.0,0.0,0.0,0.0,0.0,0.0,0.0,0.0,0.0,0.0,0.0,0.0,0.0,0.0,0.0,31002381.631652974,181.73435035119556,0.18498532171928203,33515440.698710244,820.0722558725951,0.6965004446164399,37408362.1167581,846.955486812422,0.8783064045308748,33236091.720215317,773.121399742494,1.213995170229207
Steel,4,4,4997.06,-0.059,0.8089009940624238,0.09456026482582093,0.011209607739376792,0.15251001998513986,0.05119354471564293,0.18415200737845488,0.37011465654156556,0.07542086601257325,0.34314059190081186,0.3456847094687234,0.049521994590759275,0.4715672447475206,0.3123031770657658,0.06221626102924348,0.6296355298900358,0.0,0.0,0.0,0.0,0.0,0.0,11989073.280098077,648.849932192105,0.10367439054123878,13162433.99419849,382.61206075057356,0.45768861836503316,15445773.823157273,243.2409020857874,0.5614151829001427,14379536.801006898,543.3258149318463,0.6798626642750696
Steel,3,3,5002.97,0.059,0.7468603551387787,0.07856496679782868,0.02072193555705087,0.29500407286103686,0.11516972362995148,0.26782349264435856,0.2337165914762301,0.027526850402355196,0.4962563602736032,0.367916934211906,0.10533480048179628,0.572940764330013,0.0,0.0,0.0,0.0,0.0,0.0,0.0,0.0,0.0,24694304.685812164,231.5134076644233,0.1004609939322351,20590647.50601291,464.1895436886445,0.21290136936909082,27395031.706463806,607.9941162679007,0.620438606124139,0.0,0.0,0.0
Steel,4,2,4997.03,-0.059,0.7818803921341896,0.11208113968372346,0.0089600314255611,0.2592988059674719,0.07397730886936188,0.12331364362676539,0.22722383273509164,0.11677216589450837,0.31361610036372095,0.31622803678325423,0.05937456905841827,0.4880233036687192,0.20957689272632515,0.10066938161849977,0.6246947474915103,0.0,0.0,0.0,0.0,0.0,0.0,32580837.521027114,109.20849983048456,0.09245445275300045,25692011.380419448,409.47015189833195,0.673521608178843,0.0,0.0,0.0,0.0,0.0,0.0
Steel,1,4,4997.02,-0.06,1.3168409168720245,0.08908788871765137,0.015716781819102285,0.4372746236662155,0.10525983273983003,0.8624936716091836,0.0,0.0,0.0,0.0,0.0,0.0,0.0,0.0,0.0,0.0,0.0,0.0,0.0,0.0,0.0,19616522.22305906,539.6063823413606,0.2076840782157952,13969746.179138336,514.3879680397127,0.713287239111545,17873216.792305823,238.91288893054042,0.7184913729035627,15387372.661647115,379.41098406993507,1.1112903776635261
Steel,5,4,4996.99,-0.06,1.0675134837627411,0.05236427488923073,0.012142875948335494,0.29490813587012854,0.12724891364574434,0.19350819125825963,0.20047399934434454,0.02,0.2730342196618215,0.3720872393850462,0.15,0.45925777251862016,0.34160349133411166,0.03593145586550236,0.7618939656180899,0.27727476698262404,0.09672582268714905,0.8991129079754019,0.0,0.0,0.0,56499255.12704798,263.31938907731103,0.12636672544581906,52816066.98265508,379.16543723944807,0.591114993606388,46430105.73458585,887.4895237261188,0.8236991638217049,58551319.52378188,475.2102215959786,0.9607621343189535
Steel,1,3,5003.01,0.06,1.3026050209999085,0.08566831594705583,0.009073896736363822,0.19556880900485252,0.14424866080284118,1.0978737084476915,0.0,0.0,0.0,0.0,0.0,0.0,0.0,0.0,0.0,0.0,0.0,0.0,0.0,0.0,0.0,19523592.083301008,604.9937638988088,0.30954825317958157,17924359.15659729,376.76247603107936,0.5780707631744662,15865965.678882945,518.3650701354168,1.0516919520689036,0.0,0.0,0.0
Steel,2,2,5003.02,0.06,0.39693103916943073,0.09125401890277864,0.01842580202177192,0.27191059414792024,0.10305852413177491,0.13199107099396137,0.3074960003073854,0.09330551147460939,0.2824390327249141,0.0,0.0,0.0,0.0,0.0,0.0,0.0,0.0,0.0,0.0,0.0,0.0,18213864.633475106,1099.9999999999995,0.0686592066549441,15653302.785069326,750.0681727546669,0.3565956378504628,0.0,0.0,0.0,0.0,0.0,0.0
Steel,1,3,5003.04,0.061,1.2130998939275743,0.07301761358976365,0.027039140916760164,0.47858974545205674,0.07478616237640381,0.5973095545134428,0.0,0.0,0.0,0.0,0.0,0.0,0.0,0.0,0.0,0.0,0.0,0.0,0.0,0.0,0.0,42643514.19019516,198.9270461977538,0.2855387038760564,35417985.799850896,97.7283748286807,0.9125781664964799,46552511.8907981,609.8087148755047,1.091789903321717,0.0,0.0,0.0
Steel,5,3,4996.97,-0.061,0.9521306887269021,0.08865566056966782,0.011801703196566,0.669116521235026,0.10186801314353944,0.0952230688726902,0.3605833744098291,0.1315668773651123,0.2927389516302214,0.3458730202472355,0.10135077834129334,0.4204152503660197,0.335895785749432,0.04740684658288956,0.5037617584131105,0.1997668469430717,0.07818984508514404,0.7312175371925603,0.0,0.0,0.0,90417805.40512343,582.9129675376562,0.12603776751828727,71726224.97289018,338.9656471876464,0.40517125945579047,70354401.76039167,691.1943919847087,0.8079489261124015,0.0,0.0,0.0
Steel,1,2,4996.96,-0.061,1.1108762219548227,0.11903391253948213,0.025322635421443477,0.24881341184526448,0.11476248800754547,0.5282564340887228,0.0,0.0,0.0,0.0,0.0,0.0,0.0,0.0,0.0,0.0,0.0,0.0,0.0,0.0,0.0,18363129.69467703,311.57685865656725,0.2064249039744947,19140637.28405976,233.10719921261654,0.8656426908782873,0.0,0.0,0.0,0.0,0.0,0.0
Steel,4,4,4996.89,-0.062,1.131074120104313,0.12529660999774933,0.019880308594043827,0.275730068697399,0.02,0.22793862622610986,0.37827331955924814,0.08892789900302887,0.5552550842199907,0.35823655916385294,0.07199952811002731,0.8051951263344377,0.2842463429446379,0.09272556722164155,0.8973156104821848,0.0,0.0,0.0,0.0,0.0,0.0,25337486.189389024,262.16371016383897,0.14028722970770607,32161143.28641436,102.58376545304068,0.3747924012076287,23368048.653985962,302.5051847172439,0.5687631982351522,27390074.817364704,1099.9999999999995,1.0130617163226392
Steel,1,4,5003.12,0.062,0.8834804400801659,0.1036938272714615,0.014623235198619905,0.32234169979946004,0.0793304318189621,0.6325743750079953,0.0,0.0,0.0,0.0,0.0,0.0,0.0,0.0,0.0,0.0,0.0,0.0,0.0,0.0,0.0,6694127.507799012,1099.9999999999995,0.1834649586330142,9733257.21895264,262.3973189877572,0.37309674716990754,7743989.922300891,389.0208957889852,0.5140327258694561,10521067.606380433,527.5526164350103,0.7932733077650613
Steel,3,3,4996.85,-0.063,1.0082760378718376,0.05933208167552949,0.018884793647152613,0.2851122851630765,0.0721428269147873,0.15204980617989136,0.2297618233270603,0.11811561107635499,0.41888016734826566,0.20228756209367033,0.08817379713058472,0.6958197992692101,0.0,0.0,0.0,0.0,0.0,0.0,0.0,0.0,0.0,14251798.679078944,899.5132187329918,0.12908030529845732,14844708.080252353,490.2586426358073,0.5549662198604457,13572694.74844588,722.057089753658,0.8695712533680625,0.0,0.0,0.0
Steel,4,4,4996.84,-0.063,0.7524378508329391,0.12034535372257234,0.011959094905929528,0.4919029871486637,0.1059966939687729,0.12058112189289535,0.30770557035372503,0.08593378424644471,0.359722479704262,0.2216523620888344,0.050434898287057876,0.48358902706703927,0.3313195696291198,0.10648377895355225,0.6590550665083797,0.0,0.0,0.0,0.0,0.0,0.0,23850877.071219478,740.7665886541187,0.08504221587059942,24892807.628035057,815.3250872163437,0.18710022901329154,31906934.125975333,347.59471172519176,0.4291357020009527,30264873.99270462,1099.9999999999995,0.6771940649972074
Steel,2,3,4996.81,-0.064,1.5104388236999513,0.09692427158355714,0.040710300897944064,0.46152612126897424,0.050075802803039554,0.3141776746127806,0.22927766273495015,0.08412758469581605,1.1094704787874026,0.0,0.0,0.0,0.0,0.0,0.0,0.0,0.0,0.0,0.0,0.0,0.0,20070307.978001975,941.9568913028631,0.2192447892420027,30868284.62481849,714.4984368721578,0.894364282563626,28056246.92199986,920.023468079597,1.2447810863267244,0.0,0.0,0.0
Steel,3,4,5003.2,0.064,1.5188201189041137,0.08993517184257509,0.01371006704176433,0.5544296843138335,0.11417678654193879,0.5697054131196442,0.19768415576846796,0.11930560290813447,1.0155140675151746,0.3770807044315801,0.07250978916883469,1.3342855493246353,0.0,0.0,0.0,0.0,0.0,0.0,0.0,0.0,0.0,49181761.03727107,416.93196924671486,0.30525864078842957,31457525.110223927,776.5405955209698,0.8562812174606982,28815464.312381666,288.33617648396205,0.9868535431875955,42128592.2498014,247.83271891996478,1.2995655806829622
Steel,2,3,5003.22,0.064,1.249488639831543,0.08941851246356965,0.02180523284134999,0.3221583384280459,0.030306988433003425,0.6167398005150596,0.48769099763449947,0.05664083451032639,0.9378093305844903,0.0,0.0,0.0,0.0,0.0,0.0,0.0,0.0,0.0,0.0,0.0,0.0,22567754.71121641,420.1446827402502,0.24094755345913538,14116860.866484871,245.81760434822652,0.7654653110311892,19411248.121894702,379.88916496286413,1.0881392771519316,0.0,0.0,0.0
Steel,1,2,5003.28,0.066,1.3512410789728164,0.11113832497596741,0.04484063367665494,0.4050039727989548,0.11204836905002595,0.9617885865423681,0.0,0.0,0.0,0.0,0.0,0.0,0.0,0.0,0.0,0.0,0.0,0.0,0.0,0.0,0.0,36740244.38189219,252.26021664888034,0.39579989104224844,30829126.417723663,249.35954387442746,1.1472079611330184,0.0,0.0,0.0,0.0,0.0,0.0
Steel,3,4,5003.29,0.066,0.6434302896261215,0.12581447970867157,0.020236033381217027,0.39204471014225717,0.06782879173755646,0.1082356689730493,0.3059416913658491,0.14847364127635956,0.2617927540107042,0.3395757617253975,0.15,0.48260499099770815,0.0,0.0,0.0,0.0,0.0,0.0,0.0,0.0,0.0,23916231.388536904,692.6353589826332,0.06680402120709149,24512647.666595213,855.5308037113347,0.3699426855787068,24289325.751123067,159.94549347118812,0.44137336477485467,20414951.914546113,493.313098685047,0.5611712673206399
Steel,3,3,4996.7,-0.066,0.822232411801815,0.07729331421852112,0.01839492344223865,0.29373879741195363,0.10839098930358887,0.1930525412555084,0.33549164294998685,0.12543208301067352,0.44844690605354776,0.44689453639981463,0.09549094319343568,0.6652102375351794,0.0,0.0,0.0,0.0,0.0,0.0,0.0,0.0,0.0,44388445.485887356,282.53885283171013,0.0869466369205676,32616880.249602705,359.6914075043279,0.38559173384357126,32359780.168759562,319.953610980498,0.6852231529684499,0.0,0.0,0.0
Steel,3,2,5003.31,0.066,0.8129185199737549,0.06062825828790665,0.011971800476928005,0.35278949839273543,0.032586886286735534,0.19798574877710823,0.2999309010381923,0.1035949057340622,0.3410318862565058,0.18502545009841406,0.08172778397798539,0.6411369496394468,0.0,0.0,0.0,0.0,0.0,0.0,0.0,0.0,0.0,43375053.633057676,434.46968123766555,0.09461390352083704,40936479.16253515,147.6449211941824,0.7249531230411801,0.0,0.0,0.0,0.0,0.0,0.0
Steel,6,4,5003.32,0.066,0.9314025640487671,0.06437189954519272,0.011803715552834286,0.40299229506509876,0.09410007655620575,0.11736380930855936,0.27589215603010164,0.02,0.21992952470646607,0.350090320648476,0.03688861280679703,0.39371156601598156,0.2738028707216323,0.09377162873744965,0.4766409140612831,0.4556851127104473,0.11355688273906708,0.59149429587576,0.5681094099433059,0.09582803070545197,0.805237112111559,72977461.97906943,540.738331779618,0.094317809070947,68927000.63474606,863.3905013467646,0.43291962864819855,47901069.4027307,512.1135956364271,0.5489008776241806,57374752.00156371,329.1534748598315,0.8219523346099921
Steel,3,3,5003.33,0.067,1.154568001627922,0.09947070837020876,0.011537615676346428,0.4312284287303507,0.08578866064548493,0.17458224054654015,0.5243550736987873,0.06081111371517181,0.7126560923949579,0.40809920986672227,0.15,1.03910120146513,0.0,0.0,0.0,0.0,0.0,0.0,0.0,0.0,0.0,43748078.79357553,796.161423018691,0.13920099254846371,41268508.80131292,553.6125894152315,0.6535894245474789,46604707.54692906,463.3877541021413,1.0241567408893806,0.0,0.0,0.0
Steel,2,2,4996.67,-0.067,0.25499734850600364,0.07040484976768493,0.014812404925431776,0.39356223108534444,0.0708463305234909,0.10451736104664407,0.4011707389443487,0.09052061676979066,0.20104869416173918,0.0,0.0,0.0,0.0,0.0,0.0,0.0,0.0,0.0,0.0,0.0,0.0,24203845.695393555,644.8950942563513,0.03590732147138145,24130202.026671108,812.7213157004542,0.22453835677664846,0.0,0.0,0.0,0.0,0.0,0.0
Steel,4,3,4996.63,-0.067,0.9443684965372086,0.0902496465444565,0.021394929486862495,0.45897290164307614,0.03182643443346024,0.15153686506814618,0.15385707516713706,0.08518137931823731,0.29334888432262707,0.1884716002842143,0.06301304608583451,0.5486310758750659,0.357315794656816,0.04954242184758187,0.6586678239417797,0.0,0.0,0.0,0.0,0.0,0.0,16100940.60334451,674.0260654469455,0.1129395938294985,17977087.947684273,803.4112550948173,0.5859187449010109,16239011.64652887,689.8285721448385,0.7989990600107053,0.0,0.0,0.0
Steel,2,2,5003.37,0.067,0.6342325933277607,0.06971036046743394,0.026265288070575953,0.47872137652251473,0.10823084115982057,0.23903649806950666,0.17873993247478978,0.11878499746322632,0.47299718481571107,0.0,0.0,0.0,0.0,0.0,0.0,0.0,0.0,0.0,0.0,0.0,0.0,33128541.470340464,598.0090742224038,0.09246087217796572,40332988.10133248,840.0383680287845,0.5246041471550698,0.0,0.0,0.0,0.0,0.0,0.0
Steel,4,4,5003.4,0.068,1.9436201691627504,0.08898069816827775,0.04453254211118712,0.35086267324012155,0.040258931964635855,0.7254652063009558,0.38354499583945195,0.14031180441379548,1.0784037371024238,0.4900941198044706,0.15,1.4229540353202181,0.15989358451021857,0.07186443895101548,1.5680187267635304,0.0,0.0,0.0,0.0,0.0,0.0,69559197.78779311,150.54649458627077,0.2564418017180848,71927709.9882828,689.9099299204131,0.9316886531683612,77109165.76467691,445.4789001103609,1.0177726175595754,89136715.9030029,774.5508963392009,1.66356442133136
Steel,5,4,4996.6,-0.068,1.4045578181743623,0.10213511443138124,0.016082227196467246,0.5021481796465953,0.09683382272720338,0.19049764913736483,0.3215993407095437,0.0614726933836937,0.46672882992352327,0.42319328059410183,0.06712761282920837,0.784321663943589,0.2380712838416691,0.11357971012592316,0.9526646364216331,0.24214647605153433,0.07775192499160767,1.0886279056872412,0.0,0.0,0.0,30957373.601931628,108.731226221608,0.16080013017736947,28934110.391240492,685.116540810017,0.3654334401561864,30188041.252917595,181.53220610363414,0.7137261483004391,34528046.988416106,270.8741375037608,1.2209760081256102
Steel,5,2,5003.41,0.068,1.0713089287281037,0.0915399957895279,0.011670522619761254,0.30358416280650385,0.10045861184597016,0.1602714511676635,0.32246149889393416,0.09456708490848542,0.3219398372366703,0.2217830651105256,0.15,0.5320878717889351,0.2562017403409845,0.14694804191589356,0.6836270893663629,0.3866516942717796,0.05846796691417694,0.8348734992535817,0.0,0.0,0.0,90607757.56029825,192.87125160520742,0.1071308939441193,101757742.0180761,535.8270610722716,0.9229160448526267,0.0,0.0,0.0,0.0,0.0,0.0
Steel,1,4,4996.59,-0.068,1.1499646738171578,0.09966358280181886,0.01869928903546047,0.36888470172982746,0.07819295227527619,0.4106750235307779,0.0,0.0,0.0,0.0,0.0,0.0,0.0,0.0,0.0,0.0,0.0,0.0,0.0,0.0,0.0,11970610.545169886,298.13780108887374,0.16002973256070077,13514273.226034608,696.4472163328603,0.5671914277197985,10921117.440617604,919.0592144680404,0.7430874240298325,14550578.515529618,429.0214211101967,0.9647257711086186
Steel,2,3,4996.57,-0.069,1.7942539721727373,0.096473130941391,0.018940902193689612,0.444810145930612,0.06505429953336717,0.2735535835998056,0.36193913185088966,0.08327097654342652,0.8405493639075231,0.0,0.0,0.0,0.0,0.0,0.0,0.0,0.0,0.0,0.0,0.0,0.0,121188845.76840779,432.9465589978206,0.2403257251422968,110314471.15765838,225.00284904059376,1.3825088711367144,98518665.36404811,354.5579789763787,1.577994795155137,0.0,0.0,0.0
Steel,3,3,4996.57,-0.069,0.8066413149237633,0.0825645086169243,0.033237841320389636,0.26190570527286844,0.07263132601976395,0.13120369405703497,0.40608851171812727,0.07418287545442581,0.4469989231015281,0.3939028712236549,0.09369234502315522,0.6306325174148577,0.0,0.0,0.0,0.0,0.0,0.0,0.0,0.0,0.0,18687983.414243594,601.2306303048991,0.0850030221590016,30230604.915297847,337.3208614675452,0.3557188512466642,24833573.439881463,530.2890261999252,0.6928663062737415,0.0,0.0,0.0
Steel,2,3,5003.44,0.069,0.944192673265934,0.10255365228652955,0.02055230633540858,0.25740823737282126,0.15,0.3618215186804707,0.2904556744303366,0.04216523379087449,0.6950233187906909,0.0,0.0,0.0,0.0,0.0,0.0,0.0,0.0,0.0,0.0,0.0,0.0,12543105.081588069,589.8134735719568,0.12403846351504733,13340586.14069324,307.7781973295763,0.3501057256284336,14176112.246975787,651.2172209841027,0.7730993613329012,0.0,0.0,0.0
Steel,1,4,4996.55,-0.069,0.8319784462451935,0.09479761683940889,0.022121773363705563,0.5123628398762187,0.09342052400112152,0.4288602405678708,0.0,0.0,0.0,0.0,0.0,0.0,0.0,0.0,0.0,0.0,0.0,0.0,0.0,0.0,0.0,17367975.643493675,165.5750328959627,0.12756156961813325,11824163.252024548,481.5713789514256,0.3456637795454625,14585199.96467435,736.3213631322922,0.5513514915571303,13976040.978029659,240.39410443683676,0.7221182261925083
Steel,1,3,5003.46,0.069,1.1642397701740266,0.10585490453243257,0.04147375606425925,0.209732142249684,0.023595165237784387,0.7481240458133117,0.0,0.0,0.0,0.0,0.0,0.0,0.0,0.0,0.0,0.0,0.0,0.0,0.0,0.0,0.0,11654380.64728724,1020.886637301882,0.22746204247860957,8458786.98066704,499.8081093670262,0.5396981512348311,9241451.276289014,571.3891977499483,0.9124036274371069,0.0,0.0,0.0
Steel,3,3,5003.49,0.07,0.5666550926864147,0.12209328460693361,0.022759806608665334,0.19798918066117688,0.09279507219791414,0.10756923850247316,0.509176103870797,0.13023008823394774,0.2732475877059991,0.20343117921608503,0.10157320976257325,0.40877593825096753,0.0,0.0,0.0,0.0,0.0,0.0,0.0,0.0,0.0,26756625.808728717,207.4664889410844,0.05741419403514388,29045737.447865993,224.30305351135203,0.23091737383783595,28458555.058368754,770.2738384984742,0.4909567594831973,0.0,0.0,0.0
Steel,2,2,5003.49,0.07,0.8926822438836098,0.06319433546066285,0.03428513944398059,0.2848614234535286,0.1260325300693512,0.3728224381276296,0.1842964131177901,0.08434909015893936,0.7334275731842108,0.0,0.0,0.0,0.0,0.0,0.0,0.0,0.0,0.0,0.0,0.0,0.0,29146284.64698299,150.49281110425562,0.15423442757872224,28662827.083893046,282.80047727259097,0.7993402245377875,0.0,0.0,0.0,0.0,0.0,0.0
Steel,1,4,5003.49,0.07,0.9373684257268906,0.06369096511602403,0.01117787294546081,0.333088183227469,0.08174156486988068,0.23710974343927127,0.0,0.0,0.0,0.0,0.0,0.0,0.0,0.0,0.0,0.0,0.0,0.0,0.0,0.0,0.0,10216005.826531734,78.79405640917291,0.13059342663952134,7955673.147828154,425.9279973050244,0.3833059879583057,7507812.919764737,861.3001842809805,0.6369339440680551,7358828.129692613,453.5192241671691,0.7791278074467453
Steel,6,4,4996.5,-0.07,1.2751929104328157,0.06364780789613723,0.011517887785894146,0.1952287412001862,0.0999750292301178,0.3232388482188143,0.3062529241147302,0.058741403520107274,0.5026371737165004,0.2899776801190692,0.06088404357433319,0.5711855594792291,0.26696390617775423,0.06990948170423508,0.6718196273040972,0.25283473765523157,0.10697958111763001,0.9375334582113912,0.19903506228208262,0.05864817231893539,1.12164870102803,32142379.63590531,505.87920035421223,0.1863283383359743,28427641.98912981,514.2424564953122,0.7637586790033494,26728470.98089967,892.0206914624233,0.9192278750565757,34175007.35953649,467.4992136744257,1.1457102263693595
Steel,6,3,5003.56,0.071,1.280746477842331,0.08658520585298539,0.013244343127931291,0.5354027634767463,0.1468705403804779,0.1572518115404406,0.3192978287638943,0.09174589574337007,0.36339566568289133,0.18789789073364052,0.054556646049022675,0.5674719816919379,0.24477539234289947,0.11382010281085969,0.7131522558508849,0.38334318918045485,0.07259669363498689,0.909483361428108,0.3115170688280778,0.09718223094940186,1.038889809898053,95218164.80316067,249.98015301229725,0.14686741756486685,101410340.75034252,315.3223024162007,0.9248520237505162,100637813.15211673,327.57864357470754,1.139834392154082,0.0,0.0,0.0
Steel,2,3,4996.44,-0.071,1.1152833819389345,0.10436262452602388,0.06000000000000005,0.2323816046726472,0.04542909875512123,0.4809407829923355,0.28201159476483995,0.12134811937808991,0.9939611118761076,0.0,0.0,0.0,0.0,0.0,0.0,0.0,0.0,0.0,0.0,0.0,0.0,17290281.335098736,243.52352288838725,0.15639472762534773,19305669.962920297,411.291412121163,0.5798566801478904,22639049.060296692,398.90423081337605,0.9354202201076333,0.0,0.0,0.0
Steel,3,2,5003.59,0.072,0.6008748829364776,0.07551181566715241,0.027666646160183304,0.1521609748943497,0.07379561960697174,0.1856119392282553,0.29035600980929405,0.09191691517829896,0.32053466944628134,0.29492025387429066,0.14236699759960175,0.4975709031321253,0.0,0.0,0.0,0.0,0.0,0.0,0.0,0.0,0.0,34049167.961908236,1099.9999999999995,0.0838214632859739,30259036.744003493,708.8002883635286,0.48077038862046373,0.0,0.0,0.0,0.0,0.0,0.0
Steel,4,4,4996.39,-0.072,1.3599597960710526,0.10653140389919283,0.017840968650045624,0.41268513269642887,0.1287718939781189,0.2064419363295686,0.32447724354235336,0.10561638474464417,0.5644296722844891,0.2249563680231748,0.0525521132349968,0.8136216851767718,0.46351129661900675,0.11386213898658754,1.2239538164639474,0.0,0.0,0.0,0.0,0.0,0.0,47393225.725399934,483.82965081775376,0.15438191746885807,34532461.691316925,747.2003119791694,0.3491210199689268,52766643.92129414,102.14856003813495,0.9720925271493425,29576981.14990233,81.9108248767634,1.1669306796985817
Steel,6,4,4996.34,-0.073,2.0756046175956726,0.09104485154151917,0.013845220094867413,0.3037932830180154,0.08062610298395156,0.27674598163876035,0.2883599234617779,0.068011674284935,0.5262404071694868,0.289173660245464,0.022196529172360896,0.696791150823948,0.2129711198284477,0.11437938153743744,1.1809091029135512,0.4276257046180242,0.05017977356910706,1.4844957295209098,0.095606653828007,0.03611601307988167,1.64342188404231,73998228.81552233,476.4145327019257,0.23186893207642695,66556506.264074124,495.35776562024114,0.6086979378604991,72350748.04704511,190.48827685338696,0.685108438908582,87450922.91012697,163.02191855686394,1.8131294682757368
Steel,1,3,5003.67,0.073,1.2506172388792038,0.07536559826135636,0.008827474006746506,0.45882219629986554,0.08628075122833252,0.6553882218236816,0.0,0.0,0.0,0.0,0.0,0.0,0.0,0.0,0.0,0.0,0.0,0.0,0.0,0.0,0.0,15024254.525286803,451.15214536357985,0.14747094228363306,19328922.989654996,459.17552282824465,0.6782174253771989,19584350.439984187,602.4113905517312,0.9517461897444579,0.0,0.0,0.0
Steel,3,4,5003.67,0.073,1.0564004495739936,0.08720522165298462,0.01338369023435668,0.25455384947651055,0.1368406468629837,0.21067489810634255,0.18343539631050626,0.02,0.46165546138914404,0.33626849723128005,0.07501255720853806,0.6631519110212997,0.0,0.0,0.0,0.0,0.0,0.0,0.0,0.0,0.0,14198037.56437974,869.9713453120005,0.1563193583544281,15420699.622085478,972.070328807119,0.49628742508587076,15479291.41997375,316.6885436921767,0.6920131110050614,16610728.497715285,376.041767568752,0.9042988827581386
Steel,2,3,4996.31,-0.074,1.537693139910698,0.08596052223443985,0.01649755145481453,0.2667552547025609,0.06952750265598297,0.9309968778005899,0.21270429901478158,0.0717594376206398,1.3839138259196282,0.0,0.0,0.0,0.0,0.0,0.0,0.0,0.0,0.0,0.0,0.0,0.0,12029642.058937412,568.3828728868323,0.31180543177065934,12492956.394606901,273.7681299855316,0.8392736344410323,13251730.427900096,663.5039725206115,1.3499840665420906,0.0,0.0,0.0
Steel,5,4,4996.3,-0.074,1.4261713445186615,0.10113565957546235,0.04215009279369249,0.5200097940786637,0.132385773062706,0.2767938275679631,0.3566430284696578,0.10309295892715455,0.5326188079245837,0.22411863158328477,0.09069762587547303,0.7962438923382084,0.2585741448495897,0.11463290035724641,1.0945019618249296,0.2850350256889562,0.06327387183904648,1.2835442100667955,0.0,0.0,0.0,50895779.69154683,129.73492135838467,0.16723909959214767,45211760.879509926,207.7016671322501,0.5766564394131234,47246924.28902905,867.8743550808423,0.8720683565163916,43613396.89468805,570.2557705598853,1.2716271713770348
Steel,3,4,5003.71,0.074,0.6806029073894024,0.061067756891250616,0.01105203999910798,0.45825549206356736,0.06471110999584198,0.18296573323065163,0.27344762030748326,0.07300203084945679,0.3502463974092767,0.310878417801503,0.06608528226613998,0.4861588057644873,0.0,0.0,0.0,0.0,0.0,0.0,0.0,0.0,0.0,11438015.656100942,333.4135764374042,0.07536459793478419,12502963.67864965,309.7746439067454,0.17102062126812184,10737166.332608104,352.95391534548133,0.2986710157720755,13602766.783568576,368.71037912410674,0.5841577231184404
Steel,3,4,5003.72,0.074,1.541857323050499,0.034986789450049405,0.012701957497145467,0.20659415251951346,0.10432289481163026,0.3505557318602306,0.2194559047861213,0.06956210792064667,0.8994025324236951,0.2852852625061272,0.057886604666709904,1.2525012838351224,0.0,0.0,0.0,0.0,0.0,0.0,0.0,0.0,0.0,26606670.182811256,616.4113366703382,0.18382005381122857,18539180.257217977,452.71688950771977,0.6333905700649394,17437988.229986932,383.24692288419334,0.8889261531087972,18452402.565264616,418.90380217253045,1.3404634003216138
Steel,5,4,5003.72,0.074,0.9180005744099617,0.1020372383594513,0.010767681761210467,0.26785115014284017,0.11161863148212434,0.12302736458096278,0.23968559936327402,0.055858667194843295,0.26758666715126267,0.4130568009227079,0.02,0.44972469018390304,0.21321427788412456,0.07899154275655747,0.5442715039815886,0.2642406376307135,0.08563657104969025,0.7648323418007201,0.0,0.0,0.0,15108670.230512872,402.44769353037776,0.09640333858100764,16803408.070024494,444.7227314361327,0.33852743237818184,22664334.600629143,495.21480692938115,0.6212023163483293,15885069.079628557,624.826747913704,0.812896692995354
Steel,2,2,4996.26,-0.075,1.5462572604417801,0.08677558344602586,0.015664086424033243,0.33002493165135793,0.04488226428627968,0.4394788644235424,0.3455238588879386,0.11930031061172486,1.0457367689246446,0.0,0.0,0.0,0.0,0.0,0.0,0.0,0.0,0.0,0.0,0.0,0.0,97494779.39886707,671.2290824806571,0.25271447781178624,97257230.35606109,121.28956708599729,1.288648763580053,0.0,0.0,0.0,0.0,0.0,0.0
Steel,1,2,5003.75,0.075,1.6721761643886568,0.09617023479938508,0.023907114770403273,0.4661294190502191,0.1254951411485672,0.9480592328049336,0.0,0.0,0.0,0.0,0.0,0.0,0.0,0.0,0.0,0.0,0.0,0.0,0.0,0.0,0.0,386838270.7722804,643.6219893802438,0.3543912077610678,433967314.06104875,382.78070502943785,1.2908963817085712,0.0,0.0,0.0,0.0,0.0,0.0
Steel,2,2,5003.75,0.075,1.076956720650196,0.051979806184768676,0.020329839738602355,0.24067423603472943,0.03199248023331165,0.6565758193771074,0.3341437063757854,0.05237723886966705,0.8126241242683699,0.0,0.0,0.0,0.0,0.0,0.0,0.0,0.0,0.0,0.0,0.0,0.0,15496399.268311864,257.95181952455994,0.18934296976175452,16315330.557313893,579.8297719198102,0.8817934964404651,0.0,0.0,0.0,0.0,0.0,0.0
Steel,2,3,5003.78,0.076,1.3704922109842301,0.0791095696091652,0.020622983403631945,0.24271497395289598,0.020022191290045156,0.7590703726684921,0.5216352443070803,0.12671859920024872,1.0264998702633712,0.0,0.0,0.0,0.0,0.0,0.0,0.0,0.0,0.0,0.0,0.0,0.0,34433082.33155741,227.74134708996,0.3043859767018843,34411481.10653122,736.3386183018212,0.9272392709993641,40731978.546706565,1099.9999999999995,1.2334429885153149,0.0,0.0,0.0
Steel,2,4,5003.79,0.076,0.7589142560958863,0.039071159243583675,0.03125692739486694,0.2651927614116863,0.051296331882476814,0.16827015330580983,0.2515557334604079,0.10162184774875642,0.4968771268084152,0.0,0.0,0.0,0.0,0.0,0.0,0.0,0.0,0.0,0.0,0.0,0.0,8875150.320681874,253.71525433296554,0.08899178459295831,7534769.105216758,617.931929934465,0.22268133729901732,7844945.841325424,1099.9999999999995,0.3823401750999494,8201378.737974117,328.26056226263535,0.6449588878836233
Steel,3,3,5003.8,0.076,0.9239135622978211,0.1063076448440552,0.010730405395460189,0.261024260469023,0.07202564477920533,0.13175713256878024,0.24004734924707422,0.10121349632740022,0.4621805152150922,0.27939858926648964,0.08359407782554627,0.7612593208607805,0.0,0.0,0.0,0.0,0.0,0.0,0.0,0.0,0.0,18273675.43834909,104.29166347882087,0.10296111517699152,16810831.533849895,1099.9999999999995,0.6862542732719836,17203614.074291684,480.76878423769335,0.8188977474220476,0.0,0.0,0.0
Steel,1,4,5003.84,0.077,0.9268655076622964,0.05370432603359222,0.010390226986828857,0.22383085286102508,0.04158822625875473,0.8341689568960667,0.0,0.0,0.0,0.0,0.0,0.0,0.0,0.0,0.0,0.0,0.0,0.0,0.0,0.0,0.0,7174440.4281119965,302.1297056213656,0.39218334217711937,9244029.21183384,228.77893092299442,0.520501370830456,6904106.153380001,627.9258171212524,0.55023347841179,7280894.3569122525,436.83852455833386,0.8218897800211916
Steel,6,3,5003.86,0.077,0.9762771397829056,0.0820445102453232,0.013653701258673915,0.334083635764922,0.11178790748119355,0.1189086493061723,0.34962239958794283,0.10214111268520355,0.2601546927979837,0.19078061914989158,0.08884491920471192,0.42663066561503404,0.24532953952900985,0.10115758240222932,0.5498094013937003,0.18650723155851182,0.09612501919269563,0.6958353166540623,0.2850814476263005,0.0927030497789383,0.8786394258046152,40498466.62853312,784.9338286748288,0.14116760618822233,32036054.663861707,279.85584125980284,0.5311252147702019,28572652.785406567,566.081970788395,0.8417825048568366,0.0,0.0,0.0
Steel,1,3,5003.86,0.077,0.9004592671990395,0.10097317039966584,0.012709685776348399,0.4226364076465232,0.051241576373577125,0.6206994554966174,0.0,0.0,0.0,0.0,0.0,0.0,0.0,0.0,0.0,0.0,0.0,0.0,0.0,0.0,0.0,19385598.802220054,654.5741261508772,0.21340270213234858,17891380.07527323,227.6191086144007,0.37033336901065234,14905189.735706756,600.1109489131643,0.7212152235054442,0.0,0.0,0.0
Steel,4,4,5003.87,0.077,1.550639334321022,0.05638258743286133,0.02371071603039268,0.46373347940080706,0.10697175502777101,0.41737139579935134,0.1497287160448209,0.05731858551502228,0.6228104981806168,0.39531538009999156,0.07855021715164184,0.905032559514395,0.22459010245508426,0.10200602352619172,1.219080369947882,0.0,0.0,0.0,0.0,0.0,0.0,64771372.04871912,766.2400735511953,0.16135590209466025,68084632.67610747,671.7437525032933,0.6567189561394025,65522529.77340822,336.1224964541754,0.9757615549529068,75531879.79195541,346.8059541503965,1.3416171876251344
Steel,3,4,4996.13,-0.077,0.7248758301138878,0.1230062472820282,0.015560113493014834,0.2763045791399976,0.08081947714090347,0.14701071329505946,0.2762045835888178,0.15,0.29992608239781904,0.461141586583875,0.11412965953350068,0.47254877854501876,0.0,0.0,0.0,0.0,0.0,0.0,0.0,0.0,0.0,23048109.17462913,367.28110379842116,0.0816318303600069,19577500.62156654,347.6917432876223,0.23598270408714805,29074068.420864146,234.1673113371388,0.38814629271027634,20737621.888807774,685.8989848361055,0.6211771926962228
Steel,1,2,4996.12,-0.078,1.3465930372476578,0.102553279876709,0.022037324923551867,0.28385429154424946,0.06300643265247345,0.9810132351724399,0.0,0.0,0.0,0.0,0.0,0.0,0.0,0.0,0.0,0.0,0.0,0.0,0.0,0.0,0.0,19961585.993002173,616.5466412156582,0.38707919034793786,17248590.47847861,491.6554351296431,1.0826361603775738,0.0,0.0,0.0,0.0,0.0,0.0
Steel,5,4,4996.11,-0.078,1.306694993376732,0.13426709926128388,0.008916750156301615,0.27076533762057875,0.07155397564172745,0.3133185970851542,0.2842064590353607,0.10006619930267335,0.610533915387076,0.22486315196981993,0.14717554867267607,0.8376939240012684,0.3074281896266408,0.1319773131608963,1.0190780740142045,0.23071476686370626,0.08136186003684998,1.176015494039059,0.0,0.0,0.0,27573145.348311026,605.6365849849203,0.15758948461964142,31245670.76016985,164.16879686326914,0.5414410123354075,35569786.03946262,626.4126146084374,0.7320777774621361,27778265.676214583,433.1404425685491,1.1627486707686754
Steel,1,4,5003.89,0.078,1.4532377630472184,0.09669846427440644,0.021210420172924193,0.3140071346233835,0.09220992088317871,0.20874768881028222,0.0,0.0,0.0,0.0,0.0,0.0,0.0,0.0,0.0,0.0,0.0,0.0,0.0,0.0,0.0,13037693.390646571,713.2750269421105,0.16178079875572823,10601279.337082734,445.5794857875349,0.36803546416127475,10141686.890800327,322.862612596993,0.6989108595042188,9764912.780800177,462.40953252809777,1.1514638881570556
Steel,5,4,5003.9,0.078,1.2209866344928741,0.09590323388576509,0.014437557557648596,0.32005813632004526,0.08536850035190582,0.1768185445827092,0.4017315548780702,0.09547029316425325,0.37429896432360144,0.46470791141199264,0.10412714183330536,0.5895390065915127,0.31589256989273473,0.1278160494565964,0.7722987628112342,0.4252556714696876,0.13002829909324645,0.94158636780327,0.0,0.0,0.0,55430500.95157155,1085.2614763060603,0.14185880523254402,55163371.93193639,639.8439432272191,0.5012213191407909,42127426.25234012,386.52410337239894,0.7354513167215695,37660066.294078365,664.5768049242109,1.0893415572602971
Steel,6,4,5003.92,0.078,1.2081621766090394,0.09695474994182587,0.005774304896889721,0.32811540329971445,0.02,0.26319573199349244,0.25956304325431356,0.1177254766225815,0.3366204530375823,0.5060248139207981,0.045112940222024916,0.5078782588279701,0.2915119462771348,0.03949897602200508,0.7072560200028541,0.4754390276574226,0.02785697288811207,0.796262513312952,0.640574663494657,0.08269929617643357,0.9649122627595932,42950174.96844544,508.46482720513836,0.20923174244816428,47959317.87513898,408.2003659625892,0.46550527839074873,46633884.64938355,519.6531044770394,0.739968543697073,38538768.37234208,869.2123879766846,1.0784721677073628
Steel,2,3,4996.08,-0.078,1.0035104498267176,0.09478668999671937,0.024420804471036367,0.5494403748266129,0.04764405652880668,0.12931797806301915,0.2754436659076135,0.11977090656757355,0.5180507659042177,0.0,0.0,0.0,0.0,0.0,0.0,0.0,0.0,0.0,0.0,0.0,0.0,23138097.959199134,504.86206236409384,0.14313842325132478,24843876.05959466,381.6142593589781,0.3815837196972251,29751384.46806179,986.9815173608798,0.8552558648648121,0.0,0.0,0.0
Steel,2,4,5003.92,0.078,1.9772623449563982,0.08405180341005326,0.009698406961086233,0.1811937373944161,0.07304711997509003,0.745964932210088,0.3064956055511359,0.09521376013755799,1.018281028546185,0.0,0.0,0.0,0.0,0.0,0.0,0.0,0.0,0.0,0.0,0.0,0.0,11308702.594346562,110.59603210657586,0.25158585119321014,11299989.774394918,552.3719136747386,0.8654733770250704,15289891.736540359,665.9785216938427,1.11431790554036,14235965.405405862,748.1869270115626,1.7392129279146107
Steel,6,2,5003.94,0.079,1.3875918924808504,0.0719059067964554,0.004546990495032782,0.40083334359872214,0.04964625120162964,0.13876918924808504,0.32578534038255774,0.05754512369632721,0.22729052349227347,0.22636042641651882,0.09252139151096345,0.3891913014663224,0.16147896940682377,0.05409830063581467,0.5585948379725915,0.302913549599985,0.034636355191469195,0.8363000932945006,0.35693679514825394,0.06586168080568314,1.099976176041888,559661937.9270947,424.33577343173744,0.14877018924808505,567855384.3843443,797.7099627865523,1.1333637806739776,0.0,0.0,0.0,0.0,0.0,0.0
Steel,3,3,5003.95,0.079,1.3034362256526948,0.05872186702489854,0.029068473412533526,0.30109253807059677,0.06371036618947983,0.3833292045181325,0.2244749470516571,0.057674265801906585,0.706091498201365,0.5326458255967391,0.07187381088733673,0.9105397485159862,0.0,0.0,0.0,0.0,0.0,0.0,0.0,0.0,0.0,58342768.66496193,465.83464990512476,0.18096890682941774,62234118.75292957,146.4627043158259,0.6652449739268904,65806556.10648354,1032.4136851584155,1.173092601783989,0.0,0.0,0.0
Steel,5,4,4996.05,-0.079,1.1615684032440186,0.04336150023341179,0.009418047484535712,0.30967235813753957,0.06281140029430389,0.1482123889414237,0.29639940918947716,0.09843126714229584,0.2585116241732276,0.1542375466843417,0.09707828342914582,0.4703890470299975,0.2875994160172301,0.10263327300548554,0.789501632953064,0.241258876651199,0.09534537017345429,0.9965178046324071,0.0,0.0,0.0,20378508.665239364,715.9650703861829,0.12243790976863854,20035805.243406553,412.0676670204067,0.2914613625482536,19732556.72918401,774.8674939481783,0.5572103953128429,24021053.921047367,479.07486251556367,0.9437162199131214
Steel,1,3,4996.03,-0.079,1.5250316590070725,0.09815483212471009,0.021109185609716693,0.5137243478358648,0.11524450540542604,0.619215661111715,0.0,0.0,0.0,0.0,0.0,0.0,0.0,0.0,0.0,0.0,0.0,0.0,0.0,0.0,0.0,45065517.72543214,314.7885646255537,0.1826524946064721,39527364.39585724,421.1021636182381,0.7808560304550642,43600291.8652071,291.7456561101641,1.2796438505421701,0.0,0.0,0.0
Steel,1,2,5004.02,0.08,0.7088449820876122,0.07242006087303163,0.03499927623753216,0.466494182792025,0.12372534453868866,0.22907814860025183,0.0,0.0,0.0,0.0,0.0,0.0,0.0,0.0,0.0,0.0,0.0,0.0,0.0,0.0,0.0,36899537.67455536,50.84490591386297,0.13894667235517472,48638379.58509188,910.5255041221697,0.5821225060320818,0.0,0.0,0.0,0.0,0.0,0.0
Steel,3,4,5004.03,0.081,2.045940932631493,0.0871289411187172,0.02371509755658971,0.2031746115417665,0.13626249253749848,0.4237029023079612,0.48411029969861946,0.10297119736671448,1.1829510944681885,0.28095525160315127,0.10468599438667298,1.5223214087951336,0.0,0.0,0.0,0.0,0.0,0.0,0.0,0.0,0.0,32206339.3656655,566.4000024800072,0.2307228265838362,35618911.02463744,509.425550921614,0.8287859467927278,33733475.30060309,647.8571650263029,1.0962945307829093,33487147.967023652,294.9264060367624,1.7645338310645802
Steel,2,3,5004.03,0.081,0.6381357707083226,0.08101464474201203,0.01873516492871188,0.42479920093625473,0.059014634788036355,0.3152661195874429,0.4438120251911,0.09537314891815186,0.47257236361164595,0.0,0.0,0.0,0.0,0.0,0.0,0.0,0.0,0.0,0.0,0.0,0.0,16281016.819861481,452.786758882382,0.16349534415555356,24335301.396888446,97.435579664009,0.46070758045119153,17991863.28338565,661.4246149817011,0.5731560466470036,0.0,0.0,0.0
Steel,3,4,4995.97,-0.081,1.7489776879549028,0.0824803016781807,0.027747152073529756,0.2659330361771081,0.1341532838344574,0.8954423800720519,0.3626213654414703,0.08343306958675385,1.4090745539817553,0.43713294900676825,0.06616407781839372,1.5740699191594123,0.0,0.0,0.0,0.0,0.0,0.0,0.0,0.0,0.0,38487352.86531956,764.5473589348401,0.32294850899237154,22476804.814133193,277.6270495450304,0.9731920063961701,21922008.049429428,389.70507265947657,1.2233920644734813,25291072.512219872,462.1096544881692,1.5640689191594124
Steel,3,4,4995.96,-0.081,1.1355553254485131,0.07568887960910797,0.012712861073039558,0.3097132688743117,0.13323028564453124,0.3603932065095149,0.34298149748181317,0.07199245750904083,0.8403430445282338,0.2820920062569942,0.06225942850112916,0.9715912359095276,0.0,0.0,0.0,0.0,0.0,0.0,0.0,0.0,0.0,28907071.8825014,180.7215022685921,0.13714163397234364,24170643.677922066,708.5461868357556,0.3360641671776297,23223874.744048584,599.4891831195466,0.4428337330795151,19925517.915401105,1099.9999999999995,0.9987797133137003
Steel,1,3,5004.05,0.081,0.6601554989814759,0.06542221796512604,0.024796995024235765,0.3418670775122662,0.09554505169391633,0.3383312064215632,0.0,0.0,0.0,0.0,0.0,0.0,0.0,0.0,0.0,0.0,0.0,0.0,0.0,0.0,0.0,9251931.524074113,466.4035361100787,0.18281513351295486,8291067.25039803,593.0987815936527,0.4170148854564499,7174745.306127529,915.4192921798494,0.5720138190355699,0.0,0.0,0.0
Steel,2,4,5004.05,0.081,0.9231557413935662,0.059524063169956204,0.010454836526513314,0.4051869572635924,0.11927006781101228,0.22647206378507345,0.36402397203970654,0.07796119153499603,0.6617895504729725,0.0,0.0,0.0,0.0,0.0,0.0,0.0,0.0,0.0,0.0,0.0,0.0,21764727.81218303,351.48036817382314,0.1703071450573847,26590222.820189487,902.2154080217502,0.45134659694447093,22935401.41364674,655.450049537414,0.5560350244459225,31757113.78369532,1099.9999999999995,0.8086340569441391
Steel,4,3,4995.95,-0.081,0.6991615526378154,0.08202950805425645,0.019134189652952736,0.2798309505331544,0.1242253464460373,0.12255944484628187,0.24989526922810398,0.07200888067483902,0.37861100120242963,0.3670969109275623,0.02325369806960225,0.45148053408947736,0.33305710920016296,0.07097904473543168,0.5780465585581072,0.0,0.0,0.0,0.0,0.0,0.0,19241781.039261155,572.065081761831,0.10163749643000627,19567225.87347321,293.31867076777684,0.4754026363104133,20849871.716436166,379.9087795440252,0.6292453966748723,0.0,0.0,0.0
Steel,2,4,5004.06,0.081,1.291200602054596,0.06792128676176072,0.0026424657634634423,0.23675936428604413,0.09831344187259675,0.28116354642943336,0.34688604642322113,0.0686341506242752,0.5675401923310193,0.0,0.0,0.0,0.0,0.0,0.0,0.0,0.0,0.0,0.0,0.0,0.0,12053278.964772925,312.23486534078603,0.15203288479065238,14799628.88406905,639.7940866935851,0.6408280996493404,11887445.357991736,300.16611606898215,0.8073483932871102,15270936.422644401,970.2823943694224,1.0334324687327072
Steel,1,3,4995.94,-0.081,0.7172921627759934,0.09119821667671205,0.022997863976601612,0.5057824294796582,0.09019347846508027,0.42532127025411015,0.0,0.0,0.0,0.0,0.0,0.0,0.0,0.0,0.0,0.0,0.0,0.0,0.0,0.0,0.0,19596524.449608963,280.68526053124367,0.11379861429336659,18745334.747120455,509.67184149108687,0.3895585399731138,16456854.863725375,367.75198434918013,0.5726514776863569,0.0,0.0,0.0
Steel,2,3,4995.93,-0.081,1.1897208571434021,0.0725173402428627,0.024093253157801794,0.2639872455200972,0.05805325388908386,0.2848197864130561,0.41604192079658686,0.10169926404953003,0.7855198913741757,0.0,0.0,0.0,0.0,0.0,0.0,0.0,0.0,0.0,0.0,0.0,0.0,32352859.171201557,426.2685492349261,0.1340085609706795,26642776.822879355,649.7013612154919,0.5318802799705602,27278406.88711367,860.3324019766438,1.0523781494958384,0.0,0.0,0.0
Steel,3,4,4995.92,-0.082,1.056569877266884,0.05506523424386979,0.038314170085581516,0.24932615383522413,0.10496238708496095,0.37253447997279404,0.27064349417191264,0.06354934245347976,0.5566779725329717,0.24831712420145896,0.07718518435955048,0.8891682448722361,0.0,0.0,0.0,0.0,0.0,0.0,0.0,0.0,0.0,14069554.760548558,356.3753397749829,0.21662173900440837,12412177.101750024,371.06657989368404,0.6933120781619346,14185473.562526653,300.35924414286296,0.7504238371163097,14829914.177968018,711.1935995742309,0.9149422003157363
Steel,2,4,5004.08,0.082,1.3672208726406099,0.126281320810318,0.03573610887055207,0.4973595101926144,0.059887720346450804,0.158625039576137,0.3619187509860675,0.07324337661266327,0.7668284073966617,0.0,0.0,0.0,0.0,0.0,0.0,0.0,0.0,0.0,0.0,0.0,0.0,23825766.53310872,778.1184223174046,0.1412838188976769,17836128.82175583,531.7803148208623,0.4122908638362558,23587015.358077478,599.9526180221618,0.6063637325543791,19888954.917686228,255.76250958178696,1.058013204862244
Steel,3,3,5004.08,0.082,0.6023951284587383,0.0710469816327095,0.019771071102812,0.4793463037966335,0.11608655393123628,0.14998403717746578,0.38674360991745116,0.04728289991617203,0.31251247864289483,0.44577658884564136,0.052671530842781075,0.475416609173969,0.0,0.0,0.0,0.0,0.0,0.0,0.0,0.0,0.0,35066812.43457166,704.0486656829302,0.09015788255372426,30525047.62869325,402.27069099672065,0.36858030732782543,29450433.364619114,793.1309258037744,0.5118031195170458,0.0,0.0,0.0
Steel,5,4,5004.09,0.082,1.1309774696826935,0.08570312780141831,0.020104487345352754,0.2809329525002287,0.08834825694561005,0.15563249896767073,0.33799377225858573,0.1399226152896881,0.35936533142380994,0.29222198678333017,0.15,0.5854965004066882,0.23417644599869714,0.06686229676008225,0.7176597805016385,0.36833530920424984,0.11034366071224214,0.9604043568164028,0.0,0.0,0.0,41189290.683179915,254.17081295040515,0.1243398250317275,31656664.66588822,274.64778385029337,0.283824306939105,30915441.326671574,354.68188833260285,0.49115389530942005,36346485.80428221,834.1518471508986,0.9871705636166644
Steel,4,4,5004.09,0.082,1.2137251168489458,0.09410156595706941,0.02729655476053714,0.3628523341119706,0.13352979242801666,0.16125186648882991,0.337566473708576,0.06343341171741486,0.4603594724100366,0.2101616444545677,0.1268267387151718,0.8017012026767381,0.23131369296464221,0.0756763181090355,0.9359739134027327,0.0,0.0,0.0,0.0,0.0,0.0,34294152.87126799,635.9098318493284,0.14214396068536675,25154273.595264822,212.13717054591342,0.5974862780597375,24015773.698924076,347.5972282427139,0.8579421234314557,26511937.318412095,297.5441938813262,1.0664443602143012
Steel,1,3,4995.91,-0.082,1.596354928612709,0.0932004019021988,0.019300071543718027,0.4036743922597256,0.15,0.48669212854685817,0.0,0.0,0.0,0.0,0.0,0.0,0.0,0.0,0.0,0.0,0.0,0.0,0.0,0.0,0.0,35544556.52793722,325.2307918900727,0.1896929322314923,40168549.66557774,367.7767178711994,0.7841168712747163,33876383.012224525,217.78091463819538,1.3041800454384154,0.0,0.0,0.0
Steel,6,3,4995.9,-0.082,1.2123903155326845,0.055088137447834015,0.008834028787745857,0.30389695896962354,0.0474978306889534,0.26973935541242244,0.2196359097677741,0.10195511519908906,0.4616180768401183,0.26181179080709815,0.12771592199802398,0.5952975632736242,0.2926349828204881,0.06375587373971939,0.7151490886689266,0.21461067632054281,0.03665988951921463,0.7755221334003785,0.27730084557274026,0.09391381561756135,0.8885712343926188,71428121.95334502,475.9777820403301,0.1581912587179365,67938521.07316291,524.4204245582595,0.5226765725373648,68397345.80597597,907.9440646950694,1.075287302668246,0.0,0.0,0.0
Steel,6,4,5004.1,0.082,0.5440935872495174,0.05270967441797257,0.017091815841571812,0.40445929583666496,0.0741226726770401,0.06289453981613015,0.32739575144309807,0.04765156686306,0.1688983405788907,0.23825350443130516,0.09358346164226533,0.24595361451273767,0.36365400329700615,0.09062741577625276,0.34850028212665407,0.490790251899015,0.023425940815359356,0.4095277028731145,0.1915988784328518,0.041569883376359945,0.47218357145658274,20756374.751540575,786.802082958709,0.07289553981613014,24530635.83166914,261.4831605670962,0.1213305629272555,17526810.792541042,259.41151363631,0.2717949908762393,17747743.524411075,558.1154745611063,0.4570419953791022
Steel,3,4,4995.9,-0.082,0.7078950732946396,0.08838535028696061,0.0075273857935877824,0.3318743773350151,0.15,0.10852103199924176,0.2706487113466938,0.09328702330589295,0.3172286919847074,0.320272476618238,0.12169137477874757,0.4539374104225583,0.0,0.0,0.0,0.0,0.0,0.0,0.0,0.0,0.0,34071660.447996125,223.36844068719145,0.14517723446201256,37733883.898401596,448.3355894540713,0.43003063391540086,32143407.55587797,498.8497460775714,0.47889948214625355,40558845.86861584,491.69712023420425,0.5920965575929291
Steel,2,3,5004.11,0.082,0.9473432675004005,0.07151776689291,0.0264465180642251,0.26381423020675754,0.05333884835243226,0.38783114844923205,0.31281282109111547,0.12392708718776703,0.7186990730064157,0.0,0.0,0.0,0.0,0.0,0.0,0.0,0.0,0.0,0.0,0.0,0.0,16949063.800848383,134.77602832965334,0.12162300322610767,13693350.806714118,591.6531618410531,0.5188026746807177,14885323.293383822,1099.9999999999995,0.8308683205436247,0.0,0.0,0.0
Steel,4,2,5004.11,0.082,1.432800030708313,0.06949169665575028,0.026300262272333983,0.2306590371234412,0.02909394644200802,0.2998279144385242,0.1993427282555689,0.06456819474697113,0.6007136180636318,0.27875583660500725,0.11630007445812227,0.9349689206033678,0.44137802731608317,0.02,1.2292214709346925,0.0,0.0,0.0,0.0,0.0,0.0,187073131.5473393,442.75047993820033,0.21633743838458788,163434775.630029,158.10486207870372,1.1252832566064512,0.0,0.0,0.0,0.0,0.0,0.0
Steel,5,3,5004.12,0.082,0.8114113137125969,0.09211273670196535,0.039247540696270074,0.2135303785722348,0.14151389956474306,0.12945593651180992,0.15707807930434095,0.08255234777927399,0.25942839634645026,0.16444712905139983,0.10653398990631104,0.4153173556020857,0.20356109236978553,0.07291895806789399,0.5415283376429596,0.38656336740210384,0.11442074358463288,0.7052495202771816,0.0,0.0,0.0,42027753.12907076,226.67136961358156,0.11575505023643232,27593496.944722943,257.4084546480841,0.3930540984582189,33779515.73586363,524.7604381580711,0.6714873166099025,0.0,0.0,0.0
Steel,1,3,5004.13,0.083,1.4500747084617616,0.0653953790664673,0.02046274668976607,0.42467869774106426,0.07473103106021882,0.8160681542576352,0.0,0.0,0.0,0.0,0.0,0.0,0.0,0.0,0.0,0.0,0.0,0.0,0.0,0.0,0.0,31566669.14272781,305.4400772636073,0.31517960423491465,29451976.202577017,332.2968265276655,0.6390447566067097,25523684.44568458,749.6214471064388,1.2223762196145325,0.0,0.0,0.0
Steel,4,4,4995.84,-0.083,0.532882744818926,0.08251800394058229,0.01749456003570823,0.4348933382361842,0.02,0.08329106870199762,0.2205678272884462,0.05741423428058624,0.17753239788717312,0.39209783841587986,0.07959433764219284,0.2602076727313179,0.2924561040208156,0.12069642305374147,0.4365245174620699,0.0,0.0,0.0,0.0,0.0,0.0,24111515.44216452,553.2234197857467,0.05500497022480318,19019796.358021677,630.0060793711854,0.2023971834537739,18156500.575517572,564.4545901258715,0.2066882638549013,16356542.018687569,1074.0005692655536,0.4567812211057885
Steel,6,4,5004.16,0.083,1.6675521612167359,0.1273740050792694,0.01442761155504754,0.22146089350848344,0.05484203487634659,0.1763187997965816,0.3191629453881033,0.055923554003238674,0.2696695724802098,0.16825246843460268,0.05721707880496979,0.5043411357412639,0.19736583856578016,0.06919747412204742,0.7312747958092336,0.32125984039452826,0.07162804841995239,0.9754657361059227,0.189091599287234,0.12855920255184175,1.3135566243633345,29259103.877456028,286.1307067797968,0.20746117541205905,27934552.388314877,429.6428294339528,0.8014286049154643,25261304.23449201,210.65932047047895,1.1415345942355428,25645207.862792768,397.98607611995993,1.473856897387956
Steel,3,4,5004.16,0.083,1.3603310704231262,0.10975664222240449,0.017119597334089152,0.33170495615510653,0.12942252099514007,0.20234453306550504,0.24383662432045608,0.08667768895626068,0.6607056928405488,0.17111758971504612,0.11753003358840942,0.8250000843603029,0.0,0.0,0.0,0.0,0.0,0.0,0.0,0.0,0.0,21242054.994390775,911.5782304609222,0.1865846655657197,21149880.099030584,873.9325817863258,0.45197899428692045,20458534.36139179,406.9975539376887,0.627564035620003,18889938.62745658,395.8552938684729,1.1788211333312564
Steel,3,2,4995.83,-0.083,0.8442998036742211,0.056479604423046115,0.02403583036954277,0.27986828234948524,0.07161524772644043,0.18234462454591507,0.24698435563050375,0.08137734949588776,0.3107888144172995,0.32611535418569204,0.08394866168498993,0.5021938127579777,0.0,0.0,0.0,0.0,0.0,0.0,0.0,0.0,0.0,55377441.15245302,362.23716490719994,0.10987607298134575,52800018.26789237,921.0831395536225,0.6735134296899961,0.0,0.0,0.0,0.0,0.0,0.0
Steel,6,4,4995.83,-0.083,1.1353367179632188,0.0975862638950348,0.012733534993848796,0.21923294974121402,0.07002490878105164,0.11354367179632188,0.4181569922991316,0.07563026815652847,0.21546252411667374,0.3020772983110896,0.09578594028949738,0.41114919859372867,0.31759672448131754,0.11981918036937714,0.6686285223916093,0.17992384790384813,0.04407025903463364,0.8274583035009891,0.2753297259758298,0.06897847533226013,0.9365108575312079,26392559.779885523,393.64006245668304,0.12354467179632188,30787913.19711564,211.48427920745442,0.42852949389910316,25692844.47193774,528.5729699599319,0.7305495149256328,23474242.672194738,586.6500759319359,1.002313006143092
Steel,2,2,4995.83,-0.083,1.1509878009557726,0.06300459688901902,0.010671325934180596,0.13417936305495154,0.08436826407909394,0.11510878009557726,0.2897838848289241,0.09104736685752869,0.7606295215801673,0.0,0.0,0.0,0.0,0.0,0.0,0.0,0.0,0.0,0.0,0.0,0.0,61473736.475638814,452.88399013695397,0.2062737461959543,39851516.70341333,392.4756676325212,1.028695439347347,0.0,0.0,0.0,0.0,0.0,0.0
Steel,5,2,5004.17,0.083,1.1696228072047234,0.0924474654197693,0.02580038434319879,0.2818469494692026,0.10488148391246796,0.24022401717884645,0.1796879616959092,0.15,0.46404030080977876,0.3413760603814581,0.04424852341413498,0.5909254125252897,0.5217530909512069,0.08072439402341842,0.6936728790759117,0.3592808773255227,0.09075992465019227,0.863604214905878,0.0,0.0,0.0,601531676.8922424,721.3201088646633,0.13687058607965394,587207835.343762,225.30917524065583,0.990334138827518,0.0,0.0,0.0,0.0,0.0,0.0
Steel,1,3,5004.19,0.084,1.3604714423418045,0.09415228986740114,0.02360464130799312,0.5468361485858064,0.0895319026708603,0.37694012140877936,0.0,0.0,0.0,0.0,0.0,0.0,0.0,0.0,0.0,0.0,0.0,0.0,0.0,0.0,0.0,44091908.55694786,974.1907624375165,0.2522082067250112,33494138.139269523,170.79429267011176,0.8629417554051861,23921038.027272537,1069.0884967797003,1.0777622073055177,0.0,0.0,0.0
Steel,4,3,5004.22,0.084,1.3521335929632188,0.06998623996973038,0.0281727289742198,0.26262560969272736,0.11146630942821503,0.2528440420794543,0.3185427244493468,0.06005051851272583,0.4800260553672404,0.23943441705392948,0.10363579511642457,0.6434706921689254,0.38214883582850023,0.15,1.042835745521816,0.0,0.0,0.0,0.0,0.0,0.0,28929897.339123506,786.659089543833,0.1522627494635272,43442277.15104567,264.69813379550976,0.6904800702940337,32166067.10551861,399.04287784272685,1.1438563382219953,0.0,0.0,0.0
Steel,3,3,4995.77,-0.085,0.27657275293022393,0.07660804629325867,0.01735503809349413,0.3692727617192949,0.07726309269666672,0.032949253816818805,0.491818873201522,0.06965466111898422,0.11352071696213324,0.17554370008328138,0.09747599601745606,0.22215348636741442,0.0,0.0,0.0,0.0,0.0,0.0,0.0,0.0,0.0,20081579.256568976,644.0126626638432,0.04503687765258181,20204044.063100252,193.95697790815447,0.15094247879669992,21356181.895491604,726.0856452596028,0.21141870584373862,0.0,0.0,0.0
Steel,4,4,5004.26,0.085,1.4649946004152299,0.08294851392507555,0.005170072002011037,0.35359108835240216,0.1413371616601944,0.29651602180948694,0.38252745463307003,0.07806743651628495,0.6026673050401095,0.46373592007297665,0.11802347242832184,0.7602775997058048,0.24843554419951902,0.09025311172008516,1.0795449936524923,0.0,0.0,0.0,0.0,0.0,0.0,45846333.04663041,446.1152215046028,0.15991272528290784,44715476.291566715,828.0481243418843,0.4751449384656604,38644729.59314417,406.64729532127194,0.8300507759184379,31067051.86826941,615.7521521090873,1.2943192373503007
Steel,1,4,4995.71,-0.086,1.3670440018177032,0.05014128026366234,0.02226194583524447,0.3162507702993732,0.07429099947214127,0.74484938139549,0.0,0.0,0.0,0.0,0.0,0.0,0.0,0.0,0.0,0.0,0.0,0.0,0.0,0.0,0.0,92940732.73275869,266.2293769341769,0.3673952030934564,89057892.45230038,658.0471208284,1.0332255441373377,64622650.03377259,617.5361352016988,1.1785461520001363,68477833.72088422,487.9814268482696,1.2021112356953023
Steel,3,2,4995.71,-0.086,1.2793478310108186,0.0794180857539177,0.014660844649676883,0.26764509343235615,0.0753292852640152,0.47629871469980956,0.2938404080654492,0.02,0.7883025570018586,0.37335101759493095,0.042707918882369994,0.8879227878391012,0.0,0.0,0.0,0.0,0.0,0.0,0.0,0.0,0.0,98155514.15088056,177.23269178203412,0.1924040065363996,95036916.51076235,285.35363454121847,1.1514130466303891,0.0,0.0,0.0,0.0,0.0,0.0
Steel,4,3,4995.66,-0.087,1.3853480368852615,0.09288511466979982,0.02047988998890237,0.2822872941948545,0.1309297949075699,0.3883221365394928,0.23893658869755152,0.09188409984111787,0.7202905441845854,0.35630741921831605,0.0719432383775711,0.8923678822653033,0.25464510755362946,0.1227263790369034,1.204667613220125,0.0,0.0,0.0,0.0,0.0,0.0,35669656.66121418,492.1520453313116,0.13933001277310725,45259282.450986676,309.43730144240385,0.4912392093899979,33471375.348223057,595.6877636991022,1.2468132318113874,0.0,0.0,0.0
Steel,1,3,5004.36,0.087,1.7311939001083374,0.03462388146455455,0.005694542706500664,0.20109730897885786,0.05364624708890915,1.1360679865148626,0.0,0.0,0.0,0.0,0.0,0.0,0.0,0.0,0.0,0.0,0.0,0.0,0.0,0.0,0.0,52384049.032642975,590.261219264214,0.38782601176210996,62002346.223023936,143.93343855488217,0.928618871288609,47640314.663776726,395.75530152335756,1.2869583073420374,0.0,0.0,0.0
Steel,1,3,4995.64,-0.087,0.6402583859860898,0.07507775509357453,0.06000000000000005,0.45116675041519383,0.12967121243476867,0.2959239429970164,0.0,0.0,0.0,0.0,0.0,0.0,0.0,0.0,0.0,0.0,0.0,0.0,0.0,0.0,0.0,21177726.386811066,664.2417382416556,0.08606584946162296,20883562.192231644,570.1825482658737,0.16287551312519105,26494107.957578275,306.86567882450925,0.485323692792598,0.0,0.0,0.0
Steel,5,2,5004.4,0.088,1.278221106529236,0.08750741106271745,0.00670707709025885,0.2938742846953316,0.11161672532558442,0.22647202594523308,0.24637012294433333,0.04811163440346718,0.31820959941052684,0.24596986460916676,0.12427704513072968,0.565123849234419,0.1641618245215109,0.09723444104194642,0.8994688446639499,0.42225322033367446,0.05752364844083786,1.0828872372996532,0.0,0.0,0.0,107259073.80394161,231.61368695485805,0.1337061613478586,99880471.93469732,416.22259167180977,1.1363869715038397,0.0,0.0,0.0,0.0,0.0,0.0
Steel,2,3,4995.58,-0.088,1.7921015292406084,0.06054768657684327,0.00816852579169158,0.2972159388303218,0.1203086131811142,0.4287168189093394,0.3544231886762576,0.07223523676395416,1.4969153106162958,0.0,0.0,0.0,0.0,0.0,0.0,0.0,0.0,0.0,0.0,0.0,0.0,29134024.075691625,332.69819674605145,0.20465746582063626,28841118.748613197,546.1798350370016,0.9014497249435784,29441667.078322127,61.38980807892338,1.5596594516127944,0.0,0.0,0.0
Steel,1,3,4995.58,-0.088,0.738976426422596,0.08837441074848176,0.028875297686339303,0.34025006688845916,0.056720598638057715,0.15374181343609739,0.0,0.0,0.0,0.0,0.0,0.0,0.0,0.0,0.0,0.0,0.0,0.0,0.0,0.0,0.0,8853537.376602853,383.26656479410786,0.08192129912454803,11017410.324267467,162.10327530090873,0.34924587708746924,10903585.576299896,551.4214846181803,0.531624982922542,0.0,0.0,0.0
Steel,1,2,5004.42,0.088,1.492415973544121,0.06912158054113389,0.02797818319128362,0.34566556970874657,0.09626386642456056,0.8933174677574978,0.0,0.0,0.0,0.0,0.0,0.0,0.0,0.0,0.0,0.0,0.0,0.0,0.0,0.0,0.0,72907760.73267865,519.4441478940795,0.43971957199152056,65509311.45616284,210.20574315851255,1.1711301185059682,0.0,0.0,0.0,0.0,0.0,0.0
Steel,3,4,5004.43,0.089,1.457168397307396,0.07988984858989716,0.013710077914139984,0.35036161263752263,0.07217583984136582,0.29737049327005516,0.28360213116779326,0.11973431766033173,0.6935670765854645,0.3121441793892206,0.11155961811542511,1.2403632694767914,0.0,0.0,0.0,0.0,0.0,0.0,0.0,0.0,0.0,27843875.365951743,376.95583175902135,0.15806987807156098,26323352.330924235,236.94510994614416,0.6195215099987476,20800954.109689165,163.0262824063838,0.7133505131778847,25170185.59042159,653.4528244742723,1.2287927881069112
Steel,6,3,4995.57,-0.089,0.6861841797828674,0.10175245487689973,0.021788604273337165,0.3602343607066624,0.06074018687009812,0.10201623968160167,0.4625180394996512,0.09050672352313996,0.22186139169395974,0.22047802119310775,0.11655497252941133,0.34188291119824665,0.40974687531901627,0.06257881432771682,0.43476703224997915,0.21478437853533805,0.06110670745372772,0.5050210947072052,0.2937186095736442,0.07072735846042633,0.5962127083693063,34756339.6850023,459.19336957108345,0.0768676604012392,35555719.8982506,434.9768934099622,0.3638969826024602,34339872.13576693,769.0889870514559,0.6175657611183965,0.0,0.0,0.0
Steel,1,3,5004.43,0.089,1.838046371936798,0.09182251942157746,0.01257376604280436,0.4628628853376412,0.0856861311197281,0.76809812459391,0.0,0.0,0.0,0.0,0.0,0.0,0.0,0.0,0.0,0.0,0.0,0.0,0.0,0.0,0.0,65282971.269469604,503.93970739074376,0.33815031392446326,50620219.89330607,804.8004598416984,1.2014416260506575,58763429.480311036,616.5499302374833,1.6472319679687772,0.0,0.0,0.0
Steel,3,3,5004.44,0.089,0.7473416775465012,0.13588510143756868,0.022949566382321568,0.3189615811599126,0.15,0.12444196329001928,0.26543376323555506,0.06226293087005616,0.3407743719214743,0.20260382044834194,0.15,0.546831639550039,0.0,0.0,0.0,0.0,0.0,0.0,0.0,0.0,0.0,24411144.606660787,554.0093157191707,0.07840381908884003,31887478.509782527,382.2472473787187,0.15001981975328363,23275882.577052433,472.90648955505145,0.5625543722415578,0.0,0.0,0.0
Steel,1,3,5004.46,0.089,1.1097581535577774,0.07791007143259049,0.022328318414775294,0.3141600687763318,0.10965413570404053,0.37702979119946,0.0,0.0,0.0,0.0,0.0,0.0,0.0,0.0,0.0,0.0,0.0,0.0,0.0,0.0,0.0,13165618.909607014,193.8434552709519,0.23331066256879185,11162420.604923526,742.4315469361475,0.3245329997120177,14019227.92977465,510.5314408535918,0.6910881348755594,0.0,0.0,0.0
Steel,5,4,4995.53,-0.089,2.0606673032045366,0.09756383466720582,0.02410571378833538,0.2871842956556225,0.08992436170578004,0.30690827986668723,0.2660746944828232,0.12084517300128937,0.7529159264785222,0.39517438761901547,0.07966963082551956,1.0414667293583433,0.3182658952825917,0.057642976939678195,1.4271880803124377,0.4226361412787127,0.07563998490571976,1.6262841782215707,0.0,0.0,0.0,58723160.39870947,789.0667559783183,0.28733926430749823,45843717.025537014,137.4002846616284,1.2309750312496033,48952569.98423026,370.97984631373856,1.5210181525997652,59218823.859859996,656.8711856822608,1.8546005708234157
Steel,3,4,5004.48,0.09,1.8284559816122057,0.13367053258419037,0.021896986527749775,0.4356901257320706,0.15,0.7679419675881725,0.4066418254075222,0.09817398250102997,1.0113946497428383,0.2981127482803642,0.09013823091983796,1.5345636655813826,0.0,0.0,0.0,0.0,0.0,0.0,0.0,0.0,0.0,71707180.74958616,476.1428546418575,0.2785162478610599,58087690.86169642,680.223735632724,1.1545073808771746,69161059.82195069,543.2066825908233,1.4305065148282206,88675684.87737507,73.92877912602717,1.6456103816225292
Steel,5,3,5004.52,0.09,1.4741557151079179,0.09715528416633606,0.028754394394254833,0.28748942066847094,0.05050526529550553,0.2748505345929921,0.43896844254848083,0.09435172021389009,0.4986714593323356,0.43280164466077803,0.02,0.8013237455608114,0.3246419422171676,0.07336036890745164,1.1553172355723624,0.5667230821855047,0.06268744200468064,1.3267301435971262,0.0,0.0,0.0,78188423.64151135,834.512203399238,0.15604178658633822,57777465.87773913,195.5523246649848,0.6242282734609579,48893801.37473728,477.364444480948,1.2916199382800215,0.0,0.0,0.0
Steel,2,4,5004.54,0.091,1.395361638069153,0.10584809958934785,0.01792788021470197,0.24878911741216103,0.1415972203016281,0.6107766486657595,0.27732543397289583,0.1498419052362442,1.1232575456916836,0.0,0.0,0.0,0.0,0.0,0.0,0.0,0.0,0.0,0.0,0.0,0.0,22382439.72902131,546.3506216257123,0.19685421205970663,18527752.52058954,278.7120024882143,0.6631570562753167,19034415.948272508,225.96909695659892,0.8250509651496449,17693161.45643718,483.50105053889286,1.163524957533445
Steel,2,4,4995.45,-0.091,0.5933470666408539,0.07677751392126084,0.028613704147368548,0.3480461902890174,0.08682482719421387,0.2884700495271416,0.29665377379907815,0.10868531227111818,0.5299163596755826,0.0,0.0,0.0,0.0,0.0,0.0,0.0,0.0,0.0,0.0,0.0,0.0,9823044.245531425,734.9930884428112,0.09242462029088169,9946755.768505173,334.40223646421816,0.36316503524279276,10405204.20422101,332.1289092747985,0.4618447322330512,10377984.97301364,551.1558592686032,0.5163518880725868
Steel,1,2,5004.56,0.091,1.1028886958956718,0.06656888049840927,0.005689757872268142,0.36905435396773284,0.04523864194750786,0.3386413172471574,0.0,0.0,0.0,0.0,0.0,0.0,0.0,0.0,0.0,0.0,0.0,0.0,0.0,0.0,0.0,12568725.508163253,619.5051361044458,0.2657616060729474,11364958.051551402,975.541033154457,0.8505384301272112,0.0,0.0,0.0,0.0,0.0,0.0
Steel,1,4,5004.56,0.091,1.5178658545017243,0.08423369598388673,0.027158129678340033,0.2970933492752601,0.08918684959411621,0.4500837659249612,0.0,0.0,0.0,0.0,0.0,0.0,0.0,0.0,0.0,0.0,0.0,0.0,0.0,0.0,0.0,13625212.598628402,775.5389020683035,0.26423311273741523,12855187.57533169,388.85557714517864,0.8222818219275712,13230477.663084125,366.3648819469726,0.9842984192823696,16587579.327164654,650.6130313890918,1.2393928339484246
Steel,2,4,5004.61,0.092,1.3647096157073975,0.06911349332332611,0.028897220077100792,0.2987236361123559,0.09368900537490846,0.3821409778891868,0.18911497551779213,0.09401123106479646,0.8378132772052103,0.0,0.0,0.0,0.0,0.0,0.0,0.0,0.0,0.0,0.0,0.0,0.0,7954489.877828398,349.3643996490377,0.15875416156188515,9309909.338753538,476.8158905618231,0.4486335896716671,8984205.270483265,736.0616024621893,0.7652182649543502,8805034.88238534,1099.9999999999995,1.1903773214340831
Steel,6,3,4995.39,-0.092,1.1738425657153129,0.08678675997257233,0.0074667733652155465,0.35334509113245016,0.06157729178667069,0.13134106264490275,0.10707319237837289,0.07454700946807861,0.23363191082037818,0.1766408388179827,0.061788476109504706,0.30636293473164766,0.29426704699323736,0.07015779733657837,0.4266512676995968,0.34741564156318394,0.06326001733541489,0.6581329327654222,0.3339305737196226,0.12808458507061005,0.9213043987793226,32642064.655572508,295.3390693234341,0.15437245050894688,30800673.466083065,267.5904733345208,0.49007743363833667,27569100.336999156,590.0898599169531,0.9481620213371275,0.0,0.0,0.0
Steel,2,4,5004.62,0.092,1.4314920246601106,0.10158636009693146,0.038344687710916536,0.29535038697912014,0.15,0.2996315268135078,0.14218767581848024,0.04813743144273758,1.0019948025432424,0.0,0.0,0.0,0.0,0.0,0.0,0.0,0.0,0.0,0.0,0.0,0.0,25368347.117766596,926.5327454302146,0.25071427753914893,25086469.601370003,314.36848975744107,0.9860728774442049,25747102.001872577,242.86313468765607,1.1351510712136568,40159680.18114796,305.4761587973512,1.282215553933648
Steel,2,2,4995.38,-0.092,0.625018797814846,0.05481569004058838,0.019120356137098588,0.2466893575880586,0.08422452360391618,0.23051156091464006,0.175527703968527,0.12661276876926422,0.34989008479253053,0.0,0.0,0.0,0.0,0.0,0.0,0.0,0.0,0.0,0.0,0.0,0.0,12167468.507083233,642.6438327358711,0.09352416149153435,11804311.06622295,522.3937227231775,0.5292333372716851,0.0,0.0,0.0,0.0,0.0,0.0
Steel,4,4,4995.37,-0.093,1.2508215665817262,0.11800670468807221,0.04124223727622425,0.26854714894068094,0.06642343133687974,0.21809168513193194,0.1705643471168389,0.02,0.5208018190215281,0.22847098011079978,0.057058503627777105,0.789203423332276,0.4139656188476106,0.11517106413841248,0.9021073979124843,0.0,0.0,0.0,0.0,0.0,0.0,15742167.183563843,389.4911521426891,0.1405242822870414,22484567.9109229,172.6804373522382,0.7401387186169621,19451927.99533441,481.89361816452316,0.8866752468070142,19813018.22467663,748.958064517956,1.119728845934945
Steel,2,2,4995.35,-0.093,0.2784656890667975,0.10670689356327058,0.009757074055252246,0.5659237423600503,0.06583965539932252,0.041660635174515855,0.31313311961845647,0.10060360372066499,0.18574634032605525,0.0,0.0,0.0,0.0,0.0,0.0,0.0,0.0,0.0,0.0,0.0,0.0,29797952.86578867,80.0919549889806,0.05300019518618877,38898010.44834022,167.7797501576822,0.20924426992734058,0.0,0.0,0.0,0.0,0.0,0.0
Steel,2,4,4995.34,-0.093,0.2878409419208765,0.11339195454120637,0.012432445833786556,0.3827064320948719,0.09656379938125612,0.08549025453949148,0.23515742487439673,0.06683841556310655,0.20969095981450286,0.0,0.0,0.0,0.0,0.0,0.0,0.0,0.0,0.0,0.0,0.0,0.0,13164091.642640648,304.97169548180653,0.047678062048826714,11932219.2519187,348.0967199702306,0.17860291280805285,13783340.20215442,276.0650154172304,0.23019148036326295,11681199.572188133,307.7620136547086,0.2590568474409479
Steel,4,3,4995.3,-0.094,1.0232583418488503,0.05911979961395264,0.026455558819037772,0.2297751088980916,0.07561436414718628,0.1923285653970862,0.41401629718514826,0.07885255604982376,0.3944531434891261,0.14392481601576873,0.10352780282497406,0.6962032965555913,0.2522277964865816,0.03732382863759995,0.8337836755020904,0.0,0.0,0.0,0.0,0.0,0.0,21523431.459467977,929.111451346443,0.12495262219011981,21523431.459467977,170.28586800823823,0.5313143239484847,26576475.83091193,762.6656870498714,0.8745352918817484,0.0,0.0,0.0
Steel,4,4,4995.3,-0.094,1.7110618323087694,0.05089118668437004,0.004087431862422166,0.433995341211181,0.06727573901414871,0.37568021758471803,0.14805624291140956,0.06029535114765168,0.6569067446618501,0.2305124057661472,0.09924507975578309,1.0618707225259287,0.29417910757705773,0.07060125768184662,1.3035568489406044,0.0,0.0,0.0,0.0,0.0,0.0,83152122.2518964,512.3578668783505,0.17110618494193877,113295884.24883819,563.5011924543263,0.7790606524627122,95084286.12168142,803.1125252586872,1.0908464372981348,71362796.51644997,405.8187745744712,1.5399556473668308
Steel,6,4,4995.3,-0.094,1.450314211845398,0.1334102350473404,0.02530400675428179,0.2186859290225666,0.053357661962509156,0.32688024987553876,0.2633933815514401,0.08231892883777618,0.6019268696832849,0.24877044187501648,0.12254465103149415,0.7406780431584208,0.19740125215606807,0.09633247256278993,0.8750937112113791,0.31999255888292627,0.07429871708154678,0.9966724893858854,0.17851685053291802,0.0713378244638443,1.1408046896708388,20742523.63078415,505.5308090667018,0.16553645567697375,22719249.497577034,422.27231567174044,0.4426552942672084,27298377.63663876,417.5762797345066,0.7669792979519945,27851437.85977921,859.7249986838812,1.2910195560338154
Steel,2,3,5004.71,0.094,1.1560220584273337,0.12497434854507447,0.01137624921121008,0.31808374527983063,0.08840165257453919,0.3601225240738577,0.2394940722342265,0.11359302997589112,0.7496598948577027,0.0,0.0,0.0,0.0,0.0,0.0,0.0,0.0,0.0,0.0,0.0,0.0,15191177.77519699,485.38157884792975,0.16326121570366897,21006417.288021762,589.4674707675828,0.5016661780346744,22971231.387860104,627.317420781047,0.9447243397137117,0.0,0.0,0.0
Steel,4,4,5004.75,0.095,1.223446395993233,0.10827354550361634,0.027474919672054527,0.5444404057408468,0.11853948295116425,0.2783031472231373,0.29261105560311745,0.03024087153375149,0.5673959203543963,0.21450417222409787,0.06497012257575989,0.8266691792424665,0.28632237559023244,0.07340436547994614,1.005775904432291,0.0,0.0,0.0,0.0,0.0,0.0,35308836.6768789,577.2382232958649,0.1302809697292974,31579920.591968775,576.2476433404872,0.5082633683406045,37843045.57438184,841.8887569287918,0.6828965916272216,36062378.08004349,382.47161704475826,1.0599062422529681
Steel,1,4,5004.78,0.096,0.855967764556408,0.09790541911125185,0.007491030833606832,0.27530565495891385,0.06024884015321731,0.15433403450377337,0.0,0.0,0.0,0.0,0.0,0.0,0.0,0.0,0.0,0.0,0.0,0.0,0.0,0.0,0.0,9151653.267240204,609.0231404011577,0.0979701623691587,7772951.560013026,354.88872554180364,0.4102257063286391,8553625.863651374,393.5291582781806,0.4965933340322686,9449539.505096938,683.0700414652199,0.6705752281066889
Steel,2,4,4995.22,-0.096,0.9303486168384553,0.08747614133358003,0.005993006010129061,0.13271332292913968,0.04899976775050163,0.1752713365416334,0.2679777930357895,0.12033665537834168,0.7305687171573403,0.0,0.0,0.0,0.0,0.0,0.0,0.0,0.0,0.0,0.0,0.0,0.0,10469090.681972807,828.6555657099761,0.11074295300409594,9800827.881042168,273.50678459343413,0.31751694257663393,9844869.118141912,385.5774344418087,0.6330400455768554,8992960.724124916,340.92210110465567,0.8173222217825307
Steel,2,3,5004.78,0.096,1.449965101480484,0.12859464597702028,0.03135588537531191,0.18902680737795774,0.12394717931747437,0.7654868376470101,0.43273404585259856,0.09699834883213043,1.0914775447709737,0.0,0.0,0.0,0.0,0.0,0.0,0.0,0.0,0.0,0.0,0.0,0.0,35601865.16136405,362.63552320290586,0.28879025995617025,27719315.14550591,684.1204178258978,0.8746014040230847,25231179.40893112,655.8240368737646,1.3049685898824706,0.0,0.0,0.0
Steel,4,3,4995.21,-0.096,1.3001662105321885,0.1333255033493042,0.019132717849546732,0.3820044305706427,0.0684064656496048,0.3052053961184059,0.26479444459516194,0.072934091091156,0.7657777793979079,0.3413403440912756,0.09370406091213226,1.0258155828400533,0.21635518866449283,0.06147469639778137,1.141690004754227,0.0,0.0,0.0,0.0,0.0,0.0,33604989.91997171,897.8219617506995,0.16704317958475434,36257997.12767602,963.1862363271069,0.6330133702307439,31050702.02621775,153.70583391582298,1.0825616644474705,0.0,0.0,0.0
Steel,2,4,4995.19,-0.096,1.0461492195725441,0.12218168115615846,0.040099878737351595,0.3267467543611197,0.04063292801380158,0.1541933053022865,0.23651936389725653,0.04094743996858597,0.7430947771478101,0.0,0.0,0.0,0.0,0.0,0.0,0.0,0.0,0.0,0.0,0.0,0.0,9761897.00772662,552.7335250435726,0.11308054674577217,12045667.405373095,647.2096045553784,0.39858813898178497,8719730.492286853,207.82647329534632,0.5577353349657161,11571724.442650849,764.407681916754,0.8804461328806331
Steel,5,3,4995.18,-0.096,1.0875382602214814,0.058185876190662386,0.02259505883333168,0.45708547923408643,0.08595358192920685,0.16705313894738072,0.39762829265726507,0.08669432520866395,0.3637794345792099,0.42077436022061726,0.09315802454948426,0.577823263374087,0.23885023828326296,0.12697080850601197,0.7333272716126898,0.44621539861074266,0.02879721947014332,0.9568737169503347,0.0,0.0,0.0,74582284.49664688,769.5522989973896,0.129951741006874,90760466.37918083,676.8010479839436,0.6399092800190178,57813926.58686075,149.80404297009142,0.978784433111795,0.0,0.0,0.0
Steel,2,4,5004.83,0.097,1.5681599110364914,0.09821688067913056,0.01921673064064773,0.520069402044241,0.08051173359155656,0.5334674227402547,0.22601547013983284,0.10228897154331208,1.1369163955322006,0.0,0.0,0.0,0.0,0.0,0.0,0.0,0.0,0.0,0.0,0.0,0.0,30918285.953684617,363.03459624189446,0.273546643897163,32414264.64258938,499.4933038637044,0.9409975204111392,29441856.080505952,408.60442813928887,1.0192274009169395,25420988.811421517,491.0387215081318,1.405906737163526
Steel,2,3,4995.17,-0.097,0.843466117978096,0.06796903139352799,0.020242084230811926,0.1996648275398766,0.08006377905607223,0.26370385189995593,0.3040927448381713,0.11985070168972016,0.606540776650581,0.0,0.0,0.0,0.0,0.0,0.0,0.0,0.0,0.0,0.0,0.0,0.0,16920894.99762407,321.76550861500004,0.11729176285064649,15892294.630059605,357.3209005994976,0.3605279981353742,13100834.994570374,445.46133177755667,0.7276238321558477,0.0,0.0,0.0
Steel,1,3,5004.83,0.097,1.095568184554577,0.08156802880764008,0.023058090930438303,0.31492019235145613,0.02412979081273079,0.7856288166030786,0.0,0.0,0.0,0.0,0.0,0.0,0.0,0.0,0.0,0.0,0.0,0.0,0.0,0.0,0.0,12202978.2468551,356.1642432882485,0.41120258758585626,9694250.82538962,462.05692073126244,0.7531739964127879,8084248.6635337435,659.9466015831858,0.958362895414643,0.0,0.0,0.0
Steel,6,4,4995.17,-0.097,0.7889837294816971,0.04734259930253029,0.01147461054295583,0.19013421135426214,0.10549043118953705,0.11993441840138915,0.2674279466763422,0.08674465239048004,0.28896708044591174,0.4562835095551862,0.07440737575292587,0.3802132483481883,0.24920982399972966,0.08050500392913819,0.47449258892240753,0.19191871077335124,0.11005661368370057,0.5798995168008474,0.19912196074843436,0.05728365480899811,0.6887806915512166,74722538.44774044,257.29994851164196,0.09968855397047507,80450007.86623687,673.0122158061638,0.2220068359790443,74853289.51731129,591.5786572675839,0.25285582819000274,82744095.80557856,297.51766495942917,0.7001790531308005
Steel,1,2,4995.16,-0.097,1.4047956675291062,0.08409072023630143,0.012777972695872625,0.38999558438111354,0.08390420019626618,0.48526248838041686,0.0,0.0,0.0,0.0,0.0,0.0,0.0,0.0,0.0,0.0,0.0,0.0,0.0,0.0,0.0,30558578.47907681,404.76353777594613,0.31767542102048074,33258157.71213368,581.7116835029948,1.2171828797384285,0.0,0.0,0.0,0.0,0.0,0.0
Steel,1,2,4995.16,-0.097,1.8663384258747102,0.09564884412288667,0.01206746131696332,0.4310896683702544,0.08324491798877717,1.3059918289188888,0.0,0.0,0.0,0.0,0.0,0.0,0.0,0.0,0.0,0.0,0.0,0.0,0.0,0.0,0.0,179823419.34421718,397.45444687751535,0.6371402609782719,183831302.34146553,291.3286333912852,1.5697817477052203,0.0,0.0,0.0,0.0,0.0,0.0
Steel,2,4,4995.15,-0.097,0.3254812225699425,0.09081435525417329,0.015129081761376369,0.25860726451084887,0.08747756958007813,0.058516473215170665,0.23138146606956617,0.15,0.2261928582306098,0.0,0.0,0.0,0.0,0.0,0.0,0.0,0.0,0.0,0.0,0.0,0.0,12749640.045970304,378.6201380233254,0.03316772634892224,8508284.574829634,616.2890948214595,0.10337938403265037,12000529.061143877,340.4144199603005,0.1042366274714138,8146408.143442496,320.15452969410416,0.24638441706789235
Steel,6,2,5004.87,0.097,1.206473633646965,0.10742532289028169,0.015144854929313303,0.20493657541468158,0.05834541887044907,0.2695621661537463,0.31143736413273443,0.05081181168556213,0.546005020890636,0.26105052427184117,0.031084383577108382,0.5902486038413288,0.2007525442182963,0.059072598218917846,0.6690135851561964,0.3539284300625168,0.07999008983373643,0.826909110998459,0.47377038957030637,0.07373315036296844,1.0429414581628804,75777215.41972046,326.4275132869168,0.15685416785195477,64095753.122328304,458.17293416560847,1.085826269075795,0.0,0.0,0.0,0.0,0.0,0.0
Steel,4,3,5004.88,0.098,0.7427825123071671,0.12315110623836518,0.016855454170809817,0.3194095532516193,0.11419054806232454,0.11591317196139306,0.24197505072471454,0.1190192610025406,0.3052239908967591,0.25528621864502804,0.14095713913440705,0.5007721791607143,0.25174665394883083,0.05137799635529518,0.6459081237534025,0.0,0.0,0.0,0.0,0.0,0.0,38421013.24212623,481.57789318885057,0.07427825197349923,28459563.64080923,578.1318068896821,0.19335328181073314,24626965.247204494,192.94569482955438,0.6112494227555121,0.0,0.0,0.0
Steel,5,4,4995.11,-0.098,0.7348807752132416,0.1183538329601288,0.0229901142220883,0.4046386814583975,0.0770944482088089,0.14637501400018155,0.256354335228743,0.06096215337514878,0.28245890100786,0.1756089540115852,0.09961373507976533,0.45068164251791987,0.30222547250099907,0.06127922236919403,0.5972658585628444,0.3300285443344925,0.02,0.6463819915406664,0.0,0.0,0.0,19755046.92844462,509.55067145839996,0.08422835044959136,15149167.60408758,194.8558055787352,0.34894238625756774,16607012.418943563,498.5951009859325,0.47576683582618173,15972376.720265608,347.75375169535096,0.6613926969570366
Steel,4,3,5004.89,0.098,0.8004307672381401,0.11259459125995637,0.02451551412794247,0.46792097143694994,0.054631865620613104,0.13358031081991184,0.18656845148133366,0.1395754623413086,0.38440381280536784,0.38771037194547164,0.03874794453382492,0.5524078764622989,0.2326284562394844,0.10602577447891236,0.6327861788943993,0.0,0.0,0.0,0.0,0.0,0.0,23257169.60682657,373.85599233678636,0.10388081512429548,20702250.752143804,331.03052617018375,0.44461089194724457,26986607.840295017,761.308019333657,0.691209064075071,0.0,0.0,0.0
Steel,2,3,5004.91,0.098,1.0133685722947121,0.07370518791675568,0.008108966728905678,0.3989362184741193,0.050058225095272066,0.21666185503506805,0.21229737253707254,0.0918824338912964,0.6826372164393142,0.0,0.0,0.0,0.0,0.0,0.0,0.0,0.0,0.0,0.0,0.0,0.0,9200706.433888292,531.7688663454741,0.107049211980199,13212655.114603242,944.2445757999155,0.3993512384768523,8140801.556413339,389.84133933948414,0.8132456803510522,0.0,0.0,0.0
Steel,3,3,5004.91,0.098,1.7198364555835726,0.10884415352344515,0.027163966823785853,0.2879484819888976,0.10734608232975007,0.19508127272302384,0.31091335440361434,0.05782835841178895,0.5997478527519333,0.2513942923203742,0.04609642207622528,0.8853445628629836,0.0,0.0,0.0,0.0,0.0,0.0,0.0,0.0,0.0,30206657.874681085,310.10378725487345,0.18453233560937907,36120117.40169488,241.89372016910409,1.0495399570085748,37559083.45565236,912.3717461927478,1.4631275176190095,0.0,0.0,0.0
Steel,2,4,4995.09,-0.098,1.0397674798965455,0.035162498116493225,0.015083080747498168,0.224676485933762,0.08929465591907502,0.16092288841005445,0.2184597368341825,0.07069548070430756,0.44070991851243324,0.0,0.0,0.0,0.0,0.0,0.0,0.0,0.0,0.0,0.0,0.0,0.0,8160324.652768937,1068.3182407081763,0.11996178059659325,9959591.340493893,430.5356560907077,0.5250638367758469,8908513.398627182,401.66400054597045,0.6770794505402531,10826746.696613109,495.55174584203536,0.8659411959949559
Steel,1,3,4995.06,-0.099,1.1064196616411208,0.08011915147304535,0.028882168118968068,0.3298463590583514,0.02,0.21257668012740547,0.0,0.0,0.0,0.0,0.0,0.0,0.0,0.0,0.0,0.0,0.0,0.0,0.0,0.0,0.0,9491520.742413694,338.5068594972866,0.12480159502354675,8828227.184217446,833.4187398619549,0.19991888518620982,10228025.74570582,435.85423127183515,0.7082642604480934,0.0,0.0,0.0
Steel,2,3,5004.95,0.099,0.8449904710054398,0.0719148530960083,0.05753188247680664,0.4366181338846719,0.09526641190052033,0.23405763828773532,0.31441939617054804,0.07419745445251465,0.4286240633521243,0.0,0.0,0.0,0.0,0.0,0.0,0.0,0.0,0.0,0.0,0.0,0.0,24602066.610556133,356.27642787380853,0.16919353256316055,31311752.562072825,467.726481791847,0.48456795683126513,27125026.2355275,174.30877805361555,0.6464618882462907,0.0,0.0,0.0
Steel,4,2,5005.02,0.1,0.654357273131609,0.0782073941230774,0.01903433429138432,0.19548515311474077,0.02,0.12710814227655837,0.235862267092674,0.08211549311876297,0.24774132469277138,0.29981426384564536,0.03727472960948944,0.3433915903796077,0.2962590853519517,0.08496030777692795,0.5471843370563959,0.0,0.0,0.0,0.0,0.0,0.0,19460740.35148457,123.10177933953823,0.09596265354343639,19477409.94956882,929.1811977734556,0.5731379409020811,0.0,0.0,0.0,0.0,0.0,0.0
Steel,4,4,5005.05,0.101,0.979934473335743,0.10085831582546236,0.028496653046268885,0.3996825788521895,0.08466113418340683,0.17712008030363235,0.19726618111754884,0.09616841912269593,0.40720654010212887,0.3133060374441919,0.09582369923591615,0.5065011612358434,0.20225001175840424,0.1081776237487793,0.758717956654327,0.0,0.0,0.0,0.0,0.0,0.0,26190715.233234,601.4488814452993,0.1316251183333241,28133890.963010304,1099.9999999999995,0.5518016265826968,25062660.0707084,475.004655926426,0.6974497232799821,25423918.814260155,300.88043951997213,0.8761974456385673
Steel,1,2,4994.92,-0.102,0.7658307984471321,0.08786618560552598,0.008097714595518026,0.2109007409709235,0.1138975191116333,0.2469660201994165,0.0,0.0,0.0,0.0,0.0,0.0,0.0,0.0,0.0,0.0,0.0,0.0,0.0,0.0,0.0,10842276.461216277,1070.0778363778506,0.15356506445579193,11220961.87303565,643.3080280688026,0.6277379606185896,0.0,0.0,0.0,0.0,0.0,0.0
Steel,2,2,5005.1,0.102,1.1436832785606383,0.09438485980033876,0.013293051057742098,0.22046135651623455,0.045295075029134754,0.18000806991418727,0.26122563912696417,0.06009289562702179,0.44668485869422997,0.0,0.0,0.0,0.0,0.0,0.0,0.0,0.0,0.0,0.0,0.0,0.0,15444556.239449453,427.4525689282827,0.1420358649934841,14262654.552920828,280.457757706653,0.9162273775023562,0.0,0.0,0.0,0.0,0.0,0.0
Steel,3,3,4994.89,-0.102,1.3437202095985412,0.05266529205441475,0.007751826128658022,0.3948350252573855,0.12049726068973542,0.3676906540160899,0.29872306434679435,0.14955546259880065,0.6543977462348879,0.35783744127397094,0.07521359086036683,1.0764551373319828,0.0,0.0,0.0,0.0,0.0,0.0,0.0,0.0,0.0,72437243.54050536,519.8587776189707,0.1598062170381161,82860637.45896116,219.22281573305963,0.4463910981412902,74425490.8517325,832.1021967953913,1.1235961772463758,0.0,0.0,0.0
Steel,4,2,5005.12,0.102,0.9541910573840142,0.07417606627941133,0.006140155399930104,0.4087688502653059,0.08818927109241487,0.30660518743504694,0.2388583718898443,0.03424006640911102,0.37777207543379243,0.3227650271776158,0.056929129064083095,0.5201551837613194,0.6275838734437806,0.10316684186458588,0.7189487071630912,0.0,0.0,0.0,0.0,0.0,0.0,139895462.7358139,521.7026687393873,0.20640951296584453,218516800.65258718,896.75539325446,0.8587719506914218,0.0,0.0,0.0,0.0,0.0,0.0
Steel,4,4,5005.12,0.102,1.502043855190277,0.10931918764114382,0.012766334950853294,0.23660727179396973,0.09071137964725495,0.4839404381820014,0.20789352884313067,0.07029212325811386,0.7262627448658475,0.35697826428460533,0.11294681191444397,1.0059649549351155,0.40749880889936013,0.05283669620752335,1.3224829518634351,0.0,0.0,0.0,0.0,0.0,0.0,22418104.655106254,554.5231607113559,0.17676165508895136,18470204.1564221,517.9186735639878,0.771522641843185,24191987.182359822,989.6349399032292,1.0267208142040436,23001653.134477768,420.6075242487848,1.3518394681692056
Steel,5,3,4994.88,-0.102,1.86483910381794,0.11847087121009828,0.02727491659974831,0.35770161872039563,0.04886159658432007,0.438407700993499,0.26893616999666226,0.08788806736469269,0.7485233718916319,0.2681199151717623,0.09057436883449554,0.9903008546157716,0.40727715070751586,0.12523480355739594,1.3664478315134092,0.1834081245936011,0.09518937528133393,1.5350540858126849,0.0,0.0,0.0,50430432.272293665,889.6413665995532,0.2207857383118426,55234779.57024433,502.8211762903616,0.8681569328795213,47255066.88231879,484.6418796921961,1.6473102329904405,0.0,0.0,0.0
Steel,3,3,5005.13,0.103,0.7394541651010513,0.08898096477985383,0.039042131767735175,0.3141372448388624,0.08284180074930192,0.09549782376979156,0.28773178294220164,0.059118752777576444,0.3579783573553883,0.25541501067996986,0.08964307188987733,0.5254845459108105,0.0,0.0,0.0,0.0,0.0,0.0,0.0,0.0,0.0,15176505.502670618,391.1526714469339,0.10934886410622241,19046658.875679053,535.8530936397442,0.38030622786999185,15070830.779442018,74.94793352931305,0.5792409985948226,0.0,0.0,0.0
Steel,2,4,4994.85,-0.103,2.0727470070123672,0.1395202867984772,0.009073702452091124,0.19736182782180095,0.06032789915800095,0.6146481625254591,0.16626144275362292,0.07861140012741089,1.141943456510207,0.0,0.0,0.0,0.0,0.0,0.0,0.0,0.0,0.0,0.0,0.0,0.0,26910633.63931555,560.1698670600015,0.33007436110154686,31306714.052161306,868.8252949731994,1.0746146365185618,30655197.23020814,235.88401671584288,1.0670977390862033,31089665.42274761,470.29465936992085,1.6938777610287552
Steel,3,3,5005.16,0.103,1.6339803367853165,0.049482229143381115,0.021082017302749875,0.2152741725824519,0.04372136846184731,0.48028497079040455,0.2390632732480563,0.08987874567508698,0.7453657502529405,0.2939127370229757,0.028326260298490523,1.1807248768041176,0.0,0.0,0.0,0.0,0.0,0.0,0.0,0.0,0.0,25467296.139845677,266.4261500925922,0.20558580725217368,23800720.978077132,687.5860155998124,0.9061424938314934,29020681.553079236,831.3903734613306,1.3568123421022575,0.0,0.0,0.0
Steel,1,4,4994.83,-0.103,1.120065675675869,0.04794887825846672,0.018147260603544612,0.17260179906495854,0.11320353090763093,0.412176928104794,0.0,0.0,0.0,0.0,0.0,0.0,0.0,0.0,0.0,0.0,0.0,0.0,0.0,0.0,0.0,3734493.1320390822,741.4160767079526,0.14160834134060918,3270071.465984602,278.63634477453405,0.5504628687523663,3614675.8251032014,256.10666308708574,0.7092615734023185,4014932.5497404695,1099.9999999999995,0.9203489287195367
Steel,1,4,4994.82,-0.104,1.0983875319361687,0.11160823845863344,0.03168103988848472,0.19952001461328497,0.14009673416614532,0.3731738682412796,0.0,0.0,0.0,0.0,0.0,0.0,0.0,0.0,0.0,0.0,0.0,0.0,0.0,0.0,0.0,10221836.879640868,493.3425172553863,0.11685552305545018,7526408.715167504,755.2719601494073,0.1341615724189085,10359312.717909321,66.85058538822543,0.5883464346981544,7108428.234174845,219.21028616139307,0.8852299458630779
Steel,1,2,5005.26,0.105,0.8842807695269584,0.05384392470121384,0.036975575361303484,0.28313846675341064,0.0512329463660717,0.43986689056920963,0.0,0.0,0.0,0.0,0.0,0.0,0.0,0.0,0.0,0.0,0.0,0.0,0.0,0.0,0.0,6319037.994186267,345.8195587972705,0.19406231213648806,7398760.025382209,365.14527673243373,0.7115836810417588,0.0,0.0,0.0,0.0,0.0,0.0
Steel,5,3,5005.28,0.106,1.2664236903190613,0.07470186662673951,0.052070491126888836,0.518273096618567,0.09533484756946564,0.1745236840326212,0.30899265404907245,0.12439473867416383,0.3791859106227695,0.15568614586111665,0.15,0.7457287727060911,0.17538335149839482,0.12935265958309175,0.9234974818729728,0.3636862316515334,0.07995400458574295,1.0492335879892276,0.0,0.0,0.0,44544584.80266452,202.22632718370656,0.12833655338486216,34543405.792602725,615.8411994068231,0.4767053303163564,41819880.67499623,681.7389787897993,1.090957507876173,0.0,0.0,0.0
Steel,4,2,4994.71,-0.106,0.8508631557226182,0.11113504099845888,0.027811897470806694,0.35686363726708026,0.14428850412368774,0.09429741743063312,0.20177378504482626,0.08458489179611206,0.3615667361790629,0.2235890975213491,0.05817198574542999,0.5388018958985631,0.27936232637962055,0.043559827506542206,0.6132839662590414,0.0,0.0,0.0,0.0,0.0,0.0,42334460.56290526,397.31884975224136,0.11496062328489141,46318561.05499753,680.0368830882259,0.6964665586173213,0.0,0.0,0.0,0.0,0.0,0.0
Steel,4,2,5005.31,0.106,1.3088256031274796,0.0730187350511551,0.03333860340198534,0.19533208273471525,0.07604310989379882,0.250950796942767,0.38104395163053983,0.03308041907846928,0.5643198973709,0.2528710698530004,0.0675169375538826,0.7314697647026469,0.23328672063004013,0.09487129509449006,1.0773126917820908,0.0,0.0,0.0,0.0,0.0,0.0,251868030.19448596,259.575353844816,0.20021452162991304,236657783.59429035,600.8458764269652,1.0989014339430336,0.0,0.0,0.0,0.0,0.0,0.0
Steel,2,3,4994.68,-0.106,1.1107598885893823,0.07377209049463272,0.02038259473288506,0.20057031585561852,0.10074901401996614,0.4399946831747793,0.3282424126902784,0.11137561202049256,0.8641689590179316,0.0,0.0,0.0,0.0,0.0,0.0,0.0,0.0,0.0,0.0,0.0,0.0,20195122.030801844,523.2198496662292,0.1597102087541409,17037639.342295993,309.00340870196874,0.5908458556780827,16044893.876270808,1008.9845165183972,0.9464473740102366,0.0,0.0,0.0
Steel,2,3,5005.33,0.107,1.1497910007834435,0.11196390676498415,0.029941793926834923,0.30198652605011206,0.09777533233165742,0.594482551514686,0.19125087662873175,0.07070337653160096,0.7794947957777609,0.0,0.0,0.0,0.0,0.0,0.0,0.0,0.0,0.0,0.0,0.0,0.0,15053002.718272319,410.1809153313588,0.292317523190597,16570957.109583523,340.78832492642334,0.7127096196140248,20652144.67634237,748.3197906727563,0.9823729246765635,0.0,0.0,0.0
Steel,3,4,5005.34,0.107,1.1415772035717966,0.0634859111905098,0.05078872895240784,0.28643356970132616,0.0725618714094162,0.13933263440880472,0.23352221374822202,0.09745493531227112,0.43845852131995877,0.3796057997049308,0.12080952167510987,0.7553615046350173,0.0,0.0,0.0,0.0,0.0,0.0,0.0,0.0,0.0,25426507.310569942,369.5802872754717,0.1519366660566887,16247494.735533109,353.591097682645,0.5791032064566808,21139854.88384671,367.70511433389635,0.8504914214285038,19499984.976964533,509.66737477654715,1.0166335419230723
Steel,5,2,5005.34,0.107,1.0636080458760262,0.07686337131261826,0.023830586908747276,0.34927219099050016,0.10239509642124177,0.16020390383025884,0.3437547922589428,0.08933822631835939,0.305254412711651,0.2679764324100291,0.15,0.538351551510878,0.23324212504228467,0.10063125073909761,0.7238657922328731,0.2600081468775981,0.06379073470830918,0.8888611808249998,0.0,0.0,0.0,172947227.41655466,673.6753248834311,0.13347186208816042,147547371.36238718,249.33080313284856,0.9100260115018073,0.0,0.0,0.0,0.0,0.0,0.0
Steel,5,4,4994.66,-0.107,1.129320353269577,0.056543853580951695,0.022835322304594695,0.10772468941753102,0.051713861525058746,0.1499369768195841,0.31295964822707073,0.06432197898626328,0.33942863004112267,0.36149288184889533,0.07765376567840576,0.5507610318005071,0.3155942492520181,0.05514818608760834,0.7242406307749313,0.34928362524825823,0.032782316729426386,0.9816224560515013,0.0,0.0,0.0,12761142.920832984,499.35095926121085,0.1214384520626834,15519273.395145396,233.159610899982,0.32055135272691937,21383390.699046418,868.5063791400376,0.5995151360827933,15488055.305646783,336.8072492016402,0.9975441884574571
Steel,6,2,5005.35,0.107,0.8032085984945297,0.07179946953058243,0.02572750576645147,0.23272299774150298,0.06564413487911225,0.11301541364859874,0.27890758673638394,0.09348854124546052,0.22556178392998166,0.14327343950758994,0.0950238186120987,0.32529710893115726,0.2086983540893172,0.06916749089956284,0.4460714062805089,0.3008854724901723,0.10064990162849427,0.5936608620629078,0.4901425924069371,0.07263816028833389,0.6861229464366824,50677397.80304129,872.7013348276681,0.10058758880647012,53491845.75814982,969.3408118428064,0.6741761459012041,0.0,0.0,0.0,0.0,0.0,0.0
Steel,5,3,4994.65,-0.107,1.2266938060522081,0.10171289479732515,0.0110713475088062,0.26767714179001567,0.056915142834186555,0.2571384471111745,0.43347965106537667,0.078673574924469,0.37614582745611347,0.28820821111755457,0.15,0.6335707599596935,0.27499474101304394,0.022248897626996042,0.8816944985727952,0.3069473997827382,0.08238976269960403,1.0644677930043176,0.0,0.0,0.0,44443958.40168522,421.3840206749794,0.15777496401155794,33000317.478851147,248.71209040112964,0.5814256258861352,24259941.24750253,700.0023313769029,1.0086890542281826,0.0,0.0,0.0
Steel,6,2,5005.37,0.107,0.3391490146517754,0.09505662786960603,0.016693550300237187,0.6676602460816465,0.002,0.04356261423462816,0.5086680329121366,0.002,0.08569837065516478,0.5054966118990586,0.002,0.13748387547452054,0.2543211245520261,0.002,0.15303955997640128,0.3837835197366089,0.002,0.20632838095307046,0.2421680381414098,0.002,0.23637149196300544,12612614.275184931,359.96850668024797,0.0606803939718021,11297271.308738135,108.8736869029118,0.2959604485357134,0.0,0.0,0.0,0.0,0.0,0.0
Steel,3,2,5005.38,0.108,0.9088714927434921,0.0609872105717659,0.009629479843320111,0.20046570168893718,0.05743711978197098,0.2567079238918246,0.27856994195123713,0.1353452670574188,0.41576913609578336,0.27805897334444735,0.09030929684638977,0.7078902872300881,0.0,0.0,0.0,0.0,0.0,0.0,0.0,0.0,0.0,48608165.53065265,863.9461748314397,0.1684460315479881,48645324.53113662,506.065730692364,0.7720855690353574,0.0,0.0,0.0,0.0,0.0,0.0
Steel,1,4,5005.41,0.108,0.7354281485080719,0.06926899558305741,0.031897285925767155,0.3343628733643689,0.07925583213567734,0.17560983546278697,0.0,0.0,0.0,0.0,0.0,0.0,0.0,0.0,0.0,0.0,0.0,0.0,0.0,0.0,0.0,8491570.929007448,503.9148412001574,0.11249387364689076,7466454.276345905,477.0956787824698,0.3044146365203594,9192621.163571589,496.37608753798156,0.34076820420382037,9502638.389582641,259.058723813801,0.5478024329096601
Steel,6,4,4994.59,-0.108,2.1,0.061309992551803597,0.008520660170226811,0.16432127236455638,0.15,0.43846663168829114,0.4596689762317103,0.10081572175025941,0.6995188539320373,0.3647958102327482,0.06332256019115448,0.9193013396946742,0.28914931989333353,0.07566547393798828,1.182377170364577,0.3999532457023162,0.05312732696533204,1.4796820123682806,0.22086442892270788,0.12021711766719818,1.8844530756031854,172589564.99629977,386.28020854382294,0.2611872682840324,218347621.74399218,308.06718392465183,0.8467001511971382,168302169.0682303,477.3628074252406,1.0184607759291666,220128249.154605,896.3867741908643,1.8577518658627425
Steel,1,4,4994.58,-0.108,0.9303235858678818,0.0690646653175354,0.006235908451382276,0.4182484733639455,0.10340120613574982,0.4493087154565778,0.0,0.0,0.0,0.0,0.0,0.0,0.0,0.0,0.0,0.0,0.0,0.0,0.0,0.0,0.0,9883003.670169173,462.98279198151255,0.1691385396541665,12196816.325840058,717.5726438483586,0.3417157668246382,10337335.282401644,432.00560226400324,0.46811822115002194,9630311.61338854,657.1135157427157,0.7543060515799889
Steel,3,2,5005.44,0.109,1.4755729973316194,0.0888046837449074,0.015211212045848061,0.12754814230034303,0.15,0.23695443580673958,0.35826417907950076,0.060361392498016364,0.9306774483285717,0.3121867992530761,0.06408633232116699,1.3280056975984573,0.0,0.0,0.0,0.0,0.0,0.0,0.0,0.0,0.0,38381527.83135535,341.6092771425975,0.20430694399151428,44322496.15942737,354.53710647067027,1.2711555923491398,0.0,0.0,0.0,0.0,0.0,0.0
Steel,1,4,5005.46,0.109,1.3156307190656662,0.06815413177013398,0.020142851550565707,0.26597684430687696,0.13855467677116395,0.6317723946827449,0.0,0.0,0.0,0.0,0.0,0.0,0.0,0.0,0.0,0.0,0.0,0.0,0.0,0.0,0.0,17760468.13085995,766.8508236477544,0.30166476529862735,17118109.130789384,410.142702808792,0.943229038920429,20566929.46854516,688.1955629321261,1.1031459802620214,17646693.78944016,319.9116138746322,1.1477000375561202
Steel,5,4,5005.47,0.109,1.3434288799762726,0.1276821234226227,0.020204957019121342,0.48057053526344307,0.10831175982952118,0.1405927547998838,0.38694829915615364,0.033178512528538706,0.3403588501922914,0.2914798115650021,0.09624357283115388,0.46762617777773985,0.35669553953573785,0.11767651319503784,0.7222027610401599,0.2715378955339837,0.06602368861436844,1.0065001056797205,0.0,0.0,0.0,45476324.72708152,665.9163521528474,0.1716455404009198,56280576.74631542,377.7498945373188,0.543846281997335,59234290.33177399,679.0217541651708,0.6468021348854973,44230908.532041505,1099.9999999999995,1.182833233219843
Steel,3,4,4994.53,-0.109,1.1448383420705794,0.07724169313907624,0.03762373265419908,0.42164599017186666,0.09205318987369537,0.1919135420437003,0.23661337182218645,0.0687237787246704,0.3733448025741309,0.1465112953893435,0.1079096382856369,0.6455839659452691,0.0,0.0,0.0,0.0,0.0,0.0,0.0,0.0,0.0,17431456.320698973,296.13729677622075,0.11448383535189628,13345230.32664292,483.14376925404383,0.3512598165906871,13387881.89275476,757.6407213165272,0.5249170794701631,18178063.46186149,669.3672649197318,0.9134704625769328
Steel,2,3,5005.48,0.11,1.325434148311615,0.06332314270734787,0.015230718044246808,0.11935288484445365,0.07263514608144761,0.40743823565735615,0.43123761863440635,0.11272817730903627,1.0124779615646875,0.0,0.0,0.0,0.0,0.0,0.0,0.0,0.0,0.0,0.0,0.0,0.0,27392368.552143935,423.5080857503948,0.22734703176380938,28540433.525825705,908.2188015487209,0.6117832897627404,41091336.15372292,278.324109176606,1.1209311122323489,0.0,0.0,0.0
Steel,3,2,4994.52,-0.11,0.7779913291335107,0.07942163211107255,0.005064114273549482,0.33213293304834746,0.1121104121208191,0.15754485620901595,0.2905973988214281,0.07357122004032135,0.4464969151659999,0.27944890139543394,0.07218100041151047,0.6480875889381048,0.0,0.0,0.0,0.0,0.0,0.0,0.0,0.0,0.0,29047937.99727763,608.0290995412086,0.09695730095993348,26194963.18230221,223.79602915286145,0.6863195984248639,0.0,0.0,0.0,0.0,0.0,0.0
Steel,2,2,5005.5,0.11,1.2136619329452514,0.07495451283454896,0.007844674255005932,0.3924253074621246,0.03936754614114761,0.30185815162881313,0.3663038010582555,0.10531542122364045,0.6783523033484677,0.0,0.0,0.0,0.0,0.0,0.0,0.0,0.0,0.0,0.0,0.0,0.0,655460993.523794,372.8228471861868,0.20123060619882122,526490135.01416165,639.5890940582967,1.015205699113339,0.0,0.0,0.0,0.0,0.0,0.0
Steel,2,2,4994.5,-0.11,1.71919447183609,0.11765204358100892,0.020679975526853186,0.34053300166848754,0.07393992185592652,0.7620195471515314,0.27446571406405956,0.08904989302158356,0.8734186195872498,0.0,0.0,0.0,0.0,0.0,0.0,0.0,0.0,0.0,0.0,0.0,0.0,122188271.69574529,386.56740655968326,0.22981510711104625,149231823.48200664,472.83711890357097,1.4795986697132801,0.0,0.0,0.0,0.0,0.0,0.0
Steel,4,3,5005.51,0.11,0.9130794525146485,0.05665607589483261,0.036670538673201296,0.312162644045678,0.08829698443412781,0.16113922793586113,0.1884592011962132,0.15,0.36721997817923285,0.13646851192057902,0.09005995452404023,0.5535460685866674,0.4229592642959751,0.09693663120269776,0.7564508584475182,0.0,0.0,0.0,0.0,0.0,0.0,18609966.93041194,269.25953903891894,0.1140639984188176,25715424.232373815,306.1131749560912,0.5085900210078477,22142940.235708702,310.1987451460728,0.797651432376582,0.0,0.0,0.0
Steel,1,2,5005.51,0.11,1.1209085687994957,0.08883547103405,0.01884099467651484,0.2961218006730282,0.1015342265367508,0.30923714551894654,0.0,0.0,0.0,0.0,0.0,0.0,0.0,0.0,0.0,0.0,0.0,0.0,0.0,0.0,0.0,18510374.188922796,298.0364846959157,0.2099741428902516,20328941.395432305,255.0053276034882,0.8929812552112266,0.0,0.0,0.0,0.0,0.0,0.0
Steel,5,4,4994.49,-0.11,0.5893023595213891,0.06033991152048111,0.030922561029167954,0.35219039003050007,0.11338655292987825,0.0823372193326023,0.3021435404712997,0.052733081877231594,0.19545172279724543,0.34518833304454166,0.11462993264198304,0.3058951248886866,0.301309371135353,0.0827302286028862,0.45321972545291,0.37921821297134184,0.02,0.5249680134665797,0.0,0.0,0.0,17853056.83259701,89.0053521380482,0.06727869877368402,22152851.267816298,467.22772369506146,0.23579982601319135,22975916.740243275,455.52616689702035,0.32785592415923337,21916314.112557903,217.57850841160277,0.5022412810796811
Steel,4,3,4994.49,-0.11,0.5346135757863522,0.09820294916629792,0.02125532740946986,0.23047247336754462,0.08320787966251374,0.07587194153082547,0.4187974968320118,0.062329103946685796,0.23154230782836993,0.4298509029123994,0.02283946134150028,0.3347870329303957,0.333995219721266,0.0535421484708786,0.46596544019026165,0.0,0.0,0.0,0.0,0.0,0.0,15851463.798489748,205.4959007337712,0.06528425073581257,21753096.736258622,477.7033448883691,0.35854034384864386,18024955.615675908,342.127604930897,0.48115221767310334,0.0,0.0,0.0
Steel,5,2,5005.52,0.11,1.0393546894192696,0.08196859788894655,0.02894598080474651,0.24197073946405512,0.07538315743207932,0.13429432640323982,0.25476588424219415,0.08495766162872315,0.28925908811479234,0.3367694409293743,0.05101029217243194,0.47599062284750515,0.393978537037622,0.12574663758277893,0.6762972482269363,0.23868851489444862,0.08440741002559662,0.8405637178345013,0.0,0.0,0.0,471210738.4226137,222.01657804003534,0.10393546998128164,411222695.6409555,398.42860622765244,0.908934023686278,0.0,0.0,0.0,0.0,0.0,0.0
Steel,5,3,5005.54,0.111,1.326166993379593,0.07732769864797592,0.008570612330650063,0.5939104926705303,0.0873360413312912,0.13262669933795931,0.21078241313424056,0.1299968320131302,0.2604380846764475,0.25623164995142655,0.06857332795858384,0.43129374314836977,0.20493085662060823,0.05946627765893936,0.7667460498934131,0.30900626435016554,0.11322026014328003,0.9582323682817608,0.0,0.0,0.0,61870429.99543597,677.9979358787909,0.17020999912718157,91425032.43988296,166.16759911784493,0.7413178318007324,72132478.53746797,564.1092768318968,1.0775467010677935,0.0,0.0,0.0
Steel,6,3,4994.47,-0.111,0.858158691227436,0.10112413179874422,0.03539394284979972,0.1884235042582786,0.1306587874889374,0.17888043172684848,0.3194163568082476,0.02,0.31957124630902556,0.24932893637343675,0.07850372552871704,0.43109948683300475,0.3872362352711189,0.03119224026799202,0.5722437217451654,0.3640018438944186,0.08849842488765718,0.6507463424414207,0.4266278570686492,0.0808587121963501,0.7723328221046925,45617723.07755111,603.2498068417559,0.12559105000252618,43745199.91657427,334.70295759259807,0.4560409844983126,36570037.64682508,383.7333013055236,0.7469759580156731,0.0,0.0,0.0
Steel,4,2,4994.46,-0.111,1.3335062503814699,0.10981675255298616,0.013885331487248584,0.18981405003362542,0.04094101056456566,0.21196817721354405,0.2521437440701969,0.10701838612556458,0.3990325814060992,0.17169955500168876,0.11369998395442964,0.7169200918947163,0.4123748883382612,0.060472584962844855,0.9865751557238804,0.0,0.0,0.0,0.0,0.0,0.0,35033701.47584081,704.6682425690452,0.18936141893418376,42006765.72756208,475.10783497315674,1.1232302916924006,0.0,0.0,0.0,0.0,0.0,0.0
Steel,2,3,4994.45,-0.111,1.1498545154929163,0.10112703490257265,0.017245420092209654,0.49150261204873563,0.10940961301326753,0.25230859355344337,0.4534782692469586,0.09564883649349214,0.7858306406606792,0.0,0.0,0.0,0.0,0.0,0.0,0.0,0.0,0.0,0.0,0.0,0.0,33192947.57194003,391.0312184875318,0.1568093584946399,51147879.632937655,700.2681778295344,0.5401626789247113,34907196.89280636,629.4102969941916,0.9721935946907815,0.0,0.0,0.0
Steel,4,4,5005.55,0.111,1.2550950258970262,0.13315015757083892,0.030648350259428636,0.27153760197220805,0.10870828688144685,0.39623718009420456,0.3815443145050574,0.051175432354211806,0.6085219014262093,0.28898053120129213,0.13073242247104644,0.7044461023546054,0.22673268587953196,0.12062732100486756,0.9346070949397276,0.0,0.0,0.0,0.0,0.0,0.0,29425933.421334185,352.28626735568787,0.1533825597013722,18108910.980686497,765.8636722279214,0.550852568676261,25698953.13912857,512.6544083783372,0.6779893956738994,24108045.930409737,375.05073953332584,1.0905352894262221
Steel,2,4,4994.45,-0.111,0.5661010205745698,0.10586264050006867,0.032072225021294073,0.13608496740367756,0.08762032985687257,0.13314944377248186,0.2204621136620103,0.044618815630674366,0.35177933436853864,0.0,0.0,0.0,0.0,0.0,0.0,0.0,0.0,0.0,0.0,0.0,0.0,4329903.644424227,284.82075077989145,0.06739061719467254,5413088.83646383,634.9990444067744,0.18287973298654886,4564312.242741664,278.8659297631503,0.3150604571356629,4120235.8578057466,661.138119109715,0.45518640780030845
Steel,2,4,5005.56,0.111,1.4242386668920517,0.04148760172724724,0.005652318381719881,0.2692662773797674,0.044983428120613095,0.4431035566268636,0.4268932061414739,0.07742640614509583,1.0716104357993341,0.0,0.0,0.0,0.0,0.0,0.0,0.0,0.0,0.0,0.0,0.0,0.0,57221657.72804321,253.3299553822068,0.18791076653854333,51179642.138891324,497.3326358724552,0.7716303669773613,50636058.763685904,625.4495301705266,0.8636269128566139,56171629.29499491,180.73895970192046,1.245987251801414
Steel,1,2,5005.59,0.112,1.2950359642505647,0.09657848060131075,0.026500787957341714,0.4481711528704154,0.12010484814643861,1.1655223678255082,0.0,0.0,0.0,0.0,0.0,0.0,0.0,0.0,0.0,0.0,0.0,0.0,0.0,0.0,0.0,88274643.82295877,485.8806460571176,0.4390835144717936,70586123.3958745,438.1291926043853,1.0704438976757789,0.0,0.0,0.0,0.0,0.0,0.0
Steel,5,4,5005.62,0.112,0.9676912963390351,0.08940846586227418,0.020099274568362354,0.34055480357483353,0.0730434200167656,0.12024639802222475,0.36114682960389594,0.07493961960077286,0.2976054209439942,0.2979205329781356,0.1374370414018631,0.5068153189316872,0.10572683927706646,0.04261823654174805,0.6545246424951157,0.23855559116554045,0.08593781352043152,0.7964016039847082,0.0,0.0,0.0,21207462.11739519,132.56499836706143,0.09953712295684684,22309262.40280702,304.0113098987154,0.40382625162546676,19895302.688804395,626.2620200532226,0.5706280663546207,22301750.494267013,466.35582104356496,0.864020554129007
Steel,2,2,5005.62,0.112,1.088802269101143,0.07079323512315751,0.02929354315019319,0.21789928553209367,0.07022904962301255,0.2600522536743923,0.35443048607459526,0.12213380455970765,0.7851863934311927,0.0,0.0,0.0,0.0,0.0,0.0,0.0,0.0,0.0,0.0,0.0,0.0,28097613.686186034,686.9890495125696,0.1319639087649977,31297233.903891727,330.4408608012194,0.8618986823353284,0.0,0.0,0.0,0.0,0.0,0.0
Steel,2,3,5005.62,0.112,1.026034078001976,0.06903309512138367,0.016394363568536463,0.22588662010341545,0.09845143675804138,0.2079467468115513,0.31703719947421566,0.15,0.4412589129089708,0.0,0.0,0.0,0.0,0.0,0.0,0.0,0.0,0.0,0.0,0.0,0.0,28750125.24677578,455.94093738180845,0.11834502516550786,29169966.110140517,652.6848859239799,0.6523759118850447,37407643.83011235,465.01867837264984,0.8640567274079778,0.0,0.0,0.0
Steel,2,2,5005.63,0.113,0.7841305881738663,0.08347794526815415,0.019447872188644414,0.361170687484328,0.081270751953125,0.16905124102266672,0.2898098138070165,0.10547780871391298,0.4852591979190911,0.0,0.0,0.0,0.0,0.0,0.0,0.0,0.0,0.0,0.0,0.0,0.0,20293377.394954994,608.4606481700215,0.11116410599497613,26815516.953137856,473.77800220471573,0.5791806869212657,0.0,0.0,0.0,0.0,0.0,0.0
Steel,6,2,4994.37,-0.113,1.1073004320263862,0.08509059405326844,0.010217160139604838,0.22617052820620354,0.1081833189725876,0.17676958254547204,0.23581661592472725,0.06759261429309846,0.34381414299953267,0.3829544180834697,0.11004720687866211,0.501674258137428,0.2768559465294395,0.07246854722499847,0.6171887583828505,0.1683245358812855,0.10508931696414948,0.7418595994338155,0.23544901993610706,0.03897323906421661,0.8959311267269137,271121032.5901278,450.1823419910578,0.1347785342868471,230483837.0736926,376.0427705812158,0.9280136098391408,0.0,0.0,0.0,0.0,0.0,0.0
Steel,5,3,4994.34,-0.113,1.223923197388649,0.059086794793605804,0.005668262337405387,0.3372119647978958,0.06374998480081559,0.23810415253266917,0.18929755198845408,0.08843982219696045,0.5540299327027302,0.2112230563596336,0.07816644430160523,0.6751315324347138,0.2973669759174124,0.060681041777133946,0.8146483199371969,0.2596214144932973,0.10230319797992707,1.045324358978151,0.0,0.0,0.0,82642834.85807972,521.671658410368,0.147150798430369,96750213.177451,589.3477651373852,0.9308881249017161,100244613.53832246,681.0501560040323,1.101530876425861,0.0,0.0,0.0
Steel,5,4,5005.67,0.113,0.36718331575393676,0.0742610645890236,0.0408561629828086,0.25874265474068514,0.05886729896068574,0.0414207270682523,0.28732864059755997,0.04096925422549248,0.10030267437437104,0.32400865217963926,0.08905733942985536,0.1713334847583945,0.436781065980483,0.04877815768122673,0.2486697293222439,0.14956992366682476,0.10159758687019349,0.3273535090479986,0.0,0.0,0.0,11161099.007913122,329.6135893361741,0.05878535522655923,16374614.947806442,284.7926433208745,0.19634001128819173,8817100.35651115,114.1256448117105,0.22078902523992422,11892455.720197618,575.411344723459,0.3074776022553345
Steel,2,3,5005.67,0.113,0.9989761501550675,0.08403329294919969,0.012537244600876967,0.24911304678743085,0.14852161288261412,0.09990761501550675,0.1227357296247486,0.10894606828689576,0.6363965328289851,0.0,0.0,0.0,0.0,0.0,0.0,0.0,0.0,0.0,0.0,0.0,0.0,16079165.699620988,233.40356902525167,0.10990861501550675,14256101.931196399,337.2111120973092,0.4440805230797975,17214124.38645012,1099.9999999999995,0.8831899515983592,0.0,0.0,0.0
Steel,1,2,4994.33,-0.113,0.5990856923162937,0.06925486940145494,0.009054072432514168,0.24152162424905244,0.12490119516849518,0.3580929425273628,0.0,0.0,0.0,0.0,0.0,0.0,0.0,0.0,0.0,0.0,0.0,0.0,0.0,0.0,0.0,9954617.414775291,898.6112069876085,0.10220746102609107,9881276.94435301,713.4409721926796,0.4651098051078435,0.0,0.0,0.0,0.0,0.0,0.0
Steel,2,4,4994.32,-0.114,1.3887609601020814,0.06205719900131226,0.015621598972165697,0.16994039587677215,0.08909533083438874,0.7879282660253064,0.32369325251766895,0.1400277018547058,1.0932231458264912,0.0,0.0,0.0,0.0,0.0,0.0,0.0,0.0,0.0,0.0,0.0,0.0,19627068.57696721,284.4440268719249,0.32598037846964656,19254185.354191072,281.0624681050302,0.6490439511899805,20693243.423300087,405.82039823012116,0.6812970380004888,23354052.194065277,468.6597849833271,1.197310161698242
Steel,4,3,5005.69,0.114,0.8617777064442634,0.09674366128444672,0.023299175834717165,0.27221231374159766,0.1021770739555359,0.19597540371818498,0.2149627566058066,0.09755038261413575,0.34858340446272074,0.3530061491754043,0.02,0.509561273475586,0.20614391549036717,0.08656693041324616,0.695600561908849,0.0,0.0,0.0,0.0,0.0,0.0,14510153.232408777,95.26366663347022,0.09464033368597792,14625263.533964338,627.6685398663308,0.36498957792925174,16036975.630947065,430.03591675025604,0.7488375035564534,0.0,0.0,0.0
Steel,2,4,5005.7,0.114,0.8653733998537064,0.09643033766746523,0.00733219571582542,0.3898222966365105,0.06792940735816956,0.2590236529173548,0.21779062066777088,0.06699915260076524,0.3742402205990048,0.0,0.0,0.0,0.0,0.0,0.0,0.0,0.0,0.0,0.0,0.0,0.0,12430928.25922162,475.6039501350181,0.10535459174748199,15642741.876188736,126.56558122699575,0.40863150082048255,13819523.16953262,191.57542500867416,0.6292885984395551,13672052.429691399,359.6298741091032,0.7336761226280498
Steel,4,3,4994.31,-0.114,1.389774438738823,0.08910843896865846,0.00998773004732412,0.19981296069023236,0.06342946767807008,0.20034643517190143,0.49018034424457363,0.097444606423378,0.3098126290524218,0.24263125327975163,0.09058167576789856,0.6837024603695406,0.3682256371841518,0.08421188563108445,0.9652380297546619,0.0,0.0,0.0,0.0,0.0,0.0,44974285.511358306,685.9469452626628,0.18140331681800298,46430101.46014381,558.5368162355078,0.8062581936078209,46208486.17537936,345.9284191084677,1.1759714511950237,0.0,0.0,0.0
Steel,1,2,4994.26,-0.115,0.8736696779727936,0.0985102380514145,0.01608533936234108,0.26180131567355125,0.08495880842208862,0.7078274410723641,0.0,0.0,0.0,0.0,0.0,0.0,0.0,0.0,0.0,0.0,0.0,0.0,0.0,0.0,0.0,25269851.420903157,300.9351314724179,0.42287177410819565,20068880.57312712,124.96244589559588,0.7757233132446171,0.0,0.0,0.0,0.0,0.0,0.0
Steel,2,4,5005.77,0.115,0.6582904435694218,0.09599287462234499,0.03649681738529567,0.3447204923238128,0.10272105693817139,0.08834501260208119,0.2857171587264559,0.09545431554317475,0.3241798516165342,0.0,0.0,0.0,0.0,0.0,0.0,0.0,0.0,0.0,0.0,0.0,0.0,11693831.567883492,62.07571733995,0.06872461726273271,11025561.999956505,388.9519736046301,0.10836414276734417,11939368.377008634,432.487525039353,0.312881825204902,14669926.501666935,1099.9999999999995,0.5243915252392733
Steel,4,2,4994.23,-0.115,0.7880767151713371,0.13677908813953402,0.021614408113456236,0.2817690254130873,0.14828264594078064,0.15317435677737218,0.36207504479036784,0.06800636649131775,0.3404965686584077,0.33437453978424536,0.08072740435600281,0.4630077978544676,0.3122789497682163,0.058627382814884194,0.6368088963346881,0.0,0.0,0.0,0.0,0.0,0.0,47388027.12085587,551.375681635057,0.10986847306120659,40160834.4932444,189.18155255243758,0.6577071892289015,0.0,0.0,0.0,0.0,0.0,0.0
Steel,5,2,5005.78,0.116,0.8962025687098504,0.06513239002227783,0.01611882042291633,0.18799476688476804,0.1260301434993744,0.12546833104184296,0.22421838276831582,0.10235509812831879,0.2544364161973929,0.2145951198290819,0.07769315958023071,0.40883858393558853,0.3736154421604445,0.08373361855745316,0.5756195289094463,0.1931772279221455,0.12411279797554017,0.7641239206575178,0.0,0.0,0.0,115102404.01585034,639.9089210196837,0.1429137820791213,104545787.36285467,98.70583069113731,0.8065823109426628,0.0,0.0,0.0,0.0,0.0,0.0
Steel,4,4,4994.23,-0.115,1.0976074919104577,0.11092918300628664,0.029467448997907188,0.18156973357350303,0.08536104619503022,0.25433725583190014,0.18666469403467792,0.06776645421981811,0.5301084445752896,0.374896804370454,0.031802619099617006,0.601596623441249,0.42299558026745127,0.1286185336112976,0.8873924139216367,0.0,0.0,0.0,0.0,0.0,0.0,32241953.589051858,337.3772921977986,0.1457013792437417,28360053.886901885,262.9626373825131,0.39307126943656767,34043233.001370355,197.84527173237078,0.635258093751579,24849249.953048263,433.31724101788404,0.9733435219349615
Steel,5,3,5005.79,0.116,1.394536828994751,0.07993263763189316,0.03553075810415777,0.6547210316947982,0.0972118228673935,0.3763460330769677,0.3120385659581206,0.05719128370285034,0.6072766746962714,0.2377298595871529,0.03401063024997711,0.7059578949452191,0.2528848981464705,0.03375963069498539,0.8193876233692762,0.3816375049506631,0.12343953728675842,1.1238229286068784,0.0,0.0,0.0,153418951.0960606,636.2845498703566,0.13945368429401192,133594289.92055847,402.47683090312995,0.7852195296697708,146376035.20478165,514.13557828454,1.2391888118451013,0.0,0.0,0.0
Steel,2,2,4994.21,-0.116,0.8981028825044632,0.07067945122718812,0.017821793916713978,0.22745934926355924,0.06555781155824661,0.21718468809121994,0.3210977801072317,0.11681946337223054,0.6928401765177701,0.0,0.0,0.0,0.0,0.0,0.0,0.0,0.0,0.0,0.0,0.0,0.0,22491304.67278477,335.38532962036885,0.1126874421628878,23591117.87387975,376.80770075092994,0.7561502192660183,0.0,0.0,0.0,0.0,0.0,0.0
Steel,4,2,4994.18,-0.116,0.25,0.10069701159000398,0.009232062891154271,0.6485088817281043,0.002,0.0556895849300921,0.3580978217987786,0.002,0.10364126754224301,0.19816743184916946,0.002,0.12213619451999666,0.303437859560164,0.002,0.1869861580961943,0.0,0.0,0.0,0.0,0.0,0.0,6625575.971788289,606.6248652307664,0.032681775658625706,11057788.431739809,713.1247445775244,0.21797972302236568,0.0,0.0,0.0,0.0,0.0,0.0
Steel,1,2,5005.83,0.117,0.9548741161823273,0.06170704913139344,0.01955465714459751,0.3317665618625727,0.08823398053646088,0.3647222164563093,0.0,0.0,0.0,0.0,0.0,0.0,0.0,0.0,0.0,0.0,0.0,0.0,0.0,0.0,0.0,18338266.31633096,377.09640539793224,0.113643250791659,18403168.75428976,656.8999702155588,0.6756024469473532,0.0,0.0,0.0,0.0,0.0,0.0
Steel,5,2,4994.17,-0.117,0.5804004311561585,0.08461373174190522,0.015974959371739338,0.41474237343956377,0.1222236728668213,0.09131340824603076,0.3303977739295864,0.08355824828147888,0.20704165891828677,0.18353335023274808,0.10932408392429352,0.31644213145426137,0.1944817396884187,0.054103751778602605,0.4132542511427217,0.22500674106539784,0.06204531133174897,0.4878701437206443,0.0,0.0,0.0,51881363.34691289,305.574473501678,0.1103451511982874,38013307.41216048,368.41061714560374,0.5215669363273203,0.0,0.0,0.0,0.0,0.0,0.0
Steel,2,2,4994.17,-0.117,1.0594196036458015,0.12929641842842102,0.03759966237359209,0.24947479176210802,0.06500688582658767,0.7124823940161038,0.27117760896324833,0.10016684591770172,0.8444199217921021,0.0,0.0,0.0,0.0,0.0,0.0,0.0,0.0,0.0,0.0,0.0,0.0,29367774.117329817,332.7838420034337,0.41592017070648174,28086945.235465813,403.57031456411255,0.9534776422218018,0.0,0.0,0.0,0.0,0.0,0.0
Steel,2,4,5005.84,0.117,1.192263650894165,0.05463124561309815,0.01599231193655991,0.5642714423641362,0.0766551411151886,0.5096309937668522,0.3040706209587238,0.1300138556957245,0.7650325391985539,0.0,0.0,0.0,0.0,0.0,0.0,0.0,0.0,0.0,0.0,0.0,0.0,37511621.15647144,925.9632793376206,0.15220494580079857,30778069.02495652,676.4098147023168,0.43207898983928394,32257978.102927677,296.8714989497489,0.6723682853985974,30700386.0101621,145.1183516197422,1.0346079369897052
Steel,2,4,4994.15,-0.117,0.7171607226133347,0.09761869740486145,0.025112437278075574,0.4488036015608288,0.06856927543878555,0.11882020241856162,0.31502925373419677,0.10047077715396882,0.4326461343028613,0.0,0.0,0.0,0.0,0.0,0.0,0.0,0.0,0.0,0.0,0.0,0.0,21007850.225232314,1099.9999999999995,0.10827034711771708,21370960.741008434,964.9116417170537,0.38500714122652113,19709052.73226582,852.6512810892909,0.4125430710092082,21085270.649516005,324.95969236022734,0.597903874690956
Steel,2,3,4994.14,-0.117,1.3656024605035781,0.04107698604464531,0.03286158883571625,0.3184488690687918,0.025255328305065633,0.8103005062577004,0.34774952827708433,0.12207315623760225,1.1116826640271902,0.0,0.0,0.0,0.0,0.0,0.0,0.0,0.0,0.0,0.0,0.0,0.0,19745391.501687244,482.85215472784193,0.29305401064221615,26895591.45751774,494.0968139152774,0.9068578103825365,22507815.271909274,411.8719162669859,1.2290422130876177,0.0,0.0,0.0
Steel,3,3,4994.12,-0.118,1.4184545278549194,0.10370285820960999,0.019425676361466592,0.15878548644014845,0.11070484638214112,0.3510195367129357,0.24209781235388175,0.11267358839511872,0.7244732038077635,0.3706625277538793,0.02,1.2765990750694276,0.0,0.0,0.0,0.0,0.0,0.0,0.0,0.0,0.0,20616820.15972505,657.300832018888,0.1597413005765617,14651641.388295101,655.6971020935775,0.586006655546682,18903036.625600755,194.20057562259896,1.1607335408592558,0.0,0.0,0.0
Steel,3,3,5005.9,0.118,1.3373567193746567,0.13564294195175172,0.016751621747017095,0.24851996728806458,0.10966500699520111,0.4785791792533136,0.27869049741398966,0.05253813862800598,0.7013945746836865,0.2585384881788232,0.10043446719646454,0.8829715273557791,0.0,0.0,0.0,0.0,0.0,0.0,0.0,0.0,0.0,24526231.45041766,516.9466601461122,0.20259790684729245,21340434.23136373,451.24455507099526,0.649130469980709,28087850.762380008,491.8794521270553,1.1241718940493834,0.0,0.0,0.0
Steel,1,4,5005.9,0.118,1.9327828615903855,0.08843324726819993,0.0071587437483884575,0.48547810230975913,0.09452432036399842,1.6394760297391962,0.0,0.0,0.0,0.0,0.0,0.0,0.0,0.0,0.0,0.0,0.0,0.0,0.0,0.0,0.0,91670843.23324685,162.36682165542297,0.6713402063358997,104804782.26542704,474.29649365703693,1.2512332294320259,134770581.25619617,823.6030593444227,1.5829607051647416,120113378.4128038,859.0956004162779,1.7395045734985641
Steel,4,2,4994.1,-0.118,0.6483060911297798,0.08260813981294633,0.008841219427991487,0.25925713960479224,0.10777803599834443,0.12452821455163984,0.6509110305910233,0.02,0.25135293457389696,0.18829250961541924,0.09202081620693207,0.36652825302607256,0.43340692692231525,0.033348903357982636,0.4427959811444834,0.0,0.0,0.0,0.0,0.0,0.0,32142642.639578268,521.515839536053,0.07400057932467603,26774513.29858457,328.34800532280656,0.5301677560614899,0.0,0.0,0.0,0.0,0.0,0.0
Steel,2,2,4994.1,-0.118,1.1089072108268738,0.10062654995918276,0.04934115975201649,0.2225717665139204,0.10271589636802674,0.4912208498554403,0.23180913629520877,0.07413482248783111,0.7707656714678044,0.0,0.0,0.0,0.0,0.0,0.0,0.0,0.0,0.0,0.0,0.0,0.0,15865321.838923393,612.5271185119932,0.23762315981112872,15036374.405338114,564.8053875171994,0.8880480839848673,0.0,0.0,0.0,0.0,0.0,0.0
Steel,1,2,4994.09,-0.118,0.5468096129596234,0.10762839627265931,0.022767352343342314,0.567905144021032,0.08917733430862428,0.3293769962463406,0.0,0.0,0.0,0.0,0.0,0.0,0.0,0.0,0.0,0.0,0.0,0.0,0.0,0.0,0.0,42588572.06997266,397.1365366252463,0.12163483254905531,31474853.560052652,449.2261773889634,0.39863100281174285,0.0,0.0,0.0,0.0,0.0,0.0
Steel,1,3,5005.93,0.119,0.9206098601222038,0.09600915062427522,0.013081722841529482,0.4757845205618443,0.09756922721862793,0.5671967515606153,0.0,0.0,0.0,0.0,0.0,0.0,0.0,0.0,0.0,0.0,0.0,0.0,0.0,0.0,0.0,20391900.114123873,505.6792506749049,0.12812443131689166,21410787.466522776,745.3210051388124,0.6167709854703752,15401101.457399815,290.61882544000696,0.7923073180692629,0.0,0.0,0.0
Steel,1,4,5005.94,0.119,0.6403254292905332,0.11144818687438966,0.02397588241941373,0.30086255013331537,0.13923143208026886,0.575162884537689,0.0,0.0,0.0,0.0,0.0,0.0,0.0,0.0,0.0,0.0,0.0,0.0,0.0,0.0,0.0,12584990.475366946,624.9512785483905,0.141666198269781,16872298.156026438,915.9150885530393,0.38604901375846085,12679623.764138013,257.08723673474896,0.5309543165430131,15468229.399897631,415.25555627344636,0.565161884537689
Steel,1,2,5005.97,0.119,1.3858780980110168,0.10992619025707247,0.016327842380664166,0.43748663026129,0.122233544588089,0.18041748883035033,0.0,0.0,0.0,0.0,0.0,0.0,0.0,0.0,0.0,0.0,0.0,0.0,0.0,0.0,0.0,47560189.30217866,321.20030232263963,0.1579573298139791,57420621.41839482,233.86235261875322,0.9832014097086089,0.0,0.0,0.0,0.0,0.0,0.0
Steel,6,4,4994.03,-0.119,1.253882071375847,0.07067532932758332,0.033655401240560864,0.3331241580222809,0.11140128314495087,0.1253982071375847,0.32838296477493306,0.02715526320040226,0.26645758064636593,0.2840312921041681,0.09155449748039246,0.4773367793494562,0.3752467767493948,0.06126350432634353,0.6447206439990016,0.19477910248638633,0.0724820026755333,0.9180149266473916,0.305133047347325,0.05802055478096009,1.0309882712693883,28929721.083890118,876.752003439284,0.1554362356254365,30931448.244367477,467.39198790004275,0.5712875037341718,26731829.612353258,429.87519887040906,0.8738804752053939,28176836.497747693,779.7740300615624,1.1279911338442286
Steel,4,4,4994.02,-0.12,0.9813567727804184,0.11039347994327546,0.011380887261249518,0.2891528824128807,0.1015222704410553,0.17631244924124678,0.2150753881576358,0.1257720994949341,0.42322867926909713,0.49947547458312636,0.1395706582069397,0.6833695791509019,0.3723003761676124,0.06499534040689468,0.8563734509176004,0.0,0.0,0.0,0.0,0.0,0.0,50592932.69023287,300.81028327030174,0.09986418426889997,62492831.02303208,258.6853189975566,0.09813567825939862,59880242.27857828,885.7560694325371,0.2970130032136302,75482088.78736272,243.58495922463737,0.823212246463716
Steel,4,4,4994.0,-0.12,1.381285411119461,0.10892540657520296,0.007984940230672338,0.15520242341836965,0.10661246776580811,0.31788999225159775,0.20656738742104916,0.06058005422353745,0.5207494785414744,0.20932011939450984,0.034662563875317576,0.7277724604708709,0.3921211599594506,0.08284323811531068,0.9627983175754873,0.0,0.0,0.0,0.0,0.0,0.0,15429351.06244952,424.0528306918423,0.19040056429295577,15082366.304794123,145.5949965067903,0.4268261441220396,15582842.76359973,676.5662808687715,0.8662513905656067,19800189.450918015,382.5590694449788,1.2198785104922023
Steel,4,2,4993.99,-0.12,0.728873673081398,0.06515455687046051,0.016522087045836156,0.49945666572606406,0.07676080495119095,0.13728317683582214,0.20114992434442017,0.04081067711114884,0.287075391107839,0.3638063679504932,0.09103478312492372,0.40010094832844595,0.27327555298423944,0.06252659261226655,0.589795511593043,0.0,0.0,0.0,0.0,0.0,0.0,47524506.207884684,288.42968921391025,0.10124561263725548,51128785.52427891,81.49314210656263,0.6092591901286493,0.0,0.0,0.0,0.0,0.0,0.0
Steel,2,2,5006.02,0.12,1.0625140160322188,0.11451434695720673,0.020966592382172904,0.23819823650294167,0.04163052007555962,0.39516191287233265,0.2683995507463101,0.13599867582321168,0.8574522632004888,0.0,0.0,0.0,0.0,0.0,0.0,0.0,0.0,0.0,0.0,0.0,0.0,19814724.79286745,432.3620515108439,0.22609988266857428,25327651.838653654,282.74067759736573,0.937549215074109,0.0,0.0,0.0,0.0,0.0,0.0
Steel,4,4,5006.03,0.121,0.8032111898064613,0.0974173675775528,0.00925669499226769,0.1857990292147864,0.044311996102333065,0.1062583828826317,0.275663182269201,0.0841164693236351,0.29173566515775107,0.25389701104035406,0.056281415522098546,0.48269141934133974,0.32246366498836576,0.09858912944793702,0.599722275978317,0.0,0.0,0.0,0.0,0.0,0.0,14878772.442379478,755.5179163404052,0.08129690364750995,12946594.804756047,576.6119218056531,0.27671806532339144,16064869.541904753,794.1184242465263,0.4051106658499513,16644522.000930317,423.5275317534171,0.6697063104160033
Steel,2,2,4993.98,-0.12,0.7616344720125199,0.08754152888059617,0.020332967645309438,0.22742767733723293,0.11385067105293274,0.07617344720125199,0.6516950042683293,0.08909814357757569,0.18065785451650623,0.0,0.0,0.0,0.0,0.0,0.0,0.0,0.0,0.0,0.0,0.0,0.0,63685368.00154182,714.3921299275919,0.09001424527768809,56111018.2319028,702.3201724343293,0.5359698729610558,0.0,0.0,0.0,0.0,0.0,0.0
Steel,2,2,4993.98,-0.12,0.6793127097189426,0.08848816078901292,0.01980030243470279,0.19464183820092418,0.1393126839399338,0.11982576810651693,0.48155759615105126,0.08827124357223512,0.40146515633673713,0.0,0.0,0.0,0.0,0.0,0.0,0.0,0.0,0.0,0.0,0.0,0.0,27377084.62730605,185.88714343894642,0.1405420932058636,26465349.499571163,265.7448639327569,0.5312649638979149,0.0,0.0,0.0,0.0,0.0,0.0
Steel,2,4,4993.98,-0.12,1.3090155959129335,0.0923936860561371,0.031058368284465898,0.34354452695759974,0.06116754949092865,0.6690089749951749,0.45789620199462067,0.07981017887592316,0.9789116500223569,0.0,0.0,0.0,0.0,0.0,0.0,0.0,0.0,0.0,0.0,0.0,0.0,20383776.65274713,522.6905956487951,0.1691716413888436,23849953.45263883,385.30433200987767,0.37469929841784955,31526050.471972935,345.9170174817709,0.5630726967485998,27645735.112617224,372.3988240269616,1.0397701368708356
Steel,3,4,5006.03,0.121,1.229409170150757,0.06160498768091202,0.02298311433672007,0.3661597711775854,0.09396173298358917,0.2839886704589216,0.30577082806942896,0.08021782130002976,0.5298371943857938,0.3542121935701642,0.08280506074428559,0.9718868794551967,0.0,0.0,0.0,0.0,0.0,0.0,0.0,0.0,0.0,34840284.10270718,852.9471493392613,0.16217012596612748,34264438.65624531,242.17929737423722,0.8137301466296445,26025273.104208943,250.63138504121068,0.7907205917353586,32970060.923815485,392.6339974859461,1.061565155237079
Steel,1,2,5006.06,0.121,0.9824423670768738,0.08266265553236009,0.022367875047773104,0.2714096192152984,0.06121077120304108,0.8166101159685601,0.0,0.0,0.0,0.0,0.0,0.0,0.0,0.0,0.0,0.0,0.0,0.0,0.0,0.0,0.0,13092728.784690557,672.5624330699643,0.22550290275326856,10626325.518140381,314.16731155819815,0.8723536863158499,0.0,0.0,0.0,0.0,0.0,0.0
Steel,4,3,5006.1,0.122,0.8038684457540513,0.0676046114563942,0.007674645518493073,0.3982701103849065,0.13551952540874482,0.10470458336031764,0.2691163650741099,0.0510363681614399,0.2837153969164115,0.42995201213642,0.07318589359521865,0.3660482558331647,0.16604313379216915,0.05959710508584977,0.6232956932052118,0.0,0.0,0.0,0.0,0.0,0.0,41568502.84244042,557.4224052092553,0.09286082723948388,34890821.2138265,916.0538270106417,0.41978012872201276,28640897.286085658,629.0318374576003,0.6888908701070914,0.0,0.0,0.0
Steel,5,4,5006.15,0.123,1.0875656619668006,0.07625694847106934,0.0036981036721877593,0.4132624922946453,0.11652615547180177,0.152959072627013,0.5735102497119089,0.10128785967826844,0.30265119949871716,0.34765821848959494,0.12726703763008118,0.5170426850376834,0.29041430960827835,0.0879633527994156,0.7266079233984648,0.19513999963086487,0.09732555687427522,0.8390370989996706,0.0,0.0,0.0,86571175.23661736,495.84328371975226,0.18398875382928942,54427782.79936191,330.1435287521205,0.6314084690113104,63393117.840145655,259.2211559166912,0.7864018456906758,78129220.89734416,535.9825606397948,0.9624971530760281
Steel,5,4,5006.15,0.123,0.9682008475065231,0.0903139718770981,0.01186601500998912,0.42831290466819166,0.09304647564888001,0.10681183866224785,0.21844698388609515,0.07510661363601685,0.27583445805498924,0.31491906916068635,0.055226237773895265,0.4980896651757596,0.2577428532576931,0.08692029774188996,0.6473407444629224,0.2847301814269385,0.08057987093925477,0.7944657759911691,0.0,0.0,0.0,28885056.667124897,204.52050071104378,0.13166371726213347,26482188.61990425,284.24320654000235,0.3798579993981905,30224592.42635126,879.5478437977025,0.601086129629009,28205973.431303095,524.4602912896535,0.8500648673355096
Steel,5,3,5006.16,0.123,1.2053802102804183,0.13396880745887757,0.016162455136211246,0.5075838277958094,0.08483719408512116,0.19175447104384838,0.2749713657640833,0.10180069327354432,0.3711092994746643,0.2504914493127619,0.037769698798656465,0.6171594776396996,0.17295997038922417,0.09668623507022858,0.8001642688553602,0.2774033612891038,0.09548874258995056,1.0751446973085403,0.0,0.0,0.0,40773489.32850766,649.5200467626497,0.12907836561289449,46062464.04966621,514.9845544575668,0.564219495560615,48857133.66818318,525.2061275114872,1.008393020997861,0.0,0.0,0.0
Steel,5,2,4993.84,-0.123,0.8978500917553902,0.11174264454841615,0.026657606797175458,0.3347981128665039,0.08489221304655076,0.11247986522633847,0.3318299279552201,0.07634294599294662,0.2379463618013745,0.26054321583704887,0.14244231402873994,0.41365464930012374,0.31502791815050485,0.07827335566282273,0.6360498413207232,0.28224093771314657,0.09734159648418428,0.7838819793605313,0.0,0.0,0.0,51271728.64458006,176.7622583063593,0.12327237646108943,44781421.00267312,476.20409117554806,0.7506862816217561,0.0,0.0,0.0,0.0,0.0,0.0
Steel,2,4,5006.19,0.124,1.254827183485031,0.09489456188678742,0.03312322261932019,0.37240150327251703,0.12227847874164582,0.3201807043145565,0.3254184901303971,0.08143680840730667,0.5893488069467159,0.0,0.0,0.0,0.0,0.0,0.0,0.0,0.0,0.0,0.0,0.0,0.0,24118455.17143988,772.7099657781223,0.1929789378646432,29321776.652441345,252.30900301024593,0.6513541309261355,27314958.575019788,374.25051422858024,0.7867204705562374,27996700.284717217,264.158625085105,1.0725348612077106
Steel,1,4,5006.19,0.124,1.2502375841140747,0.09408627176284791,0.009408104415702766,0.40909161212940975,0.08308545172214508,0.8674060815594284,0.0,0.0,0.0,0.0,0.0,0.0,0.0,0.0,0.0,0.0,0.0,0.0,0.0,0.0,0.0,21921998.229577843,148.86532343789483,0.1471535808991893,19287074.00044438,229.5599465010913,0.44957373310233406,20287332.48370659,586.9123442483748,0.5519028094723749,20131977.169081405,191.12799561227456,0.969114972212573
Steel,4,3,5006.2,0.124,0.5218813851475717,0.0610194748044014,0.017039603768212327,0.2675755096928831,0.09467283010482788,0.07772579730394374,0.29427321371274273,0.14922653436660765,0.22628730316220647,0.2094394028072543,0.11725765466690065,0.3662513872690572,0.28262719338423875,0.05370345115661622,0.4696832466328146,0.0,0.0,0.0,0.0,0.0,0.0,22670705.895812377,636.1020108665733,0.09407342878585083,36690199.25523154,383.79588775260555,0.3982643340791237,22661740.443574395,246.00355594930136,0.4596822466328146,0.0,0.0,0.0
Steel,2,3,5006.22,0.124,1.5285569459199906,0.09123661720752717,0.0072497352953816265,0.19461789868752866,0.11067488253116609,0.3222468458004103,0.3779450269156892,0.10366698324680329,1.0154454087513964,0.0,0.0,0.0,0.0,0.0,0.0,0.0,0.0,0.0,0.0,0.0,0.0,23250607.77650281,458.43462095416504,0.27898229422041154,21075781.080348015,541.6663226164071,0.7191766951022535,22230128.942497224,483.9816786096206,1.2245388197068965,0.0,0.0,0.0
Steel,3,4,4993.74,-0.125,1.0423453390598296,0.16,0.02652713369385992,0.18797105808638995,0.08076213359832764,0.21626615230486268,0.1772238013454948,0.09815627694129944,0.4179630736281997,0.3566456387746486,0.08063717186450958,0.6271212199653561,0.0,0.0,0.0,0.0,0.0,0.0,0.0,0.0,0.0,20631252.78472099,203.84104373973517,0.13880567852462988,16920941.60468555,374.6437393914387,0.5060923576866735,27714318.350603998,400.11270041256563,0.8063954561960895,18230209.795122605,430.2540714353586,0.9377637012950715
Steel,5,4,4993.72,-0.126,0.713263389468193,0.08834468567371369,0.03287957355618301,0.31698013235805117,0.03391779616475105,0.1303006203893179,0.3764313981582629,0.04969064489006996,0.2566578567119942,0.1925319301476872,0.10703780412673951,0.41879793184295777,0.516639677959535,0.054656544923782344,0.5183279653246241,0.2765332585108145,0.06759197115898133,0.5902186280729667,0.0,0.0,0.0,15728554.493861103,389.9983835620978,0.07757771783875389,22193067.214937236,87.09330622269738,0.23160861562579166,26398101.12307808,785.1997664262062,0.3147204805733913,20667005.002544902,426.71098282223704,0.6396989497954926
Steel,1,3,5006.29,0.126,0.5255506552755833,0.09109201216697693,0.0100941982529835,0.4392610499761241,0.02,0.3090414380568808,0.0,0.0,0.0,0.0,0.0,0.0,0.0,0.0,0.0,0.0,0.0,0.0,0.0,0.0,0.0,4733052.11967052,528.007819528917,0.07813892871286932,5691545.0122898575,382.0446993444204,0.187709867181114,4556588.547668655,218.92505640288218,0.4729955892224743,0.0,0.0,0.0
Steel,3,3,5006.29,0.126,1.0281976029276847,0.07849278700351715,0.006846335856835715,0.17651960839650616,0.09039091289043427,0.2871765481878664,0.2609760730593432,0.05706579506397247,0.6830094040612842,0.30323375001217273,0.09843459129333497,0.8050675172463889,0.0,0.0,0.0,0.0,0.0,0.0,0.0,0.0,0.0,17263318.73445156,520.0068690925198,0.16796978818111688,14770473.249251975,246.52820053432896,0.5448512950584058,15763108.534765,1099.9999999999995,0.9218109501803636,0.0,0.0,0.0
Steel,2,2,5006.3,0.126,1.3058650016784668,0.1010619901418686,0.039355284416266484,0.29568448899792255,0.05973665356636047,0.36763597457717084,0.30745064899973007,0.08763176679611206,0.7268051508829851,0.0,0.0,0.0,0.0,0.0,0.0,0.0,0.0,0.0,0.0,0.0,0.0,24690190.99043249,155.73140983648324,0.19226701109384065,25767554.84630431,295.0133440285837,1.046006121101768,0.0,0.0,0.0,0.0,0.0,0.0
Steel,5,2,4993.71,-0.126,1.4774609059095383,0.12067880439758302,0.02332306001142264,0.2837106700404698,0.06860980838537216,0.20411612794554596,0.24604932652417466,0.09839764595031739,0.6530649326219977,0.2688199584553382,0.08922329127788545,0.7660990547044144,0.2337394677339564,0.12253302812576294,0.9048528391645221,0.3044450384332972,0.09601122319698334,1.1005121798692235,0.0,0.0,0.0,135214213.88598588,683.3949452083305,0.1650437552258796,113410774.43228093,164.2772405323312,1.3279698981349064,0.0,0.0,0.0,0.0,0.0,0.0
Steel,5,4,5006.3,0.126,1.0883863359689712,0.0860346190929413,0.02777249032585278,0.29651680459360474,0.08588009417057038,0.24308922248764187,0.25250327354920954,0.10024500608444215,0.3680733747900302,0.17065089199973646,0.07777130424976349,0.5361665772395193,0.2629394529915849,0.12469456315040589,0.7261176410803197,0.3532269127688006,0.08817270457744598,0.9320744448979176,0.0,0.0,0.0,20962131.883687466,488.98430551901396,0.12414962349263127,23317438.84550841,576.371825780277,0.42632057660199174,25592712.768567808,746.502235078277,0.6101266686981092,18840806.6870883,419.68522904860777,0.9602959334243921
Steel,4,3,5006.3,0.126,0.4837997131049633,0.049808589220046995,0.018478612440092797,0.28072839813152994,0.10542988359928132,0.06189473035474607,0.40109535017359293,0.11677845776081086,0.183305903947513,0.22676258738104008,0.08916599035263062,0.2903220338913867,0.30459253545381015,0.11198336601257325,0.4224697637795007,0.0,0.0,0.0,0.0,0.0,0.0,27647522.302596822,935.3727553598048,0.07648818878510819,25915190.144118983,602.7528182983734,0.19808785681727123,24010570.732598476,456.5435778253952,0.3895351780310048,0.0,0.0,0.0
Steel,2,2,5006.3,0.126,1.0536402612924576,0.0640911279320717,0.0105029095989686,0.3517787385619077,0.1017052072286606,0.3490648963115235,0.2871693577518896,0.07341453552246094,0.6287546529499258,0.0,0.0,0.0,0.0,0.0,0.0,0.0,0.0,0.0,0.0,0.0,0.0,52918838.93858209,320.47418616001613,0.24491355987651503,65423621.85661599,228.59380441326238,0.9482762341095714,0.0,0.0,0.0,0.0,0.0,0.0
Steel,3,4,5006.34,0.127,1.151021432876587,0.06474406814575195,0.016882476602166227,0.39027312493891314,0.08011907696723938,0.29634534971903415,0.2999668983217328,0.047747889757156374,0.4288127229144491,0.17792454885302564,0.08205518186092377,0.7295496947557935,0.0,0.0,0.0,0.0,0.0,0.0,0.0,0.0,0.0,15604871.683724638,697.8700156293667,0.12600667343668104,17480642.68886568,204.2379635366965,0.5302914724680025,17851156.375656616,348.2066951502723,0.6489084645846761,18348713.85220367,351.150255845085,0.9977125727720801
Steel,1,4,5006.37,0.127,1.4766706109046936,0.10698330628871919,0.03758785656767226,0.3291787860229948,0.15,1.3289935498142245,0.0,0.0,0.0,0.0,0.0,0.0,0.0,0.0,0.0,0.0,0.0,0.0,0.0,0.0,0.0,27024999.194959372,576.6748729420863,0.3172208641937916,27297589.993345898,744.1246316110653,0.7565864613363246,27578727.41555807,243.9846733784098,0.9221703920943768,29969239.008092016,499.6736716249028,1.310307469700702
Steel,6,2,5006.38,0.128,1.2157654166221619,0.0947049037218094,0.016603153054013237,0.18223917636293716,0.08308459550142289,0.18756936224866996,0.29447492631164723,0.10025263845920564,0.29339534011178026,0.17785352276577254,0.031477371454238894,0.45024623376373524,0.324608907320634,0.052273089885711665,0.5979729257392966,0.25991036322027766,0.04477174401283264,0.6780224365057618,0.2579881990481664,0.1283240246772766,0.9189231185507,66037772.689722255,341.1493161579142,0.1370647904063608,60396667.95613651,118.60642423288427,1.0473038287895498,0.0,0.0,0.0,0.0,0.0,0.0
Steel,1,4,5006.38,0.128,0.8541904553771019,0.11153878402709962,0.014219599305707964,0.4923245696400575,0.08560737431049348,0.25193191920340025,0.0,0.0,0.0,0.0,0.0,0.0,0.0,0.0,0.0,0.0,0.0,0.0,0.0,0.0,0.0,13903051.641582541,620.6288401973126,0.09568098140035734,13968306.248468464,1099.9999999999995,0.272781440016518,14875095.944525044,658.9396179622048,0.3537666583947643,14701395.417220559,621.9977037733363,0.6443597074158973
Steel,3,4,5006.4,0.128,0.9171001210808755,0.07578056859970093,0.0014507892283753027,0.32861720711381287,0.073978471159935,0.09172001210808754,0.303985189581912,0.05507382273674011,0.20166996011263766,0.27946173655454937,0.07450965732336044,0.40347640741470603,0.0,0.0,0.0,0.0,0.0,0.0,0.0,0.0,0.0,25873270.857824113,656.1787348959889,0.13227007177820427,16745821.106764628,428.0081771399182,0.5208683293636243,21235468.37835171,760.7863271274498,0.5568301277736678,14936528.825853689,638.3448279173962,0.7208221225102747
Steel,6,4,5006.42,0.128,1.6799120575189592,0.05489839041233063,0.0037627946935961817,0.1690703272875322,0.06159497797489166,0.3826424903077023,0.34675037907523115,0.06884770214557648,0.6712389308209359,0.2585150356970827,0.08382991045713425,0.8758147051126053,0.19473622442816713,0.029408536851406097,1.1464379273761158,0.4327785129080311,0.0385312257707119,1.1909518509609347,0.2616265940326275,0.07670707225799561,1.2968127526089248,41091505.02725896,732.9249418191138,0.18899966063501822,32621401.02924872,509.84694812128765,0.4860343002108792,41859792.6556675,763.2692255309549,0.8969134369666629,37615709.80568242,280.3119237039397,1.4386851756483605
Steel,1,3,4993.59,-0.128,0.8582431569695473,0.09258619654178621,0.022870498726968967,0.45016989229482296,0.06529029875993729,0.5291161855610347,0.0,0.0,0.0,0.0,0.0,0.0,0.0,0.0,0.0,0.0,0.0,0.0,0.0,0.0,0.0,13021639.040894521,356.14083353864345,0.16714884441333716,12660790.0244032,698.6623660384769,0.4112094016198955,15273648.578368241,419.36631536808017,0.6564191789704412,0.0,0.0,0.0
Steel,1,2,5006.44,0.129,1.2930428594350816,0.09831283545494081,0.030240507443595,0.16042168614559624,0.08777933895587922,0.771935873064064,0.0,0.0,0.0,0.0,0.0,0.0,0.0,0.0,0.0,0.0,0.0,0.0,0.0,0.0,0.0,12193791.382489465,222.41193606400972,0.2938643972540192,11810676.738279594,552.6758197940152,1.0950103702859386,0.0,0.0,0.0,0.0,0.0,0.0
Steel,1,2,4993.57,-0.129,0.8589123770594597,0.07011533075571061,0.02727900489714876,0.26793686727016397,0.07179233431816101,0.2974451832766329,0.0,0.0,0.0,0.0,0.0,0.0,0.0,0.0,0.0,0.0,0.0,0.0,0.0,0.0,0.0,7752750.382695852,174.89079565341652,0.14754476236382358,7902701.172490275,191.60318453866293,0.6110800149960021,0.0,0.0,0.0,0.0,0.0,0.0
Steel,1,4,5006.44,0.129,0.3671870235353708,0.0845130668282509,0.009787607737063135,0.7275932990086408,0.10642437815666199,0.2134646433150165,0.0,0.0,0.0,0.0,0.0,0.0,0.0,0.0,0.0,0.0,0.0,0.0,0.0,0.0,0.0,25928437.883334145,958.9622098807968,0.043006860529814485,26287478.4547392,476.34201561418956,0.10901904040069943,25008373.080482814,351.88117639002405,0.19367102634580735,25444969.2612447,415.5429210655073,0.3211345204966911
Steel,1,2,4993.52,-0.13,1.3421822935342789,0.07495993393659592,0.03255706348079435,0.3133990714391753,0.11727904856204988,0.3369550824872187,0.0,0.0,0.0,0.0,0.0,0.0,0.0,0.0,0.0,0.0,0.0,0.0,0.0,0.0,0.0,22299196.426992156,687.551825657009,0.24902375694197978,24728898.907656685,487.8964592572905,1.0209279360727328,0.0,0.0,0.0,0.0,0.0,0.0
Steel,5,4,4993.52,-0.13,0.748925906419754,0.052588349223136904,0.009008586450224145,0.46353698595750625,0.09839934289455414,0.11899554059006892,0.21526212850867912,0.04821407675743103,0.23706840628992906,0.3449709614955598,0.0981929510831833,0.3576129753729717,0.233904625300126,0.0812545070052147,0.494587605948062,0.296756156359918,0.1069347244501114,0.6621173893381626,0.0,0.0,0.0,25621659.581023764,769.6867571199275,0.07836926932343637,32434436.023189813,649.6452906588977,0.3201857216562152,37016296.480185956,569.5673746039445,0.4227351621220867,37403269.16188943,758.7475084686464,0.6438296973712381
Steel,5,4,4993.51,-0.13,0.9469095811247826,0.08792197513580323,0.035041489520008406,0.46962379561819245,0.05986331999301911,0.181078044508555,0.2749422518236893,0.0854053294658661,0.3076520664360246,0.34794512898231517,0.10900437653064729,0.5052634202220565,0.35722914448414966,0.08719302535057069,0.7038598691533825,0.31614828666138634,0.10070341348648072,0.8522086230123045,0.0,0.0,0.0,25139661.70885247,640.3122234231463,0.09469095905938785,27086586.846280184,612.215961469851,0.31979392569807646,29652006.609558,743.237957568051,0.4726706907617466,33106015.96766697,816.0397910698459,0.8358403310516693
Steel,1,3,4993.51,-0.13,0.7649761065840721,0.10493786227703096,0.02300747730035601,0.2416592864611543,0.10331009805202485,0.45034064541850455,0.0,0.0,0.0,0.0,0.0,0.0,0.0,0.0,0.0,0.0,0.0,0.0,0.0,0.0,0.0,7588362.470801203,224.8242047760166,0.16066387197690563,8669022.888893869,401.31580878924683,0.48878315864030664,11078417.019049153,885.122285040349,0.6420619270673054,0.0,0.0,0.0
Steel,2,3,4993.51,-0.13,1.306932842731476,0.05647765350341798,0.016143573670118407,0.5132640350899635,0.06369037866592407,0.4013499565298725,0.23282184974149064,0.09868395686149598,0.799925198748765,0.0,0.0,0.0,0.0,0.0,0.0,0.0,0.0,0.0,0.0,0.0,0.0,103031619.93974373,573.7016157902467,0.13069328558008045,100088454.66262588,302.0900480810325,0.7096842270865069,121510578.7001492,806.0609063208922,1.1077004469978282,0.0,0.0,0.0
Steel,2,4,5006.5,0.13,0.27969780964776875,0.08744110518693925,0.009133217614733279,0.48004601276620307,0.06410021007061005,0.10004061913248233,0.3333864649151149,0.06391908645629883,0.20779310870722706,0.0,0.0,0.0,0.0,0.0,0.0,0.0,0.0,0.0,0.0,0.0,0.0,10492282.967563607,623.4311096560324,0.05647979867600392,10568580.304673932,661.6551364397698,0.16045839142260704,10741269.039723786,101.92818377305464,0.17950844480215128,14216035.323308207,325.8977643013537,0.24528404250151079
Steel,5,3,4993.48,-0.13,1.0067978873848915,0.07763910096883775,0.020283236196953956,0.4122140008106157,0.044630796909332277,0.17143409509829244,0.24811514716241348,0.10533856630325318,0.2557634918122871,0.38269934442800063,0.09412751436233521,0.43357637475302296,0.2564067562902345,0.12377798855304718,0.6740138273849443,0.3410727488732341,0.06917726963758469,0.851924357842348,0.0,0.0,0.0,59733548.001522236,296.26105215922746,0.10376473453920522,38290207.037089676,96.51468145977107,0.33642923078316106,32164218.15466578,285.48261914037573,0.8654054084969703,0.0,0.0,0.0
Steel,1,3,4993.47,-0.131,1.440939947962761,0.12717898082733156,0.013651893157165015,0.3324763931368736,0.11476274371147156,0.46253287440599405,0.0,0.0,0.0,0.0,0.0,0.0,0.0,0.0,0.0,0.0,0.0,0.0,0.0,0.0,0.0,26172585.725590736,319.59197054578607,0.2562449717189029,29579350.956385832,385.01125054296494,0.8102347510880232,25564292.112093057,215.12662846564953,1.1719498578450955,0.0,0.0,0.0
Steel,3,4,5006.57,0.131,1.0094227209687232,0.09711025643348695,0.013875116704529485,0.3402099051098997,0.04384039863944054,0.18678412858424753,0.5647282617996857,0.02387015301734209,0.3257905578302287,0.5133753568426577,0.07694949895143509,0.6584212174970852,0.0,0.0,0.0,0.0,0.0,0.0,0.0,0.0,0.0,20501852.510728046,756.1603128749174,0.11968544622423577,15855745.677846283,215.13414953270131,0.4266753147459387,25342383.47751518,549.7671161428855,0.675744114948924,16761768.235017296,740.07015153571,0.8771731840092178
Steel,1,3,4993.44,-0.131,1.2087368965148926,0.05657677799463272,0.022766088529193318,0.26739797064885124,0.11197447836399078,0.7589146079868627,0.0,0.0,0.0,0.0,0.0,0.0,0.0,0.0,0.0,0.0,0.0,0.0,0.0,0.0,0.0,10261031.828893172,622.2681870774644,0.2553885259827277,10574810.502170268,958.740070073202,0.7875842433257707,7846052.388070549,437.85315231531973,1.0694898022866264,0.0,0.0,0.0
Steel,6,3,4993.44,-0.131,1.394915270805359,0.07132694071531297,0.03541300624928328,0.2281801660267289,0.0922673225402832,0.3144129235677412,0.29481201863671863,0.14043289184570312,0.559624966052579,0.28565267208222006,0.05115137487649918,0.7008397487906238,0.21035059245015528,0.08773944139480591,0.8639073304024492,0.2551962641085996,0.025547666661441325,0.9671833708981648,0.2918880468500388,0.1054980480670929,1.107613675811706,36755276.29347139,251.9152325115304,0.16320732275553437,55620145.844955064,581.6997142043418,0.8181686813300836,43849071.02529909,226.314075280377,1.2287768288205099,0.0,0.0,0.0
Steel,2,4,4993.43,-0.131,1.163004431128502,0.05782547235488891,0.01881544743991327,0.6708802254750899,0.02240582453086972,0.427549454341687,0.32583043667904305,0.09932712197303772,0.8016036272308908,0.0,0.0,0.0,0.0,0.0,0.0,0.0,0.0,0.0,0.0,0.0,0.0,15366895.468924858,279.7792334008241,0.14935944449039837,15775623.942095172,606.7935117922642,0.5764204740639305,16858947.792778265,166.0281552372222,0.7622187436256753,16046347.113405958,377.407476981537,1.0467039868526473
Steel,3,2,4993.42,-0.132,0.8004780724644661,0.1002374747991562,0.010362562117229296,0.34993414037748133,0.04836315795779228,0.11838631530994267,0.21292966765426963,0.034269483983516695,0.3473567000473317,0.3769256874118426,0.08546104967594147,0.6107884269829378,0.0,0.0,0.0,0.0,0.0,0.0,0.0,0.0,0.0,24546054.781610467,924.7670772009039,0.1328956609518628,23520326.02017299,675.5006047422448,0.7056980385496033,0.0,0.0,0.0,0.0,0.0,0.0
Steel,3,3,5006.6,0.132,0.7360959351062775,0.10336640286445618,0.02203290392341459,0.4131220328481772,0.078614681661129,0.09416077336528,0.45017457968517943,0.07600537419319153,0.3681678988041729,0.4003414663882064,0.024539602845907213,0.6133813175060601,0.0,0.0,0.0,0.0,0.0,0.0,0.0,0.0,0.0,33080837.544270962,382.21899196505115,0.11727429169279904,19517943.81623256,532.7890509745037,0.4129482766216991,26137810.708895676,389.4128726432443,0.6362329622753267,0.0,0.0,0.0
Steel,3,3,4993.38,-0.132,1.2999644190073014,0.057788244068622596,0.010079791697965641,0.22767227313007543,0.10021217525005341,0.36074310837068224,0.22760005618973722,0.13151827812194825,0.6257107392140748,0.2973207070780783,0.06591752111911774,1.0065027844657906,0.0,0.0,0.0,0.0,0.0,0.0,0.0,0.0,0.0,40109139.79838912,341.92110453544217,0.2731144720984564,26576192.54760293,848.0511998883279,0.9259684796725194,32668382.69719784,204.49612934270425,1.1699679758066068,0.0,0.0,0.0
Steel,1,4,4993.38,-0.132,1.0380058839917183,0.09813015151023866,0.017849572868162196,0.30262322517632356,0.09346669018268586,0.3203963546033747,0.0,0.0,0.0,0.0,0.0,0.0,0.0,0.0,0.0,0.0,0.0,0.0,0.0,0.0,0.0,9732734.742840368,755.4534332449791,0.13002591558902335,7906112.743014363,774.6233555160005,0.3480124406355549,8541386.491136756,61.497866056588876,0.6765527123702808,10061372.269799534,238.53075435560163,0.8245369278825505
Steel,2,3,4993.37,-0.133,2.1,0.09646562349796296,0.015150945319052415,0.19907937107359974,0.056136857569217685,0.49931517087460336,0.5521682606759417,0.08454335927963258,1.4513638526553934,0.0,0.0,0.0,0.0,0.0,0.0,0.0,0.0,0.0,0.0,0.0,0.0,35272571.32879438,582.1464023648884,0.2642111672701189,34492646.57661733,633.3393107149536,1.1511938426287236,48383819.65317763,107.9175146186801,1.7425904614389809,0.0,0.0,0.0
Steel,1,4,4993.36,-0.133,0.9924764230847359,0.0778932198882103,0.02501675072035143,0.2222843119691054,0.02,0.6822721222875752,0.0,0.0,0.0,0.0,0.0,0.0,0.0,0.0,0.0,0.0,0.0,0.0,0.0,0.0,0.0,4881478.268046328,477.2929649446251,0.15531663476229124,6391995.449658515,820.4543529961503,0.3775701124896051,3788910.4077197853,523.6769013523493,0.44062675761057507,5177852.098056067,168.74967438739725,0.8088673983113271
Steel,3,2,5006.69,0.134,0.5460109375417233,0.06267195028066636,0.02166017068345872,0.2337243729903713,0.11417145550251008,0.123811848186267,0.11266499929897966,0.039909921288490295,0.2641255238980731,0.24585985438910848,0.10465231895446778,0.4303567223339714,0.0,0.0,0.0,0.0,0.0,0.0,0.0,0.0,0.0,13193769.363096695,261.10745509923237,0.07286257953215931,12960414.014025236,94.57340180840376,0.45091554116923677,0.0,0.0,0.0,0.0,0.0,0.0
Steel,2,2,4993.31,-0.134,1.521547281742096,0.06574502110481263,0.019387924701556477,0.1721092859718041,0.09422639429569245,0.7734884702004894,0.20957244272352293,0.044954859018325806,1.2121112279570483,0.0,0.0,0.0,0.0,0.0,0.0,0.0,0.0,0.0,0.0,0.0,0.0,36683429.61792731,376.1880206957909,0.2789042880039289,38278787.561089784,1099.9999999999995,1.258370778370451,0.0,0.0,0.0,0.0,0.0,0.0
Steel,3,3,5006.71,0.134,0.7422708109021188,0.09036835217475891,0.03342031814662047,0.2488205313895305,0.0881122499704361,0.18587648426513897,0.43612540693549867,0.026930807940661907,0.38484345182582036,0.6019784787650102,0.05787185907363891,0.5037930351821487,0.0,0.0,0.0,0.0,0.0,0.0,0.0,0.0,0.0,19675188.413007643,501.23487854209344,0.09443187088982814,24531097.843789622,664.7752410024497,0.4460131633708461,20708073.781674866,518.0524929364824,0.6286470595362301,0.0,0.0,0.0
Steel,2,2,4993.27,-0.135,0.7573288694024086,0.08503696280717851,0.03921111126351776,0.1400538120166595,0.037111569195985794,0.19942234403828346,0.2419240863988987,0.07278907984495163,0.49326199121582226,0.0,0.0,0.0,0.0,0.0,0.0,0.0,0.0,0.0,0.0,0.0,0.0,9124023.377591478,435.48942696029656,0.0902046143809359,9060284.89361198,355.81061476892876,0.5875389212306253,0.0,0.0,0.0,0.0,0.0,0.0
Steel,6,2,5006.75,0.135,0.9707367494702339,0.07932351058721543,0.014775718973703257,0.29945627837684285,0.0729010084271431,0.11164240198932376,0.20216093435345786,0.09120474874973297,0.2698209655237066,0.28127564299240093,0.07103987514972687,0.39197518112877716,0.28388588390727026,0.0937462055683136,0.5089448070495031,0.3433333266217889,0.10128176927566529,0.6432872793492175,0.22365318701027295,0.10774973034858704,0.8185687213247614,104699912.8041788,761.4204373193653,0.1389500302582583,87776918.55332202,617.9606563995271,0.8493550592395585,0.0,0.0,0.0,0.0,0.0,0.0
Steel,3,3,5006.77,0.135,1.0822567254304887,0.13001049733161926,0.008111327095617547,0.2704473621035429,0.07611170828342438,0.44050409192235546,0.38614562299880434,0.06609397619962692,0.6777409158115231,0.5852294478081964,0.05650834888219834,0.7581372359160174,0.0,0.0,0.0,0.0,0.0,0.0,0.0,0.0,0.0,54628384.54339173,388.94159927954547,0.1296853329241075,60846631.217700645,576.9401561723951,0.19648729129687645,56545251.17772254,639.4387428965746,0.8451638883834877,0.0,0.0,0.0
Steel,2,2,5006.81,0.136,0.962491635978222,0.06828002744913102,0.013118540298120651,0.33530913501357723,0.10753289341926575,0.5619063789874605,0.1834330355417509,0.07062750220298768,0.8662324723803999,0.0,0.0,0.0,0.0,0.0,0.0,0.0,0.0,0.0,0.0,0.0,0.0,18603801.723927774,262.96749710448387,0.33980068212993386,20266420.259530265,531.7173006046955,0.8541708931654206,0.0,0.0,0.0,0.0,0.0,0.0
Steel,5,3,4993.2,-0.136,0.5280661575496197,0.10822598707675934,0.009972621290551596,0.26017694108008654,0.07353761434555053,0.0688615610001646,0.280580965224916,0.02,0.1471363886501116,0.3541752296442488,0.09504541397094728,0.214332250950446,0.2241483578884006,0.11363484144210816,0.34242118231865165,0.43340462157752946,0.10463029742240906,0.46635838732194873,0.0,0.0,0.0,48849335.876104355,137.0563760751953,0.08967676632384378,53129442.71068585,346.187462464046,0.19960717954925528,50183779.186314955,462.90482294409145,0.41079039924528915,0.0,0.0,0.0
Steel,1,4,5006.81,0.136,0.6569452494382859,0.08237269639968874,0.027876838159245295,0.42908983091674113,0.13811279714107513,0.21743934739420734,0.0,0.0,0.0,0.0,0.0,0.0,0.0,0.0,0.0,0.0,0.0,0.0,0.0,0.0,0.0,26317828.28334018,715.2874534445642,0.1415832834512461,24893921.39320205,394.64795343024235,0.41590378071152667,27489939.895861436,126.24922451647836,0.4587819699340522,28650073.08350349,112.40889127609347,0.5230538877871888
Steel,2,3,5006.82,0.136,1.4672029495239258,0.10590023696422578,0.04282682733548479,0.42534007270496865,0.10202435672283174,0.33776880708507606,0.40688000412923103,0.02,0.9592627576855137,0.0,0.0,0.0,0.0,0.0,0.0,0.0,0.0,0.0,0.0,0.0,0.0,30116242.1604694,369.52719998246005,0.17159376740266027,19341667.07580767,467.35387702195413,0.700432240251454,16404803.79740858,730.5379690650883,1.1453643403734146,0.0,0.0,0.0
Steel,5,3,4993.18,-0.136,1.3362177550792695,0.08656938266754151,0.02189957403143262,0.25782924749579045,0.10230353891849518,0.2615276331180369,0.1618712221975317,0.11315703928470612,0.5248237214200705,0.424056953675314,0.07448137879371643,0.9341851211785522,0.2285539869517147,0.07110904693603516,1.034904641544693,0.1979926991282687,0.09917724072933198,1.137104736463858,0.0,0.0,0.0,35071109.01554172,549.6360996576772,0.14784529027695661,30739158.8958793,321.0435583996597,0.5597861763262211,34413433.528191015,560.8324799665381,1.2025959782351248,0.0,0.0,0.0
Steel,5,3,5006.84,0.137,1.0893272027373313,0.04465347030758858,0.005662017658654238,0.41538665638176564,0.08771934151649476,0.1763399979824919,0.36760681747539714,0.09575252056121827,0.3406374999496928,0.14104624148719247,0.1272758013010025,0.565091245754457,0.13973640921762842,0.0848556473851204,0.7734968062864295,0.19861268232526613,0.08252034604549409,0.9517292190618206,0.0,0.0,0.0,64161823.63719519,611.7441026639016,0.11557846508462416,77076294.08530304,184.8936990199681,0.3077666771385549,68911476.22675177,333.1667574017931,0.975958024093895,0.0,0.0,0.0
Steel,2,3,5006.85,0.137,0.7411086350679398,0.08039288538694382,0.021384277096738902,0.382469002119599,0.1230939030647278,0.26979976628894736,0.19146925992563665,0.08365214586257935,0.5718433676209418,0.0,0.0,0.0,0.0,0.0,0.0,0.0,0.0,0.0,0.0,0.0,0.0,17757676.23877319,617.9976260286605,0.08289006974333411,15827338.307343412,525.3796645757451,0.16655343094599942,17154771.440920826,348.794436734806,0.6440784534154276,0.0,0.0,0.0
Steel,2,3,4993.14,-0.137,0.6912324413657189,0.06804013627767563,0.019157450063664806,0.4207655104987903,0.050487292408943174,0.12425122415791898,0.3256177941525737,0.055524927079677586,0.22361300154450314,0.0,0.0,0.0,0.0,0.0,0.0,0.0,0.0,0.0,0.0,0.0,0.0,14435249.131622285,791.3495565382675,0.0816964435019801,13735119.25963213,509.1532845911296,0.30807088119885995,13419843.650590139,284.174980503552,0.49339134366929294,0.0,0.0,0.0
Steel,1,3,5006.87,0.137,0.8237916097044945,0.12310672175884248,0.022430685328242394,0.20309243321264145,0.06244416296482086,0.6578044468595723,0.0,0.0,0.0,0.0,0.0,0.0,0.0,0.0,0.0,0.0,0.0,0.0,0.0,0.0,0.0,15524180.280665655,115.63101047278572,0.212403897202686,14110155.43072435,786.2737063629545,0.3451361189759927,17418558.209174726,172.63086543943385,0.6273852639639087,0.0,0.0,0.0
Steel,5,2,5006.88,0.138,1.3754390805959702,0.09371439516544343,0.029493843629947687,0.2887362059098888,0.07941356658935547,0.27845710013336916,0.1944165683627628,0.08879412710666656,0.6011085729137058,0.33394081190294495,0.0665583461523056,0.7927771933121172,0.2650142147321259,0.08676759600639344,1.0359094284769985,0.1737059856096678,0.05921133697032929,1.1705018674093364,0.0,0.0,0.0,184584260.71483973,44.99999999999999,0.1585039615692577,180176588.98190314,529.3592465443428,1.2175249259634597,0.0,0.0,0.0,0.0,0.0,0.0
Steel,3,3,4993.1,-0.138,0.25,0.07555920481681824,0.024243572075600635,0.3935529413858405,0.09459653735160828,0.02544934409727569,0.25847245753873366,0.07363454937934875,0.11329986446972799,0.2021241515580496,0.13621834874153138,0.22400166791351864,0.0,0.0,0.0,0.0,0.0,0.0,0.0,0.0,0.0,17056431.78887882,148.50544967181403,0.03545034409727569,15762020.403995538,357.5840467580177,0.09464413034970455,22974464.405082285,329.4386173946614,0.20786620575595469,0.0,0.0,0.0
Steel,2,3,4993.1,-0.138,1.7216183960437776,0.07593613433837891,0.03916567637294895,0.345107111760112,0.05318826586008073,0.5508298764305338,0.23248406070847205,0.11180706977844239,0.866355622896314,0.0,0.0,0.0,0.0,0.0,0.0,0.0,0.0,0.0,0.0,0.0,0.0,58793461.899059065,387.36525828138986,0.29860833537950815,69432878.87653473,110.29363769710521,1.2279777387819866,65833560.13012644,175.17745140721033,1.4530943007727957,0.0,0.0,0.0
Steel,1,2,5006.92,0.138,1.0642685547471047,0.11715919303894044,0.012076661352366319,0.20158152068605867,0.11065355062484741,0.8943771354256049,0.0,0.0,0.0,0.0,0.0,0.0,0.0,0.0,0.0,0.0,0.0,0.0,0.0,0.0,0.0,22556067.50392991,419.01275664334827,0.29975603281256724,28088422.017590314,775.4246950662302,0.7988518589457162,0.0,0.0,0.0,0.0,0.0,0.0
Steel,1,2,5006.93,0.139,1.1059248864650728,0.07854933404922486,0.032982989657286216,0.39382686093463964,0.10280091404914857,0.3150911796682503,0.0,0.0,0.0,0.0,0.0,0.0,0.0,0.0,0.0,0.0,0.0,0.0,0.0,0.0,0.0,27381431.202748537,198.553252254789,0.1653422763812589,36344439.66845895,916.9901189460256,0.8578984554689365,0.0,0.0,0.0,0.0,0.0,0.0
Steel,1,3,5006.98,0.14,1.1001279011368752,0.0749247454404831,0.02297482296047068,0.24798108763857568,0.12535482168197631,0.31270466827784316,0.0,0.0,0.0,0.0,0.0,0.0,0.0,0.0,0.0,0.0,0.0,0.0,0.0,0.0,0.0,13918214.465003692,403.7388122215246,0.11001279121381544,11793510.11452104,672.821703993079,0.20441275896440336,13162038.206887836,473.32328795409717,0.6412657510023413,0.0,0.0,0.0
Steel,1,2,4992.98,-0.14,0.7337505772709847,0.060912741303443915,0.021076851924445812,0.28270251734174845,0.05841794580221177,0.39908823009389816,0.0,0.0,0.0,0.0,0.0,0.0,0.0,0.0,0.0,0.0,0.0,0.0,0.0,0.0,0.0,6443515.996022721,753.5110175472832,0.14963362768674246,6314238.768769972,608.4687629184629,0.5751636824893527,0.0,0.0,0.0,0.0,0.0,0.0
Steel,4,2,5007.06,0.141,0.9152524054050446,0.10086199760437013,0.003693531529546645,0.24573344824141322,0.08506573140621186,0.1436108416114774,0.3423209332288147,0.15,0.3473621595889679,0.2101948320893279,0.1320408284664154,0.6068249005482207,0.44544715907109017,0.13784973204135895,0.7864884280659117,0.0,0.0,0.0,0.0,0.0,0.0,77290200.9227817,901.2346186599958,0.10246321412934287,72528311.37366214,52.17920799377309,0.7476256144875517,0.0,0.0,0.0,0.0,0.0,0.0
Steel,3,2,5007.09,0.142,0.9614820718765259,0.08949160635471345,0.022755818128068223,0.3277692104163302,0.07888008296489715,0.1800845854946842,0.5385044182626754,0.06408713817596436,0.42926229791738707,0.3448221807638986,0.10838944733142854,0.7326382802504994,0.0,0.0,0.0,0.0,0.0,0.0,0.0,0.0,0.0,55339599.11725731,418.0567609578061,0.11947580209377281,62973136.83035711,777.7465582693491,0.8139089067896049,0.0,0.0,0.0,0.0,0.0,0.0
Steel,5,2,4992.91,-0.142,1.2972010880708695,0.0937780603170395,0.034181109968927335,0.4455309845201907,0.08352128744125367,0.270895082526309,0.20954091318678747,0.11974794745445252,0.4862351788541838,0.3385239576391512,0.08127691984176635,0.7113462889780068,0.23099187222609888,0.12053332269191742,0.8419142634633286,0.25033067506831297,0.08364742696285249,1.0170967678372884,0.0,0.0,0.0,175303148.32186547,482.52357481560875,0.14966480726798528,145868409.91369316,545.3009369922665,1.0827557069524758,0.0,0.0,0.0,0.0,0.0,0.0
Steel,1,4,4992.91,-0.142,0.7529737561941147,0.12675770914554596,0.027846788957005146,0.27113862825458035,0.15,0.5888766755749273,0.0,0.0,0.0,0.0,0.0,0.0,0.0,0.0,0.0,0.0,0.0,0.0,0.0,0.0,0.0,14964654.159087403,438.4165994402337,0.18701227351594246,18625708.376005076,553.1373143749012,0.2641157077469518,14809544.674491296,306.5444109907882,0.507295817463281,13636926.961239384,1099.9999999999995,0.6629082965338056
Steel,4,4,5007.13,0.143,1.378460881114006,0.07885874313116074,0.023011199665715815,0.4369810198140519,0.03620220467448235,0.32471213325316584,0.7198509574946633,0.06179200947284699,0.6133642894415102,0.3412675865571495,0.11384151220321656,0.7851375136474339,0.22472252336409634,0.11323923647403718,1.06334063211929,0.0,0.0,0.0,0.0,0.0,0.0,37177073.51535307,321.9521074673081,0.1527983149889557,37701405.576539725,363.44726460139947,0.5717950988684308,52641986.76286794,304.68857315703247,0.8246622744629198,47924347.025170885,726.9597512955849,1.2277498474333144
Steel,1,3,5007.15,0.143,1.3052398890256882,0.08202860665321351,0.007906661217816373,0.4696016091611948,0.09170052766799927,0.8919926975869992,0.0,0.0,0.0,0.0,0.0,0.0,0.0,0.0,0.0,0.0,0.0,0.0,0.0,0.0,0.0,22335583.366583005,627.4035983167828,0.2317492943386283,22686829.349577013,787.6416814315761,0.6473604567927841,27295467.569262292,215.3111241528852,1.079878914810515,0.0,0.0,0.0
Steel,5,2,5007.17,0.143,1.3760177701711656,0.11010339808464051,0.01821206429566554,0.43040367115177663,0.10619756102561952,0.1976668999370479,0.3056047552535806,0.10239749848842622,0.4455535973663737,0.19133843114117344,0.10747458517551423,0.5957223193755339,0.3695686052411299,0.05422170490026475,0.8436188824659065,0.37672559524530164,0.04869691550731659,1.1053469726752772,0.0,0.0,0.0,106133952.22412758,635.8364168629168,0.14437256529538467,106442531.56673732,787.6284760987503,1.1964995544796768,0.0,0.0,0.0,0.0,0.0,0.0
Steel,1,4,4992.84,-0.143,1.7409547656774522,0.034819098795458574,0.014529650410981535,0.2175676366378439,0.05523512154817581,0.4795645803723111,0.0,0.0,0.0,0.0,0.0,0.0,0.0,0.0,0.0,0.0,0.0,0.0,0.0,0.0,0.0,25337683.020634703,269.2351216068756,0.1740954783087,32567873.027246185,564.1888134655742,0.3627282215238584,34178593.67709475,1030.8297289453926,0.6745002495380703,23789899.888983544,828.1879115993271,1.286089213728685
Steel,1,2,4992.84,-0.143,0.5580638185143472,0.06475722098350525,0.013142093632237334,0.3134194200335811,0.11092321753501892,0.26808135750969847,0.0,0.0,0.0,0.0,0.0,0.0,0.0,0.0,0.0,0.0,0.0,0.0,0.0,0.0,0.0,11672071.270160623,299.4061390702515,0.10812231462458005,11672071.270160623,734.8945130721141,0.42864465054259165,0.0,0.0,0.0,0.0,0.0,0.0
Steel,5,3,4992.82,-0.144,1.7980662882328033,0.08220658469200136,0.007701062188989716,0.4378260633308114,0.03935549512505532,0.55331359160807,0.17014234322294963,0.06148155778646469,0.9635706131113064,0.5043664195537721,0.050878994017839435,1.172074673380095,0.2210433038384508,0.07532632142305375,1.337304666886353,0.312335256334921,0.130490642786026,1.5968104903457427,0.0,0.0,0.0,56584915.54068453,520.1454892231562,0.2369340233326246,56160683.08042679,102.73334926234928,0.8541993791501231,49224732.98192873,226.78346378279733,1.6100104510746374,0.0,0.0,0.0
Steel,1,4,5007.2,0.144,0.574418304860592,0.13210949218273163,0.010639241824497143,0.2660600841189269,0.07738509833812714,0.43645877591773524,0.0,0.0,0.0,0.0,0.0,0.0,0.0,0.0,0.0,0.0,0.0,0.0,0.0,0.0,0.0,9369974.032982783,236.05696708533642,0.10226879009192064,11862619.409863131,439.3035533798512,0.23993235532151055,9006502.770764777,154.85204959457604,0.33204943813773735,10192663.694603784,481.8883849889947,0.47591020958508234
Steel,5,3,4992.79,-0.144,1.0658662915229797,0.11254740524291994,0.013922655012713227,0.28159331600681375,0.11634970426559449,0.16393022174409155,0.24035486504762613,0.08238197922706604,0.3153437798409803,0.35114591339317397,0.1047866177558899,0.474092855142713,0.5541980781833659,0.10671898007392884,0.65849404687759,0.49296076764934005,0.08168321400880814,0.848989935361608,0.0,0.0,0.0,66946971.13641409,464.9295597657216,0.20325662780762127,52256145.717515364,970.7278210704983,0.6484310678282628,51500932.39206279,695.8441477695478,0.9275896154681103,0.0,0.0,0.0
Steel,2,2,4992.75,-0.145,0.9448263317346574,0.09193760251998902,0.011308016761733413,0.25191291433525187,0.08757618606090546,0.19441087301829751,0.17066207095165983,0.09234642803668977,0.608398360051623,0.0,0.0,0.0,0.0,0.0,0.0,0.0,0.0,0.0,0.0,0.0,0.0,13981051.426490808,581.938038265286,0.12477330211915114,13470036.244071715,190.62075209416733,0.6780142166500318,0.0,0.0,0.0,0.0,0.0,0.0
Steel,1,3,5007.26,0.145,1.4802360355854034,0.13732321274280548,0.03505633179499213,0.30666656540034304,0.12156899333000183,0.44733383876786736,0.0,0.0,0.0,0.0,0.0,0.0,0.0,0.0,0.0,0.0,0.0,0.0,0.0,0.0,0.0,35156117.539455496,811.9988436980836,0.19698144488848018,39635744.609402865,465.85843578932565,0.5575783968688535,33422922.12131104,453.96148607749217,0.9958781194245064,0.0,0.0,0.0
Steel,3,2,4992.74,-0.145,1.663597157597542,0.11486863565444948,0.005553155684158784,0.47837604958238483,0.12472468197345735,0.7885248293113051,0.443305902188263,0.07294944882392884,1.111910150497271,0.3412446832327409,0.09506187200546265,1.4972274418377878,0.0,0.0,0.0,0.0,0.0,0.0,0.0,0.0,0.0,694055003.0746461,306.8327652500041,0.4487372935358239,546739380.9623297,324.06605496163724,1.4872264418377878,0.0,0.0,0.0,0.0,0.0,0.0
Steel,2,2,4992.69,-0.146,1.0321617037057877,0.1178857138156891,0.012735383054788331,0.34417328484015913,0.08023502707481385,0.10322617037057878,0.3538681384086396,0.12401067912578584,0.604142934824696,0.0,0.0,0.0,0.0,0.0,0.0,0.0,0.0,0.0,0.0,0.0,0.0,35336891.375054486,107.43018316563753,0.14746546266635502,31979023.774089843,720.6265773919234,0.8020770009395437,0.0,0.0,0.0,0.0,0.0,0.0
Steel,3,2,4992.67,-0.147,0.7382888466119766,0.1106151568889618,0.019241067915804284,0.32405214140499367,0.0870589977502823,0.16744573366838894,0.26366351651207404,0.09221542239189148,0.4375439082927989,0.3701674467511128,0.06376589268445969,0.5376079419653498,0.0,0.0,0.0,0.0,0.0,0.0,0.0,0.0,0.0,33994781.24497108,256.9838109828065,0.08446025619780251,27407968.31541789,243.70212098079372,0.624737911674868,0.0,0.0,0.0,0.0,0.0,0.0
Steel,3,3,4992.66,-0.147,1.0512506857514383,0.06809850728511811,0.006262366880927663,0.5030506855602346,0.026012530587613582,0.24425742324176056,0.4571674316669364,0.1339381903409958,0.4362803196015933,0.3762598363145336,0.06302710980176926,0.7967551713056956,0.0,0.0,0.0,0.0,0.0,0.0,0.0,0.0,0.0,45935450.2836603,205.1931721505761,0.11772232213580594,40467322.62066078,550.764534137051,0.5021425809217591,37213711.41828993,444.45616988139375,0.9003056297271992,0.0,0.0,0.0
Steel,2,2,4992.65,-0.147,1.185817900300026,0.048165182769298556,0.008895900475633893,0.17225247950860814,0.08549635231494904,0.5862511608863935,0.2742532570194516,0.055017269551754,0.9274698020943437,0.0,0.0,0.0,0.0,0.0,0.0,0.0,0.0,0.0,0.0,0.0,0.0,23437629.16436902,878.4345312517377,0.3290085440898493,22526214.2346948,265.72947290873617,1.0112617848064076,0.0,0.0,0.0,0.0,0.0,0.0
Steel,1,2,4992.59,-0.148,0.953231555223465,0.08503433477878572,0.033888751585959116,0.41444710048903877,0.07836020588874817,0.29378942110945977,0.0,0.0,0.0,0.0,0.0,0.0,0.0,0.0,0.0,0.0,0.0,0.0,0.0,0.0,0.0,18682032.031804852,815.663013273701,0.1300251970842581,18023246.756507047,327.99424843960594,0.6553924701029217,0.0,0.0,0.0,0.0,0.0,0.0
Steel,1,4,4992.57,-0.149,1.4773007959127427,0.07884155726432801,0.018949586052131574,0.4564391532088773,0.06028052419424057,0.45949805331005394,0.0,0.0,0.0,0.0,0.0,0.0,0.0,0.0,0.0,0.0,0.0,0.0,0.0,0.0,0.0,16009874.879244732,817.2202121838159,0.22758353113065422,19041989.662630394,372.8357039069425,0.7433079527298658,19518999.19732632,541.4033334555857,0.9625643396942669,23811154.336362705,218.63926053145227,1.1952814781344054
Steel,4,3,4992.55,-0.149,0.6053658746182919,0.07371585661172868,0.00950159490063462,0.6021508768034883,0.1014928025007248,0.09623977441412741,0.40327854050187445,0.08550456583499909,0.24896302391697336,0.4137142897437585,0.10821831166744234,0.4165763117451006,0.2651797242131735,0.07462431341409684,0.5295338185304832,0.0,0.0,0.0,0.0,0.0,0.0,67247614.71980411,334.26961757184375,0.11585457791495396,50869061.708494976,382.05226930207004,0.34349284032633076,62095725.480897345,643.1520238510898,0.5081426738960908,0.0,0.0,0.0
Steel,2,3,5007.46,0.149,1.0646076858043672,0.058763386487960825,0.04701070919036866,0.4063310148843791,0.042055817693471914,0.4646030006372306,0.24581359903267105,0.07242503106594086,0.6789676594832189,0.0,0.0,0.0,0.0,0.0,0.0,0.0,0.0,0.0,0.0,0.0,0.0,16935793.705796417,645.1443140639772,0.12744432899304353,16586955.560413843,742.3413083398325,0.3861753324013805,19632294.564502027,402.676018324184,0.907714893092933,0.0,0.0,0.0
Steel,1,3,4992.54,-0.149,1.1512258157134057,0.10711382746696474,0.014756901015564209,0.26579448702278974,0.09326832592487336,0.8645838810472506,0.0,0.0,0.0,0.0,0.0,0.0,0.0,0.0,0.0,0.0,0.0,0.0,0.0,0.0,0.0,22625226.75085903,517.3415544793462,0.19405586526767327,19932670.090186473,665.6904337813818,0.3795809504179685,20618323.551110312,926.4676105674382,0.8856945134600261,0.0,0.0,0.0
Steel,1,3,4992.54,-0.149,1.0273941859602929,0.10675126957893373,0.03802651673322992,0.3273956518742948,0.08898644745349885,0.7000931804689072,0.0,0.0,0.0,0.0,0.0,0.0,0.0,0.0,0.0,0.0,0.0,0.0,0.0,0.0,0.0,16411709.449707946,580.9904192176997,0.1269818199382111,15207935.656165015,370.9941237974324,0.3358351707071401,17526136.889479313,721.3735696536345,0.8340645926955649,0.0,0.0,0.0
Steel,1,2,5007.47,0.149,1.131777247786522,0.0777392538189888,0.00431331815766696,0.3258553056790806,0.09466374099254608,0.3497634650588799,0.0,0.0,0.0,0.0,0.0,0.0,0.0,0.0,0.0,0.0,0.0,0.0,0.0,0.0,0.0,19760411.894170817,815.68135073828,0.24872965352156323,20302017.02017619,261.2349860348105,0.9106769821667153,0.0,0.0,0.0,0.0,0.0,0.0
Steel,6,3,5007.48,0.15,1.5767252445220947,0.08634657579660417,0.012819566101815916,0.4246939428983436,0.09441905558109284,0.27210359933243444,0.32054608544319435,0.027912249490618705,0.42276504205475984,0.2717939103260066,0.081455257833004,0.5973358163767931,0.39022205897124246,0.08386561214923859,0.8616151890658386,0.3529617564835273,0.07611170440912247,1.1192520196702307,0.17559890562674335,0.15,1.3423082657743701,242048144.16156927,406.12614780813107,0.23107684546274254,295007689.6143025,275.9878152346222,1.2199362314998305,201396594.17320862,682.4231676001625,1.4118704905431334,0.0,0.0,0.0
Steel,5,4,5007.48,0.15,1.3973284989595414,0.09513469004631044,0.023253490761025584,0.552000876021095,0.06573678880929947,0.3816502587344786,0.45436133591430655,0.09032650649547577,0.5809477226412507,0.27344335492156413,0.05311404585838318,0.7452604918209627,0.14431353616473053,0.11421396434307099,0.9570020397220013,0.32904736047811534,0.09689486622810364,1.2278053991088882,0.0,0.0,0.0,45455739.54084762,415.40574309083365,0.17266960080971624,42350388.21988449,289.428514335747,0.7229645767731313,47093680.54772215,503.29099608690154,0.9452162308167757,47222410.57366937,410.95061151275604,1.2468616621759914
Steel,3,4,5007.54,0.151,1.3549303352832796,0.10638376033306123,0.00873075855110952,0.45772032657659684,0.08613418638706208,0.31994436413723415,0.2572378618962525,0.0819117358326912,0.734421912825617,0.35013253782150183,0.1351735347509384,0.9911745533973632,0.0,0.0,0.0,0.0,0.0,0.0,0.0,0.0,0.0,25561448.217206873,758.2034467920856,0.15626148908778187,24120546.796033286,350.43280421694334,0.3738162190461748,25618029.86715916,517.901997908577,0.6458706704479414,27779074.445124604,623.6593208486133,1.1710406426944824
Steel,2,4,4992.46,-0.151,1.7516083657741548,0.1061633529663086,0.017639917237528103,0.3751928466984673,0.12685507535934448,0.6116385104926353,0.23693246078909824,0.023336520958691837,1.1222280395465496,0.0,0.0,0.0,0.0,0.0,0.0,0.0,0.0,0.0,0.0,0.0,0.0,32636517.869022276,635.4970735916716,0.4130008582738475,26994072.659455337,782.6148123890707,1.078018660190212,32030710.965633724,766.7881489768843,1.1956492545609134,25958279.32409731,470.4964835670033,1.5283217901323747
Steel,1,4,4992.45,-0.151,1.6101301223039628,0.07777178466320038,0.014008574794708292,0.3743660521479312,0.10823523461818696,0.9071791718992206,0.0,0.0,0.0,0.0,0.0,0.0,0.0,0.0,0.0,0.0,0.0,0.0,0.0,0.0,0.0,12355876.123157093,552.6302284834688,0.2097127484805898,14038281.434566718,682.9282048783357,0.6505066836423187,17863292.29436705,881.3074303731596,0.7638279030057762,12815021.363729969,542.6342597411788,1.2179188658296456
Steel,3,3,5007.58,0.152,1.7505622476339342,0.09026550781726839,0.04215136299739404,0.21354973169542513,0.13574298739433288,0.5628755659328786,0.2640985356241226,0.04655786693096161,0.719071459229502,0.4133323617985953,0.14553341805934905,1.0187409253562492,0.0,0.0,0.0,0.0,0.0,0.0,0.0,0.0,0.0,39335320.466423795,695.8164406583215,0.28390487937807674,50500857.92579972,298.17926895948403,0.7981595205301895,38503086.98192526,741.0675414771966,1.4195222429706549,0.0,0.0,0.0
Steel,5,3,5007.59,0.152,1.133248892426491,0.10663963973522188,0.008228372223633552,0.3679018259013673,0.06609163999557495,0.1133348892426491,0.2964366695308009,0.10621160924434662,0.2119067987260711,0.16671833910324912,0.06613676398992539,0.41089847528031503,0.1280952291982189,0.10597869396209718,0.6101907170309646,0.36432142692442815,0.03732128322124481,0.8790207816830276,0.0,0.0,0.0,28525831.455861427,650.1629822075656,0.13220483024003774,25565319.87807084,592.0657555616033,0.4795856034266478,24993173.696722023,469.22398612068633,0.9373524131783612,0.0,0.0,0.0
Steel,4,3,5007.6,0.152,0.848690202832222,0.07385806638002396,0.0038205344970408863,0.24364942228858666,0.10314898908138276,0.16030880438986395,0.17348645761573106,0.08242111742496491,0.33264890169595396,0.24072796815272268,0.042121876478195194,0.4561394450193482,0.1479115865688689,0.09434897720813752,0.6821541521825703,0.0,0.0,0.0,0.0,0.0,0.0,11174450.74949837,801.0042271344429,0.12710506946680386,15931433.216082867,418.04473422725323,0.4349367469490619,12970710.630616138,895.5578499016659,0.7185468076274414,0.0,0.0,0.0
Steel,4,2,5007.63,0.153,0.45919782519340513,0.09858797013759614,0.0025243142561614373,0.22476840306888998,0.10897247552871704,0.053833148337266545,0.3793289306096383,0.13952772319316864,0.19482535197859333,0.2907833194266266,0.09507416903972626,0.324347572898777,0.2177623803098393,0.04417493104934693,0.40319319097271944,0.0,0.0,0.0,0.0,0.0,0.0,42771462.54739892,475.4714028354198,0.08679073514094994,28966512.44938546,623.1264039423661,0.37715223395075126,0.0,0.0,0.0,0.0,0.0,0.0
Steel,5,3,5007.64,0.153,1.029599392414093,0.09995287752151491,0.023213914269152675,0.36970313851385117,0.046231178045272825,0.21139182195664827,0.42883589761507585,0.057035714983940125,0.41428122425140956,0.27364263061137356,0.1028396338224411,0.547256487914604,0.19585988668953624,0.06431240171194076,0.6695753670826052,0.2292804420207077,0.13375043392181396,0.8611845356452782,0.0,0.0,0.0,27255103.339221768,323.19617947699373,0.11882142022904041,23446221.552429408,777.8969720965725,0.439390232722635,33523275.331157364,257.95452251923416,0.9148141713086057,0.0,0.0,0.0
Steel,5,2,4992.35,-0.153,0.8768896862864495,0.11866949260234834,0.035466826545310595,0.2305383907881379,0.05360196381807328,0.1720506152475585,0.24281498090069462,0.05988740652799607,0.43117707578665276,0.3307625298972029,0.07961728125810623,0.5207630018141742,0.2635631960276829,0.02001451956879464,0.6068631593736331,0.32573044192517847,0.09928379952907562,0.67631108823013,0.0,0.0,0.0,40602384.480845615,518.5818918106448,0.11557993516667135,34871575.0833346,224.16463703465408,0.7862935848689323,0.0,0.0,0.0,0.0,0.0,0.0
Steel,4,2,4992.34,-0.153,1.5687562435865403,0.12242059898376466,0.015011424493306696,0.3163334659005282,0.08028281271457673,0.3694762996631874,0.23113891822961574,0.1069789844751358,0.5168581731703273,0.27042614360875084,0.053572112321853646,0.6342976979936831,0.3711437458535014,0.09600499331951141,0.9119779987368011,0.0,0.0,0.0,0.0,0.0,0.0,143572035.81300282,544.6379963450031,0.17627115724413858,161562458.39443627,575.2920822165321,1.3694556185531168,0.0,0.0,0.0,0.0,0.0,0.0
Steel,1,4,4992.33,-0.153,1.2071228951215744,0.06549636137485504,0.00747923626585917,0.21232802976995915,0.09460237979888916,0.6309910899912019,0.0,0.0,0.0,0.0,0.0,0.0,0.0,0.0,0.0,0.0,0.0,0.0,0.0,0.0,0.0,3698232.8447240884,904.3605692726253,0.22362559685865824,3471381.2366376617,532.0757301637545,0.49601316425647796,4070051.451546683,373.3473489716144,0.6567567625081608,5170174.766047526,1006.0198542535422,1.0387250699828892
Steel,4,3,5007.69,0.154,1.1512037068605423,0.0807005382180214,0.009491292658453089,0.22055038218259224,0.08949172616004944,0.1894142213049096,0.4432183223292789,0.02441877741366625,0.5172818681575173,0.2373193217928858,0.07997218281030655,0.7348362521705017,0.41162648316952916,0.14710513710975645,0.9925070138577137,0.0,0.0,0.0,0.0,0.0,0.0,37948393.69302563,159.5547909554742,0.14327445825213772,48438173.95431247,509.19887856874635,0.49690821137019386,43316759.46454693,281.1296255093238,1.029114514997016,0.0,0.0,0.0
Steel,3,3,5007.69,0.154,1.871244165301323,0.06460291635990144,0.04103185495982727,0.29174856539809113,0.10613967120647431,0.4436624560427499,0.18391567244211338,0.07492122441530227,0.9104345052373637,0.17761124486419763,0.07961260885000229,1.4156103280594885,0.0,0.0,0.0,0.0,0.0,0.0,0.0,0.0,0.0,19891336.22172411,465.4111450990152,0.22007690001377683,17317399.805372447,146.3530820812197,0.8145655379358605,16414044.340434967,1050.9455106762948,1.5659452975945258,0.0,0.0,0.0
Steel,6,4,5007.72,0.154,1.5533236026763917,0.07690112435817718,0.022391017617942568,0.29697062829977244,0.057761050164699554,0.24862409776853522,0.2796178961822496,0.06493593961000443,0.5161323403647408,0.3461172469212817,0.11564250469207764,0.6545925113485809,0.1981560631485592,0.07763867914676667,0.8206914602699673,0.41755501860821453,0.14393648505210876,1.0131311596227124,0.16768182951291852,0.09049119532108307,1.2973483561200576,68353344.05884229,449.3895922665999,0.1665438891037559,50293098.62948168,825.2037155483382,0.6000172379568625,48756074.62803265,283.86524548640347,0.7463322677062527,58548650.083425805,577.7115326710745,1.3571100407253356
Steel,4,4,4992.29,-0.154,0.5488402917981148,0.0701360587477684,0.02344470779618649,0.40654582236603815,0.07567365646362305,0.09437793645607426,0.3153347057575216,0.08316242635250091,0.19430916992704617,0.3199555093615677,0.08466956853866578,0.313483625145526,0.3446503326477308,0.04374414935708046,0.41700119572153255,0.0,0.0,0.0,0.0,0.0,0.0,25409542.752459623,588.2229801154691,0.07993506038368234,25980712.905334625,746.8647096814243,0.34574372088698746,24431513.652602527,737.1934654634864,0.38271980858488813,24744286.342669014,953.0750634046123,0.47774021921474713
Steel,2,3,4992.29,-0.154,1.499510434269905,0.050479572266340256,0.008265709457934093,0.3014186818260041,0.06495720177888871,0.5379086854742247,0.280233234236686,0.07939743012189865,1.0090940287026107,0.0,0.0,0.0,0.0,0.0,0.0,0.0,0.0,0.0,0.0,0.0,0.0,52435281.77076447,574.0816750199408,0.2377284632155678,48919923.00046035,469.18331235269466,0.9440401622323179,41422352.64813776,162.73929388088254,1.2931209818482652,0.0,0.0,0.0
Steel,3,4,4992.27,-0.155,1.462950772047043,0.0808857570886612,0.009585510983814466,0.40444982428692294,0.06644701421260835,0.23663953217409855,0.6094846886826816,0.08421845644712449,0.706176908046291,0.2158567723581531,0.11212778449058533,1.1057535145491024,0.0,0.0,0.0,0.0,0.0,0.0,0.0,0.0,0.0,42800358.89274987,662.9874051973347,0.16913942463256654,48238353.664784014,195.59772724762547,0.35617101679997676,46418417.96838705,1039.6763412534208,0.561034578580149,43889027.81035966,821.5970169393731,1.2215109200776004
Steel,3,4,4992.23,-0.155,1.3766994506120682,0.06652275669574738,0.01720386789894377,0.1628679162498761,0.12011905908584596,0.2499318323183839,0.3390130039224243,0.09734763264656067,0.5657175782620854,0.351900937151371,0.037352147847414016,0.8089009047910325,0.0,0.0,0.0,0.0,0.0,0.0,0.0,0.0,0.0,18313977.6015877,328.8155136127697,0.16289833291133937,17364225.816114992,153.70952375755846,0.3278650083657292,27565145.476406343,259.8045278102147,0.839042594522971,20945088.544842508,535.6091517410072,1.1688826721308836
Steel,5,4,5007.78,0.156,0.8660762518644333,0.054470246076583864,0.008437677982581285,0.3198093888379488,0.11793076038360596,0.15762533845315402,0.3134919510616276,0.02,0.31935971379128403,0.2721108671285859,0.07645236015319824,0.4241305529244486,0.19861663504622423,0.09402891337871552,0.525242457280502,0.17032763644586274,0.1001958566904068,0.6692342631294423,0.0,0.0,0.0,14691202.549072823,212.30710900866677,0.09041097579425567,14100557.14995355,849.1111218815188,0.3364821704343168,16711627.855265096,355.27297846145854,0.493643039107945,16038655.91335769,298.433939913755,0.7543410357011403
Steel,1,4,5007.79,0.156,1.4694528698921203,0.12203464698791505,0.013749078144995548,0.3036805421404313,0.08804685175418854,0.48027630434946433,0.0,0.0,0.0,0.0,0.0,0.0,0.0,0.0,0.0,0.0,0.0,0.0,0.0,0.0,0.0,20018526.385302823,360.98136697597323,0.20371505505494233,19858853.072418354,536.573727543915,0.63079643011124,17382882.953239966,721.8613589422184,0.7478487616697034,19987685.53023521,1099.9999999999995,1.078574118665276
Steel,4,4,4992.22,-0.156,1.1412611186504364,0.04485697957873344,0.019669233448005204,0.2471956239519466,0.056856338679790494,0.1386457283655948,0.293134855169678,0.11062240898609162,0.38811679641989627,0.20337078052213245,0.05903764039278031,0.5351508067700297,0.38062436979890296,0.0564238116145134,0.8252239479061008,0.0,0.0,0.0,0.0,0.0,0.0,27689432.11951114,862.6619379574366,0.11412611300630476,24209794.064930014,574.949778342003,0.27151047210305346,20564966.103502996,289.1457737886572,0.42936078287813545,22958947.34118309,503.0927403458529,0.93334041488394
Steel,3,2,5007.8,0.156,0.6965189382433892,0.10099411845207215,0.018494973462601056,0.36377128804256986,0.06226237684488296,0.19198360677816345,0.21378182275318336,0.11959332406520844,0.3398562526531747,0.23470478364557604,0.09202491521835328,0.5079194573893555,0.0,0.0,0.0,0.0,0.0,0.0,0.0,0.0,0.0,21662320.94078349,544.3164207988634,0.10151809044340324,24521611.26667991,650.035780827107,0.5756263289154884,0.0,0.0,0.0,0.0,0.0,0.0
Steel,4,3,5007.81,0.156,1.4350401371717454,0.07755430155992508,0.010355907893664097,0.1762123615916831,0.08954443216323853,0.18826120953989073,0.28415642273432434,0.02,0.39740712153448154,0.3074959496604613,0.06963235676288605,0.5282708981383845,0.42730395070371796,0.10474278390407563,0.9358837219936489,0.0,0.0,0.0,0.0,0.0,0.0,37318455.97235782,308.13345556475633,0.16783208489300044,40604351.08719574,843.2791024469154,0.9113048045416717,42435844.78252006,585.412983326103,1.2509791800951913,0.0,0.0,0.0
Steel,6,3,5007.82,0.156,0.6107892975211144,0.1294128980636597,0.024172522215284677,0.245061571709347,0.06952594518661499,0.10162044760189687,0.22672649431896005,0.0785420423746109,0.2206370709866058,0.3564043278985673,0.07357232809066773,0.31582753360089555,0.29655739465301484,0.0660401001572609,0.39094210878074065,0.26780627220638137,0.03714585289359093,0.452393577336593,0.48890195361439176,0.05803597837686539,0.5132238165486914,28420017.40062715,278.60322112597095,0.11519208750880736,30672422.99728969,847.1081493543034,0.33580985530979357,29040947.66620978,560.1684796520241,0.5497103671582136,0.0,0.0,0.0
Steel,1,2,4992.19,-0.156,0.8754159465432167,0.04421027511358261,0.027738153866271147,0.23315838488797952,0.06000285297632217,0.26718564027543257,0.0,0.0,0.0,0.0,0.0,0.0,0.0,0.0,0.0,0.0,0.0,0.0,0.0,0.0,0.0,7201655.70815671,320.3002212563981,0.11334304124471012,7638707.693640976,276.42979932882724,0.6859135849922137,0.0,0.0,0.0,0.0,0.0,0.0
Steel,2,3,4992.17,-0.157,0.8945389464497566,0.0658334345817566,0.005733844038174312,0.24846941777835585,0.08752883434295655,0.20039970121865902,0.40025380255780785,0.0636646068096161,0.570264616364593,0.0,0.0,0.0,0.0,0.0,0.0,0.0,0.0,0.0,0.0,0.0,0.0,14742796.8371307,979.907719641678,0.11534513682443581,12829231.273545906,476.8383293563559,0.3767632541261155,11896063.524920948,671.6875712240324,0.7616575519510624,0.0,0.0,0.0
Steel,4,4,5007.85,0.157,1.642712727189064,0.11367302238941193,0.025373069766980606,0.27942170826001433,0.11115703165531159,0.23598912858689097,0.4562112327428414,0.11048278689384461,0.8498847437846918,0.4295704251437915,0.02,1.2518243331380654,0.486825553939651,0.06433967679738999,1.341634265646602,0.0,0.0,0.0,0.0,0.0,0.0,29488961.359789703,695.1286241340663,0.18185032020464503,38520523.17365243,620.0423981843636,0.830995560533774,34811173.12025486,723.0704282724471,0.93763264726175,27576092.329004224,343.9824234825021,1.4669580874383823
Steel,6,3,4992.16,-0.157,0.7794838145375252,0.09832041907310488,0.03180832046625874,0.27965420645034605,0.06487186640501022,0.12752475372688277,0.33398071758360404,0.04637050181627274,0.23237759064056202,0.3365889896611888,0.0587951323390007,0.29333824963995087,0.35609763935254335,0.08858778953552247,0.3819089030583037,0.2503853130820151,0.1290733689069748,0.5238312773451504,0.3834495631439359,0.1336385828256607,0.68907529575675,44287400.788104154,505.25167197829063,0.10857010171720506,40432960.20723555,451.17973735008354,0.540421904037389,29443886.626282685,608.3242206780553,0.7015354323042889,0.0,0.0,0.0
Steel,3,4,4992.16,-0.157,0.923594169318676,0.07701543301343919,0.015131937478662472,0.750220627461477,0.046337841451168066,0.32160187730392226,0.416477821293414,0.08978635132312775,0.4932886555972734,0.3247375570109732,0.059994341135025026,0.7172401848742125,0.0,0.0,0.0,0.0,0.0,0.0,0.0,0.0,0.0,31982395.068185743,195.9384428049013,0.15684772310215842,22653809.430935364,681.1557839434099,0.43261231554034707,20617129.87106905,362.8749973148573,0.5435146443860356,25151960.714964427,193.4212940832684,0.7900566793686589
Steel,4,3,5007.85,0.157,1.1966595083475113,0.07506166529655457,0.025899561149610117,0.5377636680491849,0.07147567212581635,0.2928295135368401,0.2620898046855661,0.12629385948181152,0.6118614368475499,0.47190485779381885,0.07868414014577865,0.8886448898807435,0.30974380019011005,0.09616986036300659,1.0735180173305976,0.0,0.0,0.0,0.0,0.0,0.0,75944892.75261281,561.5584613772544,0.13405303138038302,78814123.49186745,543.2217926313606,0.36917997026576166,76714611.4514914,339.67521773625185,1.0635170173305977,0.0,0.0,0.0
Steel,6,2,4992.15,-0.157,0.6642505161464214,0.07706034225225449,0.01406298142719736,0.16129126932871818,0.04006094738841057,0.10095835608959766,0.3521595621710897,0.02590611804276705,0.17437740837039462,0.2810852245010795,0.11726037442684174,0.27767517031647276,0.2898154177408165,0.041375294625759125,0.36525210607880426,0.3192901063427988,0.04335546582937241,0.44824459917737913,0.21154509135236188,0.06802006214857102,0.543825822640767,27278647.056513716,393.04017314371555,0.08858756484700159,29434281.167237148,284.2325383731545,0.5786270905591906,0.0,0.0,0.0,0.0,0.0,0.0
Steel,1,3,4992.15,-0.157,1.4448851376771927,0.07230777508020401,0.008548300749523056,0.14053984191053762,0.07688195049762726,0.6929628754253386,0.0,0.0,0.0,0.0,0.0,0.0,0.0,0.0,0.0,0.0,0.0,0.0,0.0,0.0,0.0,6220120.264352136,765.8722811257144,0.2664266755224848,7850372.786287044,834.0843076117715,0.9081462044889789,5929111.205887655,1009.2488704146497,1.1395181672620547,0.0,0.0,0.0
Steel,6,4,4992.13,-0.157,1.0882852196693422,0.05832329541444779,0.010753976859553925,0.466465622927871,0.13828505635261537,0.15591433917669123,0.29394540417920106,0.07117212444543838,0.33309671051194945,0.2875778347680251,0.05647594034671784,0.5601338538755365,0.3453067459214496,0.06937222450971603,0.6882633661608468,0.34932382604143947,0.05811880707740784,0.8671500455043569,0.29007566851052385,0.09571782231330872,0.979446697702408,50962176.50533508,407.15600177613084,0.14350904865807615,45297887.273742855,371.1589200657377,0.4992713658891243,56325708.17068756,345.07867820582504,0.5822958651469459,44271273.78566335,151.3974242531496,0.969445697702408
Steel,2,3,5007.92,0.158,0.8944853559136391,0.10838094341754914,0.03142576163352868,0.30147431597530383,0.07352809131145477,0.12156557818713236,0.31388908628631684,0.06270188927650452,0.4664089560090343,0.0,0.0,0.0,0.0,0.0,0.0,0.0,0.0,0.0,0.0,0.0,0.0,14648473.77944637,565.7062375936717,0.10144308794285663,14788438.041287368,453.449241766032,0.4039967657804103,14552995.144090446,323.6470414939305,0.7367145704979357,0.0,0.0,0.0
Steel,3,3,4992.09,-0.158,0.8358401626348496,0.07470171850919724,0.05199489728717917,0.38338776050338425,0.07741539150476456,0.29771854259133107,0.4307455178597706,0.036993583142757414,0.42496413476722555,0.3370587421283947,0.0644943854212761,0.5749791422923172,0.0,0.0,0.0,0.0,0.0,0.0,0.0,0.0,0.0,21325025.74689079,334.27579509356616,0.12542439941174222,15922376.988154113,926.1838242895187,0.45749974374610114,19838756.394210074,739.9366379931489,0.7228324494769627,0.0,0.0,0.0
Steel,5,2,4992.09,-0.158,1.328214019536972,0.10200054752826691,0.010493918099637683,0.29931305032925276,0.032883885428309445,0.28156182783018213,0.3572588713435041,0.10097122073173524,0.5341679371142672,0.20003859329028204,0.06502176702022552,0.6822443603435564,0.2903607856925392,0.07859365969896316,0.8430090488898744,0.2255758678214407,0.08656673669815064,1.10874611637012,0.0,0.0,0.0,164720687.6303921,201.5523415012465,0.16545888941711848,182469847.94709596,959.3167171253986,1.1953926162550608,0.0,0.0,0.0,0.0,0.0,0.0
Steel,3,2,5007.93,0.159,0.25,0.042723111510276794,0.01201627631478261,0.28667575496625786,0.02464107807725668,0.03934010995645455,0.40428276586316714,0.08062737375497818,0.11313910025200034,0.21453330726422368,0.08592852294445039,0.20696844254183705,0.0,0.0,0.0,0.0,0.0,0.0,0.0,0.0,0.0,18036425.126503758,741.4578893475759,0.057954465801602024,18929028.108423162,1078.253791779543,0.22499999975,0.0,0.0,0.0,0.0,0.0,0.0
Steel,2,2,4992.08,-0.158,1.19026657640934,0.08238813024759294,0.01938955452342897,0.20685873665450394,0.06630886435508729,0.3691704410910331,0.3422219050308585,0.11780878961086273,0.9618912775961121,0.0,0.0,0.0,0.0,0.0,0.0,0.0,0.0,0.0,0.0,0.0,0.0,34172738.32238053,341.814547248259,0.1459798157689376,32656768.3949982,735.8532430488916,0.9503887733278156,0.0,0.0,0.0,0.0,0.0,0.0
Steel,4,3,4992.0,-0.16,1.2497680604457857,0.11021697461605073,0.00932230315558089,0.39034237852732595,0.09592278063297273,0.5125109326801243,0.5720353094379133,0.06193569958209992,0.6572779266882117,0.198579713060295,0.06665192991495132,0.862899120506835,0.26235861317052095,0.0502389070391655,0.9711102134964702,0.0,0.0,0.0,0.0,0.0,0.0,41945243.847285606,259.34648085572206,0.24641442175684536,41194390.76067846,434.2003309510308,0.8468024584252459,54580717.0255514,1099.9999999999995,1.124791253151439,0.0,0.0,0.0
Steel,2,4,5008.01,0.16,0.44847270213067536,0.07838954484462739,0.042950629703601854,0.4584534527288938,0.06336854040622711,0.2294809585739643,0.3321696411374999,0.06262684792280197,0.3527288596331515,0.0,0.0,0.0,0.0,0.0,0.0,0.0,0.0,0.0,0.0,0.0,0.0,8343644.222818727,175.6101731094901,0.06476935122059745,13345952.753635975,971.7501719696653,0.14779375335612244,12299904.816112192,86.03629476319445,0.30550802196995086,9008955.83383722,293.6394480138539,0.36891666159685804
Steel,3,3,4991.95,-0.161,1.373193570971489,0.08848106384277345,0.023009666854108272,0.21794984614836235,0.08768706858158112,0.40433903773701996,0.20711500860092255,0.09727464854717255,0.8706937622375378,0.2967913032296531,0.13454777300357817,1.1709853924114688,0.0,0.0,0.0,0.0,0.0,0.0,0.0,0.0,0.0,32827930.002514333,219.29071758279184,0.17405241658808257,30529818.709645133,348.06654588355656,0.6262888072240868,29916001.631034024,835.88877429436,1.1073118691603114,0.0,0.0,0.0
Steel,3,4,5008.07,0.161,1.1751890003681185,0.06779377448558807,0.012656158118119203,0.30377423089310684,0.0619239953160286,0.29862087785763364,0.32887055215409144,0.08610806584358216,0.631712744732442,0.3561071469999286,0.09866732060909272,0.8772804975549482,0.0,0.0,0.0,0.0,0.0,0.0,0.0,0.0,0.0,15013006.188797345,175.44022523756124,0.19740369948166714,17175069.20922121,496.7899082551682,0.4936046733394537,15754986.544321854,458.73421169818175,0.7288168648183326,14955848.394475989,207.0412829532632,1.0021480518813752
Steel,6,4,5008.07,0.161,1.7033189922571184,0.04607433226704598,0.017983341764749333,0.18445821830374803,0.07042338460683822,0.3172730729051017,0.16277895687132288,0.0920755136013031,0.4994603583821083,0.22364978837646848,0.05620408833026887,0.6877018926180767,0.24745802757288937,0.07346470385789872,0.9476994297411616,0.16232280604374316,0.1146492499113083,1.210619195496532,0.3052109907554513,0.05733331173658371,1.4847110379583877,41467691.0504657,479.4800145442331,0.17033190092903083,40320294.94704951,590.4424150408689,0.8285662722061051,47989545.405684926,466.8809553651062,1.1301830361351322,42691272.456479914,659.8519311748215,1.5261502426310338
Steel,5,4,4991.92,-0.162,0.8918722659349442,0.09569196748733522,0.03915921659117189,0.21473915456481377,0.02,0.15403592846625885,0.3122676167744806,0.08237695038318635,0.3586200358012415,0.22809976616625544,0.06749399781227113,0.4734536682545382,0.3439983750746719,0.11588036358356477,0.6197679224291835,0.3551192532350661,0.10060908198356629,0.7779332184773344,0.0,0.0,0.0,22817027.1166106,538.2993495340612,0.10955533392212582,27017755.69784042,611.9975343448803,0.5117775740119275,21563411.202019915,222.63601677920153,0.5909647982868851,19615590.523767322,521.1040579540496,0.7932058751576941
Steel,3,3,4991.87,-0.163,0.8306700542569161,0.11680954253673555,0.006675689746268839,0.3577709071635028,0.0604141566157341,0.08307700542569162,0.12335654895218748,0.12362162947654724,0.23849051906683355,0.23222796635519952,0.08998463034629822,0.4771012491625133,0.0,0.0,0.0,0.0,0.0,0.0,0.0,0.0,0.0,19989376.11075438,460.87125449018157,0.10115737388067154,21432879.95807147,358.4776261261671,0.4426772497984923,20346129.278272614,269.7631030581322,0.7248766093428038,0.0,0.0,0.0
Steel,5,2,4991.84,-0.163,0.5753160290420056,0.1060058743953705,0.014606337224485465,0.3104504060777316,0.07930371463298798,0.10774429831171432,0.3176102265708929,0.051727987229824066,0.18902730987314068,0.46451195230615006,0.06267991811037064,0.24965976548405355,0.317958335050574,0.038826590925455096,0.33465598765241383,0.3451315992921231,0.15,0.48073505125324634,0.0,0.0,0.0,43460881.49812229,398.03437925218446,0.07025219779486064,52963385.85619838,148.57665274703254,0.517784425562489,0.0,0.0,0.0,0.0,0.0,0.0
Steel,2,3,4991.84,-0.163,1.2413247942924501,0.11035815179347994,0.010643722890519009,0.3074548969456323,0.06220633119344711,0.33606732631407243,0.3327431437817435,0.14864327371120453,0.8581914127365036,0.0,0.0,0.0,0.0,0.0,0.0,0.0,0.0,0.0,0.0,0.0,0.0,25794441.821183,382.4752604956,0.15168749601998438,24588465.74409232,1009.3519391307527,0.5504961804720182,25649351.414305497,622.6820809984536,1.019570124241493,0.0,0.0,0.0
Steel,3,4,5008.22,0.164,0.25,0.11561797499656679,0.02383253349834721,0.32370787005489926,0.031574777215719226,0.04210571077795658,0.3240047959229106,0.07899027585983276,0.10525666473460288,0.2770463128608029,0.11984138011932374,0.21884784656784764,0.0,0.0,0.0,0.0,0.0,0.0,0.0,0.0,0.0,10087977.69020689,458.8346432850113,0.05478624677983458,12344617.219250068,187.97514715627173,0.09069734417734283,15925769.76862047,497.99463484834945,0.12333917955414896,11413647.131857587,993.7223555428889,0.20098740934418124
Steel,6,3,4991.74,-0.165,1.3893812209367753,0.09130709576606752,0.014868542069890479,0.29786550746131896,0.02971853330731392,0.28302499238386675,0.3261254277008774,0.08329918533563614,0.3891225625273743,0.24885661734214748,0.03293394334614277,0.5692559456031753,0.2892624953600771,0.03938088148832321,0.6441517167636139,0.28259357362795773,0.0632845339179039,0.8867022009573347,0.48809758268581815,0.0766509336233139,1.119778500743797,29737659.11664805,530.9644434838846,0.1673120787802008,32507117.873024877,677.4542087015797,0.6161427916481028,38890386.73244065,591.0529961688575,1.1929698216908373,0.0,0.0,0.0
Steel,4,2,4991.73,-0.165,0.8865735292434692,0.10128093326091768,0.033955412053940114,0.16763099580734564,0.0819787147641182,0.13821631824644517,0.2426515973067709,0.15,0.30223505275474005,0.2501281539109364,0.11540398716926575,0.47812155674450313,0.3447832614015525,0.09207937240600586,0.7218463281528805,0.0,0.0,0.0,0.0,0.0,0.0,38580898.76024885,682.5171753376706,0.09893473738055049,35944153.333080016,75.56498650271365,0.7521344629958298,0.0,0.0,0.0,0.0,0.0,0.0
Steel,2,2,4991.72,-0.166,1.0375826731324196,0.08320143520832063,0.013599756367515028,0.21889606537011677,0.10280725240707399,0.2589959104761783,0.32122702075498616,0.12536977648735045,0.6536672474398296,0.0,0.0,0.0,0.0,0.0,0.0,0.0,0.0,0.0,0.0,0.0,0.0,30969473.556064297,206.42564560120695,0.1323943623247154,31529083.436717354,474.9555179959705,0.878870566295835,0.0,0.0,0.0,0.0,0.0,0.0
Steel,6,4,5008.3,0.166,1.1538743019104003,0.11120214247703554,0.010135081857004615,0.3267554848788992,0.0656088787317276,0.1976008417351816,0.2630634358813012,0.11706672132015229,0.31602131703934644,0.21703804743910474,0.07491818696260452,0.4410074695105231,0.2564431754342582,0.08250067234039307,0.668920220952107,0.2883146089380825,0.09530552685260774,0.8279208542328598,0.28022393739876417,0.03200577199459076,0.9180140686274432,19296159.29319716,570.0717549592441,0.12458348022068652,20877874.91391276,616.0361159589345,0.3723652611560494,26252404.38400573,464.2868352508383,0.6903331534007155,19021775.88525178,547.8770582191981,1.019737849145303
Steel,3,4,5008.33,0.167,0.8470619767904282,0.06396571046113968,0.006770982462439129,0.2680952249499751,0.06993158459663391,0.20727376932062863,0.3102409428324942,0.056608181893825535,0.5099693991575639,0.2743032037424506,0.11966248810291291,0.7623457791113853,0.0,0.0,0.0,0.0,0.0,0.0,0.0,0.0,0.0,21600845.65027346,530.2681132137159,0.10631531547928295,19420720.106740393,670.3449715112024,0.3335565165792656,16805986.57262999,285.87259161430535,0.44452744838937175,18822689.44336726,416.85754616432837,0.7148250350316567
Steel,6,4,5008.33,0.167,1.5162893444299699,0.1051151716709137,0.009957906533331,0.24996946052404928,0.0946121895313263,0.20971726553783315,0.44275828013066554,0.04080650255084038,0.5339814402345349,0.2477287268455875,0.02,0.6531674800491012,0.5434715450779205,0.10413730800151826,0.7272714889107128,0.3492702807267319,0.14202226996421813,1.009195918542848,0.6103050679478721,0.07447359919548036,1.304297852755267,46624300.92017132,112.19661120090657,0.15666896917741846,59687605.304443635,446.24162560430375,0.7699887375554431,61171878.61188883,398.8467034017412,0.8887115552781266,47520260.95712595,745.6932772046221,1.3646604084706835
Steel,4,2,5008.38,0.168,1.0724108979105949,0.07252728950977326,0.0034994065270835236,0.222578982231754,0.10746631741523743,0.16742309720180473,0.3358262656605286,0.08698173642158509,0.412605036833494,0.2776094394989713,0.07966576039791107,0.6582706879960858,0.24281917988450855,0.06754815280437469,0.8242407511455949,0.0,0.0,0.0,0.0,0.0,0.0,142556333.41957456,869.6206946178103,0.1306062105122133,170169385.8406087,161.13315876909883,0.9073947955114126,0.0,0.0,0.0,0.0,0.0,0.0
Steel,2,2,4991.62,-0.168,0.7622762903571129,0.07551961934566498,0.01266930284810789,0.25271368099299374,0.09305307745933533,0.2970216063444505,0.2602436695294756,0.08932756423950196,0.61284839695805,0.0,0.0,0.0,0.0,0.0,0.0,0.0,0.0,0.0,0.0,0.0,0.0,17060789.344790537,406.2958673859018,0.1317849872119715,17134119.530289877,779.2822933810129,0.5793643639993227,0.0,0.0,0.0,0.0,0.0,0.0
Steel,4,3,5008.39,0.168,0.732347023487091,0.07488113540410996,0.013575985692636188,0.1783774780362735,0.03959020808339119,0.2131895455304741,0.49943736031235453,0.0858359968662262,0.3456303184544091,0.34179368605288696,0.08807778418064117,0.43925467739496094,0.5832453219136041,0.04960773289203644,0.5990452980921707,0.0,0.0,0.0,0.0,0.0,0.0,30369572.1467354,387.73850208281806,0.14851794662859769,31738719.044806343,731.5644640931068,0.46575870252049584,35627561.96509976,481.4125872676434,0.62138387029115,0.0,0.0,0.0
Steel,6,2,5008.41,0.168,1.2001544713974,0.08214897966384889,0.016073748325471954,0.2539040137133948,0.07565764784812927,0.21316642419025505,0.26142526919101905,0.08548493087291718,0.39503408987537214,0.14395684058322597,0.07649337351322175,0.580334722969335,0.36199363020480363,0.1058679509162903,0.8025863305482326,0.2618076179755303,0.09320727467536927,0.9267832851885598,0.3348343355629054,0.0862326866388321,1.0801290242576598,185509404.25110686,376.9522408861349,0.13314733646381605,240050980.49305803,532.4570228617162,1.0366187558307647,0.0,0.0,0.0,0.0,0.0,0.0
Steel,3,3,4991.61,-0.168,0.5937297537922859,0.12147418713569642,0.027602501575418884,0.29991471390565644,0.057119229435920724,0.10883484938070004,0.30047720718273757,0.0757983934879303,0.34360902265145815,0.3740298192941105,0.0829405489563942,0.5233794809790061,0.0,0.0,0.0,0.0,0.0,0.0,0.0,0.0,0.0,19940257.1067489,539.6055598935227,0.06143972872672432,30748212.991372064,216.47577731492365,0.21783193513846738,30782348.546509694,868.2087527880826,0.4907721398699978,0.0,0.0,0.0
Steel,1,3,5008.44,0.169,0.8992438316345215,0.0505663543343544,0.0022677386308761352,0.22400075431494493,0.12056565761566163,0.2529476717100592,0.0,0.0,0.0,0.0,0.0,0.0,0.0,0.0,0.0,0.0,0.0,0.0,0.0,0.0,0.0,8334328.75426343,258.5569145653817,0.10990382782986498,7139153.836061143,701.1681089275065,0.4964759802005296,8241953.048900144,542.9386010205715,0.7388161469300765,0.0,0.0,0.0
Steel,2,2,4991.56,-0.169,1.2004722654819489,0.10037915134429932,0.01690293270374806,0.32303108847512396,0.06494383156299591,0.4397748984332857,0.293732134478218,0.10174517452716828,0.7046938397856458,0.0,0.0,0.0,0.0,0.0,0.0,0.0,0.0,0.0,0.0,0.0,0.0,33679128.86451196,925.3931054120619,0.19021625882600834,24324712.778919376,210.0106173864957,0.9325807567289062,0.0,0.0,0.0,0.0,0.0,0.0
Steel,1,2,4991.55,-0.169,0.7859066843986512,0.07581276935338975,0.021415214218264707,0.31039640030086113,0.074243705868721,0.3186960910238896,0.0,0.0,0.0,0.0,0.0,0.0,0.0,0.0,0.0,0.0,0.0,0.0,0.0,0.0,0.0,10887089.530120328,865.7405233618672,0.09403102086662339,9757881.81148497,250.57036744897107,0.6081812330181418,0.0,0.0,0.0,0.0,0.0,0.0
Steel,3,4,5008.47,0.169,0.5878280960023403,0.08395564126968384,0.01871685473294506,0.375446230618507,0.06689899027347565,0.17923843732983816,0.2202092434787096,0.0963867050409317,0.35483853161991913,0.21123402089571705,0.07910311877727509,0.4882434944668453,0.0,0.0,0.0,0.0,0.0,0.0,0.0,0.0,0.0,10980213.221993627,540.2059717274524,0.08941603710851086,11207376.125911746,284.1402240115371,0.3397743417685876,10671235.142065505,351.5441908528022,0.4254904917892889,11209986.395509252,662.7143734451225,0.5290452858142781
Steel,1,3,5008.52,0.17,1.003956100344658,0.09840359342098237,0.03807754444318758,0.2742097749726043,0.06881334871053696,0.409151863428823,0.0,0.0,0.0,0.0,0.0,0.0,0.0,0.0,0.0,0.0,0.0,0.0,0.0,0.0,0.0,11726751.548814228,344.38170185605316,0.25889205350957084,10784000.49881347,380.9288282086941,0.6496167702375375,8977215.823987959,434.82824644786274,0.8484216209919353,0.0,0.0,0.0
Steel,2,4,5008.54,0.171,1.4673689037561417,0.07947025275230409,0.01603523540668898,0.7892226404542442,0.08414843618869781,0.5254830783020489,0.455305019633169,0.05475477784872056,0.8369561862715822,0.0,0.0,0.0,0.0,0.0,0.0,0.0,0.0,0.0,0.0,0.0,0.0,51448603.963076994,360.17424096881746,0.1620632556024004,61776761.14427192,643.9581872375356,0.6124892028193617,63913275.88824513,394.7560141122134,0.7759906242924838,56468083.182354115,352.3859513047406,1.2376980157159951
Steel,3,2,5008.55,0.171,0.8843056902289391,0.05125510090589523,0.030967592097675568,0.2678505977280342,0.04314446747303009,0.28057014980529105,0.2937269708651886,0.041248628199100495,0.5097241010037803,0.42178550867750664,0.07908260047435761,0.7076017157762344,0.0,0.0,0.0,0.0,0.0,0.0,0.0,0.0,0.0,30268778.10382253,387.33175407251815,0.16197073940931356,32537172.67519116,345.1540296854981,0.6761114783248308,0.0,0.0,0.0,0.0,0.0,0.0
Steel,2,4,5008.56,0.171,0.7365250453352928,0.09814495480060578,0.024965856498506158,0.23611849543302657,0.06527788162231446,0.4283279498722444,0.3368934879011966,0.09822224080562592,0.5726324492073912,0.0,0.0,0.0,0.0,0.0,0.0,0.0,0.0,0.0,0.0,0.0,0.0,15536724.366896566,185.09270984278237,0.12044920952332533,21371995.55805508,488.2136292844227,0.2541756343480937,19363309.649501737,303.2414241066854,0.3064006574645637,15596163.133634055,889.6805207796984,0.6398111607164862
Steel,4,3,4991.45,-0.171,1.1299428194761276,0.09327462148666382,0.040216372192769925,0.23482079096559227,0.03999589592218399,0.2670773293728801,0.16649984694933778,0.06350720167160034,0.5619919454345796,0.3079307036538522,0.054184097051620486,0.7602403026363141,0.4840046011913654,0.0750081792473793,0.9046608756016402,0.0,0.0,0.0,0.0,0.0,0.0,19758054.938535944,716.3548884024939,0.16915340063102416,22229244.704756364,798.651426536335,0.7769117756618044,22392699.767379135,438.1378738383839,1.016948536398572,0.0,0.0,0.0
Steel,2,2,5008.57,0.171,1.7243501901626588,0.13911380994319916,0.005757574090094291,0.24685439254424682,0.06545109778642655,0.2630057720314355,0.2353650440133252,0.1432858967781067,0.8208611906602694,0.0,0.0,0.0,0.0,0.0,0.0,0.0,0.0,0.0,0.0,0.0,0.0,55244820.89140099,820.6059909507595,0.3113724025051078,38449722.46857791,400.6687243703955,1.5205888071115234,0.0,0.0,0.0,0.0,0.0,0.0
Steel,3,4,5008.6,0.172,1.3798473984003068,0.11465141916275026,0.026076468482997512,0.3964961978916162,0.0923624986410141,0.3580713131540607,0.3674721258534499,0.09173634171485902,0.7178795353708662,0.22740046954410775,0.09937516331672669,1.060254801608574,0.0,0.0,0.0,0.0,0.0,0.0,0.0,0.0,0.0,19660281.632385723,1042.73760394748,0.15602209149557775,27147595.123160243,1050.9172791012518,0.5704211832174164,19210508.784680136,421.03622088967575,0.8184279207954634,26327169.295006275,471.5080722848334,1.1727394410962788
Steel,1,3,5008.61,0.172,1.37972731590271,0.04734764587879181,0.021010283581663215,0.356008177576563,0.11326806902885438,0.9268750595534849,0.0,0.0,0.0,0.0,0.0,0.0,0.0,0.0,0.0,0.0,0.0,0.0,0.0,0.0,0.0,20124933.093374707,895.0411846654268,0.34760816261941746,23752927.997733623,535.2752641924053,0.8182890543348253,20193237.794483047,863.7417665298866,1.139925877939039,0.0,0.0,0.0
Steel,1,2,4991.39,-0.172,1.2950983762741088,0.0640400739312172,0.009436273812159692,0.45047152476738156,0.03697710379958153,0.576773185307297,0.0,0.0,0.0,0.0,0.0,0.0,0.0,0.0,0.0,0.0,0.0,0.0,0.0,0.0,0.0,20615494.709550455,268.3738773949868,0.28244829053637005,30988375.171967592,436.11289190706873,0.9937188913079729,0.0,0.0,0.0,0.0,0.0,0.0
Steel,4,4,4991.38,-0.172,0.8395279303193093,0.08479829043149949,0.015918267415204437,0.4363856339462164,0.09804235696792603,0.11175100595923126,0.3123942343394999,0.08109800845384597,0.30117918422762086,0.2836908035654679,0.12222936034202576,0.47765574102457775,0.36307971741111217,0.12218546450138093,0.6767950287196614,0.0,0.0,0.0,0.0,0.0,0.0,22574169.984419964,805.6281056311219,0.09998285484328907,26522604.980112914,193.20795406050757,0.23748204823357716,25852013.487294734,245.45804744611453,0.41276096343191937,30087630.088550374,274.410326416224,0.7321592251967635
Steel,2,4,4991.37,-0.173,1.2098960399627687,0.12680702805519103,0.03203313145377942,0.29901479018306165,0.07993772476911545,0.37022617714732853,0.21558385526402116,0.04329750433564186,0.6215399120683849,0.0,0.0,0.0,0.0,0.0,0.0,0.0,0.0,0.0,0.0,0.0,0.0,10760250.908178985,1099.9999999999995,0.14534513630331336,11999443.536584305,307.5191262687152,0.38313281952585226,15024529.713514144,1099.9999999999995,0.6561186441609179,10870815.846067742,291.3623263076992,1.0025608949111953
Steel,6,4,5008.65,0.173,1.152271603047848,0.10723980355262758,0.03199956635588773,0.28981471114239415,0.08818151473999024,0.18694302507525556,0.22651422153577605,0.044708228707313544,0.2705862680382384,0.34714827068159565,0.14065927505493164,0.4028674152172552,0.17960463569762958,0.08586200118064881,0.5837457325364135,0.28009877826746093,0.06393183290958404,0.7062567019740832,0.40659297863957455,0.07620436608791352,0.9626083717019998,24990987.41342874,135.24857785248338,0.1235612476392082,25987667.87638655,153.96429286922782,0.46082112645210505,29720882.85794858,389.7275700865307,0.7367832073510651,25691520.958594773,831.0304153007366,1.0370444415907916
Steel,2,4,5008.65,0.173,1.413677141070366,0.08022630393505097,0.023485571720373598,0.21149857180566595,0.09255578756332399,0.5588026953782761,0.276446714468008,0.0652127468585968,1.0612930585396545,0.0,0.0,0.0,0.0,0.0,0.0,0.0,0.0,0.0,0.0,0.0,0.0,11680244.583355868,827.4918913308692,0.25068307947170576,8384380.459132428,391.5743237855218,0.528337646580425,10220434.285012536,331.1016746197791,0.7236163708580534,8843787.84902434,429.69947734780817,1.2069651538301933
Steel,1,3,4991.35,-0.173,1.2050935119390487,0.0626944472193718,0.0215787848871931,0.297305557698753,0.09576804101467133,0.4908350318767135,0.0,0.0,0.0,0.0,0.0,0.0,0.0,0.0,0.0,0.0,0.0,0.0,0.0,0.0,0.0,10961283.34154677,561.9730873489924,0.17460099260739775,7854053.78706677,132.98999740406543,0.5536985145801971,8971001.40848732,405.2373826577819,0.9572042960913215,0.0,0.0,0.0
Steel,1,3,4991.34,-0.173,1.08319803327322,0.04485690551996231,0.011576190566130197,0.41109285099571874,0.055674912929534914,0.4736429958035282,0.0,0.0,0.0,0.0,0.0,0.0,0.0,0.0,0.0,0.0,0.0,0.0,0.0,0.0,0.0,11619835.433762265,172.90798611922548,0.14791383932899177,10465729.420457829,694.919803574733,0.45489124981024626,14162361.994603535,796.7773507343775,0.7994828357570473,0.0,0.0,0.0
Steel,1,2,4991.32,-0.174,1.02249214053154,0.10333181107044222,0.016716375544012705,0.38680413908476846,0.10630256235599518,0.4310423596481929,0.0,0.0,0.0,0.0,0.0,0.0,0.0,0.0,0.0,0.0,0.0,0.0,0.0,0.0,0.0,22371350.062609755,558.4473303298411,0.13834988562166733,24745281.079289112,143.8586226437388,0.6846908860775522,0.0,0.0,0.0,0.0,0.0,0.0
Steel,2,3,4991.31,-0.174,1.2305197954177856,0.08803510731458665,0.02322503604218151,0.4409655202934403,0.13146646320819855,0.1773439790537955,0.3636774495245344,0.03897304728627205,0.8781911222371153,0.0,0.0,0.0,0.0,0.0,0.0,0.0,0.0,0.0,0.0,0.0,0.0,43894936.27281289,256.77365981878467,0.19229354203306215,39566478.73242992,449.45620794017225,0.7413520019287427,40140905.071172886,502.26336838570455,1.096508633990399,0.0,0.0,0.0
Steel,4,4,4991.31,-0.174,1.3326945632696152,0.06511111611127854,0.02579046303142532,0.3620913417235141,0.0958877182006836,0.2102845440156409,0.23203839000648407,0.08813841700553894,0.4799393471436242,0.17573611440158984,0.06350589215755463,0.7438332196835172,0.5247925782614075,0.08960878431797029,0.9858764139190266,0.0,0.0,0.0,0.0,0.0,0.0,28106075.473359074,403.0424367713169,0.19868438071115002,24866961.08578179,627.1976763717072,0.7053745487432914,20699101.467864964,633.3656160348178,0.9179779599208183,28666014.535305884,162.01228572505798,1.167119798434753
Steel,5,4,5008.73,0.175,0.6382969282567501,0.060807594776153565,0.014130827506301326,0.2353389414481161,0.056584424674510955,0.08654580704209594,0.3818457324784181,0.0680402433872223,0.2139567544000662,0.41256615047324147,0.11206067383289338,0.3247938903375283,0.3041642728590024,0.0898024994134903,0.42899940207125997,0.35940294247733184,0.06365468472242355,0.5449978080982866,0.0,0.0,0.0,27780768.88660459,438.7744930112217,0.06713337116236608,21003389.817147475,806.1912987279962,0.2336396247874645,25395916.571730275,265.2902429224958,0.3782215762771629,23549684.23147242,460.8507084833964,0.5591059366682365
Steel,6,2,5008.74,0.175,0.6597449138760567,0.09379023981094362,0.011471144116256897,0.3403897647627845,0.10276471257209778,0.08468988645375228,0.24070618154613266,0.062082845568656925,0.18188441619996917,0.21710226769387214,0.10395792782306672,0.27382007304646827,0.20274624695016516,0.07494782924652099,0.386925757756406,0.24689866461063772,0.08437085986137391,0.48239408627877456,0.24104271099382144,0.08944697797298432,0.582449336874618,32229271.594563417,576.2322733699322,0.07411163366506757,48114541.73387782,431.57190336441926,0.5525714074304532,0.0,0.0,0.0,0.0,0.0,0.0
Steel,4,4,5008.74,0.175,1.4261872231960298,0.08387965273857118,0.04549582986966206,0.26968762723524903,0.11468142211437227,0.15418217800378256,0.5831732827882024,0.06666464537382126,0.35789559087635925,0.3075495532866827,0.11692892789840699,0.6361675490415151,0.34966502304089964,0.15,1.0718831823552561,0.0,0.0,0.0,0.0,0.0,0.0,43875976.86869986,248.97412381154132,0.16971572304227264,46310507.97011012,578.6789402161687,0.6899186275771987,32616090.708822675,715.1494182683475,0.9093808233011675,36532721.68908798,631.304329072134,1.2775986232427927
Steel,3,3,5008.76,0.175,1.3013968080282212,0.09592281925678255,0.013756145304229302,0.3066771562423992,0.06956638127565384,0.15749780506820643,0.5411947255765834,0.13263481318950654,0.8056562201266582,0.3318086174184944,0.11200471341609955,1.0590322024011625,0.0,0.0,0.0,0.0,0.0,0.0,0.0,0.0,0.0,64848965.5048752,225.86812014940287,0.17469188010535322,54141638.20075848,517.1757961349002,0.706037224298554,54918818.66683875,356.30996115920186,1.1438801087046835,0.0,0.0,0.0
Steel,6,4,4991.25,-0.175,1.57314912378788,0.07134060138463974,0.043044808604542406,0.19035929100123433,0.07632681339979172,0.2624627147895721,0.3642681143790403,0.08083577245473862,0.47467396378834115,0.2861771934964737,0.09371214270591736,0.5699008335494291,0.28396355023757697,0.0964698088169098,0.8172811489233736,0.45566828152134836,0.03810681343078613,1.018930222755409,0.2595416649524519,0.09622189223766328,1.31323675747915,69376365.4523863,375.384868206438,0.1593124217695157,69240681.82038681,712.7475476615316,0.8365329708454624,80183089.25068377,626.4386322326641,1.135678537153204,83311004.16737002,361.50422391299804,1.3855974349057196
Steel,3,4,5008.79,0.176,0.6768134169280529,0.10096165955066683,0.021265359049224136,0.328716929768792,0.08605384886264801,0.10624836128310186,0.5364376019500128,0.04195984348654747,0.26834798976659496,0.34532194116889087,0.1376075804233551,0.5600747899837548,0.0,0.0,0.0,0.0,0.0,0.0,0.0,0.0,0.0,19966771.474364456,393.14532180938016,0.08708863531754552,18309851.195400834,759.4103021839579,0.36354944044428217,19174723.602333248,521.5388914354655,0.3782371575514156,19786222.898040626,340.641945650259,0.5903123483338683
Steel,3,3,4991.18,-0.176,0.7672438353300095,0.08721495932340623,0.023881855983497763,0.1932548738378055,0.08383705079555512,0.24174652584965325,0.44404398130661044,0.07667296677827835,0.5051250928522806,0.26874520347345787,0.12690248131752013,0.67119126195129,0.0,0.0,0.0,0.0,0.0,0.0,0.0,0.0,0.0,24923450.858719874,282.77386216173966,0.11528362711894838,20249464.166038588,363.727673000804,0.41848894025515515,29237868.690501656,353.32961091978433,0.6344942534455849,0.0,0.0,0.0
Steel,6,4,5008.85,0.177,0.6883173808455467,0.07998215121030808,0.020281000500638927,0.3966163652239417,0.025374711528420447,0.07296603406532531,0.32240294030043193,0.12133551239967347,0.16161061249998698,0.25586424308621103,0.06782913655042648,0.27421274472804613,0.31387831641953645,0.0667510461807251,0.37913753182044135,0.29082197649247477,0.06707468211650848,0.4599170478023697,0.5136397677250993,0.0997113984823227,0.580703598932979,31932113.834121525,328.0646817984499,0.08995107420662944,35980392.48893299,323.4186666767577,0.33667959575043366,23609364.64940666,253.92386995942985,0.48299554754829155,32931339.58348462,559.1227123688586,0.6123788446582554
Steel,3,3,5008.85,0.177,0.7527706965804101,0.07317262494564057,0.04204103168592752,0.2905701763383302,0.07627776086330414,0.1744080152551416,0.29053280019247235,0.06935993909835815,0.42842169034155386,0.2212163419209371,0.10458881914615632,0.5633808828212187,0.0,0.0,0.0,0.0,0.0,0.0,0.0,0.0,0.0,14007837.303677784,159.44404224823,0.10430706340334293,12510097.366129862,510.8450276537436,0.5373651993552164,12616796.516569654,335.7344569240851,0.6527648685067291,0.0,0.0,0.0
Steel,5,4,4991.13,-0.177,1.5796110838651658,0.08373426479101181,0.009000510210381313,0.3002992173960376,0.06155530899763108,0.3199073495378414,0.1742532546023597,0.05288762003183366,0.527656807833531,0.4165083838943172,0.11642596602439881,0.8511564597967438,0.21465054980362763,0.13092198431491853,1.077274261643228,0.3405534500394062,0.08933071792125702,1.306224817330954,0.0,0.0,0.0,46608833.42511321,831.6050289388396,0.18555705786258192,40116721.2220632,143.50851460167607,0.45112673899833067,49002114.62799337,622.969122006304,0.7017539040906214,65501315.0548768,326.51247741391126,1.418744153215463
Steel,1,4,5008.93,0.179,0.787202836573124,0.11652087414264681,0.021689184825005158,0.269719080088421,0.02921091064810753,0.3499687271113532,0.0,0.0,0.0,0.0,0.0,0.0,0.0,0.0,0.0,0.0,0.0,0.0,0.0,0.0,0.0,9797080.690144835,406.9069957023767,0.16991243396150613,6263420.164092549,190.67432742384145,0.48429453043313686,7266562.233410978,922.9435795346425,0.4629636657822238,6685652.581330114,324.85012753100585,0.6276094612090615
Steel,5,4,4991.08,-0.178,0.9753680303692818,0.06732728463411332,0.04050645445561181,0.22956201462818646,0.07506082713603973,0.2050908905629252,0.4063922008261869,0.05026723399758339,0.3335399031493226,0.3269013206833796,0.021017541689798237,0.4272043750040799,0.3461003546258841,0.06539990276098251,0.6180988214517715,0.13614746069703523,0.020251342430710792,0.8010429662610321,0.0,0.0,0.0,16879984.032042757,430.5199074150217,0.11505347052773593,20000100.906227954,277.6155189722359,0.5526967303369044,18005589.28385631,1099.9999999999995,0.6881395895943945,21242128.358347233,789.7027719632531,0.8762651136315955
Steel,4,4,5008.94,0.179,1.4166077494621276,0.1229943301677704,0.00823454744709718,0.15553909343993869,0.0668881344795227,0.22944172969988397,0.32322211679039997,0.06560443103313446,0.47108188754937763,0.27203652957499247,0.10419507384300232,0.8649386134816572,0.36732566328086674,0.07622284263372421,1.10162642025265,0.0,0.0,0.0,0.0,0.0,0.0,22131388.519278284,336.3793878099597,0.1865304920080474,22617220.354937926,158.41522929848193,0.8525159023453157,25142760.386554267,590.7198839166297,1.0117502326657708,23766836.97439901,255.69917103640668,1.2749469730993073
Steel,1,2,5008.94,0.179,1.1681234300136567,0.061529870927333835,0.02079627971527417,0.2513041152990408,0.15,0.4751513936322914,0.0,0.0,0.0,0.0,0.0,0.0,0.0,0.0,0.0,0.0,0.0,0.0,0.0,0.0,0.0,31702052.31616264,235.51825831540683,0.21185321084888314,20378457.74086222,469.10769533410786,0.8435386873976114,0.0,0.0,0.0,0.0,0.0,0.0
Steel,1,4,5008.95,0.179,0.6559273324906827,0.0802034684419632,0.018636800768226457,0.3935551917564496,0.08735566079616547,0.3883926631789394,0.0,0.0,0.0,0.0,0.0,0.0,0.0,0.0,0.0,0.0,0.0,0.0,0.0,0.0,0.0,9039463.306122085,601.2080650209085,0.10681854883811237,7466895.480673391,491.0421829785505,0.2500357085467305,7804532.782539941,306.328629546248,0.4550321261043024,7526013.856638511,320.970412953927,0.5743022935578325
Steel,1,3,4991.03,-0.179,0.8630933210253716,0.09497904813289644,0.04067038501744669,0.36970339995324863,0.08769546806812287,0.291155623298004,0.0,0.0,0.0,0.0,0.0,0.0,0.0,0.0,0.0,0.0,0.0,0.0,0.0,0.0,0.0,11487231.559447037,280.50852359558445,0.09003079973248015,9205697.708894772,546.6356970592766,0.33998520507324037,11404006.111190757,663.6733849980676,0.6363355632314636,0.0,0.0,0.0
Steel,3,4,5009.01,0.18,1.6999314308166504,0.10404815828800203,0.012766618425215261,0.2530864547437785,0.07301914751529694,0.44922149293739544,0.19292887467061157,0.09156586468219757,0.71039428256904,0.3341270160621661,0.0827341029047966,1.4474490381575986,0.0,0.0,0.0,0.0,0.0,0.0,0.0,0.0,0.0,28571826.876888353,795.8250566674358,0.19098551973922268,19799103.760127164,304.3571752925026,0.5452801126841682,19918819.99351263,525.474263411839,0.9481742684404189,19196766.600681506,970.3395173741676,1.4594753015121047
Steel,4,3,4991.0,-0.18,1.1186974078416825,0.062286006748676306,0.021270334474809468,0.43172253576303105,0.10952278912067415,0.14430210287189135,0.22167705524468864,0.1009483313560486,0.30494153617179715,0.396205143541593,0.11848177134990692,0.5469839343842561,0.5905883121667994,0.1390439236164093,0.7579666991904779,0.0,0.0,0.0,0.0,0.0,0.0,99362772.57451929,394.5297747889495,0.15739575274182774,72257115.48956291,855.6116536094988,0.631156714787392,97886324.47115432,135.5146451217863,0.9303377793349895,0.0,0.0,0.0
Steel,5,3,4990.99,-0.18,0.8458721786737442,0.10204102170467377,0.03528797615536907,0.1827236173865799,0.06211229801177978,0.13582928481352552,0.30864758456622077,0.08797167479991913,0.2883135848530438,0.2235072155716682,0.057267479598522186,0.38331440790574145,0.30227166826984203,0.06666857779026032,0.5166547827574846,0.396232191346362,0.11115142941474915,0.6833483391374686,0.0,0.0,0.0,25058386.240194958,694.8448712281654,0.12146163094411795,26291418.947546683,523.5963922106997,0.6050673179419482,27705596.786811344,803.5161123419814,0.7533118734556936,0.0,0.0,0.0
Steel,2,4,5009.03,0.181,1.5628222495317459,0.08651020759344102,0.008823687617543806,0.39810934399422876,0.08554125547409058,0.3469864989384173,0.4270810168623634,0.08262962073087693,1.178104063176686,0.0,0.0,0.0,0.0,0.0,0.0,0.0,0.0,0.0,0.0,0.0,0.0,23707494.682341672,373.1451802575854,0.18391892705981694,25000588.906428784,272.82194583207007,0.45540893605234356,26750659.127747573,475.2005342066495,0.6457414359565734,23087103.83988637,406.9000961151332,1.3034445837628255
Steel,1,2,5009.03,0.181,0.8467354714870453,0.0640308821797371,0.013130894803177692,0.3129544134999931,0.11544361352920533,0.5610931182757954,0.0,0.0,0.0,0.0,0.0,0.0,0.0,0.0,0.0,0.0,0.0,0.0,0.0,0.0,0.0,21787690.14749604,180.14688393797027,0.13463802617129958,20302407.919358965,122.58515591393946,0.7242071144548606,0.0,0.0,0.0,0.0,0.0,0.0
Steel,3,3,5009.04,0.181,1.6104245394468308,0.12129775798320772,0.011384543087836329,0.4413991069941104,0.1305476802587509,0.24953779159114003,0.4372559554983807,0.06799551844596863,1.0388921404114841,0.1310609678030571,0.07266723692417144,1.1335070598031851,0.0,0.0,0.0,0.0,0.0,0.0,0.0,0.0,0.0,45241245.7647164,626.4593993687565,0.21238086967114453,49972760.5463609,797.4991942760823,0.7467677554333874,51254442.70613892,444.0080259783056,1.374293917729561,0.0,0.0,0.0
Steel,2,4,4990.97,-0.181,1.3949959874153137,0.11462494421005251,0.018523155365243738,0.56986639817554,0.0794413647055626,0.41644830506044217,0.2614471537425344,0.12789159059524535,0.7941932954367413,0.0,0.0,0.0,0.0,0.0,0.0,0.0,0.0,0.0,0.0,0.0,0.0,21961987.34225535,723.7671390630485,0.1678220874857559,28858091.704945818,835.6682367176784,0.442513030508118,21367755.413047075,630.0450900202625,0.7608894670224193,27915516.702865407,539.8501905679522,1.1762831483386886
Steel,3,3,4990.96,-0.181,1.0900790691375732,0.11087898385524751,0.03402223062593953,0.425346201805901,0.09831694424152375,0.33572913653708575,0.43715552697354804,0.02518950052559376,0.6343893679245494,0.17632077350638842,0.07910045713186264,0.8775379081243657,0.0,0.0,0.0,0.0,0.0,0.0,0.0,0.0,0.0,21266244.25154943,91.72108598876555,0.13734225285710724,21893366.61311208,413.1071567763079,0.47622657315154,23386668.27497905,341.28557482282434,0.9165450789009341,0.0,0.0,0.0
Steel,6,3,5009.06,0.181,1.3740334868431092,0.05642170739173889,0.017171223854819114,0.1820666355668037,0.09271946907043457,0.20728328196985402,0.31210272770726777,0.07350893288850785,0.33159988074624036,0.23751518314466977,0.034177655279636385,0.5469564295647862,0.16769327029660766,0.15,0.7817733445991057,0.42645686680031397,0.08579868733882905,0.9713285487738167,0.46718117829413014,0.15,1.1906882977077935,197015721.50545582,478.30595279685565,0.14973960488782542,213664341.94836593,697.2402095698144,0.666887667247922,179004591.99606815,784.8980880048559,1.2088411041402143,0.0,0.0,0.0
Steel,2,4,4990.95,-0.181,1.1372939303517342,0.11593338072299958,0.029023119619168713,0.4165008950393291,0.10376843571662904,0.3693963381838156,0.23586441927262705,0.06051595002412796,0.6115173942198188,0.0,0.0,0.0,0.0,0.0,0.0,0.0,0.0,0.0,0.0,0.0,0.0,16688239.916513475,457.14675352215306,0.17341927358183867,26842733.67384841,865.7994094034678,0.5144707816369185,22026076.29612754,469.95707533794484,0.6952154595462168,18427671.97204776,631.4113841383054,0.9945048365589884
Steel,1,4,4990.92,-0.182,1.3756024986505508,0.10968247342109681,0.004099946653852871,0.3386895028245076,0.1134321689605713,0.378254398427766,0.0,0.0,0.0,0.0,0.0,0.0,0.0,0.0,0.0,0.0,0.0,0.0,0.0,0.0,0.0,16162878.821607517,122.14928792959509,0.16683781407765869,12860220.491240628,313.25745436256625,0.5696832825702282,14755770.239903247,364.93287893510967,0.5695318418655253,15751517.500178507,336.33651623422725,1.0442367220358384
Steel,5,2,4990.89,-0.182,0.7693976566195488,0.08641891640424729,0.022907000902509047,0.28681331492275397,0.06689684003591538,0.13710056472247936,0.20184879292783536,0.11461610913276674,0.3226066414225798,0.272276455410055,0.05278375387191772,0.4212937881834938,0.23990903395263388,0.11001917243003846,0.5688387619810925,0.5003363141811265,0.055429014861583706,0.6575272990683446,0.0,0.0,0.0,48569804.49614672,269.6127106847018,0.10229459027250373,39993150.034084715,474.21137917209865,0.6924578901881961,0.0,0.0,0.0,0.0,0.0,0.0
Steel,4,4,5009.15,0.183,0.9934220865368844,0.07848617672920227,0.01453506690988172,0.4157353586983021,0.023609947878867388,0.30430500700691626,0.49170509125425665,0.07469383388757705,0.6921636962992708,0.31021529494232186,0.123981311917305,0.8052757990994378,0.26897187636174197,0.032640492096543315,0.894069877883196,0.0,0.0,0.0,0.0,0.0,0.0,32171372.02514161,829.7864119084051,0.12187270685484805,26043601.479613096,349.0949978112795,0.40630222604489674,32506398.11524499,189.7112591961146,0.5557798432904271,25583835.29473287,567.0986157883345,0.884068877883196
Steel,3,2,5009.16,0.183,1.0032138273119928,0.1033381589651108,0.0216896320290814,0.24941472552342972,0.15,0.10620996538630781,0.26547338461461806,0.05480118423700332,0.47120703891511473,0.33927717805741187,0.05081385150551796,0.6752458115525849,0.0,0.0,0.0,0.0,0.0,0.0,0.0,0.0,0.0,32244771.91330412,447.1128058025693,0.184173607589865,34011639.515698336,800.9662287193012,0.8655464722389972,0.0,0.0,0.0,0.0,0.0,0.0
Steel,5,2,5009.18,0.184,1.239433467388153,0.11342845916748048,0.018489371554313693,0.37932800175864734,0.07488310515880585,0.23964893174476942,0.3091068661107473,0.09447765827178956,0.4814539867284021,0.2967451889820024,0.06053648769855499,0.6173970177468543,0.3800837948891698,0.0567911496758461,0.7136127378435708,0.2226111894821845,0.07922647267580032,0.9264409419825927,0.0,0.0,0.0,80879405.88366373,347.2513780010812,0.14980141029250685,87004957.7493193,330.51188251393285,1.1154901194099043,0.0,0.0,0.0,0.0,0.0,0.0
Steel,6,4,4990.82,-0.184,1.2378330290317536,0.08763507992029192,0.002314449141793302,0.24222715387090124,0.06892485111951828,0.1599846593655703,0.2548456087245324,0.07973053872585296,0.3004864969195238,0.1966492815350642,0.053378110527992254,0.41989930558832333,0.22429581795548534,0.10204345703125,0.5461457615772028,0.4331570561277218,0.07731592267751694,0.7779994696095528,0.2526392208481516,0.06928762912750244,0.8655300891901345,16752601.060472967,617.4273155152861,0.1304075652443656,20423481.262421597,661.4049569456522,0.3953827163372208,23273843.044963647,271.5849753817914,0.7351478496977766,18649384.637317147,508.63699958865715,1.0498568741457386
Steel,6,4,4990.82,-0.184,1.7770170062780382,0.10719604539871216,0.008939378279896932,0.3149778445255921,0.09478020250797273,0.22302664412524512,0.1809003594082198,0.1287591165304184,0.3737004978820021,0.21556260137772304,0.06929170489311219,0.8547486749501895,0.37425359813854275,0.02,1.1642079894194621,0.28676199637515537,0.15,1.4343201576555928,0.16801708437589558,0.049813605546951294,1.584810883944389,23956821.859069463,598.4721630751808,0.18196130065576255,23999939.452101745,533.9028341285547,0.7012679329701091,25955396.879339002,418.45024966449665,1.0984359724771315,24065510.37384181,554.9479226617294,1.5993153038732173
Steel,3,3,4990.77,-0.185,0.5153890185058116,0.09762368261814118,0.015291241455785072,0.21106615985863736,0.07654265075922012,0.1658690425624929,0.3922620868233538,0.06777379602193832,0.28237368710920835,0.4783710868404409,0.08901087880134582,0.4366305974350519,0.0,0.0,0.0,0.0,0.0,0.0,0.0,0.0,0.0,23061717.577608906,632.4384705013059,0.11229214888076373,21362566.784690693,502.79435364320307,0.38926101852410094,21182158.35042791,224.4414699356197,0.46385011613984145,0.0,0.0,0.0
Steel,1,4,4990.77,-0.185,1.0047205924987792,0.09318363499641419,0.014842671421172605,0.36485520094764695,0.09867643296718598,0.5466925697531984,0.0,0.0,0.0,0.0,0.0,0.0,0.0,0.0,0.0,0.0,0.0,0.0,0.0,0.0,0.0,28024130.81997402,773.780680516123,0.10325282290374274,21617787.623718955,542.7370321053576,0.11450665147829459,21403539.25224394,675.5926291421373,0.2438630820555911,24134844.11189915,250.80176863394385,0.6570309473576752
Steel,2,3,5009.28,0.186,1.7999043554067613,0.09549515736103059,0.00590452627529348,0.5184696566752132,0.0760201546549797,0.5948449761702889,0.562048113938771,0.05625900655984879,1.4946157501293382,0.0,0.0,0.0,0.0,0.0,0.0,0.0,0.0,0.0,0.0,0.0,0.0,43209315.93620507,133.7455915593795,0.25299021984697545,47936803.29857644,488.14415225732995,1.0315508004611615,36793601.18291072,297.1756651772843,1.582148929635347,0.0,0.0,0.0
Steel,6,4,5009.31,0.186,1.130108167231083,0.07724812144041061,0.024222164145412232,0.27271049199888936,0.04615337237715721,0.2661865780690609,0.16741442183472846,0.05688465595245361,0.41484113726514826,0.20398061522639266,0.10327354013919832,0.603786046211009,0.2636683034222156,0.09947132349014283,0.806858360702498,0.41585028983312705,0.07980784267187119,0.943599851589203,0.2017789224648216,0.061147155165672304,1.0170873505079747,23567133.534226682,322.9996287405349,0.14848419611358288,21750265.088490557,444.5050317704508,0.4427192158570059,22327986.96565943,728.0290699485512,0.635291166243577,32685060.05486285,168.31120099823363,1.0023448667433577
Steel,5,3,5009.33,0.187,1.0766659423708917,0.054237058281898495,0.01877423594843051,0.14859896473061462,0.04855568945407868,0.21040804718705908,0.2886714842613206,0.1298261457681656,0.4197250600397414,0.3229723723459271,0.053216962814331054,0.6579611770413449,0.49010054721338964,0.028454666286706926,0.7801659626061557,0.2743329110690608,0.05601305812597275,0.87634385044118,0.0,0.0,0.0,33721344.70722966,876.3522027817158,0.12424657563286892,33665114.17575381,260.2377988875264,0.6721660493067625,34088253.08953871,667.3114861112538,0.936905752465565,0.0,0.0,0.0
Steel,1,3,4990.67,-0.187,0.7357486441731453,0.05647720491886139,0.0122836318296649,0.3340764026941126,0.12451488852500917,0.4623650878898986,0.0,0.0,0.0,0.0,0.0,0.0,0.0,0.0,0.0,0.0,0.0,0.0,0.0,0.0,0.0,17412787.829088893,457.71715116423724,0.10883907540184079,15530847.569487823,632.1257493886702,0.2177191039355062,20776496.539557483,125.13259767591533,0.6186026563948672,0.0,0.0,0.0
Steel,1,2,5009.36,0.187,0.7734382838010788,0.08422587537765504,0.011958279325768624,0.3642194765184813,0.07429329305887222,0.3633477480522781,0.0,0.0,0.0,0.0,0.0,0.0,0.0,0.0,0.0,0.0,0.0,0.0,0.0,0.0,0.0,14803313.263497911,692.5618604887544,0.1251027085181755,13114268.828704748,455.2922490730772,0.5602428381002139,0.0,0.0,0.0,0.0,0.0,0.0
Steel,3,2,4990.64,-0.187,0.9879570096731186,0.08980323719978334,0.026002562600785838,0.2758704818524613,0.10442217767238618,0.22536804196748939,0.1804884705896246,0.08959761857986451,0.6834939384435338,0.24632641520915488,0.09948324084281922,0.8464270955311776,0.0,0.0,0.0,0.0,0.0,0.0,0.0,0.0,0.0,23590672.842240226,733.6996392282042,0.12942567092016477,21371057.29644853,457.0917993684881,0.8872242116966972,0.0,0.0,0.0,0.0,0.0,0.0
Steel,5,3,5009.39,0.188,1.3801372945308685,0.0800309792160988,0.019489758667437518,0.31962047611186606,0.09392384231090546,0.2517661643581031,0.38688038886609266,0.04016936779022217,0.42301056880184235,0.23571262646701963,0.07205276101827622,0.7649584758158847,0.19250810757272424,0.06850344717502595,0.9943606784866923,0.482163121952628,0.11683375179767609,1.1806209149447873,0.0,0.0,0.0,56185465.409218274,149.24854538481227,0.1582177209977938,41785145.238745384,709.8422192266037,0.711286921986346,43387919.42932319,187.23748732269252,1.2421235636976444,0.0,0.0,0.0
Steel,3,2,5009.41,0.188,1.3961832493543624,0.07546991533041,0.019365382644717967,0.20755409641894768,0.1093727606534958,0.22274103506841916,0.1841906299151353,0.11056888937950135,0.5416612905900917,0.35153473894912934,0.02,1.0190178770085034,0.0,0.0,0.0,0.0,0.0,0.0,0.0,0.0,0.0,175828858.7563014,305.9718379175139,0.1448933027303985,171997971.3347967,251.8201723429078,1.2414476376347146,0.0,0.0,0.0,0.0,0.0,0.0
Steel,4,2,5009.42,0.188,0.6855676129460335,0.07146378862857819,0.024907381073058257,0.26202894530583154,0.12085517644882203,0.09595796941726852,0.2989705839310663,0.08643282532691957,0.20336176422387442,0.23526787961411846,0.022033476028591396,0.4300165337647398,0.4532765004956836,0.034185379669070246,0.5453755229864579,0.0,0.0,0.0,0.0,0.0,0.0,25295255.212447003,440.6506142594637,0.08514454240089352,35241351.155441225,1055.2515721558302,0.5834300191713689,0.0,0.0,0.0,0.0,0.0,0.0
Steel,3,3,4990.57,-0.189,0.9036379247903824,0.08335279017686845,0.004632765165511158,0.2324598911429178,0.07619140267372132,0.14853639277956726,0.33140844431189215,0.09613712251186371,0.3326407380781077,0.25368335807868564,0.14115784347057342,0.5124960121642737,0.0,0.0,0.0,0.0,0.0,0.0,0.0,0.0,0.0,21673043.709166646,623.5196043423238,0.1103539307475103,16545230.387689214,364.70587379428844,0.431743126939822,17038979.015174314,860.3345328213469,0.7733414989173746,0.0,0.0,0.0
Steel,3,3,4990.56,-0.189,1.3696533977985383,0.0702634779214859,0.019194128863989066,0.26543446901408013,0.07831831693649292,0.4669204670323325,0.20456226553278076,0.15,0.6875438481714823,0.5264792511764015,0.08138803482055665,1.130231176468612,0.0,0.0,0.0,0.0,0.0,0.0,0.0,0.0,0.0,29684694.279044457,528.1223105231626,0.20215475672975555,41171624.965311505,130.9521446645444,0.6106986817127068,38004097.24655822,253.0573110201834,1.1882347210671982,0.0,0.0,0.0
Steel,1,3,4990.55,-0.189,0.46835599020123486,0.08992350864410402,0.045655217462929776,0.3201666397914915,0.09455047190189363,0.2845239919180206,0.0,0.0,0.0,0.0,0.0,0.0,0.0,0.0,0.0,0.0,0.0,0.0,0.0,0.0,0.0,8759713.71089706,808.2581193839995,0.08284731470338028,8220961.949832419,316.38248826289407,0.19952790974488432,7754301.770554945,1093.7132544343258,0.39641134783539994,0.0,0.0,0.0
Steel,6,4,4990.55,-0.189,0.7038412138819694,0.03991274407505989,0.0157556543569082,0.14147194335227856,0.06842863440513611,0.0923133199182177,0.3280860356035853,0.09332776546478272,0.20518528860599994,0.21695431776229612,0.0706678918004036,0.30380321637578517,0.24662789081804234,0.06785132080316544,0.41177205302399866,0.18487342629234002,0.02,0.4979845335721677,0.18104225032887847,0.07069219142198563,0.5894486779561943,22562706.602561463,538.8454349142255,0.07307452910365655,19024206.594220925,419.28506711114454,0.37071767691124147,16683675.80560958,938.7666250423832,0.47799154935881294,16683675.80560958,372.9671378059524,0.63066162441391
Steel,1,3,5009.47,0.189,1.3419101506471633,0.11612804102897645,0.014145896457377008,0.1899199484858983,0.048965073376894,0.8927808956845296,0.0,0.0,0.0,0.0,0.0,0.0,0.0,0.0,0.0,0.0,0.0,0.0,0.0,0.0,0.0,11765826.067941505,688.2287359120406,0.2581624325976051,12633796.952203372,565.5426533129491,0.6965804074989701,12904596.04283345,765.7822572680055,1.1424906522087164,0.0,0.0,0.0
Steel,3,2,4990.53,-0.189,0.7581769451498985,0.06550474059581757,0.032625864751490055,0.3037015231759699,0.11719677388668061,0.14361918982583938,0.20651527621888593,0.06678479135036469,0.27873897045549495,0.34714717307985987,0.10699336588382721,0.5251024164962036,0.0,0.0,0.0,0.0,0.0,0.0,0.0,0.0,0.0,32516174.424292613,113.78985834168698,0.07976655717063592,33478000.76067441,291.5631769300077,0.6433838168420793,0.0,0.0,0.0,0.0,0.0,0.0
Steel,3,4,5009.5,0.19,0.8976787894964219,0.10307839465141297,0.024424368113896994,0.271454893698778,0.06680570095777512,0.2486040775102947,0.3382992877178121,0.028808307722210887,0.6456704695201565,0.41386500276326427,0.05663859128952027,0.7696397338027657,0.0,0.0,0.0,0.0,0.0,0.0,0.0,0.0,0.0,13843461.509956975,627.8008133753692,0.13261141169001214,12514736.045193112,410.70351009300214,0.4830952071675727,12371791.033504477,316.0322298419096,0.5633211701788149,15105346.465426471,230.5878470603585,0.8079109096491008
Steel,1,3,4990.51,-0.19,0.38172952122986314,0.08050297904014589,0.06000000000000005,0.3331394249362353,0.07425336062908172,0.10615728856215162,0.0,0.0,0.0,0.0,0.0,0.0,0.0,0.0,0.0,0.0,0.0,0.0,0.0,0.0,0.0,5877708.768390669,98.17881335995733,0.05651430156144478,8034141.373582255,388.7026958801496,0.17472927701205893,7256611.9879551325,139.9870381075747,0.27854514000821085,0.0,0.0,0.0
Steel,4,3,5009.52,0.19,1.3515941590070726,0.08263596051931382,0.027418198282790313,0.46706672460261667,0.09264326930046082,0.14281568381470194,0.3055460317843351,0.08678724646568299,0.5026288296965773,0.22271400756819112,0.12589728593826294,0.8058867438378988,0.14424924759296465,0.05117855116724968,0.9677456745948718,0.0,0.0,0.0,0.0,0.0,0.0,42664581.40039646,557.1355256431182,0.1685962884987749,48169862.928318426,460.4920911967193,0.8428075362430876,54301754.684216365,499.5238523441683,1.1969918095394503,0.0,0.0,0.0
Steel,2,3,4990.47,-0.191,0.8928213477134704,0.0651438120007515,0.007994513958050668,0.36873499320593744,0.09835505187511445,0.23004701285978427,0.2995483240304149,0.07072380959987641,0.5377429620795557,0.0,0.0,0.0,0.0,0.0,0.0,0.0,0.0,0.0,0.0,0.0,0.0,16476783.043453261,421.4042522949408,0.09279669172175406,20570541.34097172,260.81406705730785,0.4289812905379391,16548215.022288967,742.7143561432466,0.7847804618335985,0.0,0.0,0.0
Steel,6,2,5009.58,0.192,1.487120544910431,0.12151042938232423,0.021922301620593485,0.25615222059309356,0.09347133934497834,0.3192474821001061,0.2554490909002924,0.10804535508155823,0.4922617002859182,0.39965669077884086,0.07172918319702148,0.7267916572861747,0.37791611478418546,0.11488297104835511,0.911069677010954,0.24792384292837066,0.09893822729587555,1.13418006783635,0.5253237181858446,0.06303605169057847,1.300623822658018,234420802.61428973,292.7072759455046,0.20761077209359244,297875205.8148446,204.256972694626,1.3178008551336702,0.0,0.0,0.0,0.0,0.0,0.0
Steel,1,4,4990.42,-0.192,1.5747677564620972,0.11456159222126008,0.02349656277712927,0.3631735014519185,0.06809796273708343,0.3843431905773902,0.0,0.0,0.0,0.0,0.0,0.0,0.0,0.0,0.0,0.0,0.0,0.0,0.0,0.0,0.0,18716977.758529052,787.7962603120435,0.1947697856054774,14087391.767520811,403.5173419310701,0.6289184868354573,13857588.503878517,287.6249464237911,1.0322256967212908,14784417.658739096,613.6181739703655,1.247358735895658
Steel,3,2,4990.41,-0.192,1.0526675820350646,0.07976564568281175,0.010898830361845904,0.23480455140310968,0.08779909789562226,0.1940103160896458,0.41997559735505235,0.07869962960481644,0.5183011240826918,0.3728075728527102,0.06166337877511978,0.7037664514664381,0.0,0.0,0.0,0.0,0.0,0.0,0.0,0.0,0.0,99561606.19985035,315.3513802268291,0.17565928230387237,91087085.33451195,44.99999999999999,0.919093360632269,0.0,0.0,0.0,0.0,0.0,0.0
Steel,4,4,5009.62,0.192,1.265390032529831,0.09859114408493043,0.037465307597610825,0.15654893768641323,0.1398638653755188,0.20083215141721136,0.5013878915397549,0.08518530011177064,0.3412136087658003,0.37596647598678473,0.02,0.8887715693162059,0.21444843434900054,0.10354889452457429,1.100764711918522,0.0,0.0,0.0,0.0,0.0,0.0,30667666.128906712,654.3078002854156,0.1543541904903948,24643935.486141562,613.0461818524008,0.7080442185410845,32385261.975715615,401.4358671761528,0.7638433500145005,34659402.801610075,567.678351301752,1.1245992909656257
Steel,6,3,5009.64,0.193,1.5011762619018556,0.08247159659862519,0.01704809189741442,0.26517339963001313,0.04632108703255654,0.15912324077709997,0.20740651002805496,0.06479821205139161,0.3146916265058989,0.19178252867981135,0.11652965009212495,0.5058795722323264,0.16323984095145389,0.0686704295873642,0.7509743127307663,0.21747630548400426,0.02784083738923073,1.048078597956378,0.6014188084363983,0.0950871479511261,1.2440227360683425,44315713.36836569,135.51574240453124,0.20075808759772562,40440610.83693782,270.4812800358445,0.9605997213146057,38908244.09558739,675.6047283872407,1.3510586342104938,0.0,0.0,0.0
Steel,1,4,4990.36,-0.193,0.9246686264872551,0.06814896035194397,0.024007503488561743,0.4037940675507581,0.11179652392864228,0.2577894518354579,0.0,0.0,0.0,0.0,0.0,0.0,0.0,0.0,0.0,0.0,0.0,0.0,0.0,0.0,0.0,15589005.53193531,595.1073147257329,0.12541635896882097,11955481.666648867,521.0672260097092,0.3709025694070489,8626640.274479771,1099.9999999999995,0.4608099301584556,16020903.36689102,295.5939050571966,0.7571371292485816
Steel,1,4,5009.68,0.194,1.2158963054418566,0.07458162480592728,0.03019428276876299,0.29537071519949615,0.0700205385684967,0.42289386446524635,0.0,0.0,0.0,0.0,0.0,0.0,0.0,0.0,0.0,0.0,0.0,0.0,0.0,0.0,0.0,9294600.19996111,615.6115094243472,0.29982922735678286,9148048.261799863,589.5134055540925,0.6517652256192539,8061766.375242858,471.57006039537225,0.6231120772316571,9186480.019163102,383.6599799377363,0.950040639997326
Steel,5,3,5009.71,0.194,0.5994426041841507,0.08457101041078569,0.02238377411840501,0.3637554726090907,0.13850964963436127,0.08588368930473075,0.2660057400948313,0.06756994187831879,0.22140335303878345,0.30941256437931,0.04300332471728325,0.29727260653045234,0.24984171698393584,0.1043531608581543,0.405022290574277,0.32838645295906166,0.09690951108932495,0.5220074028934236,0.0,0.0,0.0,37465045.51584151,655.541590511622,0.07021445938678675,25213847.92701411,315.3207404609379,0.3561692372386419,24127295.628541254,547.2190133803771,0.5346069840694493,0.0,0.0,0.0
Steel,1,3,5009.75,0.195,1.8061002373695374,0.08138660597801209,0.005262773748405932,0.22146271482996216,0.04049746885895729,0.606297250924662,0.0,0.0,0.0,0.0,0.0,0.0,0.0,0.0,0.0,0.0,0.0,0.0,0.0,0.0,0.0,23944337.467021182,726.2803075316341,0.23875420546288323,29752770.69412778,278.92432537958626,0.8397162752002665,29685210.57805913,311.5731188876563,1.2492610351801823,0.0,0.0,0.0
Steel,1,4,4990.25,-0.195,1.0974113792181015,0.058930323421955116,0.019977994381344715,0.5477832768764296,0.09079239130020142,0.430900904508089,0.0,0.0,0.0,0.0,0.0,0.0,0.0,0.0,0.0,0.0,0.0,0.0,0.0,0.0,0.0,23675595.72467878,383.63088919995243,0.12794916590384756,19189101.58760023,509.5097054169405,0.47008375673357544,18344717.646243423,377.48025069056365,0.49491270401809356,21531543.055335328,612.2723010220435,0.7592258944304978
Steel,1,2,4990.2,-0.196,0.9001481994986534,0.13944942736625673,0.009763738373466077,0.2112773750699524,0.08728566765785217,0.7570135646916655,0.0,0.0,0.0,0.0,0.0,0.0,0.0,0.0,0.0,0.0,0.0,0.0,0.0,0.0,0.0,25983575.221402176,451.0428254839469,0.22749271385495512,28594806.947958488,752.7925590269168,0.673557690702571,0.0,0.0,0.0,0.0,0.0,0.0
Steel,1,3,4990.17,-0.197,0.7735219776630402,0.08315722423791887,0.02445159677749885,0.44935305573827555,0.07807440251111984,0.6316742819053303,0.0,0.0,0.0,0.0,0.0,0.0,0.0,0.0,0.0,0.0,0.0,0.0,0.0,0.0,0.0,14365145.638992442,927.9285074521598,0.25437027605179147,13922623.820182094,543.6391406818132,0.5840823365261799,12863192.534582296,427.6876649552869,0.6961697791232141,0.0,0.0,0.0
Steel,5,4,5009.85,0.197,0.34536060988903045,0.0722818375825882,0.011967405613005307,0.36302278400417504,0.002,0.04048099557828197,0.4831133034126903,0.002,0.10048715013455695,0.4652638232923515,0.002,0.13641354382784485,0.2764255808653772,0.002,0.20009100247647602,0.2453354083178625,0.002,0.258238184735446,0.0,0.0,0.0,2794833.113014651,444.57016107869873,0.05826110273584645,3522166.8156280816,319.62552204133175,0.14933456681878626,3156165.8335150536,313.46700808533905,0.17365932250679192,3781430.9836203353,311.9488038733593,0.30214218837025847
Steel,1,4,5009.86,0.197,0.8113047391176224,0.0753692461848259,0.006427440713736879,0.3054265676202285,0.07413039028644562,0.17076480726348583,0.0,0.0,0.0,0.0,0.0,0.0,0.0,0.0,0.0,0.0,0.0,0.0,0.0,0.0,0.0,9474605.825606149,160.504885102585,0.11089841148934902,11562596.755460722,484.89300140799935,0.41347762778935315,9814183.394720562,722.5424503878421,0.48690673708573873,11363507.229801588,391.96222717609794,0.6413995075312546
Steel,1,3,5009.87,0.197,1.0739688277244568,0.06395674723386766,0.020090478084564687,0.4584477586714752,0.09057448506355287,0.1910411099726727,0.0,0.0,0.0,0.0,0.0,0.0,0.0,0.0,0.0,0.0,0.0,0.0,0.0,0.0,0.0,24469297.766091265,144.3451683481078,0.12400154113485232,30702122.291671455,403.2886937605951,0.4578660402024776,22266323.491246786,330.0326562635085,0.7485510979364451,0.0,0.0,0.0
Steel,1,4,5009.88,0.198,1.4435635685920716,0.08616714620590211,0.02928875807959138,0.3101772274259749,0.09477666139602661,0.9453917973959647,0.0,0.0,0.0,0.0,0.0,0.0,0.0,0.0,0.0,0.0,0.0,0.0,0.0,0.0,0.0,10235482.911147524,609.6610666522505,0.21811090583747691,8079731.025581395,753.5371457871125,0.6386867499849103,9632773.844764607,1099.9999999999995,0.9106637126480485,8436470.631492687,544.9476143690558,1.2344218396681457
Steel,2,3,5009.88,0.198,1.3262301772832872,0.06778101521730423,0.015799195496275138,0.5279321525096329,0.1420780289173126,0.35828472071507633,0.38832291978808586,0.14122479140758515,0.9488822140096405,0.0,0.0,0.0,0.0,0.0,0.0,0.0,0.0,0.0,0.0,0.0,0.0,100035263.001356,100.54937886157192,0.19273659250614616,115788434.6705308,421.72254638800706,0.7164190610833362,99088223.9974675,258.2289992683912,1.1757547406941473,0.0,0.0,0.0
Steel,5,4,5009.92,0.198,0.8191166073083878,0.12168285512924196,0.023163858683696397,0.48822023961253885,0.0911331593990326,0.1444436046470104,0.2619710032568605,0.11514229357242585,0.2729606226418321,0.30441747508071254,0.09043117463588715,0.44605637856957414,0.2576320342408649,0.08568035066127777,0.568419768270496,0.244290121253789,0.06624612003564835,0.6682799974869539,0.0,0.0,0.0,33131651.880371206,300.7648967670574,0.09868088620597619,40966926.82774927,862.1279503498612,0.4310976426173427,38953185.05702681,406.8389352269277,0.43536530633853704,34438717.59498721,440.85542310869556,0.7081866859456123
Steel,3,3,5009.98,0.2,1.5154422610998155,0.11287194347381593,0.028720187695261298,0.17962355344852735,0.062287470698356634,0.4563270938073213,0.11852739220157148,0.07866051852703095,0.7329710080985591,0.31249963454610324,0.1346283584833145,1.1136947621032305,0.0,0.0,0.0,0.0,0.0,0.0,0.0,0.0,0.0,19567481.601247597,733.3575258352092,0.21021326409937668,24025338.558508415,1054.0487906918324,0.7504140322562638,23881642.923842296,658.4718909398998,1.3418041299527337,0.0,0.0,0.0
Steel,4,2,5009.99,0.2,1.0875226572155952,0.11242454385757447,0.05977384532454003,0.2363909773179489,0.08029760479927063,0.23124716829293102,0.2590024004357884,0.11279332756996155,0.4431535442777943,0.43712952442439046,0.13085599720478058,0.6368478415321734,0.27557834277104876,0.06908802896738053,0.7465596627264997,0.0,0.0,0.0,0.0,0.0,0.0,69561857.63579866,444.92587270553037,0.12618024272944864,75283391.9130495,674.1113389042066,0.9219102543490686,0.0,0.0,0.0,0.0,0.0,0.0
Steel,5,4,4990.03,-0.199,1.0675660818815231,0.11420420575141908,0.016208765694224747,0.3860970357269384,0.11582795202732087,0.20984366481735095,0.28708994966357254,0.1104676228761673,0.42918967566944466,0.28848674940066876,0.11384242653846742,0.6068238094661077,0.1425489417078537,0.08075886368751527,0.7901830510934797,0.3492667450474459,0.08740777790546418,0.945595066358236,0.0,0.0,0.0,34681855.613361955,905.9096581523421,0.1566530565619749,29564235.781435292,141.51766508973992,0.5745106346407863,36320601.25608254,468.91995684363394,0.7203870312380102,30850384.50963554,646.9028902501376,0.9608094726258047
Steel,4,4,5010.02,0.2,1.452910155057907,0.08788518273830415,0.014088263949837733,0.3889311599176784,0.08934093058109284,0.22789692491667918,0.23915892159364238,0.07927576541900636,0.3433334576460455,0.14981061955012714,0.06506949067115785,0.7028619802020337,0.26955753385796566,0.13732061088085173,1.1560847390226885,0.0,0.0,0.0,0.0,0.0,0.0,28447465.45347718,560.7601471381095,0.17187126266871616,19713029.13594878,600.4445521792076,0.7209021859982412,17402036.321503446,335.4767797927166,0.925571333929138,18161289.493810456,747.7329167016587,1.2959209584060498
Steel,3,3,4990.0,-0.2,1.0507227197289466,0.10515370762348177,0.013289288214616349,0.13985718528030697,0.0788237389922142,0.29687935220513045,0.23594365360812683,0.08353000074625015,0.6258773148244019,0.3795781443666057,0.10523613750934602,0.846791410537739,0.0,0.0,0.0,0.0,0.0,0.0,0.0,0.0,0.0,18635152.34812937,474.3901191591789,0.166047056671134,20231900.90401677,869.9620635102536,0.7250260144955809,20161635.445460953,416.6259426992456,0.9456504467053292,0.0,0.0,0.0
Steel,3,3,5010.03,0.201,0.8084596991539001,0.08877360445261002,0.016435954670352068,0.35814623634434783,0.11646884679794313,0.1930483566852862,0.2162945324640411,0.12913895308971404,0.40565680345372634,0.2944143448201633,0.11512452602386475,0.6884294953529921,0.0,0.0,0.0,0.0,0.0,0.0,0.0,0.0,0.0,23892642.96282916,773.0626310927205,0.14565782245096703,26673719.648882225,623.3324142939921,0.48144174971298814,28068886.037881557,663.9202483395165,0.7028991172679914,0.0,0.0,0.0
Steel,6,4,4989.99,-0.2,1.8070927649736406,0.13780208098888397,0.007804905068497885,0.3051172318511232,0.025221410728991034,0.3301871893509366,0.26400237871423554,0.1312572354078293,0.6885036082638143,0.36604655144603393,0.06712853103876114,0.9599166337464844,0.320554748947637,0.09959358870983125,1.1300841247007911,0.43674411861008433,0.11725196719169617,1.4246068136934897,0.23720362553783106,0.03622800946235657,1.623447459530896,47866940.55232751,222.41619469430796,0.19861427765710823,41440068.143218584,290.2237607373732,1.0774796642234767,32771909.674706392,111.59288014240452,1.244976301436891,38231810.58773053,71.46169247176496,1.5607433754394853
Steel,1,4,4989.91,-0.202,1.0382948979735374,0.07651418632268907,0.013329374477295024,0.17285673942920846,0.06365151554346085,0.6459460176921146,0.0,0.0,0.0,0.0,0.0,0.0,0.0,0.0,0.0,0.0,0.0,0.0,0.0,0.0,0.0,5689782.300848808,376.4187303507489,0.19366127237347094,4502548.207128687,172.61136294162318,0.44313123958813383,4954912.443997314,429.98741654525236,0.5300934953491947,5042565.017252885,650.0999357640327,0.819445638480548
Steel,1,3,5010.13,0.203,1.2639060378074647,0.05858592051267625,0.026838031837542266,0.24400100972599675,0.09625940322875977,0.5278735708704738,0.0,0.0,0.0,0.0,0.0,0.0,0.0,0.0,0.0,0.0,0.0,0.0,0.0,0.0,0.0,10941007.395925637,212.24320944561396,0.31644609144575797,7441368.978957407,309.17577355789393,0.8929545572999811,11114368.507695155,495.7119901790944,1.1291992953820504,0.0,0.0,0.0
Steel,5,2,5010.13,0.203,0.642602475732565,0.06487016695737839,0.01563466165277102,0.375252005179582,0.08051638662815094,0.10402721891797276,0.20226156700736783,0.07257039099931717,0.23711414836579578,0.2698205490983578,0.09808908879756928,0.3475845419369594,0.30003594817946855,0.06973160475492478,0.47838685228055333,0.33219803591108416,0.08286344647407533,0.5772684696533028,0.0,0.0,0.0,40645975.334471166,559.0136421066555,0.09087609744494696,36662674.70244344,706.5369770428615,0.5627233518546249,0.0,0.0,0.0,0.0,0.0,0.0
Steel,1,2,5010.13,0.203,0.7536208674311639,0.0726991862654686,0.0208049562572969,0.17934320167489343,0.09408426165580751,0.18442913432217328,0.0,0.0,0.0,0.0,0.0,0.0,0.0,0.0,0.0,0.0,0.0,0.0,0.0,0.0,0.0,6413487.411575734,615.9270912127257,0.10472474598757871,6093659.07776346,710.7478189310897,0.5846719027527904,0.0,0.0,0.0,0.0,0.0,0.0
Steel,3,3,5010.14,0.203,1.1527726635336877,0.12401825404167177,0.010197077791104538,0.39990678776707556,0.12250388562679292,0.27266614116547394,0.2603434919433888,0.09571687698364259,0.4808277864254351,0.3218263161608275,0.11269841492176057,0.7599279782490012,0.0,0.0,0.0,0.0,0.0,0.0,0.0,0.0,0.0,36561581.695676625,579.0095646696861,0.12158621718418548,29352646.184692558,923.5813943486872,0.603466788149162,34650866.712873876,393.65851202486914,0.9791026473407358,0.0,0.0,0.0
Steel,6,4,5010.15,0.203,1.646300756931305,0.10804300689697267,0.029915923635078338,0.2463790876021987,0.05908775836229324,0.39360240285722803,0.19564261004863953,0.10576293408870698,0.5400551760357389,0.2293698441340627,0.04888021647930145,0.7091061983324862,0.2796421549368983,0.04865450739860535,0.9978736806954476,0.3684322850863402,0.0696452271938324,1.1841453968277635,0.3507556254859735,0.06430413007736206,1.389074609180301,29086417.75301552,453.80652432862,0.20735927284621591,24308502.95488911,420.6651447860537,0.8131102645714429,28196832.72543248,825.9637436489456,0.9664278081675034,20438591.29016247,511.0278393948592,1.4374061478392162
Steel,3,4,5010.15,0.203,1.3654701381921768,0.048224059492349626,0.011243697190604673,0.28121867118679766,0.05640846937894821,0.422441164178775,0.11764197369815246,0.09278924524784089,0.6024267286867635,0.34216023311838,0.10809180021286012,0.932616604576974,0.0,0.0,0.0,0.0,0.0,0.0,0.0,0.0,0.0,23054158.050337456,478.2296855188962,0.16797848666703036,19781683.629228838,395.8939854672242,0.6212159920548027,18838269.187302925,119.9238356404371,0.7433255237144475,19640585.59818199,673.3632525773879,1.159812533587048
Steel,4,4,5010.18,0.204,1.2377282738685609,0.10665086281299592,0.017580355680627994,0.4997234276787393,0.07653607606887818,0.2311329447995478,0.4369666033253506,0.0753286498785019,0.3732811089060317,0.37138308487664595,0.09768571197986603,0.6468014244611565,0.38165128899942896,0.039383068531751636,1.0812209385340763,0.0,0.0,0.0,0.0,0.0,0.0,29603329.160963457,535.2736325006292,0.15020374129710726,33233440.596642215,246.94337700754653,0.41815686029263965,32356931.45314387,361.120180271852,0.5311592402094668,38198624.082361184,228.59423993165294,1.0593218611407424
Steel,2,2,5010.19,0.204,1.5978986889123916,0.06307314568758011,0.015453435719313515,0.32246997714644426,0.03596000172197819,0.30075059534443055,0.2290714133904232,0.05588479936122895,0.979937237915937,0.0,0.0,0.0,0.0,0.0,0.0,0.0,0.0,0.0,0.0,0.0,0.0,130735078.90976615,889.3287034911008,0.23396130132462928,122517255.77043173,467.3962622110199,1.257166598655216,0.0,0.0,0.0,0.0,0.0,0.0
Steel,3,2,5010.21,0.204,0.869821248948574,0.07311401695013046,0.010236445879748823,0.24452183667184926,0.1294088214635849,0.15440008787774795,0.20192151357397795,0.1007711672782898,0.3640509419642573,0.6652737590701007,0.03836997538805008,0.6038600170181294,0.0,0.0,0.0,0.0,0.0,0.0,0.0,0.0,0.0,43599327.99670159,525.9746690739635,0.09282073264292956,39464868.624990836,204.98006694884143,0.7006947866669535,0.0,0.0,0.0,0.0,0.0,0.0
Steel,6,4,4989.79,-0.204,0.8914013639092445,0.11367656028270723,0.027519599961587846,0.2929622978937842,0.11256516218185425,0.08915013639092445,0.21834475969062594,0.11165405035018922,0.24978380837631683,0.32175028818807766,0.10001582562923432,0.39439039280287164,0.24354368600252727,0.105008003115654,0.5148871145180871,0.3575430728574174,0.05376484721899033,0.648770614370151,0.3033265110816682,0.10053992569446564,0.7431966294818604,25294210.61372022,584.5680608164064,0.10793112158848492,29664454.15508128,454.1261909151433,0.23286458196314652,31314568.71584519,273.7330296117904,0.32435402077756814,37332938.61739996,384.8360512424079,0.7794377721891471
Steel,2,4,5010.24,0.205,0.8572098851203919,0.07906066966056824,0.00677980497585101,0.30471168813109856,0.0825972780585289,0.2402923356371811,0.2677874360095086,0.08264595091342927,0.6661079232918188,0.0,0.0,0.0,0.0,0.0,0.0,0.0,0.0,0.0,0.0,0.0,0.0,10518353.998267379,538.7527399310029,0.1240250132706576,14637521.155226162,496.22820240127066,0.5204565752904652,9253800.711424125,507.2150576936577,0.7068403044368123,13331754.35507085,526.3933081133739,0.7714888957511428
Steel,4,3,5010.27,0.205,0.943459276854992,0.05450401264429093,0.008628189201008094,0.21640331062598567,0.0706448358297348,0.19692299409491806,0.31793580579231473,0.07360635995864868,0.4835647116685269,0.26934457834593206,0.09452974438667298,0.6080392996025586,0.20428512840765525,0.02,0.796425592880084,0.0,0.0,0.0,0.0,0.0,0.0,17125993.420327425,585.1189442709631,0.13497434158285865,17889949.36303259,358.84798880871847,0.5787260143641835,16196628.625076571,821.5669635285085,0.8194618103430089,0.0,0.0,0.0
Steel,3,4,5010.27,0.205,1.1249367907643317,0.12507219076156617,0.0050029423198771905,0.25897398530434024,0.10314197659492494,0.3352966285365193,0.23054837325006028,0.08368888199329377,0.6038353326592041,0.2794830948679682,0.15,0.8236646047020855,0.0,0.0,0.0,0.0,0.0,0.0,0.0,0.0,0.0,17691587.84446912,344.3534899542508,0.13116414086093078,24232180.53152647,713.5438749172957,0.39644883364683053,16899417.955722734,714.9475233851185,0.6924868973481176,17167946.558856856,246.89925014545977,0.9991266014809586
Steel,4,4,4989.75,-0.205,1.4591020673513413,0.09940833818912508,0.015138034678520693,0.1710539354537105,0.062113808989524844,0.4197761431684145,0.33651565753172974,0.02,0.6476247252673577,0.2251677427000985,0.06652835518121719,0.9013642055174244,0.4186897876616418,0.1398718076944351,1.2077038969568497,0.0,0.0,0.0,0.0,0.0,0.0,41108863.10266676,545.1737892496543,0.1630560215662552,71899268.76227108,581.2365364563819,0.4088671893670215,41132179.047302224,332.96940835954814,0.4575854879238414,56664982.73347117,406.6955648811103,1.2325952361891788
Steel,3,4,4989.74,-0.205,1.5771196752786636,0.11363515508174897,0.01887705262233424,0.35412556593059524,0.1317066079378128,0.2584468122206273,0.3786154044153626,0.025612273067235947,0.48454259093833385,0.20502334090498855,0.028600375875830652,1.2275449045051936,0.0,0.0,0.0,0.0,0.0,0.0,0.0,0.0,0.0,35391329.54106969,726.3317834647877,0.20605785663573453,40329071.75433293,207.34417038735634,0.878232664626378,34658355.96510866,364.4881067076893,0.9455211010011407,36599568.392880455,379.41438150630427,1.3324835406433735
Steel,6,4,4989.74,-0.205,0.6477321431040763,0.0888284587264061,0.01383264324573294,0.3436659428991639,0.10273119986057282,0.07461139164032635,0.37344641769369663,0.09202330350875855,0.18305395079073306,0.26034014331118027,0.06509965598583221,0.2718212623498193,0.3204210206548944,0.09953032135963441,0.37010165351746593,0.3023511518309292,0.06130084097385406,0.4717582473893174,0.2653349113608264,0.1331134831905365,0.5790911519779652,31135509.280352954,497.5919450440925,0.08849709583420746,29918130.69768977,291.4585973907926,0.32794133036736584,35793150.08165289,417.9114279540237,0.4250808500903425,25301919.870988723,884.6581576202719,0.5522164119155516
Steel,3,4,5010.29,0.206,1.0207134529948236,0.09246487557888032,0.015623407762301256,0.29483665449598606,0.10632535099983216,0.15800833784126733,0.2512818834726468,0.047667627781629564,0.42947700040414083,0.30412361513110253,0.049511648267507556,0.6826169917856808,0.0,0.0,0.0,0.0,0.0,0.0,0.0,0.0,0.0,16211653.07851864,519.1613836582443,0.10280699557376195,14203284.690405872,263.90851461957936,0.5037436349877518,18515946.86693481,148.8863127163624,0.646668324885669,17161966.162642024,350.5210781611993,0.9055401220972024
Steel,2,2,4989.7,-0.206,1.2028652042150498,0.09500444817543031,0.03859830566137889,0.20291347173267069,0.09159614622592926,0.6248219589148838,0.47597529141345146,0.09409464478492738,0.7797070659554595,0.0,0.0,0.0,0.0,0.0,0.0,0.0,0.0,0.0,0.0,0.0,0.0,55162910.17483928,693.4456785565136,0.2706712984510578,43084273.18486594,405.56703193302195,1.0218051008772826,0.0,0.0,0.0,0.0,0.0,0.0
Steel,2,3,4989.7,-0.206,1.1357233196496965,0.07748561310768128,0.03542497173834365,0.33961379582311346,0.08577138900756837,0.2973816431296239,0.2978517964785283,0.03960676878690719,0.7101835687935878,0.0,0.0,0.0,0.0,0.0,0.0,0.0,0.0,0.0,0.0,0.0,0.0,13967114.35936188,531.3811821408281,0.15212873401969548,11958882.665616736,872.9640769625838,0.5443452097888947,11190810.01208218,596.6670847200334,0.9381993354329523,0.0,0.0,0.0
Steel,3,3,4989.69,-0.206,1.07254978120327,0.08621426028013231,0.009464062218520069,0.4096552958178572,0.0795943957567215,0.23419642926446538,0.234779809496154,0.08208187967538834,0.6705899756257814,0.22956254712428206,0.057819641232490546,0.8691925997354788,0.0,0.0,0.0,0.0,0.0,0.0,0.0,0.0,0.0,20721166.95429223,540.9018519648837,0.12656442716976335,20681967.924784523,738.0999276484456,0.5794048125252528,18566811.585171457,348.79058251239076,0.9147831038711831,0.0,0.0,0.0
Steel,5,4,5010.39,0.208,0.7109172321856022,0.12265860271453859,0.01725881407589186,0.2670593374698769,0.09551871418952942,0.07110172321856022,0.3567201727745092,0.05207164168357849,0.17569516266791807,0.26742991949042383,0.10006137967109681,0.26024450977970476,0.2226991856120593,0.08836258411407472,0.4327554244009508,0.23812287435510207,0.08606219410896301,0.5819049895270706,0.0,0.0,0.0,22679751.954941783,347.90278933215126,0.09079561862819199,31082008.34776707,358.650801657096,0.3757943642389787,26911919.12181352,500.4113341659415,0.44921887416516865,26331510.290059157,218.8117396211823,0.6215718914909734
Steel,3,4,4989.63,-0.207,1.0387509137392046,0.09691270995140076,0.020132678870294754,0.2690040871048481,0.058465185165405276,0.2885619579497155,0.2673428622757278,0.09338767766952516,0.5042305498818895,0.2894999372331418,0.06728348761796951,0.8917624334810931,0.0,0.0,0.0,0.0,0.0,0.0,0.0,0.0,0.0,14561267.217534812,325.17242786733976,0.11359690580912522,13369638.477654165,327.1982233954912,0.33690639519098353,14633450.599392522,250.78337290397167,0.4456833308490623,15658307.419533722,558.4239237786509,0.8771037976417395
Steel,4,4,5010.43,0.209,1.308333694934845,0.10032272279262544,0.011146599246155171,0.21551260148468213,0.04150969222187996,0.2956784253415353,0.3032828394921049,0.10122404992580414,0.42399598959550217,0.3433748416757379,0.09798921704292297,0.739111775930642,0.5213036093462818,0.08216705620288849,1.0644633170117528,0.0,0.0,0.0,0.0,0.0,0.0,34793780.83547418,740.3986099283168,0.16410091072114247,34559743.86050038,124.97731481562631,0.655293967660729,30507522.92950032,590.3125018113674,0.6659051572323624,34135553.8959175,812.1947205532197,1.1370207375279726
Steel,3,4,4989.59,-0.208,1.173514075577259,0.11840085816383362,0.06000000000000005,0.5918136208066617,0.12779759228229523,0.23491708411402604,0.3286942465813136,0.09991441190242768,0.5970422800051575,0.20524395424009861,0.05292862564325333,0.7941026195632405,0.0,0.0,0.0,0.0,0.0,0.0,0.0,0.0,0.0,47230181.6861075,155.7410825635114,0.16620672985859078,51468831.6665117,495.38258707516275,0.44912851390532904,40367640.90663077,495.38589040438046,0.7345064801517023,38501694.520623915,362.34573955678934,1.0146187443925179
Steel,3,4,4989.51,-0.21,0.8397987499833107,0.10787574410438538,0.030069311321734647,0.33398822648366666,0.11650819420814515,0.2353885092630958,0.2814726815550409,0.10858387529850007,0.36150003083115934,0.3335712221673843,0.02828058324754238,0.624415911280955,0.0,0.0,0.0,0.0,0.0,0.0,0.0,0.0,0.0,16615049.400053183,347.86507657654505,0.12048325192553413,25791026.232287873,667.4095155475171,0.4420721411648937,26136300.57189691,542.4732130381618,0.5214320385513809,22067213.759306695,207.57197274783,0.6929580311676061
Steel,5,3,5010.52,0.21,1.5760157763957978,0.10146308398246766,0.01569600604725215,0.27728451678398064,0.08925145745277406,0.29453863350896753,0.43872501949444725,0.12012028336524964,0.5250943729254262,0.35640663960749386,0.13513996779918672,0.8310586003455381,0.24594191662823844,0.07652246177196503,1.1325046248438524,0.1671645768101857,0.14335962474346162,1.2597241280452962,0.0,0.0,0.0,75570049.19707768,227.74781220038878,0.1945624154890071,83512760.08337083,812.5420307099622,0.9343939692954898,79789883.03395791,290.39311902947645,1.3795445996173292,0.0,0.0,0.0
Steel,2,4,4989.5,-0.21,1.641132688522339,0.06429301637411118,0.004144338507579492,0.5054229274463603,0.11632766723632813,0.5173862737858613,0.3246684711799623,0.11796673715114595,0.8587323077225093,0.0,0.0,0.0,0.0,0.0,0.0,0.0,0.0,0.0,0.0,0.0,0.0,64418894.23475683,593.9415498265358,0.19637494814268946,60547216.58287288,443.92547126182365,0.7022539079971846,69766890.78265849,432.58830919671476,1.0011588719055111,77896694.72969857,429.9220482357996,1.402496908408594
Steel,5,4,4989.5,-0.21,1.108010892570019,0.06716859149932862,0.009611993157291776,0.14896847141729125,0.0958491224050522,0.13797582325494714,0.19190637458527537,0.03645250976085663,0.3371318286145086,0.518715301366862,0.14245544016361236,0.5637594019950314,0.340710662188795,0.09161950051784516,0.7539695073015005,0.2911736123769888,0.0923921835422516,0.9496488453912153,0.0,0.0,0.0,41691471.480819516,870.1090922587673,0.14941462655905652,41259242.259392455,214.49309947811645,0.5919514937102202,38179009.32665711,863.2201028372501,0.782386290322829,43057214.31544947,382.76203603003336,0.9972098022050061
Steel,3,3,4989.5,-0.21,0.6620986245572567,0.04995633858442307,0.013641850104002557,0.3721563977856994,0.1444684886932373,0.1289884618738909,0.3274075983603438,0.081013862490654,0.28822725218125606,0.4168019444119219,0.06399974942207337,0.44780342890268593,0.0,0.0,0.0,0.0,0.0,0.0,0.0,0.0,0.0,33484875.86961144,741.2696098099599,0.07574004006643395,30070351.683640394,252.60163062529654,0.36485509381831094,32678901.563041177,289.5132800842044,0.5285964585429678,0.0,0.0,0.0
Steel,3,4,4989.49,-0.21,0.5891745857894422,0.09992886555194856,0.004438151670292008,0.3722392353371782,0.11411346495151521,0.08530421234259908,0.33678510286400615,0.09456472158432007,0.378768982970736,0.7198866945241128,0.035783896297216414,0.48290730078844063,0.0,0.0,0.0,0.0,0.0,0.0,0.0,0.0,0.0,24682833.71478726,900.8516292460051,0.06999599437074476,23894260.587358344,605.1669147380776,0.21494735648583935,29039773.508786596,307.4003313637318,0.24574996798398607,29262929.240529757,184.09633835121681,0.5063861257135769
Steel,1,2,4989.47,-0.211,1.4081627190113069,0.0417316782772541,0.013018924133403036,0.15394766317149144,0.02646831411868334,0.827575218486509,0.0,0.0,0.0,0.0,0.0,0.0,0.0,0.0,0.0,0.0,0.0,0.0,0.0,0.0,0.0,26989339.612098694,426.7813106728168,0.375215483794345,33760819.59520086,208.7426607374694,1.1315100572564112,0.0,0.0,0.0,0.0,0.0,0.0
Steel,1,4,4989.46,-0.211,1.0938417091965675,0.08205082428455354,0.006825443323178535,0.3410027880241058,0.06527725398540497,0.2628226614224842,0.0,0.0,0.0,0.0,0.0,0.0,0.0,0.0,0.0,0.0,0.0,0.0,0.0,0.0,0.0,11052690.628719727,432.29080402883204,0.12767669850783805,11036950.900032371,591.4910897575691,0.5475434549984766,12328941.09669058,389.6732963284761,0.7826736259283795,11116496.02818276,306.16910973603393,0.9297266659144933
Steel,2,2,4989.45,-0.211,1.0751968890428545,0.05537545162439346,0.028245231122347808,0.44918304598421493,0.02,0.4887122293468509,0.11525064012237698,0.06298568576574326,0.6698853300559053,0.0,0.0,0.0,0.0,0.0,0.0,0.0,0.0,0.0,0.0,0.0,0.0,12583302.043560563,717.2201495035536,0.24688090071983826,16575589.609222792,260.99738971234444,0.9146290853545812,0.0,0.0,0.0,0.0,0.0,0.0
Steel,2,4,5010.58,0.212,0.6145375199615956,0.10231705355644227,0.029945593283377966,0.3512164067796703,0.0978049010038376,0.1360415897881233,0.35762668387805857,0.09686301946640015,0.3916342524976187,0.0,0.0,0.0,0.0,0.0,0.0,0.0,0.0,0.0,0.0,0.0,0.0,19817032.362718977,406.0785647605529,0.07702311970606084,16813101.970548116,754.7387305808451,0.4099645509351388,18038071.78052734,884.3066415996675,0.4979335800249054,18867120.201492414,563.6131785047368,0.5503182723900955
Steel,5,4,4989.44,-0.211,1.371019294857979,0.0963006798028946,0.021069181417101568,0.2892943488298118,0.10035210728645326,0.18155565630491768,0.26537730735080084,0.1034371441602707,0.36578036200327396,0.3385830527457248,0.11018961846828461,0.6211421893578439,0.5727042666742042,0.033636839538812635,0.8359575537452094,0.1259966111407265,0.07785982429981232,0.8973486069649442,0.0,0.0,0.0,33007390.94594798,737.8490985954412,0.13710193085681718,38143321.38697057,419.0618552800787,0.3362091829979187,36346358.10633328,1099.9999999999995,0.45510579105439297,33700685.55768558,475.0000405453807,1.166967248412683
Steel,3,2,5010.58,0.212,1.2786435455083847,0.057011350631713864,0.02990968488519662,0.2706933827473812,0.055727068781852726,0.378602351219296,0.1880414842998555,0.11843634128570557,0.8884339268511526,0.36210268579687227,0.05603553682565689,1.0448912425965373,0.0,0.0,0.0,0.0,0.0,0.0,0.0,0.0,0.0,47260054.303210735,510.04971183954365,0.20366408213603754,55427304.28930729,354.84133159801144,1.0704333981949756,0.0,0.0,0.0,0.0,0.0,0.0
Steel,3,4,5010.59,0.212,0.9425068870186806,0.06654365396499634,0.008463599496338623,0.19545713595506964,0.06435892432928085,0.22234989942231498,0.3035653606314491,0.07177156418561936,0.5235826776181773,0.23898055811585223,0.08432652235031128,0.7493424410484206,0.0,0.0,0.0,0.0,0.0,0.0,0.0,0.0,0.0,10113888.567409575,489.8409298325101,0.12573500065279686,8533291.497638179,519.9225656976562,0.472678512555806,6921151.846916459,671.1192400787245,0.6144623151295985,7597150.15001561,587.6183452378748,0.8442466784020729
Steel,2,3,4989.41,-0.212,0.694100196659565,0.10781190967559816,0.00811047162449911,0.4212631714168276,0.09317927122116089,0.4045840074449288,0.15316881410544197,0.05402639359235764,0.5107019278385501,0.0,0.0,0.0,0.0,0.0,0.0,0.0,0.0,0.0,0.0,0.0,0.0,19310819.631662197,324.17134083268814,0.17081078641931835,13900362.51924649,239.14810404966514,0.354971737600948,12650749.591059946,748.3179372620174,0.6246901762995083,0.0,0.0,0.0
Steel,1,3,5010.64,0.213,0.9092939868569374,0.08659416908025742,0.0211666149245072,0.36130121341461113,0.0731696254014969,0.3468207972922681,0.0,0.0,0.0,0.0,0.0,0.0,0.0,0.0,0.0,0.0,0.0,0.0,0.0,0.0,0.0,8893367.694752334,250.3987098734968,0.11575413535442733,9811934.564144474,128.9431357091917,0.3741236314840262,8483798.693830175,340.2851866624929,0.6896646946212377,0.0,0.0,0.0
Steel,3,3,4989.35,-0.213,0.9627935513854027,0.07571919715404511,0.009692909425801666,0.16157697490976758,0.08604968786239625,0.2873884857439284,0.28420883139512426,0.04460911825299263,0.401227940781532,0.3206250405238975,0.08584748804569245,0.7166524727612419,0.0,0.0,0.0,0.0,0.0,0.0,0.0,0.0,0.0,18279707.137621738,559.309374125925,0.11041449499457007,22658123.77588024,406.8300215431869,0.26950114679376747,15814034.544417765,448.9676085841839,0.7716612825100247,0.0,0.0,0.0
Steel,4,4,5010.69,0.214,1.0355364188551903,0.10805274879932404,0.02117269217331114,0.4063288510397333,0.09734600543975831,0.1631409245649759,0.4519913349717782,0.0858839762210846,0.3363125029871441,0.2038591114542346,0.15,0.6070708134348756,0.3674912156639449,0.1164390379190445,0.7722331517804848,0.0,0.0,0.0,0.0,0.0,0.0,30463735.027548086,233.5458215203655,0.10355364292105546,31486672.296301927,547.0208578119035,0.20560789614695268,34355772.45926855,393.32962447872933,0.3704829817456023,34821044.96758611,820.2205415559602,0.8998363808231211
Steel,3,4,5010.7,0.214,0.5263454161584378,0.08630506056547166,0.05549566722848879,0.2604534780340364,0.02,0.13918202677013894,0.4158757032387216,0.08860210895538331,0.24747592344319247,0.3202166970180477,0.02,0.3981009430269091,0.0,0.0,0.0,0.0,0.0,0.0,0.0,0.0,0.0,8794550.166805439,452.7390567711419,0.06373409864098653,9730560.412763873,811.4620491910074,0.17975522601967214,10168829.881528033,715.6250909814431,0.31486194949034574,7753543.426976893,406.82808381169474,0.45630675401650655
Steel,2,3,5010.71,0.214,0.9074557542800904,0.07992237943410874,0.03010763174588343,0.25675173022033215,0.10574295043945313,0.18538761822438843,0.19438665347519424,0.10407996058464052,0.7270095868984363,0.0,0.0,0.0,0.0,0.0,0.0,0.0,0.0,0.0,0.0,0.0,0.0,11140955.599815113,625.535808637384,0.10202007991022438,9211158.060569689,381.8549171325636,0.27053200588758486,11558454.106190803,595.7790172178816,0.6846794988747164,0.0,0.0,0.0
Steel,1,3,5010.76,0.215,1.3128369539976121,0.0886451823115349,0.02038653908804016,0.1979081896456402,0.14866761982440949,0.36594465646296237,0.0,0.0,0.0,0.0,0.0,0.0,0.0,0.0,0.0,0.0,0.0,0.0,0.0,0.0,0.0,14729382.716988487,757.0230277628856,0.2512448896004918,16090553.476442568,743.6788954642007,0.8475580075923965,21302293.90606278,1099.9999999999995,0.9715745335467817,0.0,0.0,0.0
Steel,1,4,4989.26,-0.215,2.1,0.07329725104570389,0.010064990644634422,0.45456927429836314,0.1006904423236847,1.041124418540597,0.0,0.0,0.0,0.0,0.0,0.0,0.0,0.0,0.0,0.0,0.0,0.0,0.0,0.0,0.0,80162663.19219437,827.1326755394666,0.26224466803756075,92805907.3091498,578.053388299408,0.41205924774140523,77357662.58579096,359.5664331020701,0.8791741232172727,69563759.12368032,565.4423493343887,1.711666328450312
Steel,4,3,4989.24,-0.215,1.5376775920391084,0.10651523792743683,0.026763622963593095,0.18648472828142976,0.10135386228561402,0.1920565342124138,0.3610361192611571,0.06318707972764968,0.5745212979377456,0.2636695018208223,0.05841608226299286,1.0264215609710075,0.47933425915482764,0.12934409737586974,1.1831012094404565,0.0,0.0,0.0,0.0,0.0,0.0,54815096.06090912,378.34194389284903,0.16021248456167997,60832900.3775396,285.49344301146476,0.6585349280739842,54331255.76012604,1074.8828397130555,1.3077896006724072,0.0,0.0,0.0
Steel,5,4,4989.24,-0.215,1.0417613565921784,0.05655415832996369,0.018817745421208672,0.35005795382634247,0.08203939020633698,0.1383028415916675,0.47182217224821044,0.08757237374782563,0.34940035340723613,0.3268890471132167,0.03724064737558365,0.5137103245995219,0.3269287583671639,0.0494327287375927,0.5696181901508495,0.29129197245962984,0.07283144921064377,0.7604698955005831,0.0,0.0,0.0,25370524.74129191,699.2886604562485,0.11908765529035041,29950045.190864578,926.6346050584154,0.39406461126773906,28299870.963589434,438.6879801781928,0.6510222310667328,29447400.57434011,341.048067533048,0.8992034183024992
Steel,6,2,5010.8,0.216,1.1379434123635292,0.08026712512969972,0.020340337863874392,0.24596365740656467,0.08639775514602661,0.17876346679609262,0.36188351319730117,0.0790336486697197,0.3525750024180724,0.29868712021540944,0.05680267572402954,0.46942876623456453,0.2587537473263673,0.04457940816879273,0.6557195902144106,0.3074888567224669,0.03472926385700703,0.7960057015560034,0.22821670535750688,0.0696958565711975,0.9168279843168247,185611811.92863405,826.273177245305,0.14484136127642327,180500127.05827782,565.0877111744968,1.0106103269562148,0.0,0.0,0.0,0.0,0.0,0.0
Steel,6,2,5010.83,0.217,1.1355468899011614,0.10538505876064301,0.020906472561006553,0.27187703268864244,0.15,0.22321575712543246,0.28344968467613574,0.04272312939167023,0.3880897513212858,0.31339836060665566,0.11432036817073822,0.5021913944444913,0.3640714937491577,0.09642639338970185,0.7340126553999564,0.5534236248959143,0.03956378921866417,0.8062053693129824,0.24488368722701775,0.13008916437625886,0.9164727361669001,129582692.60244042,58.541327352441755,0.15549018065597772,132377559.76483162,562.8604120475771,1.0106509140056295,0.0,0.0,0.0,0.0,0.0,0.0
Steel,2,3,5010.85,0.217,0.7733228877186775,0.09235101127624512,0.026583339772627862,0.3801289656548484,0.10601238489151002,0.2709516741736502,0.24977962437287107,0.054881975054740906,0.5271937827234674,0.0,0.0,0.0,0.0,0.0,0.0,0.0,0.0,0.0,0.0,0.0,0.0,19840895.575779922,877.9896343662009,0.1419827094627983,22106553.205632195,472.50293107570843,0.5657782202672601,21132597.436396636,303.95177358295086,0.6806709917316198,0.0,0.0,0.0
Steel,4,3,4989.14,-0.217,1.242743620276451,0.08816134154796601,0.014104506642493403,0.2335564107963734,0.03589489117264748,0.3218954605136909,0.19493863626500596,0.09002085506916047,0.6777541303845446,0.4451334566166908,0.057142862677574166,0.9995560293852843,0.2880451663947803,0.0509790226817131,1.0811767795332292,0.0,0.0,0.0,0.0,0.0,0.0,29007224.73606815,538.3162717119036,0.1556804795976316,22994384.060485832,388.4727465538045,0.6368042119170073,26536150.505216967,338.4198703157847,1.0547317219603114,0.0,0.0,0.0
Steel,3,2,5010.89,0.218,0.9643880903720856,0.08646966993808747,0.028211361664619336,0.15658490682275145,0.07937235563993454,0.29688317440712525,0.17438198512788797,0.09548217177391052,0.5953702067598841,0.3201019073738225,0.09701795279979707,0.855020428629497,0.0,0.0,0.0,0.0,0.0,0.0,0.0,0.0,0.0,20172302.06412027,660.3293190440165,0.13556950543625793,25161463.79229708,367.5515850700164,0.8222286161594454,0.0,0.0,0.0,0.0,0.0,0.0
Steel,1,4,5010.92,0.218,0.8587133973836899,0.09809063374996187,0.02435676705364825,0.20552566864386823,0.12076612949371339,0.3092755577020111,0.0,0.0,0.0,0.0,0.0,0.0,0.0,0.0,0.0,0.0,0.0,0.0,0.0,0.0,0.0,5240755.896536046,1082.7109362849326,0.10033116463301454,4945781.7607638715,626.9678120633123,0.2762842778164038,6010194.732590756,771.5778134872306,0.36756850402238017,5929278.273975263,931.600775235234,0.692609577719113
Steel,6,4,5010.94,0.219,1.271524715423584,0.1108767832517624,0.04065722813819748,0.37373726292296006,0.09411820828914642,0.3129997034448277,0.29221345198415005,0.09491439282894135,0.4888162593351697,0.29054403627397796,0.08200265020132065,0.6245891945623813,0.27953752633217405,0.10445401668548585,0.7220346106950508,0.275658259454922,0.056586478054523465,0.9528746716089697,0.24474909893329022,0.0719241264462471,1.0393782655754158,23508352.254917707,490.17458596908625,0.12946142436995534,25495070.201261804,533.6874358685877,0.41041230617883995,27793012.434854582,347.7008186137776,0.6462299117100962,26717061.92932801,530.3520732360281,1.0817121126541533
Steel,3,4,5010.96,0.219,0.6972694814205169,0.09568435001373292,0.018030164985879338,0.346689320440098,0.09885515451431275,0.2485016188817356,0.25619593452257894,0.09553263068199158,0.35348154642196083,0.43295305767968945,0.05497936725616455,0.4703227669961873,0.0,0.0,0.0,0.0,0.0,0.0,0.0,0.0,0.0,19703744.03215439,283.6479185261852,0.07577199303118276,15894443.81117312,325.6898285183064,0.08124576451307282,21505824.20523939,182.51160517333363,0.23746663878955301,20709280.720535804,269.091688270994,0.5839341581026267
Steel,3,3,5010.96,0.219,0.9156307369470597,0.05687565380334854,0.04212242522513554,0.12281812563613197,0.09205197334289551,0.30417404417518284,0.28010133287408817,0.10344339728355409,0.4546029418064953,0.315516683533427,0.08343091160058975,0.7871963564576716,0.0,0.0,0.0,0.0,0.0,0.0,0.0,0.0,0.0,13282771.642426454,270.6111208492998,0.1117897603257996,15256633.667562744,161.31249556317067,0.4708449872878164,17043495.057469383,386.0798632802223,0.7578032132741557,0.0,0.0,0.0
Steel,5,4,5010.97,0.219,0.7673362404108047,0.11100704205036165,0.03867530344860328,0.22835864097918881,0.07152434885501861,0.08916720035893,0.328382843959175,0.11274959444999695,0.23615552334417395,0.24263313985187382,0.10842365741729737,0.3965337039111062,0.11656904989229502,0.05115036755800247,0.5413401851315482,0.16897466789877544,0.08198209315538407,0.6534256963345331,0.0,0.0,0.0,16415022.932181166,238.7831984297425,0.09930732141281552,13264101.236719836,272.27848437968663,0.27129907481087157,16778619.100627802,778.2503737635675,0.36723926604460444,13745234.155062126,699.9809933391487,0.637323066389974
Steel,3,4,4989.05,-0.219,1.5691461533308029,0.079512411236763,0.013321184876726542,0.3042621169952722,0.1303707641363144,0.2207915732076789,0.4409778795455445,0.12936167895793915,0.9574477447446725,0.2462562214141726,0.11325718224048616,1.1767513185182232,0.0,0.0,0.0,0.0,0.0,0.0,0.0,0.0,0.0,47522581.178721264,425.0374377042688,0.1688753012165505,46165657.9446038,423.63881879430994,0.3908128354230361,41502056.942061804,71.59979588867701,0.75141107263641,48679326.3927571,793.4942718482803,1.3122180633058804
Steel,1,2,4989.03,-0.219,1.0339042782783507,0.06495546150207519,0.027438122296504972,0.35633705643244956,0.10984791278839112,0.26636523791108463,0.0,0.0,0.0,0.0,0.0,0.0,0.0,0.0,0.0,0.0,0.0,0.0,0.0,0.0,0.0,25547587.814097658,858.8211607960349,0.16309480752437558,22782874.801363546,237.67479232535135,0.8173788961166648,0.0,0.0,0.0,0.0,0.0,0.0
Steel,5,3,5011.01,0.22,1.4052370727062227,0.0826387112736702,0.016350621405889373,0.42904642538868604,0.10518984735012055,0.2398810797705313,0.18429965270175777,0.0784901112318039,0.44378668025024653,0.47879307191033266,0.08163551360368729,0.7262300479340635,0.4958863334025732,0.11695208847522737,0.9837315316388384,0.4690175409285787,0.04407774418592453,1.1933909125140396,0.0,0.0,0.0,87220871.06461325,667.002743012857,0.18748769702791238,101429949.33585662,465.7801599577679,0.9683809242672424,92880728.81113705,357.51143066673444,1.2059697590731662,0.0,0.0,0.0
Steel,6,2,4989.01,-0.22,0.8659391880035401,0.09997684717178346,0.028491478472269214,0.3710884323219393,0.0802491295337677,0.13512112487722244,0.2346501738659765,0.06232443928718567,0.2548291555723989,0.17068828500848324,0.09561311542987824,0.3822991218511687,0.32042589331484883,0.08249284625053406,0.5401187737903963,0.2972809129194101,0.06463496446609497,0.6494883018383283,0.2848124910838037,0.07760018795728683,0.7334051069430301,44739396.555433266,606.4752147792932,0.0957847053077584,41358977.69543713,501.0706531890921,0.7494268805548578,0.0,0.0,0.0,0.0,0.0,0.0
Steel,2,3,4988.98,-0.22,2.0181981265544895,0.0814667671918869,0.02136173460578924,0.2112475644492959,0.04593980923295021,0.826575239866767,0.19551699034269535,0.10307693481445312,1.3623804455491961,0.0,0.0,0.0,0.0,0.0,0.0,0.0,0.0,0.0,0.0,0.0,0.0,28670065.732523233,408.18582313386315,0.2951279217374346,23947782.33439082,297.4488028377458,1.3854350736901586,27826743.540841706,429.7463075624266,1.8025293767819928,0.0,0.0,0.0
Steel,2,2,4988.98,-0.22,0.7056840501725674,0.07352827209234238,0.0588226176738739,0.17677341078604297,0.10511770009994507,0.24841413091671766,0.2798336136160105,0.07569573998451233,0.6339572701311208,0.0,0.0,0.0,0.0,0.0,0.0,0.0,0.0,0.0,0.0,0.0,0.0,12327185.744204119,445.9665916254245,0.08959388436347485,16267991.362492928,708.1375472831618,0.5723487706482142,0.0,0.0,0.0,0.0,0.0,0.0
Steel,4,3,5011.05,0.221,0.9198201715946198,0.08634193760156632,0.04044906017951192,0.39685180433517314,0.062398562431335444,0.16566578243493224,0.3502178321173572,0.06130442470312118,0.373002010445287,0.2602130444046345,0.15,0.5477424195172507,0.2630150271367738,0.02,0.6520930120886809,0.0,0.0,0.0,0.0,0.0,0.0,33650445.71621824,176.04726743566172,0.13741100288024943,24898677.468044396,851.2216432330791,0.7133123775861754,28728076.688663814,431.0679224924465,0.80177222448668,0.0,0.0,0.0
Steel,1,4,5011.14,0.223,1.3539717704057694,0.08210068488121033,0.01022552526241329,0.2797703916404411,0.05940073221921921,1.1565206865868152,0.0,0.0,0.0,0.0,0.0,0.0,0.0,0.0,0.0,0.0,0.0,0.0,0.0,0.0,0.0,14111775.012824835,320.2257809371214,0.32722560849299664,15596885.25433412,520.989103252763,0.5567333924462401,14176553.201745078,454.186672654688,0.8288645869466559,12204846.078960134,651.9951091294296,1.1107708421950893
Steel,3,3,4988.88,-0.222,0.25,0.10004504048824311,0.030105960473334012,0.3905657739237266,0.0886499720811844,0.028100209415124453,0.2707464867324439,0.055269254148006444,0.11879230537079302,0.3472645541541734,0.09907960057258607,0.21923649103679108,0.0,0.0,0.0,0.0,0.0,0.0,0.0,0.0,0.0,17921473.845790114,252.04081874308164,0.04100643550230947,17504667.04635578,555.6736973386687,0.1397002020130453,18756275.994940206,712.891095308637,0.20640242271039297,0.0,0.0,0.0
Steel,4,4,5011.15,0.223,1.541373685002327,0.07404625183343888,0.031049576640840272,0.19151977962456823,0.029988165348768234,0.29560198128629667,0.22116324260268944,0.11378255307674409,0.45975773659815256,0.4747836407339649,0.06932352840900421,0.7195241203150143,0.21824586320355302,0.07178712338209152,1.1476935149918228,0.0,0.0,0.0,0.0,0.0,0.0,18026380.586578928,559.6050493622668,0.17187551207547536,21021999.83655257,263.466170588435,0.6946386540098313,19353658.158943042,149.42269694617266,1.0192533074055175,22199849.312864278,405.5836450693394,1.381662857502619
Steel,1,2,5011.16,0.223,0.9250382468104362,0.08489749109745026,0.02087688294025279,0.4706078640221854,0.05339446395635605,0.6289865477757728,0.0,0.0,0.0,0.0,0.0,0.0,0.0,0.0,0.0,0.0,0.0,0.0,0.0,0.0,0.0,14997987.175641662,781.2981388594671,0.300220815194608,17703534.90257006,87.21302021696215,0.7325798222103661,0.0,0.0,0.0,0.0,0.0,0.0
Steel,1,2,5011.16,0.223,0.895877055823803,0.06195148539543152,0.025293674560536012,0.30703764553191515,0.11035653114318848,0.45323110480477347,0.0,0.0,0.0,0.0,0.0,0.0,0.0,0.0,0.0,0.0,0.0,0.0,0.0,0.0,0.0,18849909.161575574,670.4253087042287,0.19284588049828133,18141134.470878195,1099.9999999999995,0.7276295199304115,0.0,0.0,0.0,0.0,0.0,0.0
Steel,1,3,4988.86,-0.223,0.9216970533132554,0.08696029871702195,0.015009662749171399,0.215889555827795,0.06502606362104416,0.2763070075177556,0.0,0.0,0.0,0.0,0.0,0.0,0.0,0.0,0.0,0.0,0.0,0.0,0.0,0.0,0.0,7913401.308385016,379.8877174324259,0.1693222813635255,7019237.260281289,648.4233390443247,0.4672624901355482,7477507.717946062,544.7266185941504,0.6569797643640415,0.0,0.0,0.0
Steel,5,4,5011.18,0.224,1.3782752990722658,0.09178299319744111,0.02248350664707436,0.43896646931106237,0.10441413462162019,0.2789448131028358,0.5514497947250787,0.10622767210006714,0.45893741889856454,0.2742064066048672,0.11440080642700196,0.6539502082588318,0.32902674747645694,0.06484535068273545,0.8934084941442296,0.25754472322454347,0.09156642258167268,1.021569826017783,0.0,0.0,0.0,69834220.37300758,277.4271307294365,0.14892133158339516,59131527.88038956,331.5818845871645,0.6813359162861286,58777706.53058053,230.27083434419174,0.76163671348916,63847234.942210354,222.29039820536389,1.213733902996614
Steel,6,3,4988.84,-0.223,1.7234909772872926,0.11607391464710237,0.01833701464263696,0.2848758470549418,0.13963497161865235,0.1723590977287293,0.23692006261572443,0.1054021281003952,0.3904125228365899,0.20026374831828633,0.060770925581455235,0.4780129521674089,0.3526520178732648,0.10002082347869874,0.8342514073593498,0.568893990516465,0.13617099702358246,1.0671302550978565,0.2009211425602031,0.0843396407365799,1.4163884131394777,126716422.82104671,515.2236183028949,0.23099224581663536,133010058.85690579,145.68815940952433,1.2132828728907796,147772887.3810661,205.51882502487635,1.52989539037409,0.0,0.0,0.0
Steel,5,3,5011.19,0.224,1.8625483840703965,0.10547196567058564,0.012774608915995446,0.3315926065985152,0.10957911372184755,0.4141348972070534,0.40807052952432427,0.11504549801349641,0.6996726722222392,0.4152519950928865,0.09639236927032471,0.9827065754300168,0.24178575057052776,0.11719269812107087,1.3632068255580356,0.31227715663957273,0.0797063747048378,1.676283545663357,0.0,0.0,0.0,62336358.5649877,538.6049536771669,0.2104326954156849,77075831.9298239,447.85119466989585,0.9534683037269255,72635995.34452996,413.9726405882252,1.666282545663357,0.0,0.0,0.0
Steel,1,4,5011.19,0.224,0.43245057910680773,0.06489943498373033,0.030498465773836102,0.30683340172081014,0.11724850356578828,0.11326674199566666,0.0,0.0,0.0,0.0,0.0,0.0,0.0,0.0,0.0,0.0,0.0,0.0,0.0,0.0,0.0,6500115.898368009,433.51756768478856,0.05682256264201884,8678244.189281069,336.0679403239842,0.14733517885863373,7364245.251504059,476.5842967032324,0.20432590316632032,8953119.554493636,567.5146292408025,0.3289535434959918
Steel,3,3,4988.83,-0.223,1.1097239702939987,0.09106910049915315,0.027059240106139578,0.3060797195117777,0.14801008880138397,0.4913994879649878,0.22404292291733383,0.06733404725790024,0.8365835870470902,0.2254645173907879,0.09805004358291626,0.9755842890252591,0.0,0.0,0.0,0.0,0.0,0.0,0.0,0.0,0.0,19936151.79158031,485.4239343023495,0.20494765971681772,19081593.747635785,699.3876564610565,0.5397845822364076,19878934.041064184,345.7990030689939,0.9538536352332962,0.0,0.0,0.0
Steel,5,2,5011.2,0.224,1.7256891816854478,0.10581057929992677,0.052016012893420956,0.3271327290649698,0.10148406982421876,0.3068012625700161,0.3939575174741007,0.03396039605140686,0.5279109287034566,0.39853738859939863,0.06105603545904159,0.5968118835420703,0.2675208146380448,0.09424986481666565,0.9056832976134073,0.3413729465675948,0.04233893036842346,1.249219671654997,0.0,0.0,0.0,733842322.0732903,258.127032141016,0.2322603381370583,643428274.5555083,209.35112816620412,1.3977803240880797,0.0,0.0,0.0,0.0,0.0,0.0
Steel,4,2,5011.21,0.224,1.1539485678076744,0.07368425679206848,0.02833249800693282,0.12038024154199879,0.10795949280261995,0.2622861060698107,0.21460185886171806,0.03148281194269657,0.4193896497901531,0.275037973426108,0.05488553166389465,0.5392583596084695,0.27179483656512976,0.15,0.8235515321551641,0.0,0.0,0.0,0.0,0.0,0.0,73137872.40309161,611.8754683573818,0.21275193512329948,64399075.59643959,501.7435545308105,1.0249385055666123,0.0,0.0,0.0,0.0,0.0,0.0
Steel,5,3,5011.22,0.224,1.1046121940016747,0.10145669376850129,0.016084497487566532,0.2028754605206721,0.07525453448295594,0.1752862035113149,0.25429079093533313,0.11672939360141756,0.33641158438974766,0.1748933786452312,0.048839398771524434,0.4839807509293882,0.21421763151015052,0.11830435156822205,0.6617575551127532,0.44652814160799437,0.15,0.8872774999484676,0.0,0.0,0.0,38913182.84711581,1099.9999999999995,0.12240795835191903,37032391.49286273,573.2550728085753,0.7768758622030434,34021386.268396236,189.97114887649508,0.994150973496895,0.0,0.0,0.0
Steel,4,2,5011.25,0.225,1.0234563291072845,0.09101956999301912,0.027855800315048057,0.27870779935116646,0.08970017135143281,0.21557858698394083,0.19275356948433062,0.12579491913318633,0.4574041571482095,0.29132195041844067,0.06552974224090577,0.6468476637842152,0.15546660084452008,0.13152161002159118,0.8493841270823403,0.0,0.0,0.0,0.0,0.0,0.0,29974874.99959604,130.33245870289804,0.25735728381341555,23823816.935414534,508.9789980244093,0.905572786153871,0.0,0.0,0.0,0.0,0.0,0.0
Steel,1,4,4988.76,-0.225,1.3796331465244294,0.12640397906303408,0.012713012297429702,0.33129558567308404,0.10761313796043397,1.1533492721215923,0.0,0.0,0.0,0.0,0.0,0.0,0.0,0.0,0.0,0.0,0.0,0.0,0.0,0.0,0.0,42539274.065045744,1099.9999999999995,0.43358475765924087,28930416.77051109,394.37676649982365,0.6861542078653735,30858801.39983747,571.2566200273352,0.8149954804438491,25414781.692845188,274.7186424246643,1.1925055727312253
Steel,2,2,5011.27,0.225,0.8897425383329391,0.08883146762847902,0.009048674629717084,0.4225611801888085,0.04381317004561425,0.41326605385601795,0.25659887063987097,0.06764460742473602,0.6481024936833966,0.0,0.0,0.0,0.0,0.0,0.0,0.0,0.0,0.0,0.0,0.0,0.0,21044901.716081575,506.3630681586513,0.3566319373442669,13253448.644813545,373.69932529488995,0.7785936000219276,0.0,0.0,0.0,0.0,0.0,0.0
Steel,6,4,5011.29,0.226,0.9522432178258896,0.07803232342004776,0.014584149229212657,0.3388183618665972,0.09927601993083955,0.18627907307894082,0.40656086105193695,0.04606221005320549,0.3313578761945651,0.16031318915042217,0.12921920537948609,0.4593041842084483,0.19007399014080742,0.10048759162425995,0.6031005941139728,0.18063365684735733,0.07313722848892212,0.7272577539923668,0.3776392887445794,0.08591730296611787,0.8212207734239219,24365725.434555404,639.5485176935081,0.14588698641510844,22036437.17846573,1005.5216424998541,0.43260980170147667,21281052.448545437,116.39896225629535,0.5178737159860083,22494174.2742686,370.3566259827912,0.8402004367055821
Steel,1,4,5011.29,0.226,1.3409494906663895,0.09617295169830323,0.007322973773158492,0.31274044096600456,0.05609197765588761,0.8657051468712786,0.0,0.0,0.0,0.0,0.0,0.0,0.0,0.0,0.0,0.0,0.0,0.0,0.0,0.0,0.0,11422669.664344516,335.4504477672544,0.31828126840591237,7496289.269108102,570.3570370572774,0.8359464320220965,9671467.693881307,483.0102249414019,0.9556100504751506,8737431.211019875,603.0264215067155,1.129308502960618
Steel,6,4,5011.31,0.226,1.733740884065628,0.10018384778499605,0.016522060841132308,0.31424041011117787,0.04501044750213623,0.5288389565329717,0.30350598753782615,0.037224456667900085,0.7245249816608297,0.2805512929700715,0.05341722935438156,0.9303827142508925,0.3408074450057943,0.03839109614491463,1.0110637973189172,0.5082522152543345,0.03278270997107029,1.170952233359102,0.3850400273996357,0.10394780039787294,1.375847460622304,42695710.39972779,364.37167033257634,0.21259231512232785,41234196.22119462,854.8575687519915,0.6518021635220508,42016447.89279598,206.07413383290995,0.8886682779021753,38877566.71011438,573.5554977637423,1.5546084968596128
Steel,5,3,4988.72,-0.226,1.0944104194641113,0.0709433416724205,0.021847483513295043,0.4159125239768168,0.10510006427764894,0.18271184152013165,0.12570034618716108,0.12698295831680298,0.4563038092723283,0.33758940012686245,0.0625507140159607,0.7194402205110342,0.12070898500274833,0.09122715771198274,0.8490085789350157,0.30259677824291853,0.036583126038312916,0.9849593775177004,0.0,0.0,0.0,24233290.376795303,452.812466624823,0.13199989384810454,28040981.4910814,497.54084968716063,0.4843116910016067,29872933.443638545,341.96123495813407,0.9749583775177003,0.0,0.0,0.0
Steel,5,4,4988.71,-0.226,0.9573390051722527,0.06427332943677902,0.022760618828384337,0.17765111916286438,0.07959129244089126,0.179230467181597,0.3383773806121028,0.0974245297908783,0.2797956526937409,0.4184790602120213,0.12984766364097594,0.4930704544754996,0.2560853418999504,0.11866674602031708,0.6350149992586466,0.13605722967898187,0.04664268702268601,0.7501974315756977,0.0,0.0,0.0,18835298.887396596,537.482794975775,0.10629786249497584,24595775.716104563,686.496965573613,0.37288603452148583,29740696.670981836,700.0324724635143,0.5126202761569482,26714564.022468228,347.61497683101925,0.8331449831420639
Steel,1,2,4988.69,-0.226,0.993561851978302,0.05276551896333695,0.03725140872713953,0.2804749649711734,0.023395178858190775,0.3044016944916797,0.0,0.0,0.0,0.0,0.0,0.0,0.0,0.0,0.0,0.0,0.0,0.0,0.0,0.0,0.0,9630748.93560751,293.53932474792015,0.4837342655010713,6625779.9209109135,125.83175380944293,0.8569753596597158,0.0,0.0,0.0,0.0,0.0,0.0
Steel,6,3,4988.68,-0.226,1.6335777461528778,0.08265264278650285,0.016301604287542983,0.22484087660931826,0.11534371852874757,0.26419724844322395,0.27482347096608806,0.09051054358482362,0.5765027807613164,0.2898381693792109,0.08862409174442291,0.8056647389389815,0.2553757715375495,0.0496455654501915,0.9055429783103881,0.18761041992819502,0.07791537016630173,1.1338947624457847,0.32099964148760085,0.1119379359483719,1.2568944981871897,41080042.684111506,724.3396190226093,0.17052047974127954,38199569.96629932,1099.9999999999995,0.6938077432618568,44924758.653636284,627.4497398380133,1.4188861703755027,0.0,0.0,0.0
Steel,2,3,4988.66,-0.227,1.4125282526016236,0.08631248337030412,0.016008781958631316,0.258096151690672,0.03937756314873696,0.5615769213735231,0.27521053382578775,0.09055991768836975,1.1533081069924993,0.0,0.0,0.0,0.0,0.0,0.0,0.0,0.0,0.0,0.0,0.0,0.0,13131916.917431118,162.16391191362268,0.3273668352632896,17991090.20703641,358.5950484523836,0.6359213457717037,14910929.107786428,1001.7988271637206,1.2340566718673454,0.0,0.0,0.0
Steel,4,3,5011.37,0.227,1.1695200368762015,0.06061968863010407,0.019202091279895167,0.20792154395141257,0.12031411468982697,0.19746781637670985,0.37521840244276583,0.06929345220327378,0.4544838070307802,0.21490667281451692,0.10112365126609803,0.7435015338042364,0.2425553132983748,0.06666164666414261,0.9093527304527426,0.0,0.0,0.0,0.0,0.0,0.0,47382389.062209524,205.40495311194886,0.11695200485714019,36925856.934637226,247.97256850548817,0.3484238204035317,43708818.55775954,404.13753411541813,0.9939199472409914,0.0,0.0,0.0
Steel,2,2,5011.38,0.228,1.113912081718445,0.13590968894958497,0.017941989211941047,0.29927999999543003,0.07156455636024475,0.3232566878710038,0.29751639283714376,0.08086556583642959,0.6015315193349587,0.0,0.0,0.0,0.0,0.0,0.0,0.0,0.0,0.0,0.0,0.0,0.0,31620491.321869235,560.8454089733126,0.1489342534773489,29100713.714842156,250.93287129818393,0.9539124923973545,0.0,0.0,0.0,0.0,0.0,0.0
Steel,6,2,4988.63,-0.227,1.4029739201068878,0.09162460052967072,0.02103092076685778,0.25235421750657966,0.09202372968196869,0.21924947211779922,0.3248346416307046,0.04852880373597145,0.3916143183913232,0.22650491211988624,0.07467065393924713,0.6805025350198476,0.4400883378785087,0.0846633192896843,0.9421031583073972,0.18182218079264584,0.05736086189746857,1.1009309964997145,0.4416237774952844,0.09946290075778962,1.262666528096199,148877475.42630115,470.93645911120933,0.24494571593176423,252127269.5987599,681.9505946599738,1.2526655280961991,0.0,0.0,0.0,0.0,0.0,0.0
Steel,2,2,4988.63,-0.227,1.392742869257927,0.11604398643970491,0.011040818375338655,0.4417316036128068,0.07521969288587571,0.8011349102903389,0.23662520299237608,0.05598406672477722,0.8894057528223382,0.0,0.0,0.0,0.0,0.0,0.0,0.0,0.0,0.0,0.0,0.0,0.0,41202212.851450555,381.9421557561185,0.2694517052260452,36302784.28922372,489.8387833686303,1.0739153821258642,0.0,0.0,0.0,0.0,0.0,0.0
Steel,1,3,4988.58,-0.228,1.0744325071573257,0.09624981200695039,0.02873050694645912,0.269357916261184,0.10878466486930848,0.7479377887714543,0.0,0.0,0.0,0.0,0.0,0.0,0.0,0.0,0.0,0.0,0.0,0.0,0.0,0.0,0.0,9894805.075762039,638.2922912103558,0.3000751076392594,10216871.992701935,605.2009282148344,0.7827936723636051,13735346.069133297,416.9964747026642,0.9669892553671606,0.0,0.0,0.0
Steel,5,4,5011.46,0.229,0.9977013349533081,0.0945241072177887,0.015977632644366253,0.31745750651412713,0.02,0.20013568120356334,0.3167086352651985,0.10173268377780915,0.3415916569319347,0.4581324384989198,0.04992959633469582,0.5548334098311659,0.2707563433772446,0.09000163853168489,0.6988380957513239,0.45349288743625,0.11790656924247743,0.8739476799723989,0.0,0.0,0.0,34374444.68455105,247.1759965648778,0.11054818684628398,30251287.65766336,440.55718452198687,0.4146438472182771,34716132.371574275,381.6442151287831,0.5741318192046713,41129455.519029565,268.97308148472706,0.8928521721862505
Steel,4,4,4988.56,-0.229,1.2264729380607604,0.1257141914367676,0.023490600887813098,0.37479295118441475,0.08952045023441316,0.2731797088773148,0.3857047706942606,0.13695971190929412,0.4537979547655353,0.3555118308222919,0.15,0.7452384763715838,0.16858131857922026,0.07686097115278244,0.918118626603816,0.0,0.0,0.0,0.0,0.0,0.0,28819521.362594735,430.9518101870275,0.1359289496487491,38759572.89749858,259.2734125602157,0.4847750070902169,31381600.376398597,344.5648729779397,0.6740722878095257,33894854.942711316,219.8170370960259,1.0909154907369099
Steel,6,4,4988.53,-0.229,1.0649968788027764,0.0847500845193863,0.027562604237713825,0.31815846790664976,0.058091090321540834,0.16132993386509759,0.2541481248444725,0.045688390284776684,0.26714960549654293,0.17231954365973579,0.02,0.33545998961357204,0.30104028163086294,0.0839410138130188,0.4140005824513374,0.2655240352289909,0.10099748849868775,0.6582186119725164,0.25201183066653116,0.054980436563491816,0.830284390724522,15252292.04666945,164.45664567451448,0.11031206901186319,15581722.600498762,107.59619135263765,0.42466488287551707,15040054.80345665,1001.6711478354268,0.6809653549596866,16526156.809719268,187.99756750145255,0.9338740830425917
Steel,5,2,5011.52,0.23,0.9869967907667161,0.09379495418071748,0.02811260504195613,0.3182844103547558,0.05675764858722687,0.20495279058586952,0.2040088798287906,0.10477592468261719,0.4692857320476539,0.2862293789340227,0.02,0.6283590702793576,0.42646547579876065,0.07894057244062425,0.7610768307662286,0.3366081634454466,0.02,0.8577146448065353,0.0,0.0,0.0,38294636.15491804,565.9742386917729,0.12655727010260837,38035586.69395875,257.01549049186883,0.8871855154947478,0.0,0.0,0.0,0.0,0.0,0.0
Steel,4,3,4988.51,-0.23,0.9655976817011833,0.06478195661306381,0.006238821858354815,0.2688487189475345,0.07402106910943985,0.17276393945395302,0.24742543787850754,0.07622256755828857,0.3954467421188826,0.26942353702586497,0.035652776360511784,0.6055720092976007,0.3360957939477315,0.12421807825565338,0.8141904100852518,0.0,0.0,0.0,0.0,0.0,0.0,21559497.156673614,84.32659848081742,0.19710945043845854,17455299.902856942,358.82248849364174,0.6483737693889648,16835879.61332781,335.941125145889,0.8690379125654673,0.0,0.0,0.0
Steel,3,2,4988.49,-0.23,0.7765633508563042,0.07856492871046067,0.02077761927624903,0.25292897833321853,0.05249252453446389,0.10828862541146235,0.3320159531062118,0.07797025352716447,0.3012182843481664,0.33298283705004444,0.12981268644332886,0.5015608813245115,0.0,0.0,0.0,0.0,0.0,0.0,0.0,0.0,0.0,30302053.693451077,521.1495306298503,0.09828466093209742,37227576.01648283,358.75228653332596,0.6545382394636563,0.0,0.0,0.0,0.0,0.0,0.0
Steel,1,3,4988.48,-0.23,1.1700650945305826,0.07741783028841019,0.014104126351832263,0.2610550585203061,0.07405031234025955,0.7201445299697461,0.0,0.0,0.0,0.0,0.0,0.0,0.0,0.0,0.0,0.0,0.0,0.0,0.0,0.0,0.0,7362639.740271957,277.3401969805185,0.15912570018897865,8409717.197430741,628.1774551345037,0.5454200996708127,7786051.775089967,535.9274210274704,0.9381394553041079,0.0,0.0,0.0
Steel,1,4,5011.57,0.231,1.158972680568695,0.13865904676914215,0.022978339596461807,0.32187295542572425,0.1160252857208252,0.7918425006239402,0.0,0.0,0.0,0.0,0.0,0.0,0.0,0.0,0.0,0.0,0.0,0.0,0.0,0.0,0.0,22424350.644135986,276.21474432141696,0.21217559559798935,25406818.572772942,60.42152385096569,0.4270824289316813,17161852.44613479,375.53243986922183,0.6653905490436317,20476936.076013967,278.712798994451,0.979833791369016
Steel,3,3,5011.6,0.232,1.5698632299900055,0.0895456988811493,0.013043363967981461,0.3172899748081981,0.10037476420402527,0.15699632299900057,0.257567053578913,0.10836494624614716,0.5292193557622342,0.21550180632908555,0.04216445699334145,1.0491474745170586,0.0,0.0,0.0,0.0,0.0,0.0,0.0,0.0,0.0,55951282.304947995,380.3888923120884,0.3589561752067814,61849262.52481953,833.9177864214944,1.1411039450935765,55938752.64107293,378.8093229389124,1.349111247079364,0.0,0.0,0.0
Steel,1,4,4988.43,-0.231,1.3586283028125763,0.08529685831069947,0.015341088763507371,0.27998587194970426,0.0755235156416893,0.3931855656312885,0.0,0.0,0.0,0.0,0.0,0.0,0.0,0.0,0.0,0.0,0.0,0.0,0.0,0.0,0.0,8518185.668532861,622.4822153326928,0.21130802799112888,9410407.153896453,408.4192708890421,0.5590510989076618,10002186.982975535,685.8657934799121,0.8320958355039729,11798237.054536127,1099.9999999999995,1.1543371106770421
Steel,5,3,4988.42,-0.232,0.4030288096517325,0.04887988588213921,0.01147700398927405,0.35575291711229223,0.10323213160037994,0.04137939740089334,0.1472869758203168,0.07245850890874862,0.13295316788953523,0.2826874313605868,0.11105894207954407,0.22821855584088438,0.3396410343064405,0.0584270116686821,0.3177693912436868,0.2581838516033676,0.02,0.36183971572053664,0.0,0.0,0.0,22075192.79838416,447.53995261363553,0.05707130073937977,16866950.53917996,565.1033222021634,0.21297086350968597,19659767.19645081,413.8943298285837,0.34526947329401125,0.0,0.0,0.0
Steel,6,4,5011.61,0.232,1.2151361137628556,0.09716285932064057,0.006498795648589641,0.3495507697143161,0.13501050412654877,0.15020621836108308,0.3877905241807205,0.06745187640190124,0.34162694388360365,0.2349243776299732,0.11018572866916657,0.47909040480252096,0.3088071289696213,0.1039386957883835,0.7461373509991882,0.2879046408573584,0.0726487758755684,0.9172626630859355,0.23354361635190912,0.02,0.9963872394900065,27734865.190866597,430.0898304921279,0.1639461730549963,37959813.35775649,532.1444643543508,0.37938085960060225,32066953.45306533,313.4382831774128,0.6277884313894198,25891326.035550583,153.99530134067345,1.0549314047260965
Steel,1,3,4988.4,-0.232,0.9252894386649132,0.11061932957172395,0.0351723677108523,0.2569812224101988,0.02,0.3070839428971872,0.0,0.0,0.0,0.0,0.0,0.0,0.0,0.0,0.0,0.0,0.0,0.0,0.0,0.0,0.0,8279226.403364318,425.4430085974379,0.10933258489718475,9615764.64011231,228.46575445446092,0.33501018650722303,12190702.962044636,446.5147875110029,0.6364887405155375,0.0,0.0,0.0
Steel,2,2,4988.4,-0.232,0.7929076373577119,0.07235605293512345,0.018787223091482747,0.23372604077030154,0.0781270581483841,0.20012321345836837,0.37242531545442525,0.09760418117046357,0.43291561791277305,0.0,0.0,0.0,0.0,0.0,0.0,0.0,0.0,0.0,0.0,0.0,0.0,27183939.361344527,257.66747537303723,0.11200696027998584,28539861.0253459,370.22110403279356,0.6801666307280585,0.0,0.0,0.0,0.0,0.0,0.0
Steel,2,3,5011.68,0.234,0.6826508156955242,0.10202561748027802,0.010985525583224262,0.25713512004809497,0.0577747768163681,0.24309586136491695,0.34142851838479216,0.08832453846931458,0.4926435758956366,0.0,0.0,0.0,0.0,0.0,0.0,0.0,0.0,0.0,0.0,0.0,0.0,16759460.056037594,513.8947674132345,0.07133712978746512,16698327.64508426,293.8035785689198,0.1589894800209671,24126540.612501048,585.6020625485733,0.511953566052043,0.0,0.0,0.0
Steel,2,2,5011.71,0.234,1.5079157680273056,0.14711574590206147,0.013855720525028484,0.32116665872422434,0.06253773897886276,0.5608825284547914,0.21644066600869313,0.04723989903926849,0.8967196796185423,0.0,0.0,0.0,0.0,0.0,0.0,0.0,0.0,0.0,0.0,0.0,0.0,37463734.42552197,234.05299442748642,0.2702303609160347,38330011.12026563,1084.9559213687298,1.2802293301756722,0.0,0.0,0.0,0.0,0.0,0.0
Steel,5,2,5011.72,0.234,1.5121694892644884,0.13781352412700654,0.019200401083804264,0.40420551186585707,0.09136716723442079,0.42820438384479487,0.34356172276273056,0.049388230443000794,0.7687877926693454,0.3314165548947041,0.06741633355617524,1.0232041321721514,0.34708878397622367,0.09068792462348939,1.246529128526166,0.23679458001845344,0.10139481365680696,1.3609425403380395,0.0,0.0,0.0,67859679.10773613,311.1067123522046,0.1992339858204772,102486798.26314954,234.4575691283525,1.339617886842506,0.0,0.0,0.0,0.0,0.0,0.0
Steel,1,4,4988.3,-0.234,1.5602478086948395,0.111620045542717,0.006945926019997382,0.21060052936120494,0.10353201806545258,0.811117563435261,0.0,0.0,0.0,0.0,0.0,0.0,0.0,0.0,0.0,0.0,0.0,0.0,0.0,0.0,0.0,11830973.416336833,248.5686981363554,0.27444826714910137,13192216.21981958,536.1813145287134,0.5172706658577468,13393082.923490256,1099.9999999999995,0.7453365372079801,14210112.081743147,1099.9999999999995,1.264848515004707
Steel,3,3,5011.73,0.235,0.5443131044507027,0.04765665292739868,0.021575482440936683,0.46278957519968467,0.06962661504745483,0.12715812649528638,0.2529200667745511,0.11298238575458527,0.27038172525980564,0.21969951220736442,0.032421878799796106,0.3984848080555242,0.0,0.0,0.0,0.0,0.0,0.0,0.0,0.0,0.0,19450982.65765156,920.477739217306,0.06890395525800971,16503730.333300808,567.3666279500229,0.24361636936410513,20778551.44543526,931.0040708702111,0.4688057244287612,0.0,0.0,0.0
Steel,1,2,5011.74,0.235,0.7080374300479889,0.08270886820554735,0.011625648470986164,0.24889256573131308,0.10187862873077393,0.5491551813180555,0.0,0.0,0.0,0.0,0.0,0.0,0.0,0.0,0.0,0.0,0.0,0.0,0.0,0.0,0.0,11844125.924912134,62.55190914814578,0.16622463935254655,13072653.122931074,357.3196752166135,0.5728285115237699,0.0,0.0,0.0,0.0,0.0,0.0
Steel,2,2,5011.75,0.235,1.0614832252264024,0.04961622473597527,0.011910787351427478,0.2583049319587308,0.07063967913389206,0.11751456084526797,0.19380719297993887,0.048920073360204694,0.5273986418581069,0.0,0.0,0.0,0.0,0.0,0.0,0.0,0.0,0.0,0.0,0.0,0.0,16275437.469436232,134.227684907316,0.1471012480105392,15106698.48132662,202.28929215039363,0.9068302482133316,0.0,0.0,0.0,0.0,0.0,0.0
Steel,1,2,4988.28,-0.234,0.8224404335021973,0.04843374526500702,0.02089584794815309,0.25761961186711535,0.08514899015426636,0.14981762835724594,0.0,0.0,0.0,0.0,0.0,0.0,0.0,0.0,0.0,0.0,0.0,0.0,0.0,0.0,0.0,9359454.773940831,491.1879610975631,0.09464949109101416,10575362.453535892,371.7006966508671,0.5698128317523805,0.0,0.0,0.0,0.0,0.0,0.0
Steel,5,4,4988.26,-0.235,1.0513828977942468,0.0988684116601944,0.01826077182074808,0.2377605307713494,0.035050943270325666,0.26212083496720884,0.2916482298557028,0.09989585399627686,0.5412866892572574,0.1625387196035066,0.0809830966591835,0.6750253185962454,0.21705571486977027,0.09642361164093018,0.773833887822455,0.2616149085974888,0.03469025157392025,0.8533326214687582,0.0,0.0,0.0,21246151.517419323,725.6762915418985,0.17707741546755407,16468279.723062798,357.34840474320305,0.3927927436663984,15162396.287206018,619.0710617444295,0.4640855731208543,16678324.91930662,713.8339039103124,0.9129449471537651
Steel,6,2,4988.24,-0.235,1.2454693496227265,0.0836504048705101,0.007219443022536637,0.31664022476943954,0.02,0.15956378113691702,0.491224488295944,0.11891065657138825,0.2675828161414301,0.21976058507811896,0.07608215510845184,0.46686071557243747,0.16215701683914874,0.0682538801431656,0.6791314509409897,0.29706093277828394,0.049880931228399275,0.8875322895738742,0.28443582841717474,0.10279829502105714,1.0831769213528863,241149567.05579156,248.2043606057318,0.13922202734417657,207908991.70421368,265.43589791004865,1.1209224134149844,0.0,0.0,0.0,0.0,0.0,0.0
Steel,1,3,5011.81,0.236,1.3810793191194535,0.09740797269344331,0.021844087976514992,0.26442723229833814,0.06692678451538087,0.5054094437210398,0.0,0.0,0.0,0.0,0.0,0.0,0.0,0.0,0.0,0.0,0.0,0.0,0.0,0.0,0.0,16390528.403390167,876.7246094387668,0.35479902010022335,16577144.546438927,315.7182070115343,0.7889333922010062,20387039.236428574,1035.7556356309951,1.0590329150163607,0.0,0.0,0.0
Steel,3,4,4988.14,-0.237,1.6653219789266587,0.07393818527460098,0.02937202745599713,0.3019684595424651,0.11701015651226045,0.48863511025057754,0.28725750960066937,0.05279535740613937,0.660856142191998,0.15270993633177676,0.10242282092571259,1.3697245549955888,0.0,0.0,0.0,0.0,0.0,0.0,0.0,0.0,0.0,52213548.12413477,593.7038524041673,0.4013305047382682,42190149.42357872,435.39783810196303,1.3891801750997148,49998527.01417494,612.3859290566483,1.4114341966336799,52090087.49665332,128.92287009946466,1.4987897793686709
Steel,3,3,4988.13,-0.237,0.8721840843558312,0.0628616634607315,0.02205207965696663,0.4214439498231774,0.14123447716236115,0.38431532950527647,0.4197124107693724,0.10323416948318483,0.5128751630363703,0.38625636939718777,0.11928137302398682,0.7753386889023007,0.0,0.0,0.0,0.0,0.0,0.0,0.0,0.0,0.0,40606819.91060221,409.9283411009303,0.27297560009555105,52685055.69000336,929.6793110949045,0.6148029296876997,50423229.19816834,342.55820929448305,0.7500813560434669,0.0,0.0,0.0
Steel,2,4,4988.12,-0.238,1.3171839624643327,0.04279328536987305,0.004792215917549461,0.3065316277940154,0.12219935774803162,0.45679257565168446,0.25339783794060977,0.08879671514034272,0.8087860556560559,0.0,0.0,0.0,0.0,0.0,0.0,0.0,0.0,0.0,0.0,0.0,0.0,30153517.66270882,705.8239054309582,0.16268130511856846,25896537.429072544,449.5194077696888,0.490861674660571,33107085.96809682,385.80199476493635,0.9828221272839152,27975108.0218387,660.6772649585923,1.1528319307570105
Steel,5,3,5011.92,0.238,0.6706065356731414,0.07449880170822144,0.009208394493750166,0.16362640953622776,0.12579586446285249,0.09227590072595125,0.2562780944404527,0.08853567242622376,0.2582017577751502,0.5810093969829615,0.07270635575056077,0.34933760004181436,0.23352768072171612,0.07970983445644379,0.44915444329785087,0.5961367552183202,0.08770753264427186,0.5704633803336275,0.0,0.0,0.0,55650169.78223468,215.14923344597673,0.08180999404081374,56764226.847540356,406.4644188507384,0.29082251055413144,65753060.69615634,641.176880155766,0.5859765690871952,0.0,0.0,0.0
Steel,2,2,5011.95,0.239,1.5462197691202164,0.10102922654151918,0.01898693589629232,0.39939683307804535,0.09161323189735414,0.4426036082360437,0.36443488743318164,0.10669756293296814,0.9281092196238184,0.0,0.0,0.0,0.0,0.0,0.0,0.0,0.0,0.0,0.0,0.0,0.0,61886904.77480942,237.42931009724438,0.26433127043847693,66299907.98395485,695.7259031031117,1.1956282545621888,0.0,0.0,0.0,0.0,0.0,0.0
Steel,6,3,4988.06,-0.239,1.295514640212059,0.10076622056961061,0.022802152821723192,0.23978335467010348,0.11148262023925783,0.1295614640212059,0.3287254454047926,0.06391659528017045,0.3342299894723528,0.3060870341228084,0.09216459929943085,0.48212460508019606,0.35581872707002055,0.09545610547065736,0.64587686518193,0.2096687045402854,0.13110861718654632,0.8185347032451543,0.16634228352165792,0.07132648825645448,0.9498531987384103,35186740.86515006,465.9416959488272,0.14472066312062973,33329227.420390457,404.53626441426184,0.5103201373704225,38631522.89634503,447.0849514567874,1.0840889705936887,0.0,0.0,0.0
Steel,1,2,5011.99,0.24,1.405090966820717,0.12526261067390443,0.023557441863382822,0.4265451471468728,0.08822172224521638,1.2645718701386455,0.0,0.0,0.0,0.0,0.0,0.0,0.0,0.0,0.0,0.0,0.0,0.0,0.0,0.0,0.0,87597938.73549205,331.90378150677213,0.3725844867481658,84409169.61689824,1099.9999999999995,1.0496739475582344,0.0,0.0,0.0,0.0,0.0,0.0
Steel,2,4,5011.99,0.24,1.3613756448030472,0.07553165072202683,0.005721530203025067,0.2194120830445778,0.08962662160396577,0.5713460220519866,0.21684334879282624,0.06684757053852082,1.157754270300324,0.0,0.0,0.0,0.0,0.0,0.0,0.0,0.0,0.0,0.0,0.0,0.0,7953996.907757916,309.81979627979376,0.20282253878008322,6372887.050187233,133.5218749360684,0.7509818419229621,6536602.912416568,214.64466119143137,0.9666190278826496,7565790.522455194,314.65149468256215,1.147131340148868
Steel,4,4,5012.02,0.24,0.7683684647083283,0.09490363514423371,0.026993956254187507,0.23548357021091407,0.09464526057243348,0.14232966759591256,0.257125283362998,0.03965102300047875,0.27291249867225537,0.395796237798501,0.08129359871149064,0.4828833364448976,0.2802825793885597,0.10968334019184113,0.6260268152324064,0.0,0.0,0.0,0.0,0.0,0.0,16207061.885508016,561.9230891100397,0.07704490412956749,20416070.90853542,641.8613261854676,0.2915377082808983,14011964.76832034,301.6534114208218,0.4528163959129943,19567925.07337212,650.7270800725713,0.6739104374983598
Steel,2,3,4988.0,-0.24,1.21706779897213,0.0626453737616539,0.019366887704438406,0.14623626171676848,0.08931918799877167,0.23742433823095704,0.3811162149999979,0.14732104420661926,0.8805637470379007,0.0,0.0,0.0,0.0,0.0,0.0,0.0,0.0,0.0,0.0,0.0,0.0,46344057.460136026,503.1873526602791,0.15767319175096534,27967774.58027563,660.9902582062048,0.6155314023722633,33406459.055126444,429.5087706329124,1.0354383500702045,0.0,0.0,0.0
Steel,4,3,5012.06,0.241,1.3547665864229204,0.12862519204616546,0.01689365941683559,0.17590111847819032,0.03575403898954392,0.18798746024468807,0.1435371652448421,0.05616122305393219,0.24041402952866542,0.4482772237786608,0.09498316168785095,0.540903895540649,0.19603026779230392,0.07064972519874572,0.9437515385409239,0.0,0.0,0.0,0.0,0.0,0.0,24643623.2954711,756.8218559098802,0.13653938229001952,24159126.90955511,841.0547848843134,0.6281065304032453,35679474.29338512,678.8147976473776,1.1086262188078446,0.0,0.0,0.0
Steel,3,2,4987.95,-0.241,0.5791233003139495,0.054726121246814724,0.010567331503212698,0.11122132453557144,0.11242340147495271,0.13624581387487572,0.20856803453559247,0.11675232946872711,0.2578048839853388,0.23989118877093588,0.10397883355617524,0.44485044896937714,0.0,0.0,0.0,0.0,0.0,0.0,0.0,0.0,0.0,13683080.31109843,495.0750021094881,0.0846537666624292,14220856.17327698,336.9698276770324,0.4917349711495372,0.0,0.0,0.0,0.0,0.0,0.0
Steel,2,3,5012.1,0.242,1.2669544130563737,0.13802136266231538,0.028805586678017123,0.31796039829934825,0.09763757765293123,0.4555746432365616,0.2474569058009324,0.12977245569229126,0.842931936424616,0.0,0.0,0.0,0.0,0.0,0.0,0.0,0.0,0.0,0.0,0.0,0.0,27059016.886432417,183.0741804871638,0.1578876200722394,21993155.90410229,418.18182759922996,0.6289945313949817,21552866.647821896,1099.9999999999995,1.0801168815136213,0.0,0.0,0.0
Steel,4,3,4987.92,-0.242,0.30660769501700996,0.09034753108024599,0.054661988405909696,0.373738076104417,0.040961798131465915,0.03426746679543015,0.19698271278135163,0.0769991210103035,0.11096190731577828,0.2610881829901052,0.05195987194776536,0.18727945649681285,0.3903356208910913,0.09205285668373109,0.26890973445793714,0.0,0.0,0.0,0.0,0.0,0.0,14521749.595902493,570.7812043119828,0.05011909997628769,22726031.656954575,126.33577302863705,0.17244428514316074,14962171.94390251,506.79187705769954,0.25387782847192697,0.0,0.0,0.0
Steel,3,3,5012.12,0.242,2.0108374774456026,0.08360898274183275,0.008145316435043112,0.43900184675459114,0.10025131344795228,0.6773222756977398,0.18831588245937492,0.0913308572769165,0.9369274474682552,0.4282637746326897,0.1142132979631424,1.4442662518600136,0.0,0.0,0.0,0.0,0.0,0.0,0.0,0.0,0.0,77898534.89668828,719.1254590076923,0.3700135389863968,129544862.72051662,607.2225638240217,1.2698004538919245,86739466.95365395,261.8550662775094,1.7559289772587992,0.0,0.0,0.0
Steel,3,3,5012.14,0.243,0.8661738395690918,0.08261348897218705,0.007366856722802644,0.38763582283114245,0.08397780805826188,0.14289645851913746,0.23209912109429773,0.03502577483654022,0.27441396294311415,0.18746662112821968,0.05526946723461151,0.5160838377026189,0.0,0.0,0.0,0.0,0.0,0.0,0.0,0.0,0.0,16254478.331814308,539.9396796667139,0.09403704223027277,16254478.331814308,868.7789480899966,0.32822304856751394,18626358.68871525,510.72416252637623,0.7059570802547507,0.0,0.0,0.0
Steel,5,3,5012.16,0.243,1.2240085452795029,0.07211782491207124,0.016893043164833275,0.46623723581411614,0.07735608756542206,0.28128275760124094,0.12744123030582627,0.09878685832023622,0.4556605068184485,0.32412298752680946,0.0839239126443863,0.7323005763699542,0.2316752250566256,0.09255185127258302,0.9295318925017025,0.16247898923157006,0.06955612599849702,1.0301161070506624,0.0,0.0,0.0,29761250.165588524,622.4427242505609,0.1648133695977688,32163499.899832577,772.8268649660762,0.6879545560852098,23616443.890427694,521.5326315516593,1.0935887053465967,0.0,0.0,0.0
Steel,2,2,4987.86,-0.243,0.5848524980247021,0.07772679924964905,0.01381650544948874,0.3139297868839011,0.06231531530618668,0.09371544003166404,0.2857218744475048,0.10449719965457917,0.2884544646390183,0.0,0.0,0.0,0.0,0.0,0.0,0.0,0.0,0.0,0.0,0.0,0.0,15871327.994928913,250.9551507438625,0.07577642610125393,19455022.046670858,396.29500169500545,0.4450540098747854,0.0,0.0,0.0,0.0,0.0,0.0
Steel,2,4,5012.17,0.243,1.1969872266054153,0.09543993067741395,0.022497311220713214,0.24112727188299732,0.14124111771583558,0.4170096266939429,0.39860917332941115,0.1442165970802307,0.8389596694137177,0.0,0.0,0.0,0.0,0.0,0.0,0.0,0.0,0.0,0.0,0.0,0.0,26900256.28722701,529.4220821714846,0.14662626089531738,18774198.15752396,367.279074541609,0.5769463372835921,18886977.666852735,254.09920284793327,0.8239597530157748,18305764.554003373,360.4136690391477,1.059104302837397
Steel,4,4,5012.2,0.244,1.3389156967401505,0.06174448901414871,0.014365732250534561,0.20489940301581594,0.07580978393554688,0.31635046413103085,0.4705105163110002,0.06831842601299286,0.9159106190271734,0.4284861519857924,0.029554082751274108,1.0517592376576672,0.2384162746386981,0.02391049200668931,1.1256126041594845,0.0,0.0,0.0,0.0,0.0,0.0,34738063.21193812,440.4867685516104,0.16859846818245805,36232990.9402369,305.29183854064144,0.5500545351363578,31138709.03897046,662.0119791575981,0.6720256880297704,26373047.75404627,252.0205075526146,1.1899343165210516
Steel,6,2,4987.83,-0.243,1.1403409823775292,0.09078422391414644,0.011413804854396173,0.38040497757405356,0.03770284771919251,0.2264101842729302,0.2863329933718154,0.07790904730558396,0.3564345578771698,0.2890159863494177,0.11092942416667939,0.5472034646816298,0.306279419501491,0.08891536176204683,0.7179580080763881,0.26896938657883684,0.0346458675712347,0.7911159205590338,0.3717026296224671,0.1020602947473526,0.9220846120314977,142857690.58545592,349.1242633238628,0.14992811130031533,177204329.39310446,611.2320808221986,1.0060645905210612,0.0,0.0,0.0,0.0,0.0,0.0
Steel,1,4,4987.8,-0.244,1.4285492867231369,0.16,0.006306437231563845,0.29185095810810857,0.0679197758436203,0.5267749045200434,0.0,0.0,0.0,0.0,0.0,0.0,0.0,0.0,0.0,0.0,0.0,0.0,0.0,0.0,0.0,25662952.787333652,666.4390106653691,0.17930776953356797,20917597.44011047,563.2352208593763,0.41997110433203255,27677971.314658597,892.8276303649859,0.5098067728360984,25358255.480383214,644.3439086204502,1.1721046522545298
Steel,2,4,5012.23,0.245,1.334410011768341,0.10218503427505495,0.016593412591791645,0.344002154851409,0.09922443747520447,0.5848997458036548,0.21008852100309128,0.07430332750082017,0.9453241363168245,0.0,0.0,0.0,0.0,0.0,0.0,0.0,0.0,0.0,0.0,0.0,0.0,11908966.962432504,430.6233506572257,0.1878344765699703,11269190.557900526,522.1208917983017,0.5189236719078129,12432460.749830604,723.6030656465853,0.5548691423092906,15633493.86529537,410.747565754945,1.1922880190854164
Steel,6,3,5012.24,0.245,1.505452036857605,0.08188231307268144,0.009836715104902515,0.45213215308220267,0.06983623415231704,0.2843561324018611,0.3048628089454483,0.059842305779457095,0.5614690870907662,0.23898657376247137,0.08690488576889038,0.7701707154223418,0.17480527407793783,0.05326827794313431,1.057101118198607,0.43101669791828673,0.053308683037757876,1.1654641198397844,0.6183144372700454,0.05873645216226578,1.2554954454113867,44337014.977670014,503.6176939931871,0.1802484488357148,53334116.70216826,647.538670387645,0.9495162146128807,48562496.54326268,802.04293758455,1.3549068316663926,0.0,0.0,0.0
