material,n_disks,n_bearings,cs1_pred,rel_err_pct,L,OD,ID,d0_OD,d0_W,d0_pos,d1_OD,d1_W,d1_pos,d2_OD,d2_W,d2_pos,d3_OD,d3_W,d3_pos,d4_OD,d4_W,d4_pos,d5_OD,d5_W,d5_pos,b0_K,b0_C,b0_pos,b1_K,b1_C,b1_pos,b2_K,b2_C,b2_pos,b3_K,b3_C,b3_pos
Aluminum,4,3,5999.96,-0.001,1.4655945718288421,0.10686904418468476,0.011994816773686912,0.3170231802625628,0.08593980491161347,0.14656945718288422,0.34256401246388124,0.09097708702087402,0.2910597872205873,0.3660519573417712,0.13793351769447326,0.7006568907390237,0.23819538826689907,0.11835408210754396,1.04641400320742,0.0,0.0,0.0,0.0,0.0,0.0,41472152.23721807,441.97031214324676,0.17173981430657423,45327474.63613132,376.15834985830156,1.0602161509106125,35490346.447232366,1068.2913742297997,1.3190351131803633,0.0,0.0,0.0
Aluminum,2,2,5999.9,-0.002,0.8060300961136818,0.08142095232009888,0.014925128683976885,0.3209233800434844,0.06754345327615738,0.24526603660094248,0.13602176737716662,0.08421337723731995,0.5428495530635596,0.0,0.0,0.0,0.0,0.0,0.0,0.0,0.0,0.0,0.0,0.0,0.0,6696092.057194148,208.60524185431095,0.09171524570242039,6085274.299860474,596.1233867557005,0.6267461368233762,0.0,0.0,0.0,0.0,0.0,0.0
Aluminum,5,2,6000.16,0.003,0.4652770981192589,0.09406253063678742,0.015120206082831147,0.20778136219254897,0.07860409319400788,0.0534047615157752,0.37477340071841436,0.06890284508466721,0.1348685400811672,0.4624338371748404,0.08535487055778504,0.22170548818522806,0.4733239914415003,0.09114126443862916,0.3150562184683372,0.38065353944898644,0.09342664539813995,0.41721024268263424,0.0,0.0,0.0,32964027.45217482,665.2328701182469,0.08627823810863731,30652700.31075989,517.1423946715075,0.40720924268263425,0.0,0.0,0.0,0.0,0.0,0.0
Aluminum,3,2,6000.44,0.007,1.4037340015172959,0.09613855457305909,0.007684072671948192,0.26230282432457913,0.09099607884883881,0.43013918924395245,0.27267808629474644,0.09553452134132386,0.6340298255915782,0.14612756757676784,0.09366696059703827,1.1711328551468323,0.0,0.0,0.0,0.0,0.0,0.0,0.0,0.0,0.0,31243315.439618852,960.9053839316341,0.24475672574601504,27282496.44753476,354.37698971105823,1.1956871328818919,0.0,0.0,0.0,0.0,0.0,0.0
Aluminum,5,3,6000.51,0.009,1.161593820154667,0.09587972128391267,0.010013290404953488,0.30638775884991626,0.05969598889350891,0.19948940869178278,0.3598805869868995,0.09991269171237946,0.4199033336255939,0.29256312358287007,0.13358197927474977,0.6990420807228952,0.3763443086879564,0.057743259370326996,0.8281885738102645,0.21784383087344816,0.15,0.9969304200164673,0.0,0.0,0.0,31162661.326270837,740.9098506672965,0.1257327215965721,18200489.364009604,321.67896054252816,0.7862548253012253,26297743.146296006,109.91731495793805,1.0454344369776065,0.0,0.0,0.0
Aluminum,3,3,5998.26,-0.029,1.8742482125759126,0.08044922083616257,0.011321817183255409,0.4159751454255099,0.03661285549402237,0.6746571283443095,0.36284642117513777,0.11386825263500214,1.2499507321319263,0.33570984705925505,0.1141342467069626,1.6282661660647753,0.0,0.0,0.0,0.0,0.0,0.0,0.0,0.0,0.0,47106445.110406324,716.0353229211431,0.2663498667467049,38892069.497605175,930.6593170817528,0.8427175981573958,38219359.88074505,677.1996036375073,1.5028763991365746,0.0,0.0,0.0
Aluminum,1,2,6002.35,0.039,1.388243579864502,0.0715322739481926,0.013699112070547421,0.20205102964977703,0.09804302334785463,0.5230747767485731,0.0,0.0,0.0,0.0,0.0,0.0,0.0,0.0,0.0,0.0,0.0,0.0,0.0,0.0,0.0,10244408.041310769,401.05555075028707,0.15082100638290816,15757141.194330407,455.95101395828897,0.9446532673334718,0.0,0.0,0.0,0.0,0.0,0.0
Aluminum,1,4,6002.39,0.04,1.9519521743059158,0.10702119052410126,0.018121260031917743,0.3151603400832077,0.08182905435562134,0.9948977048026728,0.0,0.0,0.0,0.0,0.0,0.0,0.0,0.0,0.0,0.0,0.0,0.0,0.0,0.0,0.0,9263055.920688463,747.3466692554873,0.25192360138391456,8090653.195143482,495.3453081724586,0.6966998128508315,10562365.731708167,280.2606594408594,0.7436219240319014,10421108.919108834,383.68044710526937,1.5683948149540066
Aluminum,4,2,6002.77,0.046,1.1541445150971414,0.09524852049350739,0.0070471828212043015,0.2706170523657111,0.051673400253057486,0.2737033822949245,0.4127403225883551,0.0865600574016571,0.37315851215182044,0.2642500834668666,0.02,0.6794748792076297,0.3046704023715221,0.08315668463706971,0.8824164656203106,0.0,0.0,0.0,0.0,0.0,0.0,41874686.88556479,348.32340764704117,0.14670887463965873,30803632.137212735,564.7974246564986,1.0164866617997124,0.0,0.0,0.0,0.0,0.0,0.0
Aluminum,5,2,5996.95,-0.051,1.583224806189537,0.1281683806180954,0.038523752360073917,0.16579495171813113,0.05779258698225022,0.22668744470319166,0.2901860000288209,0.0921406251192093,0.45743861099103134,0.2772082446286533,0.07349290102720261,0.8022841184603093,0.17282792233565358,0.1003157275915146,1.0735031534645532,0.43970985467107876,0.08664340138435364,1.419252107853154,0.0,0.0,0.0,34434646.66549999,359.1491389010584,0.21473576787850193,35308638.1990267,215.8383163243804,1.3497202074420387,0.0,0.0,0.0,0.0,0.0,0.0
Aluminum,4,2,6003.42,0.057,0.928524498641491,0.08529706990718842,0.02413239583543285,0.24144596717922212,0.10255023896694183,0.20403990451888945,0.2646035396604073,0.05465824574232102,0.3490017574861004,0.31423458429329876,0.12408313632011414,0.5583246663550984,0.2292648348992806,0.07554316222667694,0.66685275913164,0.0,0.0,0.0,0.0,0.0,0.0,24916298.15254936,105.27672683590835,0.12070323675515456,28482778.83233881,465.705623774547,0.8013066157188576,0.0,0.0,0.0,0.0,0.0,0.0
Aluminum,2,4,6004.06,0.068,1.1952899724245072,0.05230692377686501,0.0224201928601376,0.35793218370020174,0.13105169594287872,0.5276501166058416,0.23796278945019878,0.07670113295316697,0.784615012467708,0.0,0.0,0.0,0.0,0.0,0.0,0.0,0.0,0.0,0.0,0.0,0.0,7842269.409999652,440.0894944333856,0.17055849830633366,10031630.075869516,130.8206293893562,0.5091007179985603,11421331.8823954,752.5006076739803,0.7663974301470184,9650385.364993978,478.42042209442485,1.0471014189101422
Aluminum,3,2,6004.85,0.081,1.7288929253816605,0.11084921646118165,0.01159049290702816,0.2812071848223087,0.05349972486495971,0.5656730696424364,0.3459177510441316,0.07571493327617645,0.9467033757959846,0.33037992166903,0.058601025938987736,1.2720181367356995,0.0,0.0,0.0,0.0,0.0,0.0,0.0,0.0,0.0,175839651.1291536,1099.9999999999995,0.2519208813224441,146145943.64208722,339.82461298445844,1.3857970250900684,0.0,0.0,0.0,0.0,0.0,0.0
Aluminum,1,3,6004.94,0.082,1.3698094278573991,0.08102438664436341,0.008613142356299815,0.28593640252201236,0.08129471451044083,0.5494076800115596,0.0,0.0,0.0,0.0,0.0,0.0,0.0,0.0,0.0,0.0,0.0,0.0,0.0,0.0,0.0,8464818.156196903,414.09640652272486,0.15444600385386342,10723286.992144229,604.4864706656386,0.2011397557618183,9184813.341074226,551.3945906623646,0.947035640218975,0.0,0.0,0.0
Aluminum,2,2,6006.21,0.103,0.9470865070819855,0.1302270874977112,0.03575172733908603,0.3180957504683304,0.07555936455726624,0.20415769601598127,0.21664919740209096,0.1393584781885147,0.6931995851605652,0.0,0.0,0.0,0.0,0.0,0.0,0.0,0.0,0.0,0.0,0.0,0.0,12950276.90175583,296.62324742505456,0.14473106329699986,11964876.073270064,279.24367164857784,0.7467120611062539,0.0,0.0,0.0,0.0,0.0,0.0
Aluminum,4,4,6006.3,0.105,1.2878606766462326,0.144563579082489,0.021381377444360486,0.28093956734386866,0.11137729346752168,0.2789271116468437,0.17439818131060136,0.1081471872329712,0.4937127706022959,0.2270052026729438,0.08158741027116775,0.6859644639596933,0.2767174681999546,0.11106278538703919,0.9681164427028053,0.0,0.0,0.0,0.0,0.0,0.0,12301770.524191558,441.63252907518665,0.1313950437182959,18087827.36866121,567.8540211293542,0.29107915527259115,13191280.99265816,262.72507147982134,0.6656673494447173,12024557.935267657,261.4720514129609,1.086274504749421
Aluminum,5,4,6006.48,0.108,1.3879479497671128,0.11473450040817262,0.018644576340937025,0.3205827132737549,0.10363098323345185,0.30874316007097563,0.31632287116831354,0.05868603199720383,0.47437164371031704,0.3428368524084306,0.06861408948898316,0.6981172430298269,0.32171997173119365,0.14032960295677185,0.9700992434158036,0.2726627980247921,0.05653745263814926,1.191552234388989,0.0,0.0,0.0,14450771.163634837,405.1083919422289,0.13879479636465925,16014307.628842752,243.36698599710093,0.4072343184813258,15613347.538708013,549.0193491108719,0.6686251506425499,15894541.505169312,765.2744117193082,1.2353359866947184
Aluminum,5,4,6007.16,0.119,1.0020584881305696,0.09521535062789918,0.025509415064124095,0.2067235321410142,0.12052175402641298,0.15510453921402945,0.3749683337049972,0.063882497549057,0.310450095257001,0.2470649981613028,0.0880468362569809,0.46251436581646865,0.2756861637561252,0.11142515659332276,0.6410567454512874,0.22274385829327384,0.08426097303628922,0.8488152806443638,0.0,0.0,0.0,8540804.39148456,1094.604419383598,0.10038829946310303,7980700.241966052,635.4487664241783,0.3671373180351287,9637178.90896703,744.7414490624571,0.49177360156663297,9428476.650859687,925.081272077644,0.8827505849361632
Aluminum,6,2,6007.36,0.123,1.0956509411334991,0.11921317708492281,0.024898000603464445,0.23592515261164274,0.10405047714710236,0.10957509411334991,0.2970220290363881,0.042909576296806334,0.20366825245384534,0.22358506823550736,0.05801146179437637,0.3156963060875422,0.4209338695520861,0.15,0.5265658927453665,0.3574700076336008,0.0564767849445343,0.6949215259954706,0.31502873429897865,0.06699748665094375,0.8567930684847733,47167593.122739285,266.6994785496623,0.1339436647575212,49101206.29658097,431.19573145317327,0.93088517254977,0.0,0.0,0.0,0.0,0.0,0.0
Aluminum,6,4,6007.47,0.125,1.9885521948337557,0.10055872058868409,0.014244700239279866,0.35659396063810966,0.08108180612325669,0.3738549792131084,0.3545593152381627,0.05979743361473083,0.5907480790488141,0.34102408415026186,0.02,0.9515528205540751,0.38474817134815587,0.08160254329442979,1.0488354333519256,0.6218524084609417,0.12707429111003876,1.2691469427953685,0.342733937618726,0.03966833725571632,1.5023298974455197,65065720.462282754,275.77693955634686,0.25745518111604715,80079671.28977779,377.1952765019646,1.2328682289914634,77277859.81923288,255.46646358862128,1.5690795125459571,86630782.97555405,711.6734205090833,1.789696973361828
Aluminum,5,3,5992.13,-0.131,1.2057833522558212,0.101782501578331,0.015789538517242713,0.3057457499254161,0.05080968081951141,0.2956109936272665,0.3288884000640848,0.059126036465167994,0.4091451391764174,0.28534082523664966,0.05795877903699875,0.5238631593831163,0.1937562404272103,0.10896793484687806,1.0177010496068002,0.2606979941633119,0.02,1.0851950170302394,0.0,0.0,0.0,9439168.748855669,997.7926246668491,0.17781564274526204,10549657.856678152,125.57089296718289,0.6264770149894935,9749733.195686677,411.0067525043989,1.0526691183539172,0.0,0.0,0.0
Aluminum,3,3,6008.25,0.138,1.7225769609212875,0.10660554730892183,0.03804473521561426,0.23851959395720165,0.057457180917263026,0.45100939428432435,0.27884621032455537,0.07499846637248993,0.6398018919950975,0.1471841039585047,0.09793113350868225,1.0691491579603696,0.0,0.0,0.0,0.0,0.0,0.0,0.0,0.0,0.0,7986984.261578486,598.4833372565007,0.29010207591787834,9134196.287645921,381.5194633903999,0.67883409314229,9455152.566104375,322.5702557945682,1.4623404737614665,0.0,0.0,0.0
Aluminum,3,4,6008.86,0.148,1.2355753898620607,0.08807162040472032,0.014216825571751664,0.34338035532678857,0.08171602547168733,0.21108878202182213,0.1728351792217611,0.10221107482910156,0.7161490904173724,0.4823145009918158,0.12485913574695588,0.9917510310333953,0.0,0.0,0.0,0.0,0.0,0.0,0.0,0.0,0.0,19972107.44972968,265.6614896766493,0.12954484480294032,24438800.4341283,456.03415421204863,0.32784471591298286,24097602.279482085,667.4800903982003,0.4737676661903272,27079876.745888077,554.6804929130085,1.096578113749282
Aluminum,6,3,6009.03,0.15,1.574575337767601,0.12877702522277834,0.02295256949440039,0.26024197374402464,0.09420692205429078,0.32994921746078587,0.20486510494160554,0.1492271000146866,0.4624122886278522,0.283761366704005,0.08773554384708405,0.755236775883561,0.2728420096901585,0.0781996276974678,0.8928662768312248,0.30880366864542397,0.11338889300823213,1.0848507913027716,0.23253886255824394,0.029495067447423938,1.2744325525574398,45667492.74366068,693.5968352660001,0.15745753535133544,43323061.52830214,345.86515470911644,0.3626882564214897,32478990.81976203,173.72980616101174,1.3391380434074056,0.0,0.0,0.0
Aluminum,2,4,6009.21,0.154,1.0804365217685699,0.08560118484497072,0.039036094794452476,0.39119877244616047,0.1316761016845703,0.31588780551569384,0.4257297945197269,0.09590932905673981,0.8496723845216707,0.0,0.0,0.0,0.0,0.0,0.0,0.0,0.0,0.0,0.0,0.0,0.0,10749171.145274675,661.6248830090532,0.15315049102345812,9135453.021053238,649.1313504787153,0.5297664021240961,11005117.546874734,241.7976505592856,0.6186099285805409,11454401.081265334,402.81520886650657,0.9227918787605194
Aluminum,6,3,5990.7,-0.155,0.8182885453104973,0.09966914355754854,0.016709404112153797,0.2580930210925222,0.08335378974676133,0.10014322279527324,0.34830098706956797,0.10639769971370698,0.2476010572828588,0.27612512665746697,0.11006861627101899,0.4260202159040041,0.23087757553323537,0.05174982279539109,0.534564516578362,0.3506309042027097,0.08362756729125977,0.6213524804889944,0.28776131271347305,0.10475247740745545,0.7240843859046829,17305065.04178305,160.63575738057162,0.11024061249297679,17003209.001450256,785.0458465888087,0.4623832837687506,15073133.470846988,396.9712481694331,0.6958616427844764,0.0,0.0,0.0
Aluminum,3,4,5990.69,-0.155,1.0403907731175424,0.11237928760051728,0.012420896230140466,0.2803981069143426,0.10286515772342683,0.3430425814684131,0.3432893253833463,0.13106232702732087,0.5510053878009956,0.21781584132743662,0.12356142282485963,0.7491596888054027,0.0,0.0,0.0,0.0,0.0,0.0,0.0,0.0,0.0,8618180.403209386,493.1019568013502,0.12149274848503022,8876359.76144066,408.97920210080565,0.508935221709352,10132091.719692923,184.9263916688092,0.565188979066598,7741585.187822007,434.4089283677143,0.8685344330619599
Aluminum,4,4,5990.39,-0.16,1.5204072147607803,0.08007490664720536,0.007431506703087232,0.2168297473846157,0.11341668725013733,0.37336669066816897,0.29033584838640414,0.08256123155355453,0.651598500660959,0.2153621494224619,0.08964333534240723,0.8769297460565814,0.24507893384591756,0.111713644862175,1.1179700673452815,0.0,0.0,0.0,0.0,0.0,0.0,20092218.12349159,405.97444310361436,0.20279822848193957,20746001.97264339,344.38905045174073,0.9958490738447487,21986731.37611532,110.2046407155638,1.1799930344788716,24819681.129700057,898.5795348383922,1.3509824959070094
Aluminum,5,4,5990.28,-0.162,1.2222107261419297,0.11460497796535493,0.018372457740680935,0.36854660455921273,0.10015581190586091,0.3168615856213271,0.22318070176809615,0.04637474805116654,0.4587722618929141,0.21847836767896203,0.0704263561964035,0.5558187594459933,0.36884404174693325,0.06913225412368774,0.7837829294527487,0.3143561368094545,0.07097324103116989,0.9676797855567736,0.0,0.0,0.0,11408749.747436298,652.8621084835946,0.152383215600481,11256180.174463553,401.68129561612375,0.29473306522229714,13380940.137349192,174.171527897544,0.6930602182815797,11189576.321625073,1099.9999999999995,1.0926628354190178
Aluminum,6,3,6009.81,0.163,1.7218921929597855,0.09723018085956575,0.018962243365135092,0.3021107890913657,0.07088861078023911,0.4463699794621928,0.4181844791319936,0.061036462485790255,0.5689548248136582,0.3092841631336477,0.11052035212516785,0.7081234920792127,0.23135320005234447,0.12971028864383696,0.8608807989738897,0.23263309845534824,0.0763850286602974,0.9942272871249695,0.3412978323904068,0.0700968971848488,1.2122139492416233,38333055.83914743,122.1075103092408,0.21112316678462478,61854217.314409435,203.8758048249828,0.9752588632718596,33306117.015451193,199.2042288906508,1.5067346617989519,0.0,0.0,0.0
Aluminum,6,3,6009.97,0.166,1.5662261307239533,0.10458900737762453,0.024595723846142187,0.158102908180445,0.04720416828989983,0.1909754939355488,0.4278206819095488,0.12236162900924684,0.41694788990734977,0.26121835558106415,0.05431902348995209,0.6767652762485101,0.3317730882621382,0.05348159700632095,0.9085036501033292,0.2779580763904589,0.08747597336769104,1.1395494775477095,0.18001332521812494,0.08041632503271103,1.3429487132729239,36839430.43177456,855.4123137343688,0.17851926355914055,39828000.74480908,511.71732975786693,1.017180219784239,39779440.168253854,478.15707433638977,1.409603516085332,0.0,0.0,0.0
Aluminum,3,3,6010.06,0.168,0.6613833948969841,0.10813541531562806,0.02545053435315135,0.42626141445117166,0.1013292294740677,0.10464176952111401,0.2606332297968765,0.058544430136680606,0.23042130306989467,0.29623751386354225,0.09531343817710877,0.5011146554742612,0.0,0.0,0.0,0.0,0.0,0.0,0.0,0.0,0.0,13852932.183891024,252.4568135560802,0.07768240355798472,12423689.724966068,739.7002639157636,0.3219809360361702,9127832.9477019,435.1703596680527,0.5586658552111994,0.0,0.0,0.0
Aluminum,2,4,6010.24,0.171,0.64052799269557,0.0762004691362381,0.004511543164281552,0.27666998617180716,0.1483845245838165,0.10471614228203138,0.26329071622623573,0.04660449415445328,0.36517486819749834,0.0,0.0,0.0,0.0,0.0,0.0,0.0,0.0,0.0,0.0,0.0,0.0,5676838.739155725,618.2770890509884,0.07633124004912502,5378583.8708529165,386.9294872196554,0.19730730323368006,7661218.255773056,354.8426160865006,0.3373208241972405,7333019.069071246,204.03702612260113,0.5495566990904905
Aluminum,4,2,5989.77,-0.171,0.7339079305529594,0.08701478481292725,0.044022077336728846,0.3063314171568932,0.0774376106262207,0.1260155097219129,0.2928913313857928,0.0686679345369339,0.292811496638556,0.23363621364189324,0.10356728196144105,0.4029466379492487,0.17868434229875707,0.12831525325775148,0.5687907542546777,0.0,0.0,0.0,0.0,0.0,0.0,14747496.243164869,165.0681182702819,0.08920555392989597,13457717.29346914,515.8083001092856,0.6538292429549833,0.0,0.0,0.0,0.0,0.0,0.0
Aluminum,1,2,5989.37,-0.177,1.1730067849159242,0.07718572163581848,0.012306867005041926,0.41243219717725516,0.07970843970775604,0.42494027451512845,0.0,0.0,0.0,0.0,0.0,0.0,0.0,0.0,0.0,0.0,0.0,0.0,0.0,0.0,0.0,20195585.17640831,578.28735387801,0.16924556602904836,23229980.324094374,593.481514413196,0.842677765462836,0.0,0.0,0.0,0.0,0.0,0.0
Aluminum,3,3,5989.21,-0.18,1.1075593426823618,0.07173900371789933,0.02417790939391515,0.2164943536107751,0.05636503458023072,0.3217861264328695,0.33838821623181964,0.08203217625617981,0.6297157928389436,0.3572447344228294,0.0694771096110344,0.8039679947641828,0.0,0.0,0.0,0.0,0.0,0.0,0.0,0.0,0.0,11962765.584509296,538.8558037832721,0.21829606459208933,10660488.014813177,566.2377279007362,0.7647011551947092,15467908.113127086,157.89897538337914,0.9968034073065662,0.0,0.0,0.0
Aluminum,6,3,5988.67,-0.189,1.4775686383247375,0.05570136100053788,0.020801524796646924,0.3804831005977448,0.042024583071470265,0.22799158377124001,0.298674911333543,0.08956887900829316,0.3857564090708434,0.2016350894637345,0.07567685276269913,0.633721341593187,0.21104345683184214,0.12014648139476777,0.8870804305984796,0.2229703074007601,0.09617092192173005,1.0803140378430336,0.22097461389011047,0.05727425187826157,1.2100660898524433,41516176.01587225,214.10064102366337,0.16938868149929817,44240241.35733278,504.6513616034796,0.7836043330251062,40991222.6175431,578.8922033518967,1.329811773014695,0.0,0.0,0.0
Aluminum,3,3,6011.4,0.19,0.8378612756729126,0.08282136982679368,0.007242242223353973,0.22815495507681885,0.11524461388587952,0.1618489227422442,0.3338351448612079,0.11759917438030244,0.475578784535395,0.24816387071298643,0.05798515915870667,0.5725245339357284,0.0,0.0,0.0,0.0,0.0,0.0,0.0,0.0,0.0,9408206.243393255,1067.6561382389907,0.12048244796560889,9788558.506306373,655.8164150961842,0.5333008660799035,9340237.183594704,702.1356776942774,0.7295943133992921,0.0,0.0,0.0
Aluminum,4,2,6011.41,0.19,0.7423847183585167,0.09000936603546143,0.02240945650236398,0.3018773560102893,0.11128329515457154,0.21283600960438798,0.2509721327572598,0.050063544511795045,0.3387931214106863,0.38472051479299435,0.09985616564750673,0.508420278152445,0.24647610681532886,0.08366553932428361,0.6235529989328574,0.0,0.0,0.0,0.0,0.0,0.0,17943951.99063819,344.01434084458464,0.1368124437441846,20943187.48567481,820.9285883723174,0.6492159246062845,0.0,0.0,0.0,0.0,0.0,0.0
Aluminum,2,2,6011.68,0.195,1.1323999896645547,0.10264844751358033,0.049144267358545254,0.2237441319251679,0.10397448658943177,0.5029812620143865,0.23591937611743158,0.07456293672323228,0.7882251108370462,0.0,0.0,0.0,0.0,0.0,0.0,0.0,0.0,0.0,0.0,0.0,0.0,8557249.693213124,608.8023727253606,0.24595089127629205,8112484.735075295,569.9604402351871,0.9056292605084685,0.0,0.0,0.0,0.0,0.0,0.0
Aluminum,2,4,6011.68,0.195,1.1439285710453988,0.06018439656496048,0.021005252382010314,0.21283560391189577,0.08807230591773987,0.2810833490459195,0.2925405756939315,0.09475515127182008,0.7262579321608216,0.0,0.0,0.0,0.0,0.0,0.0,0.0,0.0,0.0,0.0,0.0,0.0,7866497.415343399,553.0467969453147,0.19183133648874773,6479771.9996831985,598.1110529212297,0.8006896633661714,10057342.3083344,458.1630703526501,0.9778481262679769,7417584.057843955,1093.4726080691382,1.018068030622593
Aluminum,3,3,6011.87,0.198,1.340284350514412,0.09492515027523042,0.03614630712177256,0.3964800652955322,0.08245496332645416,0.2666309212264959,0.3787677926270392,0.1376345843076706,0.6285675408215605,0.2898592925070747,0.1029365998506546,1.081880975775341,0.0,0.0,0.0,0.0,0.0,0.0,0.0,0.0,0.0,22514786.05198609,735.2272579445635,0.1956129174528353,36466623.25195742,428.9473734529488,0.8921544337014209,24497761.52349132,400.72521668999576,1.162877906597975,0.0,0.0,0.0
Aluminum,2,3,5987.79,-0.204,1.7551558166742325,0.056005602896213535,0.02725809397488823,0.22940005949813774,0.030418635159730912,0.5380745840153337,0.20762996496381614,0.06765552520751954,1.1915462734431697,0.0,0.0,0.0,0.0,0.0,0.0,0.0,0.0,0.0,0.0,0.0,0.0,36737444.383878045,415.13342117061535,0.2072582657009927,31673620.31140714,158.7679735332844,0.427114228178322,30616108.288337216,596.0149337350675,1.2661909957447204,0.0,0.0,0.0
Aluminum,1,2,5986.91,-0.218,0.8078089490532875,0.10993247044086457,0.021205240150381298,0.19076810180160642,0.0579848375916481,0.3509275103153198,0.0,0.0,0.0,0.0,0.0,0.0,0.0,0.0,0.0,0.0,0.0,0.0,0.0,0.0,0.0,5496453.429652394,626.0320215696124,0.2087807774062148,4653845.332058596,226.10173521931242,0.6240607515508907,0.0,0.0,0.0,0.0,0.0,0.0
Aluminum,3,4,5986.42,-0.226,1.2511242538690568,0.06028715628385545,0.022948838414326468,0.35717383032596606,0.0942727541923523,0.2880302954479371,0.3009193402643266,0.07999831885099411,0.5425638009156647,0.3627257134178038,0.08340106785297395,0.993668521890146,0.0,0.0,0.0,0.0,0.0,0.0,0.0,0.0,0.0,28454455.558810882,857.9091199159712,0.16550393005252984,28015843.26801701,241.97332327451883,0.8223583413608395,21258031.897088923,247.55264318745282,0.7948451415523898,26870995.931342475,392.0598419396773,1.0799237727165876
Aluminum,2,4,5986.42,-0.226,1.185951215028763,0.12033789706230165,0.018990549929624078,0.3443698981740283,0.04150095567107201,0.47584440773861997,0.24518508171928985,0.05711442917585373,0.8950718614858697,0.0,0.0,0.0,0.0,0.0,0.0,0.0,0.0,0.0,0.0,0.0,0.0,8695670.045630414,616.147038218571,0.15863382021463546,7420786.574552937,523.3535431064233,0.4861407207126348,6649086.282423177,650.7564632434483,0.5860286345326795,6058988.312416759,1099.9999999999995,1.0010881911026421
Aluminum,5,3,5986.08,-0.232,1.9367273896932602,0.12929238963127138,0.011504769808487398,0.2936847813456656,0.09636983633041382,0.2373477962949711,0.408837676529118,0.10684952855110169,0.43953800569711676,0.2779007809708694,0.1035892027616501,0.6328803113371105,0.2860708954275773,0.09741643249988556,1.208307331249685,0.2779766401582003,0.045606801360845564,1.5357177286248511,0.0,0.0,0.0,61722249.925719135,697.8607085951083,0.22054817520976963,37587772.5372612,242.9796252055905,1.311867781478993,46268886.5813724,102.06068102737146,1.688735966404911,0.0,0.0,0.0
Aluminum,6,2,5985.22,-0.246,0.8219174295663834,0.09801812386512758,0.035527517938536236,0.24265625919019354,0.06189435690641404,0.11292115087817886,0.467008461886484,0.09084463238716126,0.21435656292763144,0.36614764978106634,0.0804499849677086,0.3328354192971571,0.49293602013512716,0.1158606743812561,0.4538514054212351,0.3521397637745474,0.10936001420021058,0.590763880773611,0.37243964270642954,0.08178718477487565,0.7078914987434906,109811572.40175864,746.5012395112778,0.0891828070195518,144932060.61097685,736.6788942706442,0.7373073748827932,0.0,0.0,0.0,0.0,0.0,0.0
Aluminum,4,4,6014.85,0.247,0.9588629171252251,0.11109229850769044,0.019683105061876392,0.2669497175371427,0.07067984402179718,0.20210784407463736,0.20479941056834472,0.05408028900623321,0.2881966483028745,0.17443458827564431,0.039689612984657285,0.4236624165489507,0.39374059687001883,0.1325390249490738,0.6989680977969459,0.0,0.0,0.0,0.0,0.0,0.0,12723796.517712262,528.7259614230182,0.10804525350743646,8771939.835439777,215.20427000441472,0.3369912799034558,10216509.710571317,347.8498335649236,0.5568693329856724,10829701.726685263,345.7899773820552,0.8113841642661317
Aluminum,5,2,5985.01,-0.25,1.3713723748922348,0.10586567056179048,0.01293855094749515,0.265095641898323,0.0742653825879097,0.28054334423439586,0.3084824486712909,0.0674027580022812,0.5072106822789403,0.1923990811738969,0.06895672887563706,0.8178850664132423,0.2935300870902948,0.08587363958358765,0.9535861373914691,0.2795203945793619,0.0999121105670929,1.1801587916928533,0.0,0.0,0.0,92606033.22889447,130.79824954562403,0.16617866730013878,73113392.98856719,514.5000938991021,1.234235136031639,0.0,0.0,0.0,0.0,0.0,0.0
Aluminum,2,4,5985.01,-0.25,1.1465433701872825,0.08570472323894501,0.031252737689028386,0.27426227532970315,0.06941455513238907,0.3659128928623826,0.34534565970863446,0.06114297866821289,0.9751767533435214,0.0,0.0,0.0,0.0,0.0,0.0,0.0,0.0,0.0,0.0,0.0,0.0,6236141.49928403,242.78615295031025,0.11888379027159823,5927776.448282831,397.1382012067497,0.43547728495596316,5309932.020990679,489.3294975608771,0.7196896142553849,4745360.415368297,500.4007516933127,1.0277284822725843
Aluminum,1,3,5984.39,-0.26,1.4969251871109008,0.029938506736068394,0.012825677435460264,0.20415731228590014,0.0877987802028656,0.6297305739595335,0.0,0.0,0.0,0.0,0.0,0.0,0.0,0.0,0.0,0.0,0.0,0.0,0.0,0.0,0.0,13118235.05413117,364.976614152621,0.2284568749173937,16479453.420669977,327.3483052682884,0.609586740634532,12726402.570108585,448.3404582554542,1.1019946469010815,0.0,0.0,0.0
Aluminum,6,3,5983.2,-0.28,1.39368676841259,0.10261696195602418,0.01920152786466701,0.4534761487615955,0.08103837132453919,0.23785962108500253,0.12128820653670504,0.034823847189545634,0.5029509815274816,0.19178178903961615,0.10556613504886628,0.7084833281757309,0.26261342239526486,0.0523063662648201,0.7957470436415983,0.23920285224130722,0.0812322336435318,0.9456198504257587,0.34975028725359586,0.1317354327440262,1.1961828113037705,17263884.198594786,289.64883551708465,0.14127972698579006,19410920.692587927,211.75106004651423,0.836554829891668,20339553.150163665,528.7413738142831,1.2543180901776443,0.0,0.0,0.0
Aluminum,4,3,5982.13,-0.298,1.083783669769764,0.08419579482078553,0.007157137327958728,0.307609980955307,0.13635587871074675,0.3376834847075903,0.2679533365856802,0.06937305748462677,0.4684488586278582,0.36074219168447486,0.10943804264068605,0.7217981375781319,0.4689754590637087,0.08859653770923615,0.9502265952871851,0.0,0.0,0.0,0.0,0.0,0.0,25398066.772335224,324.70644934819654,0.1380056253851768,24373308.698808298,200.8848311831759,0.43486460347782285,25273776.50036542,318.39507316391513,0.9212083263467846,0.0,0.0,0.0
Aluminum,5,3,5981.81,-0.303,1.4904804289340974,0.09528822445869446,0.008390516480503462,0.23088428423993587,0.07945400267839432,0.28165765463702086,0.34749587284918226,0.0742246636748314,0.5052873406775659,0.16948851653097036,0.06980825006961823,0.8069906941865937,0.15344978877437662,0.09164834082126617,1.1113783117172074,0.4521690024904372,0.11012975275516511,1.2377593998353595,0.0,0.0,0.0,20026224.421671335,164.40100882290616,0.177406205781356,20515977.759132188,240.62325936911893,0.9917129533378026,16395200.725482434,474.21779385047944,1.3327985117864105,0.0,0.0,0.0
Aluminum,5,3,5981.76,-0.304,0.9401907503604889,0.13554606461524965,0.010186102239115974,0.220972998875976,0.08640976548194886,0.14063533285965638,0.31014306966682653,0.07384879052639008,0.299626237488493,0.18976359166684914,0.03283904910087586,0.421574613767094,0.3612620981483174,0.0619559234380722,0.5355175437244366,0.23927167502253513,0.11559256494045259,0.7496887009291768,0.0,0.0,0.0,12052874.68349372,431.2556241364544,0.12580266346791455,12151402.930319518,261.82014648206575,0.37297989868933856,13901138.653139243,334.6517559959237,0.7839976913821326,0.0,0.0,0.0
Aluminum,5,4,6018.44,0.307,1.1603761792182923,0.11824106895923615,0.038463127524140474,0.2413277015522693,0.06571663856506348,0.29112550699887974,0.2674998945287369,0.1010933154821396,0.4365271265975273,0.4100428016764485,0.08615864872932434,0.5587742379461412,0.3673109232973327,0.09091137111186982,0.7890290475747798,0.3581838061183123,0.04502703726291657,0.9561854888641461,0.0,0.0,0.0,17250404.309007905,316.4994479126054,0.20958180368488094,16426145.100433344,389.3691765247353,0.830805675887891,25100250.169680297,173.04953210283514,0.8957177732937451,21013300.87445089,508.6213980010728,1.03616328523773
Aluminum,3,3,6018.72,0.312,1.0612451553344728,0.10607737708091737,0.01114009528160567,0.21575562397254258,0.02,0.26302862143637323,0.41574003364499157,0.04063588216900826,0.5389638067632684,0.3034520765287084,0.09138419091701508,0.8128652789871558,0.0,0.0,0.0,0.0,0.0,0.0,0.0,0.0,0.0,8872454.924787857,259.20698225391607,0.1330186559236624,7822501.299879787,624.1772339207048,0.5641008943920185,9564965.346202906,424.59787184822187,0.8809196055959105,0.0,0.0,0.0
Aluminum,6,2,6019.03,0.317,0.8860390573740006,0.07796799385547638,0.009171787243501102,0.21917709186624024,0.11318356275558472,0.18923644404669457,0.32917739961673914,0.02377121279016137,0.3930123132782094,0.31683891626455274,0.07170277208089829,0.4548649921344606,0.2969410791023742,0.02265104604884982,0.5112937837094169,0.2842645099821721,0.050211380124092105,0.5842516320057521,0.3811313833284553,0.10743333160877229,0.7548741294493356,35534378.663657404,309.8496653871774,0.1406019856456347,37526505.86290966,546.9694804217695,0.7974351507505615,0.0,0.0,0.0,0.0,0.0,0.0
Aluminum,4,3,6019.07,0.318,1.0080450251698494,0.15401906442642213,0.015428015478830258,0.21878931211940175,0.04232683673501015,0.22838805032734538,0.16957259527542373,0.049118815362453466,0.47302763235355655,0.2609576721792558,0.043172715008258825,0.6873979475405829,0.3278615269928024,0.08199236005544663,0.7894738591329219,0.0,0.0,0.0,0.0,0.0,0.0,12096825.9431864,463.52814827672853,0.17835517764831588,9926291.21971922,409.0774696464658,0.7105829264795767,10847374.327467745,344.3830140937827,0.8849903114564731,0.0,0.0,0.0
Aluminum,4,4,5980.48,-0.325,1.8252710938453676,0.10392724359035493,0.024337787386354164,0.3676050868353199,0.09060477435588837,0.4481971682140857,0.24613442979070427,0.11393614590168,0.8252808750346439,0.34263070642874266,0.06407436847686768,1.1938931752981652,0.27219009090303586,0.11847399950027467,1.3140364296132505,0.0,0.0,0.0,0.0,0.0,0.0,23233313.164547455,350.6085727634319,0.18252711120980786,21240630.516748965,290.9107103029734,0.2952150780723437,21245971.122487992,331.61442034750036,0.8597594505038364,19854697.472701102,1099.9999999999995,1.5967684703884362
Aluminum,5,2,6019.93,0.332,1.2661331325769425,0.11488618123531343,0.018341712193328304,0.2694290180786687,0.09102918088436128,0.18268235051968823,0.27334162165600384,0.14841784358024596,0.3153284177833776,0.322085229181447,0.09311499655246736,0.5533491995326478,0.4470064399424545,0.09581088304519654,0.8387335151362127,0.31360944183319933,0.034325687512755394,0.982526852516399,0.0,0.0,0.0,68421631.80229273,651.2566765050688,0.15805549416533204,59960071.99933457,200.45220416067932,1.075742935061914,0.0,0.0,0.0,0.0,0.0,0.0
Aluminum,6,4,5980.06,-0.332,1.6210987597703934,0.11065740847587587,0.027198714082447204,0.2831830687944131,0.05966832250356674,0.19481972499031341,0.19511751061555554,0.12693992257118225,0.46665176627984606,0.2111514452221269,0.09677175641059876,0.8111695979206482,0.26237627905183303,0.10640662610530854,0.9167932200302363,0.3169403142972973,0.055369908511638644,1.0852116516506505,0.32805882101824274,0.057409271299839026,1.2719194082272482,12846878.997456692,444.2082172220599,0.16939871770339623,10465856.451531198,545.9700935136664,0.6684285881705492,12333573.679072037,444.76891101919796,0.7743545070942032,15164068.221967759,918.1166117948801,1.4026840453431006
Aluminum,3,3,5979.56,-0.341,0.8061880558729172,0.07779895788431168,0.019741272361396178,0.19088821209243684,0.09529632925987244,0.14646413023420118,0.2658639876727888,0.08928946435451508,0.47729939471214544,0.2635691105189451,0.06516981959342957,0.5889031568148317,0.0,0.0,0.0,0.0,0.0,0.0,0.0,0.0,0.0,5756928.559436729,610.3302420835928,0.09246007275603634,5473589.718604811,722.7554404367377,0.44010684893756447,5593385.977610525,284.8451164395168,0.7132026072719646,0.0,0.0,0.0
Aluminum,5,2,5979.26,-0.346,0.6715405106544494,0.09985857319831849,0.02389369567596696,0.3770230652986624,0.09290958881378174,0.1056012213349642,0.25902696992823826,0.1210632187128067,0.26266817894425254,0.35676332328963106,0.12972756028175353,0.4066706154467483,0.13062871546508165,0.03819130033254624,0.5072975752760679,0.21726272366734917,0.053487261235713957,0.5917133845278627,0.0,0.0,0.0,22354161.91319966,527.3819787892647,0.09449491562047424,20998342.845067058,397.9729586990723,0.5504926401303785,0.0,0.0,0.0,0.0,0.0,0.0
Aluminum,5,3,6020.83,0.347,1.5428227245807649,0.10769654726982118,0.009213668372595376,0.4592191529467411,0.09945340871810913,0.3721101540992857,0.4538512269584601,0.07314776659011842,0.5666229231397202,0.3024954177672758,0.0951418685913086,0.818945522452763,0.41022779343918514,0.07537276655435562,0.9971671761363564,0.8485274606119303,0.04701893791556358,1.1452709951164781,0.0,0.0,0.0,80142328.12830676,299.9762554969452,0.20812048941222266,62590925.29845635,304.74442180554337,1.0090241118516776,65526182.171611875,209.37085256111277,1.3885404505798655,0.0,0.0,0.0
Aluminum,5,3,6021.0,0.35,1.0013719558715821,0.09682460117340089,0.012070543170079252,0.22361510408150012,0.06328075647354126,0.1862281694199615,0.1941881067315001,0.12485085248947145,0.33095579555593685,0.1475873996272406,0.051389162093400956,0.5312130790592152,0.16274501848532144,0.061475021839141844,0.6870729913886711,0.26781876472924915,0.14790490925312041,0.82553317033222,0.0,0.0,0.0,7613976.2584361425,195.83532637616136,0.10846249497978058,10083000.352651404,72.32255419425897,0.567189317796712,9374949.828964703,415.72544667660895,0.855480552154383,0.0,0.0,0.0
Aluminum,4,2,6021.95,0.366,0.7465781778097154,0.13282623720169068,0.016862767357869547,0.26366300318879476,0.08619930565357209,0.1064987280852244,0.2937433079863668,0.12282548367977143,0.3020799641458081,0.4187597397445175,0.05987650811672211,0.5324662222418175,0.20268639756517715,0.03604754157364369,0.6066850333726929,0.0,0.0,0.0,0.0,0.0,0.0,17548435.52084682,664.4208329573935,0.1311685855805963,21731683.444250632,229.75850569038735,0.6719203592821656,0.0,0.0,0.0,0.0,0.0,0.0
Aluminum,1,2,5977.94,-0.368,0.32645889148116114,0.06094381636381149,0.013946844659536817,0.2506103207027201,0.08836849629878998,0.19277572012277655,0.0,0.0,0.0,0.0,0.0,0.0,0.0,0.0,0.0,0.0,0.0,0.0,0.0,0.0,0.0,3899165.2027957803,202.31856558793257,0.04260529222999211,3182716.6259787153,291.3796460939232,0.24631339541821637,0.0,0.0,0.0,0.0,0.0,0.0
Aluminum,4,4,6022.36,0.373,1.083658404648304,0.05707241314649582,0.02600963642129769,0.22473175074685128,0.07828822135925294,0.20555474587078,0.4021746919400179,0.08032508134841919,0.42159075584749484,0.14046298999228685,0.1037082600593567,0.7456527915139011,0.25421257085569454,0.03860089734196663,0.8923215838112672,0.0,0.0,0.0,0.0,0.0,0.0,9979292.874092245,932.169090838837,0.12645751367938268,9979292.874092245,167.63037808992314,0.523176483629372,12379107.958462177,775.8462955163121,0.6559528865885916,13615726.370682573,626.18816797099,0.9686835800690938
Aluminum,4,2,5977.32,-0.378,0.9855214521288872,0.09521465659141541,0.02031502902715593,0.3514737737007609,0.12214612483978272,0.22585309790493913,0.4229161960142447,0.060818625986576086,0.4048303378090816,0.4556303775109103,0.040212628245353696,0.5301312257974395,0.21648927047246896,0.08599418461322784,0.731450369128086,0.0,0.0,0.0,0.0,0.0,0.0,37762939.50960648,707.1697914923184,0.1223191234876927,39001092.68574177,331.11233558933355,0.8192266735043661,0.0,0.0,0.0,0.0,0.0,0.0
Aluminum,6,2,6022.86,0.381,1.733152160048485,0.12873811686038972,0.027825178003016593,0.34591746159489123,0.06573903203010559,0.17332521600484851,0.30940052307078986,0.07406606137752533,0.28605764799361993,0.23194860633390513,0.08723511576652528,0.4658724736141875,0.19257756622785852,0.13562525510787965,0.8881833028107519,0.40453703092707094,0.07593738406896591,1.103190140120456,0.43886156376367935,0.08492163836956025,1.304412732616052,609039380.0540218,484.9540697812478,0.22339169036472367,560273136.9301884,332.7468172182434,1.4855950113730054,0.0,0.0,0.0,0.0,0.0,0.0
Aluminum,2,2,6023.33,0.389,1.011122676730156,0.09422928559780122,0.014184561535742607,0.29954718396195507,0.13267285883426666,0.3914411314171325,0.35370203289531005,0.07273385941982269,0.9100004090571405,0.0,0.0,0.0,0.0,0.0,0.0,0.0,0.0,0.0,0.0,0.0,0.0,18741542.563935306,182.4501730448116,0.13535519260109635,15436029.926654404,707.3302735060192,0.8547276603179002,0.0,0.0,0.0,0.0,0.0,0.0
Aluminum,1,4,5976.34,-0.394,1.6065219134092332,0.07318845659494401,0.00976469079043563,0.18497017013525685,0.10677641272544862,0.5386625533080232,0.0,0.0,0.0,0.0,0.0,0.0,0.0,0.0,0.0,0.0,0.0,0.0,0.0,0.0,0.0,3647351.157424124,758.2382608299138,0.2611867578881321,2927471.479786308,882.9134121145978,0.7948207825135953,2815079.518944281,566.6357286866282,0.9042912695372028,3532860.018942403,548.179431295276,1.357221397634222
Aluminum,6,2,5975.65,-0.406,1.0600007742643358,0.09357487690448762,0.03749455441124762,0.23940342731468064,0.08825717985630036,0.19149309275731236,0.2957839101556624,0.061532222032547004,0.39065252320994276,0.383706171022096,0.07559834003448486,0.4966181428687413,0.29751506606784717,0.0459800361096859,0.5818219020204648,0.14034654837246227,0.08182552874088288,0.7243822093980814,0.2549385856347275,0.12043744921684266,0.8715157600784674,66434652.85537746,694.8541380416443,0.1191879485632544,58242370.52575621,606.3101221069776,0.9002669837956468,0.0,0.0,0.0,0.0,0.0,0.0
Aluminum,6,2,6024.51,0.409,0.9816945806145668,0.0847640456557274,0.014351282658615381,0.3309170803030817,0.06928655207157135,0.1652108273940016,0.3776124725861134,0.057645859420299525,0.2938161120383854,0.33630541022266475,0.10827454328536988,0.4330916005488621,0.2875295017438294,0.07962598294019699,0.5998619297161424,0.4007087014307986,0.06281084626913071,0.7524673409088743,0.16993687623856898,0.1493082046508789,0.8763646252790007,153195085.89014244,266.5434814340445,0.1359229308488761,159218908.23592612,711.2761219945083,0.8545936768099178,0.0,0.0,0.0,0.0,0.0,0.0
Aluminum,5,3,5975.32,-0.411,1.4653260678052902,0.06443551814556123,0.013862875480093373,0.2193547975829046,0.07331551223993302,0.3297307846963987,0.37935982721455747,0.06030413806438446,0.5562134330359166,0.11811100618478296,0.08646915078163148,0.7361169616456514,0.26131785127943435,0.06988537579774856,0.8946278735753311,0.47030906922221083,0.026641160771250727,1.1497607668435748,0.0,0.0,0.0,15817657.265275486,455.76784615097773,0.17525904020894342,16337800.121453,590.6703665326719,0.6039492376336348,16714447.165782902,585.5699315072919,1.2878031104469247,0.0,0.0,0.0
Aluminum,6,4,6024.79,0.413,0.9041682064533234,0.11425736725330354,0.00900250895853889,0.18884462002239716,0.03009515516459942,0.11692522957157142,0.4061637643610828,0.05918230682611465,0.20066340883664516,0.22932681365946722,0.07116325616836548,0.385093605574377,0.28043786713518404,0.057193879485130314,0.5645398543754128,0.28592424271135203,0.06363737046718597,0.6398390686593688,0.24652794886007776,0.10970034062862397,0.7695833232149808,8869846.284774685,885.1477491267412,0.09096966982354403,8544715.994210307,902.859883680477,0.3286533851788993,9559178.488463495,327.45933655456713,0.4862421742082895,9799297.8084106,890.2563370026504,0.8018449138155076
Aluminum,4,3,6025.04,0.417,0.8325495272874832,0.09869290506839754,0.014484633461917577,0.3793315745420431,0.10459019839763642,0.1562895852503257,0.24907941432879468,0.06815698772668839,0.3936039945431089,0.21894215426251581,0.07730477631092071,0.553309170811832,0.23507888381873532,0.1399033910036087,0.7492845745587351,0.0,0.0,0.0,0.0,0.0,0.0,13876797.157362508,320.4256496079296,0.10952720896971047,13061964.856646847,442.8569462565502,0.5158050193521881,11335606.841974735,566.0164016648382,0.7318245838192246,0.0,0.0,0.0
Aluminum,4,4,5974.64,-0.423,1.2462052822113039,0.1344803546667099,0.00868112586430465,0.2855899245345101,0.10336384236812592,0.24060229120379711,0.31090043763296465,0.06592158913612366,0.480128281826028,0.26880066979885187,0.0848729693889618,0.6469659492148537,0.45075626086521203,0.12288080096244813,1.0380241538954307,0.0,0.0,0.0,0.0,0.0,0.0,12417532.251945093,495.3599362681926,0.14072223298365022,13344545.895694863,781.0597122865797,0.5904110219504226,18008641.70415504,614.4528713234836,0.826788919279503,16784907.397067606,210.5759767506387,1.0934111341956827
Aluminum,4,2,6025.52,0.425,0.737276691198349,0.11547491037845613,0.006920946993509145,0.3389059773593701,0.09200535774230957,0.10233602428449999,0.36266140568781896,0.0641271984577179,0.24269009823037205,0.3641357408526524,0.05773285686969758,0.39576323859116935,0.2671576896919173,0.11473737478256227,0.5596720714449949,0.0,0.0,0.0,0.0,0.0,0.0,21814175.906595312,248.69725941886114,0.07547340285723415,18502785.28647677,432.20375801550404,0.6206907880261165,0.0,0.0,0.0,0.0,0.0,0.0
Aluminum,5,3,6025.56,0.426,1.3373297035694123,0.10378730213642122,0.01447858127857231,0.265385905323893,0.13029488205909728,0.23908304207965608,0.24776348123431224,0.07411519140005111,0.5860196376640504,0.6207266857326929,0.0652017942070961,0.7468395980541359,0.3913522629295556,0.044179587960243225,0.879787763090804,0.13542626946431482,0.0720065638422966,1.032174801126121,0.0,0.0,0.0,31957684.276346326,533.5531356325838,0.17148315856569032,27031592.551504176,531.5218217048398,0.8233822469418806,28327519.581352495,188.70611362088573,1.186087150170931,0.0,0.0,0.0
Aluminum,2,3,6025.84,0.431,1.2891486138105392,0.06006255507469177,0.024750865648460237,0.19402588917364905,0.07581285238265992,0.422080880239062,0.24110301281723906,0.04728516057133675,0.7981251200339038,0.0,0.0,0.0,0.0,0.0,0.0,0.0,0.0,0.0,0.0,0.0,0.0,6073447.302396069,618.2160745431122,0.1427509463124085,4633097.287723631,353.800332049687,0.31289566925702805,4844960.725932147,387.4519103558594,0.9664187204074017,0.0,0.0,0.0
Aluminum,2,2,6025.98,0.433,0.9440395653247834,0.06396442395448686,0.015092760463052397,0.498850085749213,0.07880499511957169,0.4045688631666674,0.2698264080481587,0.10376468539237976,0.6131481507455466,0.0,0.0,0.0,0.0,0.0,0.0,0.0,0.0,0.0,0.0,0.0,0.0,53406211.839541376,528.7258606899127,0.2534141551983984,48857540.0172191,813.8431311233489,0.7805579178111899,0.0,0.0,0.0,0.0,0.0,0.0
Aluminum,5,2,5973.05,-0.449,1.1216465413570404,0.11746319794654847,0.01758723022902507,0.37025589543844706,0.050945932269096376,0.12607558629732799,0.2373910446629241,0.069334996342659,0.2555759335541518,0.14029010467974906,0.05779775530099869,0.49935210821604636,0.16946889129711154,0.12028501093387604,0.6153840147794946,0.23386167987979892,0.062304401397705086,0.8511398140300888,0.0,0.0,0.0,17701551.421608724,632.3299161027713,0.15031321278967402,15571716.14323005,654.9069363843569,0.990610656260652,0.0,0.0,0.0,0.0,0.0,0.0
Aluminum,6,2,6028.92,0.482,0.7715593621134759,0.10108722090721131,0.008710744410565848,0.34800670674482287,0.12684497117996216,0.09678082572483787,0.17940587051341522,0.08994510471820832,0.21309260584763876,0.26555560901535075,0.11792417407035828,0.33755745588250163,0.46312624631184773,0.08002864688634873,0.4457245513559802,0.22351798789408173,0.11252991378307343,0.5541604228984125,0.2863358048773895,0.0875001722574234,0.6747710966501635,29355922.92373027,482.71859905171203,0.11816237414823406,49349945.05682286,640.141212664063,0.694403425130569,0.0,0.0,0.0,0.0,0.0,0.0
Aluminum,3,4,6029.27,0.488,1.5579027265310288,0.10522052133083344,0.026019992829156718,0.13491776375374825,0.14418237924575805,0.3710130997723933,0.18852905582714424,0.06079008400440217,0.7797340778142263,0.3099031955794634,0.08803970754146577,0.9747159881156093,0.0,0.0,0.0,0.0,0.0,0.0,0.0,0.0,0.0,8239097.73884196,680.5388577945115,0.21295662699747203,9393225.766647719,284.0943216406083,1.0079885879944501,8679833.472292284,651.0016226616067,1.1118069530119477,7105578.852679011,534.7707986247041,1.4021124523200232
Aluminum,1,3,5970.62,-0.49,1.396789726614952,0.053365056455135354,0.00608005785507798,0.36781023448396705,0.09728440403938295,0.45841164389439065,0.0,0.0,0.0,0.0,0.0,0.0,0.0,0.0,0.0,0.0,0.0,0.0,0.0,0.0,0.0,10567025.91771117,396.7196274935914,0.17785062282081981,11243278.673248652,556.7714586864528,0.5589047252859634,10776617.591843208,394.41290897798876,1.1131622891227912,0.0,0.0,0.0
Aluminum,2,3,5970.4,-0.493,1.0013525485992432,0.11421793413162233,0.0168961246496596,0.2677259807300394,0.06562358558177948,0.21565655597612687,0.2794273068101567,0.08503759622573853,0.47076115602232904,0.0,0.0,0.0,0.0,0.0,0.0,0.0,0.0,0.0,0.0,0.0,0.0,6504325.241013239,365.11202491111135,0.11142274305785704,8207887.837283018,851.1554783467395,0.18902115112121634,8357682.93421494,609.8647167076218,0.7840744982174639,0.0,0.0,0.0
Aluminum,4,2,5970.37,-0.494,1.2079662293195725,0.09765057229995729,0.01908501392502675,0.24020722407157574,0.10892813801765443,0.21133162230846847,0.1839435681607458,0.12040256500244141,0.562669320154574,0.18701357072441419,0.07479537546634674,0.8030840391181597,0.43256009529212186,0.07362059026956558,0.9939091237823429,0.0,0.0,0.0,0.0,0.0,0.0,22035209.35851331,526.1899619222602,0.14707934540111167,31022011.605722755,236.34204736960737,1.0871696051796491,0.0,0.0,0.0,0.0,0.0,0.0
Aluminum,1,4,6030.0,0.5,1.865292638540268,0.1126409732103348,0.007926820320354593,0.3926083398452866,0.09387085735797883,0.7919258563418077,0.0,0.0,0.0,0.0,0.0,0.0,0.0,0.0,0.0,0.0,0.0,0.0,0.0,0.0,0.0,13670125.580089228,477.1231303121446,0.1899531927846878,15489719.62398717,173.88497772151908,0.3223804812902259,12492657.027993822,613.48070695176,0.6050362366051507,18164912.44719397,561.6136700941883,1.5063682683973743
Aluminum,4,2,5970.03,-0.499,1.0715696588158607,0.07982851099967957,0.046738392621524245,0.20373323252915246,0.08015293449163437,0.2433597579966068,0.21930040187322924,0.05751161485910415,0.42707615710373226,0.23549101944292788,0.10664806485176087,0.6198893383177392,0.5513881199355356,0.07494001477956772,0.8724802388167158,0.0,0.0,0.0,0.0,0.0,0.0,40426668.64445787,556.28011777839,0.14543980185750377,39776590.26068985,630.41334949374,0.9365860720959425,0.0,0.0,0.0,0.0,0.0,0.0
Aluminum,6,3,5969.66,-0.506,2.1,0.09833100736141206,0.013583416294394596,0.21616929417446307,0.06764708310365677,0.5233769943915529,0.2706050194027054,0.11073176503181459,0.862969353723273,0.38676860825392007,0.046379519253969194,0.9983121018329363,0.5087614115442879,0.09585378706455232,1.0804074619385615,0.29058308204816846,0.04338780269026757,1.3826218771930037,0.15141808887727048,0.12146251976490022,1.788724108767079,57695077.78665693,558.1376984791209,0.35047376626056637,70112865.06228031,381.3687397831516,1.251405105102422,73303051.55119804,653.5606470218078,1.8589630273681743,0.0,0.0,0.0
Aluminum,1,3,6030.79,0.513,1.2751709669828415,0.12108806586265565,0.01144194404129722,0.19391116669202557,0.06918871819972992,0.5250825901649695,0.0,0.0,0.0,0.0,0.0,0.0,0.0,0.0,0.0,0.0,0.0,0.0,0.0,0.0,0.0,7351276.478282129,694.5192874008078,0.19458186713838937,5714936.746262649,431.9437949492309,0.8037059739766682,6625307.057462182,218.43066728036192,1.062418359266541,0.0,0.0,0.0
Aluminum,1,4,5969.24,-0.513,1.7434592962265016,0.09880602455139162,0.013936065189948083,0.40796184149757886,0.04974268451333046,0.6656544809317771,0.0,0.0,0.0,0.0,0.0,0.0,0.0,0.0,0.0,0.0,0.0,0.0,0.0,0.0,0.0,111381088.4250183,766.6471862110468,0.17434593136610946,81094323.75785716,491.296340265171,0.2012991143900367,99896204.92644137,202.52190057008465,0.31367568404238366,95549583.84445126,170.09218032754544,1.1216362187429318
Aluminum,6,2,6031.92,0.532,0.9723186627030374,0.15511277282238006,0.007107961982678383,0.1952330785181986,0.0715393501520157,0.1118822917343193,0.28848856551169955,0.07888411611318588,0.2116908897810701,0.27768993291775984,0.1446248322725296,0.3320435699390903,0.19527791817268972,0.1317496281862259,0.5405127253756076,0.17580618400836007,0.08470108211040497,0.6857909510503957,0.22398394963863658,0.14640815019607542,0.8342941143070247,24180309.995679144,602.1857916478818,0.0972318672426224,33708503.31072572,673.706899461395,0.8750867954604149,0.0,0.0,0.0,0.0,0.0,0.0
Aluminum,6,2,6032.33,0.539,1.1761194467544556,0.1005393044948578,0.030365564300747404,0.2032613941215762,0.051556808948516844,0.1221382178346137,0.32139952885271295,0.11294403791427612,0.2614995341131362,0.3569565976426229,0.06597829341888428,0.3641506053609954,0.34538936446635987,0.11835768520832063,0.48896907807065226,0.25047291115712356,0.12572928071022033,0.7435554932832775,0.12647370410810282,0.06645707190036775,0.9156066553215159,148603403.9790542,393.1164855088264,0.16876040348431096,117809238.3294641,524.8821250064241,1.0146804469536177,0.0,0.0,0.0,0.0,0.0,0.0
Aluminum,5,2,6032.7,0.545,1.0431255444884302,0.13494011998176575,0.020002978510572013,0.25705066931131076,0.1291054093837738,0.12128144911319602,0.30317264026095636,0.11733763575553895,0.27369156249644666,0.45173629742241866,0.08541715383529663,0.44514911951316966,0.21264409217947786,0.06528310030698777,0.7068724949764174,0.2555204054957687,0.03541548408567906,0.8580432190036721,0.0,0.0,0.0,32397732.383979782,471.4921723001667,0.10431255549196856,32094769.512041036,808.2749044368437,0.8856091279194607,0.0,0.0,0.0,0.0,0.0,0.0
Aluminum,4,4,6032.73,0.546,0.38363550007343294,0.08937218129634858,0.02911844675740458,0.218253350222206,0.08470151990652085,0.05030621630744542,0.15269732034382075,0.09697359204292298,0.1450208654027905,0.6901108639541497,0.07090688586235047,0.23728573257978255,0.33560581957596347,0.11562224984169008,0.34288146772916217,0.0,0.0,0.0,0.0,0.0,0.0,16974896.842431445,408.95232096128893,0.06929021988384271,14660891.302162189,407.4993229801193,0.1140784129586101,14733716.955058021,1060.7504122776918,0.17468562087352563,18540782.881295662,776.2916408469665,0.31943648274677233
Aluminum,5,2,5967.32,-0.545,1.511013102531433,0.1334856734275818,0.02215089640582538,0.2694158223066719,0.0818401774764061,0.4003603548301762,0.28545690830642534,0.1074704396724701,0.6901841787291734,0.37059731180350414,0.07475605130195617,1.0235952544559368,0.33003813265059456,0.10373194754123688,1.1436531795664968,0.43318254597266326,0.04351431801915169,1.2325003831730283,0.0,0.0,0.0,92157745.48381005,385.8245608995599,0.20930424809291676,69703246.69014125,112.96511366075408,1.3401980591368652,0.0,0.0,0.0,0.0,0.0,0.0
Aluminum,6,4,5967.31,-0.545,1.0593472674489022,0.06695903903245927,0.017774651965510563,0.17245955629580004,0.06183260053396225,0.21440675215984958,0.21951529188654426,0.13855292558670043,0.41411399895220485,0.3805488078369666,0.09285818457603455,0.5876798716510331,0.2897540786011334,0.0661696258187294,0.7401966751003665,0.2829914182074346,0.07271288007497788,0.8464934225022542,0.40699377327535974,0.09864125430583955,0.9534025407040121,13783285.406617377,238.71128469254862,0.10969213895307305,15027542.216971671,548.6003791758327,0.44509390131069887,13294356.283618588,629.71807550032,0.7904788546891043,17417628.656949416,776.5289078058648,0.943401540704012
Aluminum,2,3,5967.31,-0.545,1.6682592034339905,0.08581815165281297,0.010451968266864106,0.250827750608469,0.02527507659047842,0.6672216611855413,0.2015668107462794,0.11316211462020875,1.5014232830905914,0.0,0.0,0.0,0.0,0.0,0.0,0.0,0.0,0.0,0.0,0.0,0.0,5375078.147916848,564.3811449819641,0.23591143624578967,8400956.322510127,537.622693589069,0.7986382818035542,6156597.942493265,233.9148895287948,1.4914222830905914,0.0,0.0,0.0
Aluminum,6,2,6033.68,0.561,0.9002949118614197,0.07620162868499757,0.013431376748692532,0.22444948579541396,0.06868712395429612,0.13943148657158771,0.2535193478978819,0.05761171132326126,0.21050483032936312,0.2692715884000288,0.03470867678523064,0.3426075326545842,0.2540584786749798,0.05532147198915481,0.4510215359450849,0.2917545939973711,0.0915253084897995,0.5665192578325586,0.30284114562776077,0.0877689015865326,0.7438870823380951,35321480.26535738,205.1140426247804,0.10507023379934699,34316203.854355425,997.6021627339801,0.7829142331834573,0.0,0.0,0.0,0.0,0.0,0.0
Aluminum,5,3,6033.7,0.562,1.1977293342351913,0.09864632844924928,0.04474234823300434,0.2627510201006945,0.08232384145259858,0.35722122704623294,0.34011580995804946,0.11128535628318788,0.5929692188570524,0.24272634102828888,0.02721899013966322,0.7488920300554859,0.39055500508543234,0.15,0.8718326790688586,0.38766804848772396,0.05632132083177567,1.0339101822889816,0.0,0.0,0.0,28429034.842789043,338.9679074914101,0.14313806550389083,27940845.93064966,876.5595953986696,0.4688739742701684,31355769.530352376,398.49829660273724,1.0444914094569246,0.0,0.0,0.0
Aluminum,5,3,5966.36,-0.561,1.0990114867687226,0.04430402716994286,0.03544322173595429,0.23979765108567144,0.025197956673800946,0.1804874682197976,0.23119496513239501,0.0436604218184948,0.3470698450798134,0.16344562482139624,0.12675172448158264,0.4851009197099316,0.23538514288069837,0.039026233702898025,0.7498825248840556,0.20966245172401357,0.109423126578331,0.8396181019986776,0.0,0.0,0.0,19953414.858493153,289.44163844231434,0.21503908426962517,13347579.46245139,131.10755720616118,0.714448266940757,12868782.021967664,69.97212351477128,0.9604068545881145,0.0,0.0,0.0
Aluminum,5,4,5965.38,-0.577,0.8829909577965737,0.11570553362369539,0.028401829896335048,0.3287432041831245,0.07466038703918457,0.08830909577965737,0.2460487536479437,0.07864838421344757,0.17078155146726445,0.2937750405754676,0.11934295117855073,0.3357620275660824,0.4555695921974885,0.11849700510501862,0.4904028345562484,0.3957189467676962,0.10255749166011811,0.656504210449223,0.0,0.0,0.0,15648738.739379406,417.0700485233794,0.10670872292145583,15739034.71530261,344.2049891245144,0.29520845145949387,14820406.447701957,867.9687738242637,0.5377403222366934,18587386.000894,597.4805450257692,0.7807754276025352
Aluminum,3,2,5964.71,-0.588,1.2367859184741974,0.0833691042661667,0.032870136053033544,0.3088509429445949,0.09036468386650086,0.3519674682731121,0.33784867483853503,0.037181862592697144,0.6866634320909359,0.30370845454289336,0.1264196115732193,1.0919057858804029,0.0,0.0,0.0,0.0,0.0,0.0,0.0,0.0,0.0,108699629.21198115,135.71068323135955,0.14521409556928883,106998079.98876403,533.4405162276781,1.1069567879244482,0.0,0.0,0.0,0.0,0.0,0.0
Aluminum,6,2,6035.76,0.596,1.2666182041168212,0.13918923139572145,0.005469551710290793,0.22363369820453313,0.08880778789520265,0.1428901993111716,0.30125171555097996,0.1291222780942917,0.3564192710244819,0.3204857085717278,0.08978580117225647,0.5539721390692005,0.27242714950133523,0.10403892397880554,0.7659886116992378,0.22656949671273716,0.09256616294384003,0.8866392707721288,0.2741829390870035,0.06662611156702042,1.0426459492504911,33303638.70663448,607.8807240640447,0.19180710866150966,40382525.34833118,738.7836726114713,1.091407350624753,0.0,0.0,0.0,0.0,0.0,0.0
Aluminum,5,2,6035.8,0.597,0.723761896789074,0.10568340981006623,0.02022921430048905,0.29056261100681247,0.07525689780712128,0.08417494365402939,0.2565841645277233,0.12414821684360505,0.21908106639302488,0.309815737938279,0.12170790255069733,0.36454319827421616,0.3042561269622214,0.1161211746931076,0.501406273081892,0.18771465953973548,0.11078645467758179,0.6231692701214875,0.0,0.0,0.0,21265346.856734302,1063.3760367775817,0.12390643523820191,26935383.44534114,518.4343049251951,0.6393078669230812,0.0,0.0,0.0,0.0,0.0,0.0
Aluminum,1,2,5963.64,-0.606,1.079541416466236,0.12084439980983736,0.020364192447203788,0.27911686629520477,0.047324907034635544,0.5927830648551227,0.0,0.0,0.0,0.0,0.0,0.0,0.0,0.0,0.0,0.0,0.0,0.0,0.0,0.0,0.0,7446686.537561022,311.9555198329228,0.19120236162394916,8456628.487175567,720.0357685713294,0.8517631430646094,0.0,0.0,0.0,0.0,0.0,0.0
Aluminum,6,2,5963.42,-0.61,1.3829494744539261,0.11541452920436861,0.011018356870803988,0.1499897807254838,0.08000020563602447,0.14963327288289652,0.21069299375996112,0.06536708742380143,0.2661037737875936,0.3331638688859005,0.1185376000404358,0.37972135648734306,0.35104508441512733,0.05909171789884568,0.5593289637009783,0.2902764177916401,0.03755259647965431,0.7567686405630825,0.3393761583420016,0.12404417634010316,1.0227557549589914,46192039.79450806,1099.9999999999995,0.19256021797454662,52489764.24609497,274.6880255098819,1.1386892880948247,0.0,0.0,0.0,0.0,0.0,0.0
Aluminum,6,3,5963.17,-0.614,1.1031069725751879,0.08358932542800904,0.01970409489754335,0.42439739196574405,0.04582413226366043,0.1782054976076887,0.2471921414930673,0.10656035840511323,0.2582644690195812,0.3935863190850864,0.0941683340072632,0.43289773762225725,0.2630864011932404,0.12489157140254975,0.6623695403875545,0.31915280200365387,0.07243629366159439,0.8295012548561195,0.23327539454811175,0.06731233179569245,0.9445445042017204,39626106.57183238,292.47125483570477,0.11098838676465984,25448595.2147145,98.82026720874329,0.3647338841147061,21337134.30790972,277.88158453593,0.9604556128826217,0.0,0.0,0.0
Aluminum,3,2,6037.52,0.625,1.3794673025608064,0.11732023489475252,0.013143875907638288,0.1928519447971986,0.04141211405396462,0.23646262169416438,0.24823031332256487,0.10836950242519379,0.5267530345581588,0.1718062366080597,0.11568574965000153,0.9383190591352153,0.0,0.0,0.0,0.0,0.0,0.0,0.0,0.0,0.0,14412069.426372815,679.6633319662619,0.20561050056941338,17357940.395013172,483.6620054503931,1.140572507605605,0.0,0.0,0.0,0.0,0.0,0.0
Aluminum,6,2,5962.67,-0.622,1.0346585705876352,0.10216632068157197,0.020430398645524445,0.296181837308805,0.11075914084911347,0.11054203606705716,0.2371419132971436,0.0417622172832489,0.23978497494159126,0.34045876911696915,0.06693411082029344,0.35538904676517724,0.41060580022924503,0.11315076291561127,0.575867148275272,0.3833376697237131,0.09679306507110597,0.734497844412702,0.2786638558785316,0.07824583262205125,0.9007502762122565,111733314.94892892,689.666542352593,0.12626150017030935,101119502.87590916,427.4614458127649,0.9311927124942131,0.0,0.0,0.0,0.0,0.0,0.0
Aluminum,1,4,6037.84,0.631,0.5554747119545937,0.10373008644580842,0.015449122596761357,0.22436072257223824,0.143895223736763,0.25028160208906697,0.0,0.0,0.0,0.0,0.0,0.0,0.0,0.0,0.0,0.0,0.0,0.0,0.0,0.0,0.0,4200884.056393501,621.5050437981546,0.060623607420113926,3874953.438806195,330.87818872942154,0.16261767544282907,4136044.5930181015,147.090311785471,0.1593612913105349,4333488.8103157105,286.6520054924678,0.40695023727419305
Aluminum,4,4,5961.91,-0.635,1.5580993354320527,0.07544724065065385,0.027807332373718074,0.381309936030931,0.12740694642066955,0.39375083638876673,0.4439250368453426,0.14277892887592317,0.779885229100019,0.3256251018087701,0.06558512538671493,0.9830968672134222,0.26671362128376636,0.048607781380414966,1.2933836103279517,0.0,0.0,0.0,0.0,0.0,0.0,35735543.878477864,356.58547438644933,0.2261298135814767,26250962.270878535,821.909199137017,0.8264313325860834,25650447.78521289,735.8491774021954,1.023511718380043,34076546.853773355,569.2103661737286,1.3729094725033493
Aluminum,4,3,6038.63,0.644,1.6685820698738099,0.1044624218940735,0.014008763650583773,0.27093565598356995,0.061573002934455875,0.3725064452142065,0.4016666505478973,0.12572031557559968,0.6768906204746838,0.2682873119684701,0.0926901948451996,1.2306277930661413,0.2466447931218339,0.09759698271751405,1.4793268228016434,0.0,0.0,0.0,0.0,0.0,0.0,25599784.349820282,311.607193996417,0.19487328977987056,21591948.718500316,678.3793602923648,0.8790641876430396,22517620.05036737,542.7716730519755,1.5017238612178467,0.0,0.0,0.0
Aluminum,5,4,5961.47,-0.642,1.2455215066671372,0.09543232166767121,0.018587296609918747,0.5498645302560602,0.08978577792644502,0.13659035707060774,0.2115714560934628,0.09224950850009919,0.2912698424843819,0.18491553962309526,0.12947945773601532,0.5667199197721442,0.2283779489309558,0.06379448115825653,0.6869544998791227,0.32671468230643647,0.12200844764709473,1.0116230271924245,0.0,0.0,0.0,20370449.051685568,142.1930522676716,0.1613416985189043,25855011.332162954,390.55969799453885,0.4666369327966442,18036000.923997007,306.3457884173164,0.6153380671315469,25585726.4645652,164.73793720182675,1.0981201737311825
Aluminum,3,2,6038.96,0.649,0.9203264698386192,0.14285044312477113,0.008987828511281604,0.29857269740849984,0.09628687977790833,0.1749486934877694,0.2858232999538266,0.11093526661396028,0.40841421868937045,0.3317480692599338,0.11989958763122559,0.6359249252456654,0.0,0.0,0.0,0.0,0.0,0.0,0.0,0.0,0.0,21009915.283810724,778.2133064908465,0.13000772623874435,24114472.387122102,652.6871242247042,0.7980104730033147,0.0,0.0,0.0,0.0,0.0,0.0
Aluminum,2,4,6039.02,0.65,1.2791718423366547,0.05444948422908784,0.017722588470951286,0.3958688619840848,0.02,0.24275451524105174,0.31470238938514905,0.14757044076919554,0.7810931477966255,0.0,0.0,0.0,0.0,0.0,0.0,0.0,0.0,0.0,0.0,0.0,0.0,12395747.55194183,1007.186826508298,0.16315740420468594,13449523.638500389,593.0109890696002,0.5177713657345935,13812911.261737186,716.3580274554754,0.6166952073919474,16234732.494505616,536.8869441332254,1.0771546234926213
Aluminum,2,3,6039.04,0.651,0.8500647559762001,0.04443587082624435,0.014253819308714989,0.30489231240215503,0.13379856824874878,0.08846361891912159,0.37190859786493347,0.031368551030755046,0.515913161084241,0.0,0.0,0.0,0.0,0.0,0.0,0.0,0.0,0.0,0.0,0.0,0.0,13860582.133030826,482.3154887839062,0.11826677793583437,23032849.675469507,731.6875452204654,0.6039254343392404,14699628.108225344,913.9394329665869,0.7425603355249312,0.0,0.0,0.0
Aluminum,3,2,6039.1,0.652,0.801413094997406,0.11110039842128755,0.025792365172840157,0.3297570497807038,0.12604506731033324,0.14482394519895087,0.2957081988179417,0.12067719101905823,0.40057401767478684,0.14750530430967115,0.08804062962532044,0.5804882778487026,0.0,0.0,0.0,0.0,0.0,0.0,0.0,0.0,0.0,17868558.919862013,693.3271809961105,0.08980101334663389,16283181.53975408,389.4916715852794,0.683372291927445,0.0,0.0,0.0,0.0,0.0,0.0
Aluminum,1,3,5961.13,-0.648,0.5192727334797382,0.16,0.017301953324687508,0.16801680000000002,0.1090323954820633,0.08544248968412961,0.0,0.0,0.0,0.0,0.0,0.0,0.0,0.0,0.0,0.0,0.0,0.0,0.0,0.0,0.0,6044919.512106423,298.61719189645385,0.06626243330541237,8249237.368187641,990.2433753143711,0.27153537247956105,7612812.315120558,576.0163686216869,0.37180034425041847,0.0,0.0,0.0
Aluminum,6,2,6039.59,0.66,0.6906664326786995,0.11197438502311707,0.02000550085199307,0.27373356282344974,0.0858752590417862,0.08620393388122005,0.2227271677219724,0.02,0.1683233850237872,0.16912764465548974,0.1338066965341568,0.2625652908289149,0.2994876336638707,0.10490724027156831,0.3936824247609548,0.36405565721484673,0.11470012724399567,0.5143274682670185,0.2821568987399787,0.07639261841773987,0.6140633144604332,22160083.222526044,496.253067472158,0.09969889267387921,23672050.014520567,957.5341797515446,0.594812734263158,0.0,0.0,0.0,0.0,0.0,0.0
Aluminum,1,4,5960.52,-0.658,1.7212755709886551,0.12655648934841157,0.015737173248084997,0.39138623433195113,0.02,1.0157214809725583,0.0,0.0,0.0,0.0,0.0,0.0,0.0,0.0,0.0,0.0,0.0,0.0,0.0,0.0,0.0,8453690.063479057,293.1311866617907,0.32397756352977675,8009906.58337832,351.0025019463866,0.848978758959852,8035937.369139232,387.08639089667065,1.3070700687042667,8078324.200561667,317.12120422867616,1.549148012168514
Aluminum,2,2,6039.89,0.665,1.6277002096176147,0.12651813960075378,0.02110866667523079,0.1865983299538136,0.11999110639095308,0.36020673441050366,0.3853684413743417,0.0845980527997017,0.7201786972198707,0.0,0.0,0.0,0.0,0.0,0.0,0.0,0.0,0.0,0.0,0.0,0.0,31239781.402205303,631.6738059540387,0.21114071764270687,28249239.230187766,340.94418571642296,1.2909900243052348,0.0,0.0,0.0,0.0,0.0,0.0
Aluminum,4,3,6040.67,0.678,1.9897504836320878,0.08393448162078858,0.02098850151235035,0.2124329280180835,0.04723364397883416,0.6056930740268509,0.19873722225170865,0.10280233979225159,0.9792255099606126,0.2661992150463625,0.09310556650161744,1.4776129473393524,0.3384957120266422,0.05683530896902085,1.7488833798488235,0.0,0.0,0.0,0.0,0.0,0.0,32948785.169717286,409.21092063028567,0.2694235895048305,27534464.39673818,294.528515771263,1.332983778321804,32349377.135539044,420.52555480675215,1.7907754332791286,0.0,0.0,0.0
Aluminum,6,2,6040.71,0.678,0.9879806622862817,0.13343675231933594,0.006169377047779295,0.2745825532489838,0.11121006309986116,0.13685276234771954,0.28077970688149007,0.13366203010082245,0.35688640496270424,0.4694859692340066,0.03847144335508347,0.4927242259355266,0.35140172769653816,0.09105246543884278,0.5783998354386093,0.18664986658580146,0.1151507318019867,0.6901440514974306,0.23636341190064342,0.0441137558221817,0.8354781511348313,31531658.191918205,425.2119818336395,0.16140610553143697,29968811.711032823,110.19889839374366,0.8576312138278958,0.0,0.0,0.0,0.0,0.0,0.0
Aluminum,4,2,6041.09,0.685,1.0629118651151659,0.12057459735870363,0.013768805464756022,0.26761201570802295,0.15,0.16844728872055498,0.21248270779694478,0.08679521203041077,0.3594306745566531,0.38071355774535404,0.10368773400783539,0.5095864363509602,0.3264938451700906,0.08463220477104187,0.756176035942153,0.0,0.0,0.0,0.0,0.0,0.0,32628599.50830601,616.1429296305931,0.12967731204248287,29692742.747792847,291.3379027178127,0.9299589515471515,0.0,0.0,0.0,0.0,0.0,0.0
Aluminum,4,2,6041.41,0.69,1.281792265176773,0.1030845732688904,0.01860310473367793,0.33645722125039984,0.04277281150221825,0.23157178209932058,0.31003477663446716,0.09729446947574616,0.40886617389333496,0.3313909231589096,0.0537770938873291,0.700481939965339,0.33971023980782367,0.0888279265165329,0.8111694134433686,0.0,0.0,0.0,0.0,0.0,0.0,52406152.24750477,659.726227853943,0.1378450961677627,63495597.611683324,380.51856658199614,1.0506765866552494,0.0,0.0,0.0,0.0,0.0,0.0
Aluminum,2,3,5958.35,-0.694,0.339577235840261,0.06698287326097489,0.011437027151502464,0.3838627919191651,0.03968710243701935,0.094333609476832,0.48576361534808965,0.07115229189395905,0.20474910064833082,0.0,0.0,0.0,0.0,0.0,0.0,0.0,0.0,0.0,0.0,0.0,0.0,7209912.532682278,255.5706420252562,0.06027340719142258,7368440.346927557,318.1650093353348,0.2443951426140318,7814696.474606327,416.30943304851473,0.2956664957701477,0.0,0.0,0.0
Aluminum,5,2,6042.27,0.705,1.4901765286922455,0.12342178893089296,0.036186115743161766,0.3229550091249986,0.11026659309864045,0.33380737216174916,0.24633893912417062,0.09620881259441376,0.7270886389859054,0.2299405188765696,0.07407114446163178,0.9393770066038805,0.16099215214464352,0.0725010371208191,1.1238954587894685,0.3033854514629075,0.06690591365098954,1.2831084028661233,0.0,0.0,0.0,49667904.52624383,487.65400185795585,0.1822996265745376,51367029.84132412,590.9387104132433,1.3301354009395052,0.0,0.0,0.0,0.0,0.0,0.0
Aluminum,5,2,5957.17,-0.714,1.765486550331116,0.1386244719028473,0.022926955563940265,0.2891228675525024,0.05179965406656266,0.31122079856316964,0.1882511161251856,0.12923335433006286,0.7055975383076005,0.24970916068182905,0.09403024613857269,1.0996444861499188,0.21344182813876872,0.10863429546356201,1.2414348991631416,0.2284056564904976,0.07520828306674958,1.3856295775507108,0.0,0.0,0.0,99738193.09963505,103.89150241835254,0.20351161571893472,96989056.92359048,253.1364402595383,1.565319415530831,0.0,0.0,0.0,0.0,0.0,0.0
Aluminum,2,3,6043.55,0.726,1.5235956311225891,0.062393937885761266,0.0205555825771085,0.3894735029441888,0.02230343859642744,0.47136259053191787,0.26523643255928187,0.11994567632675171,0.9171409074412331,0.0,0.0,0.0,0.0,0.0,0.0,0.0,0.0,0.0,0.0,0.0,0.0,9442552.414559787,797.1444934747442,0.18223331205884552,8348060.490699907,810.6475609647728,0.7661351567405311,10110420.32934817,507.44471406838164,1.2579911779155335,0.0,0.0,0.0
Aluminum,6,2,6043.69,0.728,1.282114028930664,0.10775366985797884,0.03125484440665259,0.26665055550526195,0.04974505946040154,0.16991741196253413,0.15653219293665363,0.10674629390239716,0.3755339742779808,0.3514359977358422,0.09254603207111359,0.5779574047477606,0.35103611265814877,0.03875346541404724,0.6575082870439568,0.2728034443247852,0.12021843492984773,0.8687369569821193,0.2591729120575887,0.09488798558712007,1.0987300246758687,37423661.40961436,362.59310473838616,0.2081525982559752,37065733.46086572,708.6054510426537,1.0600976491706335,0.0,0.0,0.0,0.0,0.0,0.0
Aluminum,5,4,5956.16,-0.731,1.446299993991852,0.06797672080993652,0.01750870290063673,0.3762428182632627,0.14609722971916198,0.3312370678473958,0.24363605184615103,0.10893229126930237,0.5567464600864278,0.29806967579602534,0.031127963662147522,0.7462671663062003,0.2795411441109293,0.1402152645587921,1.013847614683204,0.21041087636343017,0.08575899124145508,1.2088828121298045,0.0,0.0,0.0,20604168.242438994,633.8950919448131,0.16583027842949177,20334652.43820065,1037.8554071797273,0.42877218051831967,17495099.772892162,482.41225968250137,0.6421719385953835,22647342.44195137,219.8168486377097,1.3016699931463669
Aluminum,1,3,6044.27,0.738,1.2273769199848177,0.10354047060012818,0.015297936625364673,0.14449692458795582,0.0904558926820755,0.3692697941197438,0.0,0.0,0.0,0.0,0.0,0.0,0.0,0.0,0.0,0.0,0.0,0.0,0.0,0.0,0.0,5360301.75583155,396.29507719732004,0.14034479546395587,7597475.093741806,505.49594461399477,0.5293209538495283,6424251.1316352105,462.0165161318473,0.8812442128336667,0.0,0.0,0.0
Aluminum,3,3,5956.05,-0.733,1.8354337781667711,0.07749657803773881,0.022380383971715843,0.2554614127876112,0.05331136405467987,0.24643039317963644,0.3394702750941813,0.07353743612766266,0.9465916484777553,0.30462105659577016,0.02,1.1122056347269098,0.0,0.0,0.0,0.0,0.0,0.0,0.0,0.0,0.0,21718788.177686132,303.9476620694307,0.22541381664997792,22908985.05341342,834.568011335016,1.1811018414770071,25411885.56649994,176.4892660665593,1.5600982800636582,0.0,0.0,0.0
Aluminum,3,4,6044.41,0.74,1.5635460525751115,0.09581555676460267,0.020498494359897233,0.4588842613283048,0.08648254811763764,0.48732423033358857,0.23751416850255025,0.06587229639291764,0.8181822956891045,0.3155502917628166,0.1293821042776108,1.2728725682971462,0.0,0.0,0.0,0.0,0.0,0.0,0.0,0.0,0.0,72996539.24313024,216.60416379095136,0.16154397779320942,82970255.22384152,456.59072390413917,0.21668780349724187,91645135.32627435,634.066125315439,0.18403089710883525,83149655.85116315,319.55239526956467,1.3337494084661172
Aluminum,4,2,6045.26,0.754,0.9398134112358093,0.0845535113811493,0.012382294961829736,0.28637428825972966,0.11040553331375123,0.11875972854284933,0.2123275004619403,0.027780408933758736,0.28328325349931094,0.4782208647158247,0.11623802363872529,0.434564880186251,0.2635084950307881,0.15,0.6862680882657477,0.0,0.0,0.0,0.0,0.0,0.0,78753154.83742943,607.4868534552567,0.12967638761309913,73703278.37612581,669.0735045145717,0.761931539949281,0.0,0.0,0.0,0.0,0.0,0.0
Aluminum,2,2,5955.01,-0.75,1.141024923324585,0.06695500177145004,0.01834102857399322,0.14039292554319066,0.08787890851497651,0.22831115549021674,0.35660859734598777,0.14626624226570129,0.8406973124692153,0.0,0.0,0.0,0.0,0.0,0.0,0.0,0.0,0.0,0.0,0.0,0.0,57397151.076105304,500.1243519658908,0.17566906232362986,37467006.10224872,654.3732495469199,0.9574585732297249,0.0,0.0,0.0,0.0,0.0,0.0
Aluminum,4,2,5954.56,-0.757,1.3740637004375458,0.1068210371732712,0.029573333629726403,0.3207656981029229,0.12223713219165802,0.3017501153388459,0.2500990538761869,0.09412535250186921,0.5598359966435948,0.2977896272227396,0.15,0.8408255869972447,0.48256571533636894,0.10906283199787141,1.1228389746069118,0.0,0.0,0.0,0.0,0.0,0.0,92935432.42110066,533.2487723688208,0.1756182217815764,94533485.31039996,240.95356017730754,1.1613079682741385,0.0,0.0,0.0,0.0,0.0,0.0
Aluminum,1,3,6046.66,0.778,1.1844453871250153,0.08823448199033739,0.011381744695414987,0.4232165431324698,0.08067541897296905,0.9494835616494057,0.0,0.0,0.0,0.0,0.0,0.0,0.0,0.0,0.0,0.0,0.0,0.0,0.0,0.0,0.0,15015939.42996653,659.3326799846488,0.48559227485373707,13073792.68254685,594.6877295016659,0.7036207638230041,15717706.28514195,156.63287703142325,1.0144393431680707,0.0,0.0,0.0
Aluminum,6,2,5953.04,-0.783,1.176813367009163,0.11718511784076692,0.027342571183482055,0.1962886826191154,0.06069864273071289,0.2159418083624247,0.5221869920988443,0.1015971064567566,0.3755573213561675,0.2715321828576468,0.08458397746086121,0.478775486541638,0.2985483691710957,0.10787758231163025,0.606124502016488,0.19413416993028443,0.10310454308986665,0.7170164520442235,0.285877455523526,0.07733057528734208,0.9194711141594719,69281539.08526002,479.3503140179888,0.16257319992387362,55201247.6910402,381.49424174316,0.9848589973368161,0.0,0.0,0.0,0.0,0.0,0.0
Aluminum,6,2,6047.64,0.794,1.3051187038421632,0.1170498230457306,0.01412596492036687,0.20940973489303807,0.1077949357032776,0.24607431801728724,0.32488705929207895,0.060601386129856105,0.433490074792118,0.24917426294207606,0.11217359423637391,0.5774640334484119,0.25589455146914364,0.07903221517801284,0.7471895751175518,0.39672805796210026,0.12980289220809937,0.9523808699609757,0.24422767687420877,0.09304185748100281,1.085515836407662,83486117.53827392,729.1978985549856,0.15493005024312417,97382991.37840858,225.531169070463,1.1325572246969833,0.0,0.0,0.0,0.0,0.0,0.0
Aluminum,2,3,6047.91,0.799,1.2330411970615387,0.05165192472934724,0.019977376515090118,0.30901350463777466,0.06455724596977234,0.6141931058250434,0.2778935858021484,0.12615637600421906,0.9026144310114149,0.0,0.0,0.0,0.0,0.0,0.0,0.0,0.0,0.0,0.0,0.0,0.0,21423724.69746069,573.1437916691918,0.22619686796980049,16049982.64718675,608.2237452263779,0.8431464872403184,17372362.452280752,663.6035919328665,1.0945254085788751,0.0,0.0,0.0
Aluminum,4,2,6048.06,0.801,0.9936165452003479,0.07306978905200959,0.0027961663829528566,0.16587325838377628,0.13661348879337312,0.3407860002829986,0.3600256745943789,0.11263586819171906,0.56836877322896,0.2216700695770713,0.05315056502819061,0.7660132306512047,0.3556505834207998,0.08809417247772218,0.8866440906872288,0.0,0.0,0.0,0.0,0.0,0.0,74093831.33298275,570.1058596245525,0.1598267773319077,70229963.21913014,683.0874802898267,0.8375005635345635,0.0,0.0,0.0,0.0,0.0,0.0
Aluminum,6,3,5950.79,-0.82,0.8175982639193535,0.12108529818058016,0.03135742709753615,0.24721338381331978,0.08007793188095093,0.10342708043798438,0.27514189155627017,0.11153287768363954,0.2307253448166637,0.3236159607924761,0.08442738980054856,0.3528386903391384,0.35417060347528767,0.10041084945201874,0.4773194324509707,0.25955919139066225,0.06341758519411088,0.6025295434405405,0.38522108438396896,0.09775724709033967,0.7209554994499976,19155392.73724614,395.6355098776904,0.11379549260649346,20722343.2481834,483.7987716876549,0.5407205376112099,15334874.738269951,325.18376528128755,0.73583843670982,0.0,0.0,0.0
Aluminum,4,3,6049.85,0.831,0.7728834122419358,0.06391775423288346,0.012595662031683106,0.3991087516315302,0.09444495916366578,0.18943635127098757,0.26183842475415386,0.0993472683429718,0.38565273205176875,0.27582971135257134,0.060784857571125034,0.5109999715117123,0.16762871401470858,0.04563256159424782,0.6455522134936925,0.0,0.0,0.0,0.0,0.0,0.0,18612198.247250892,457.20842151566853,0.12767863916723524,19638499.181274638,395.0550082449801,0.6123581755668357,15233808.090392768,1099.9999999999995,0.6955950702448588,0.0,0.0,0.0
Aluminum,3,4,6050.88,0.848,1.9200220286846161,0.10970703554153444,0.03274795443352551,0.21922865188619292,0.07898480147123337,0.3548915174596429,0.41296551789051816,0.09898284375667572,0.4936215377163594,0.22874666580336803,0.10021914899349213,1.331556800273059,0.0,0.0,0.0,0.0,0.0,0.0,0.0,0.0,0.0,16091991.983799262,263.6695416123111,0.2123453094537318,13732971.26982596,581.8746234488071,0.3263141528452249,14987869.610021573,200.91537509657394,1.1875534329924333,14984952.178423373,482.6299502611765,1.6269842567183779
Aluminum,5,4,5948.47,-0.859,0.7385453864932061,0.13540489590168,0.021349625721288304,0.27260271606962766,0.060967062115669254,0.13411139644132244,0.4563467376270402,0.025014537535607815,0.25331393124819607,0.1937904432631502,0.07412891417741775,0.39327958013120934,0.39149781298656444,0.08665445089340211,0.505318666572304,0.14986898518251762,0.035911657214164734,0.6313535879641882,0.0,0.0,0.0,7419552.350456289,420.2612461152438,0.073854539387866,8554213.6217512,278.9999549777917,0.26567246475456907,8127778.488066436,720.050035593705,0.47165636434414354,9172627.579078084,252.7521647750599,0.6547092720555381
Aluminum,5,3,5947.34,-0.878,1.71567921936512,0.116424546957016,0.026116720537838867,0.24642078581865862,0.0642168265581131,0.26561782592754735,0.2349297993420167,0.048299137055873874,0.5498476169138391,0.3249341338324773,0.06831401318311692,0.9549824999796581,0.23575584764658497,0.05297995626926422,1.1616980257487364,0.37353420000565235,0.10735617101192475,1.4706194627236906,0.0,0.0,0.0,26403514.58526347,634.8855750131135,0.1757416529618678,23242380.08634763,492.5359752977387,0.6141404491964397,21481740.397323683,489.05362259995894,1.5068883832697266,0.0,0.0,0.0
Aluminum,6,2,5947.33,-0.878,1.085334101319313,0.11304419147968293,0.0021649132799030717,0.3085388481414591,0.0542111822962761,0.1686652577906426,0.21202566346449056,0.03445929378271103,0.31676762570630046,0.3386648203216475,0.1013943487405777,0.43968458972477215,0.3741974517702789,0.08554234027862549,0.5935790455386191,0.4358437160939312,0.10184253573417665,0.7380584426390189,0.23293680249385065,0.11615661680698396,0.9012541677674457,111440097.44498959,479.2841985221047,0.11800560840558078,96473203.51605688,459.97493159759983,0.9768006901020475,0.0,0.0,0.0,0.0,0.0,0.0
Aluminum,1,2,5947.18,-0.88,0.8819644674658775,0.10184349215030672,0.010497505450544621,0.4107184145463402,0.06121715217828751,0.40723865588721564,0.0,0.0,0.0,0.0,0.0,0.0,0.0,0.0,0.0,0.0,0.0,0.0,0.0,0.0,0.0,8154180.4033418065,672.3626972971,0.18931337709182272,8452599.58367366,774.7499908794874,0.6856356876089713,0.0,0.0,0.0,0.0,0.0,0.0
Aluminum,2,3,6053.48,0.891,1.577396559715271,0.12924997723102571,0.032668375883506864,0.1870859123373486,0.1012013852596283,0.1761855320213785,0.36343447440832427,0.06365773379802704,0.7756617514720393,0.0,0.0,0.0,0.0,0.0,0.0,0.0,0.0,0.0,0.0,0.0,0.0,11526411.849448493,371.058167191611,0.18798524224014465,12902736.415950336,285.5399522527708,0.6023962445801557,11507632.384579496,1036.499846935536,1.2208111305404417,0.0,0.0,0.0
Aluminum,6,2,6053.54,0.892,1.153138865530491,0.08492472779750825,0.00984829038060892,0.23990455262456806,0.11009207129478456,0.12647810773938914,0.27018774202728363,0.11257590174674989,0.30788414104000955,0.22651589100146885,0.0682237496972084,0.5024295217509547,0.25082473081749557,0.08705328702926636,0.6419994339968673,0.25060605055312984,0.08643301129341126,0.7742205117195595,0.24520953535837028,0.05509773492813111,0.9592571686673336,43602196.09265205,558.6827270931718,0.1561693900674403,49747235.29848882,514.8249459350817,0.9466755868343157,0.0,0.0,0.0,0.0,0.0,0.0
Aluminum,5,3,5945.83,-0.903,1.1492251574993135,0.07507078087329865,0.03176657583458851,0.2039699182182616,0.06974752813577652,0.15537867344512846,0.4449484292823703,0.12500815689563752,0.3598824049225997,0.16787974473159176,0.065828478038311,0.5700848000213394,0.2406233490634034,0.04705437228083611,0.645223259730874,0.3214156544982631,0.08311961144208908,0.7828689824594475,0.0,0.0,0.0,34509184.197663285,653.9726780166106,0.13901329249211364,36503122.54835104,429.7392663300599,0.6776571517068258,49079974.31220077,767.8148175560999,0.9946529088051792,0.0,0.0,0.0
Aluminum,4,2,5945.75,-0.904,1.0049494549632074,0.12428438317775728,0.03298942471115467,0.16113907561798888,0.05938814073801041,0.2668474097071764,0.17079913336396926,0.048534942567348485,0.374782359139643,0.3825082708490178,0.10362652003765106,0.6588065599963188,0.2829427280586753,0.07366566002368927,0.9014879148885271,0.0,0.0,0.0,0.0,0.0,0.0,19391870.213642962,221.07700271871457,0.1798013250556772,18445491.20990181,76.62542855432385,0.8584328793908715,0.0,0.0,0.0,0.0,0.0,0.0
Aluminum,5,2,6054.89,0.915,0.9976376548409462,0.058825947105884555,0.010865691718361865,0.27897470953248815,0.07832994759082794,0.12049869182789615,0.31332397144011853,0.09628937482833863,0.2627068980811065,0.11222859738219988,0.07115121096372605,0.4752883557100997,0.32136711286055036,0.034624129831790924,0.6334178973881257,0.3245624405959475,0.10120420575141907,0.7930678276888771,0.0,0.0,0.0,38459790.04409649,183.67445993337776,0.17439786777561234,28089438.709061753,240.40367682662315,0.8409681808719384,0.0,0.0,0.0,0.0,0.0,0.0
Aluminum,4,4,5945.0,-0.917,1.0792015686631204,0.08691945213079454,0.017589322409944933,0.20372247930336493,0.07057246387004852,0.24098986500693576,0.42317416097358346,0.1498875367641449,0.4307075396325782,0.3059304556730971,0.11101098597049713,0.5783132549892546,0.25027030240330816,0.12090345025062561,0.8449227068659878,0.0,0.0,0.0,0.0,0.0,0.0,23562523.721777216,508.4509745613397,0.11621725083480597,16066926.842550073,828.4631374040562,0.3716889837612066,13346756.66171952,654.6623018938012,0.7098562416040533,15869833.275046661,537.1891877789227,0.9712814107176068
Aluminum,4,3,5944.91,-0.918,1.3818332254886627,0.08567024993896485,0.03410115860207064,0.24566233877677818,0.09121792137622833,0.37495630153725,0.2517658823867954,0.11091101348400116,0.6756442958628556,0.37710106891755746,0.12708126485347748,0.890632062284024,0.37227795989725865,0.05124353677034378,1.1604741158037846,0.0,0.0,0.0,0.0,0.0,0.0,28402860.013715386,608.0614203142708,0.15328781718319062,22249254.237451848,765.9618777720901,0.6157052055057924,26783028.95394552,1099.9999999999995,1.2069702466477492,0.0,0.0,0.0
Aluminum,4,4,5944.83,-0.919,1.8625790387392045,0.07423193621635438,0.021955392547321654,0.4019304091164666,0.07358801126480102,0.5598564394436716,0.3924437898033118,0.071858491897583,0.7605221655696947,0.25425986907293424,0.02,1.1381794991632006,0.20226007460541007,0.09931634366512299,1.2931662184024701,0.0,0.0,0.0,0.0,0.0,0.0,20792523.323288824,704.4556167614287,0.2439515373413825,22259564.184060503,398.5897172722171,0.4848824781923363,33496098.94324388,1099.9999999999995,0.7125217428113936,24873025.352150343,492.7108268604345,1.620350823867684
Aluminum,4,3,6055.94,0.932,0.9980097562074661,0.056011019766330716,0.0354141295974325,0.26947870435368726,0.07272965580224991,0.2669626892557581,0.3597415452022286,0.09823203504085541,0.4168547247914554,0.33008636505711025,0.1104748833179474,0.6438900925726091,0.3662167500261039,0.07642926543951034,0.8490074131692363,0.0,0.0,0.0,0.0,0.0,0.0,27652717.024398517,935.0593406214011,0.14287042206457476,26648584.79838624,830.9062951836127,0.5890652168915649,29486220.891546622,744.9784405339069,0.8940269352327662,0.0,0.0,0.0
Aluminum,6,3,6057.11,0.952,1.6005182296037674,0.1150279085636139,0.018513404269737768,0.2647041855634807,0.11064775466918945,0.31720819353028035,0.27203491300868693,0.1099706506729126,0.5274527242690678,0.2558227564235134,0.049983671903610236,0.7845518621504581,0.24783178980807147,0.07392148405313492,0.9804163789139413,0.4641311742091263,0.09917481541633606,1.1249360737748004,0.3238260344793686,0.10710058331489564,1.3592886382355165,36686798.37512358,382.8633408704698,0.16671089123580335,28121900.843824256,483.9956022803774,0.8133558539535657,29130617.598311566,275.4409335960745,1.419393293038249,0.0,0.0,0.0
Aluminum,4,4,6057.39,0.956,0.9183360114693642,0.1544769253730774,0.008843961260732875,0.25734336631047405,0.034425205737352374,0.11247925853946711,0.4141282050308988,0.09897442102432252,0.36908752679602513,0.2791560906102237,0.12814344346523285,0.5722635404545967,0.20436194517615042,0.09389805495738984,0.778445967113466,0.0,0.0,0.0,0.0,0.0,0.0,14457627.827322243,779.7382272222935,0.12932297753689204,15969385.247398177,658.5920852787646,0.5931918002608716,24355941.453783475,330.7307732029459,0.6857178231654564,14964343.489606513,343.47790686849515,0.8265024094040918
Aluminum,2,4,6057.67,0.961,1.4069801986217498,0.11250529754161837,0.024660702416348396,0.43551215127883897,0.09720481038093567,0.41266973839170573,0.36181215228786645,0.07503610134124757,1.0139014428684328,0.0,0.0,0.0,0.0,0.0,0.0,0.0,0.0,0.0,0.0,0.0,0.0,11364335.914331201,348.2908250671349,0.21036917225026652,12067725.408263855,739.363522579345,0.6488279492979042,12396164.712686654,1099.9999999999995,0.8367948432515644,11678955.696243968,444.48360639873727,1.233950018934439
Aluminum,2,3,6057.79,0.963,0.7198919653892517,0.10299975693225862,0.010980230114310726,0.2608501233814951,0.05870134323835373,0.2558596744047914,0.363357118863902,0.08852898538112641,0.5205726909969085,0.0,0.0,0.0,0.0,0.0,0.0,0.0,0.0,0.0,0.0,0.0,0.0,9866346.64604867,513.8748925813072,0.07495846853502335,9832254.315497028,294.542095601978,0.1642093377594555,14208044.940228162,579.3753683345093,0.5345329368503814,0.0,0.0,0.0
Aluminum,3,4,5942.53,-0.958,0.8967163652181626,0.12517561066150665,0.0034863767609348982,0.33689207136704485,0.08644726872444153,0.25393265229886663,0.13144753463370143,0.02,0.3893067706776886,0.27231714275288665,0.08748558938503266,0.6831914460500335,0.0,0.0,0.0,0.0,0.0,0.0,0.0,0.0,0.0,10791821.362021524,512.3104283506924,0.1506196080685435,14017131.298841773,365.28548245257736,0.7064232326536745,8236278.666346218,915.6411636323604,0.783573084362283,11303731.046399567,576.0879254403832,0.8008835164148634
Aluminum,4,2,6058.55,0.976,1.3420894473791123,0.08711011749505998,0.02182412389250451,0.2826942250496088,0.09503417074680329,0.313766541815493,0.5213813137652423,0.039081612974405294,0.5975526587040747,0.21825431394794725,0.05793284446001053,0.7585667336728588,0.20679181421678405,0.12502753615379333,1.086531287635185,0.0,0.0,0.0,0.0,0.0,0.0,209156678.34625348,443.2988608785271,0.23723267197091796,244222646.1468202,305.352160922649,1.1031533572145662,0.0,0.0,0.0,0.0,0.0,0.0
Aluminum,4,3,5941.91,-0.968,0.5291553631424903,0.05720686578750611,0.04576549263000489,0.15526220146264225,0.08752237200737,0.08695687749962208,0.2791691849733263,0.07536148458719254,0.20756990077377724,0.33189003551807283,0.13225478291511536,0.3175975941327446,0.1700431069041041,0.06018845140933991,0.4415488678336241,0.0,0.0,0.0,0.0,0.0,0.0,9822051.997396227,140.99588988026673,0.07030842950305942,8480272.600983292,92.44165934003644,0.27497055129631026,8536457.000464208,602.1220058601542,0.4245858243907729,0.0,0.0,0.0
Aluminum,5,4,5941.54,-0.974,1.5208382546901704,0.07467549747228623,0.020571041743935103,0.2549573030533807,0.0765098237991333,0.41564588171964034,0.2644532436514016,0.11995413005352021,0.6854607976548641,0.28488626983729876,0.0470835380256176,0.9117770251429591,0.31766544442641415,0.02,1.0098884166573328,0.28677804117288164,0.10740489423274995,1.124461640384942,0.0,0.0,0.0,13711178.658899765,542.7138704371436,0.18730707761740006,12155281.788016755,107.31898884824612,0.8469572760273496,11329478.453524034,378.14780512763394,1.1398519489108816,15331697.713004043,283.5278654308653,1.3581236634337364
Aluminum,4,4,6059.59,0.993,0.6842274084687233,0.10278173637390138,0.035665528325147446,0.21116049226339517,0.11435808837413788,0.09999101442453806,0.14526472192931406,0.03372445397078991,0.2929177288708603,0.37784546370615274,0.08652074098587037,0.48938323383057747,0.31556800745876956,0.042637303918600086,0.5691202868483205,0.0,0.0,0.0,0.0,0.0,0.0,7235511.713669901,434.26816996964794,0.08436239775912314,7785787.693713569,530.2475041211652,0.21269478343869525,8518850.334711758,513.590658923092,0.36971504159677776,7312227.416278057,269.7763119971085,0.6114414146146594
Aluminum,2,2,5940.51,-0.992,1.698560130596161,0.13898915421962738,0.02121654364916755,0.3968780610586207,0.15,0.9902037787007651,0.397588454274007,0.09515915572643281,1.1717330180723278,0.0,0.0,0.0,0.0,0.0,0.0,0.0,0.0,0.0,0.0,0.0,0.0,137340795.5611062,470.65310932777356,0.38239075566246605,117875425.57532342,685.1041406937463,1.489792505521565,0.0,0.0,0.0,0.0,0.0,0.0
Aluminum,4,4,6060.31,1.005,1.3353957027196885,0.08215696108341218,0.018073096618299853,0.47663178807313245,0.05511540949344636,0.3011091179238333,0.2706268493071643,0.10190821290016175,0.5702898690714198,0.26315091672530305,0.1024991524219513,0.8803706737707,0.21504942664464616,0.12478068113327027,1.0323260493361603,0.0,0.0,0.0,0.0,0.0,0.0,13493322.640342545,1091.0014986955953,0.15876900076641365,8243251.544622277,885.0571947452795,0.6581111509957578,11471241.908373814,587.6583139321766,0.8364308349770091,10662641.755410893,331.2785396907004,1.1453967488280536
Aluminum,3,4,5939.89,-1.002,1.376165971159935,0.05029809018969536,0.027231821294847972,0.3957265312733318,0.05466033399105072,0.3242884519940174,0.3583037209426832,0.04647766500711441,0.6789159786528636,0.3329131290180301,0.07969355463981628,1.1140271935131065,0.0,0.0,0.0,0.0,0.0,0.0,0.0,0.0,0.0,30023436.0340642,220.97812779657653,0.1459263551523887,28911977.300405517,213.15787085009137,0.7039669068876605,28870579.78479625,422.52162804126766,0.8015251935853518,29364780.785224892,962.4601906378496,1.1803970534558865
Aluminum,5,3,5939.89,-1.002,1.415262693166733,0.08005337458848953,0.0386479551893981,0.2015909593475278,0.02,0.25996958679690135,0.3160228409913956,0.09051506102085115,0.5441595883604831,0.319728141397645,0.07019532382488251,0.7633735838139072,0.2649988809447537,0.04361299067735672,0.8931870795078697,0.34973312895148356,0.047379794269800185,1.1041119357767475,0.0,0.0,0.0,11682920.171254518,449.60308842261855,0.15184686466752173,15728785.494319748,729.7859361810225,0.7423689624083571,11393527.277539039,202.84505305770216,1.273736422434797,0.0,0.0,0.0
Aluminum,5,2,6061.52,1.025,1.016825106739998,0.08886340177059175,0.008898765119010457,0.2454808865531751,0.09149769246578217,0.1016925106739998,0.25121567204224937,0.09121739447116853,0.24531073506178455,0.31206289110218693,0.08741067588329315,0.3986401391366256,0.3070810474616895,0.08839269518852234,0.5896043589187551,0.21951623260456207,0.09448842883110047,0.7962938816016262,0.0,0.0,0.0,28446991.981363375,432.08404691516176,0.13833269850832622,32600488.00470562,258.54248167594454,0.8497097770635841,0.0,0.0,0.0,0.0,0.0,0.0
Aluminum,4,3,5939.0,-1.017,0.9776425957679749,0.06921968936920167,0.03346370521749888,0.3150708219561403,0.06594142556190491,0.16328788747562661,0.2436247596796596,0.12394101142883301,0.34621123919457075,0.4058654170674798,0.1097124594449997,0.5862290007065744,0.23512479482139387,0.07578609257936478,0.8135794599404512,0.0,0.0,0.0,0.0,0.0,0.0,34203242.558514565,248.71242209455005,0.11188100072183925,33709260.19826905,555.136046317041,0.6973568595052665,38838666.51863222,525.6929570104426,0.8798783352135348,0.0,0.0,0.0
Aluminum,1,2,5938.81,-1.02,1.055851973593235,0.12159770870208741,0.006561980903427086,0.2445805588885918,0.109574294090271,0.5815534274023992,0.0,0.0,0.0,0.0,0.0,0.0,0.0,0.0,0.0,0.0,0.0,0.0,0.0,0.0,0.0,9947176.809144786,570.2688081561685,0.20812228203973793,10252933.632559009,243.72547651112612,0.7661398254073031,0.0,0.0,0.0,0.0,0.0,0.0
Aluminum,3,4,5938.77,-1.02,1.0593758821487427,0.04298856776952743,0.0021387910498326676,0.4632417726485643,0.045736356079578405,0.3464583788746747,0.26393861681770847,0.052476678639650345,0.5213034869203012,0.3005170374806855,0.06937672644853592,0.7926733532636662,0.0,0.0,0.0,0.0,0.0,0.0,0.0,0.0,0.0,5593875.439863019,406.2311597212406,0.12619286300083202,7300752.4706183905,740.1984713015859,0.3639403130340046,5630807.812596103,565.2701179569449,0.6458354920820722,5311534.408443271,561.9813315971919,0.9198379287758435
Aluminum,4,3,5938.59,-1.024,1.3388191014528275,0.04413030856847763,0.0292114460374144,0.3168968822497738,0.14066806972026824,0.23420440710646429,0.3374043563676796,0.10077253103256226,0.7424146821827289,0.30945901617850224,0.06111486673355103,1.0477626961419677,0.16586080958391491,0.1009561187028885,1.204927191307545,0.0,0.0,0.0,0.0,0.0,0.0,27682148.973526698,674.2950216915333,0.18086867487626146,35412654.69290844,333.6763438494246,0.725840626256681,23990917.03972921,367.45209145279017,1.194926191307545,0.0,0.0,0.0
Aluminum,4,4,5938.36,-1.027,1.5446038931608201,0.10422391879558564,0.015383411044249336,0.35400919091005806,0.07291217416524887,0.20641539860221442,0.26673822330440794,0.0689290276169777,0.38197375521149013,0.3819621012704805,0.07722531825304031,0.7397541546138505,0.5905020195802658,0.052530072331428534,1.2232101743744215,0.0,0.0,0.0,0.0,0.0,0.0,12746180.558303533,546.7590189870804,0.17022905384091636,15979850.11676224,274.99717745485054,0.7625767778264075,14126827.225372983,594.8227986550129,1.0182380824873736,11406758.157997487,405.62622416742414,1.3484310223869165
Aluminum,1,3,6062.31,1.038,0.7927554666996003,0.10051035809516908,0.015772831245689272,0.25475081403867605,0.07078346222639084,0.3555576437476716,0.0,0.0,0.0,0.0,0.0,0.0,0.0,0.0,0.0,0.0,0.0,0.0,0.0,0.0,0.0,3848750.0596115203,450.60263437211285,0.16806796655292977,4205082.194906879,661.7856202071129,0.42480274864749523,5187979.5123073645,565.2686102216071,0.6483927763947417,0.0,0.0,0.0
Aluminum,3,2,6062.98,1.05,1.597173011302948,0.11209111857414247,0.016911996494503274,0.22400339064724875,0.07394032090902329,0.442705168198307,0.2865094012846066,0.08664977073669435,0.8978143667293182,0.31369281248357656,0.08265353292226792,1.2366300875901213,0.0,0.0,0.0,0.0,0.0,0.0,0.0,0.0,0.0,63725537.13582036,240.4083028549456,0.22477307975832048,65261871.733517066,583.4957518432674,1.371410019211684,0.0,0.0,0.0,0.0,0.0,0.0
Aluminum,2,3,6063.11,1.052,0.25,0.1249999875,0.03207001234409803,0.36178236189285,0.11759779512882233,0.06823369049348887,0.30261895492731444,0.10035154938697816,0.191971422747056,0.0,0.0,0.0,0.0,0.0,0.0,0.0,0.0,0.0,0.0,0.0,0.0,8492463.103128513,231.7337438997,0.03808837196279147,7612852.758819696,861.9223300973678,0.11950046541025244,7504246.410949549,480.34012161587293,0.21004040697753487,0.0,0.0,0.0
Aluminum,5,2,5936.01,-1.066,1.1090084925293922,0.08486274272203446,0.003400791350761171,0.22018720120391216,0.10720302760601044,0.16128883671390307,0.3304305947392861,0.08570865631103516,0.3670409832484608,0.2851324590147884,0.07979076474905014,0.5768672205337191,0.2463775404424795,0.06687142848968507,0.7285732570852932,0.23571672936826554,0.08356515228748322,0.935573782554173,0.0,0.0,0.0,124721952.1507626,874.8284886637776,0.13466782747256995,148478501.70879617,161.47594133411212,0.9516147105978272,0.0,0.0,0.0,0.0,0.0,0.0
Aluminum,3,2,6064.7,1.078,0.8199669986963273,0.11086879336833955,0.026764938891108103,0.32262317221977527,0.08666704237461091,0.1197984236534882,0.3310245216441384,0.0790740305185318,0.2767745265044155,0.2663698300903024,0.1452533060312271,0.521654259687441,0.0,0.0,0.0,0.0,0.0,0.0,0.0,0.0,0.0,18108476.555207625,169.44229046929146,0.09373384940624899,15837556.435663544,483.05099299785223,0.6521832109319651,0.0,0.0,0.0,0.0,0.0,0.0
Aluminum,3,4,5935.88,-1.069,1.5314510554075242,0.09036841142177583,0.02631501206598352,0.291956276549394,0.07888895124197007,0.38561989693812554,0.30065777324901205,0.08857342362403871,0.6616181618912098,0.2870442962099069,0.031743892431259156,0.9905465081269003,0.0,0.0,0.0,0.0,0.0,0.0,0.0,0.0,0.0,7949032.671270617,608.562438135093,0.1541660481719487,7990346.00834511,711.3365632071615,0.49709370872084646,6471618.405532649,493.7463774438523,0.7927406016749327,4926103.555561383,538.24181810832,1.329197589528417
Aluminum,1,2,6065.15,1.086,1.4179693460464478,0.11654265165328981,0.01557972095777091,0.2654649198101265,0.13622009217739106,0.8494696494603214,0.0,0.0,0.0,0.0,0.0,0.0,0.0,0.0,0.0,0.0,0.0,0.0,0.0,0.0,0.0,15715160.969870204,547.9787355173979,0.2939183721217103,13446867.01525129,384.73114585004777,1.167756968552454,0.0,0.0,0.0,0.0,0.0,0.0
Aluminum,4,4,5935.49,-1.075,1.489193594455719,0.08950930428504945,0.014171687670931993,0.29415494659606684,0.07758709669113159,0.1858606842694551,0.2874121995884073,0.10763877034187318,0.5410549269446434,0.3697692097853392,0.1124226188659668,1.0731658001890432,0.3076508127505724,0.13474030256271363,1.2015663994898156,0.0,0.0,0.0,0.0,0.0,0.0,26431589.763078675,221.66453042020905,0.15346088419576015,26120510.629424028,608.270793948361,0.6152546607284072,20978764.562876206,842.4906212448313,0.6589892935845431,26038503.03062985,466.90639586575577,1.3319610059985907
Aluminum,6,4,5935.47,-1.075,1.1249761566519738,0.04596749931573868,0.023787028719104413,0.17507584183485242,0.09558786273002626,0.2087996186206078,0.23104979038221823,0.05948658674955368,0.2961009889616826,0.21547334305130883,0.1343798840045929,0.5078395265374123,0.1558064343483739,0.055255566239357,0.6797345767640901,0.2719133903144942,0.11650245249271393,0.8431979738774278,0.27112846768964466,0.0804803091287613,0.975509556848863,13555704.691567063,278.0362715311282,0.12482392260531774,12560966.332157303,379.23363677561645,0.6126728376544517,11850694.189190293,541.7642668648923,0.8012980139807186,16523759.854595128,292.4668528498683,1.0011802825187681
Aluminum,2,3,6065.36,1.089,1.0368935495615006,0.050758919835090635,0.0036018037868497743,0.25694078619267274,0.06671376377344132,0.7931027903221697,0.23253127612725188,0.09446991741657258,0.8811815762644712,0.0,0.0,0.0,0.0,0.0,0.0,0.0,0.0,0.0,0.0,0.0,0.0,6703220.594166245,699.2910585787554,0.23462719069924154,6055303.653072216,735.5195142138199,0.6314631357145511,5985516.848921643,322.7491430216699,0.9175138176050532,0.0,0.0,0.0
Aluminum,5,2,6066.37,1.106,0.9482835277915002,0.0868256556391716,0.030861193789526203,0.22228160703866295,0.15,0.11986926707181332,0.274106789883843,0.09575215637683869,0.38213193077784247,0.5212180847807921,0.08193681418895722,0.528994261887421,0.30074965315582797,0.03488662928342819,0.6625218458793113,0.24327933372241387,0.08669928431510926,0.7850724331479022,0.0,0.0,0.0,85208023.2555171,832.2502793218396,0.1504994515487181,72428284.18417028,609.8052294542948,0.799294267769311,0.0,0.0,0.0,0.0,0.0,0.0
Aluminum,2,3,6067.14,1.119,1.3019934713840484,0.07919114428758622,0.03229895242886033,0.3302375843608331,0.09491338551044465,0.41150400301920953,0.25516038307322986,0.12501029551029205,0.9051156757408104,0.0,0.0,0.0,0.0,0.0,0.0,0.0,0.0,0.0,0.0,0.0,0.0,8832829.320406213,130.87425191506634,0.2045303936284735,9895425.15751113,287.57218036856057,0.7706489057112782,10388542.773271209,709.1995818659747,1.0885305324192682,0.0,0.0,0.0
Aluminum,4,2,6067.17,1.12,0.9144591331481934,0.08090160143375398,0.0385403140978687,0.16122904335886923,0.12180306315422058,0.1806071320977998,0.19547074088130195,0.10114959359169007,0.34892078612903543,0.2242613618796919,0.10489195227622987,0.5023841170632984,0.20710503807050507,0.12363287270069123,0.7459461146541116,0.0,0.0,0.0,0.0,0.0,0.0,16077235.547246939,424.238447638295,0.12960346191348204,14657220.965892278,662.2776555556618,0.8230132189189149,0.0,0.0,0.0,0.0,0.0,0.0
Aluminum,2,3,6067.44,1.124,1.2823150485754014,0.102949777841568,0.027714363386370105,0.2701998336817756,0.12091606497764588,0.30567025868984743,0.2297955409999902,0.08891227781772613,0.7003036956039481,0.0,0.0,0.0,0.0,0.0,0.0,0.0,0.0,0.0,0.0,0.0,0.0,8178080.46427752,463.094564622338,0.15787985353030146,8864943.386891548,633.1693178171466,0.624825950004239,9909403.875055268,457.2829045460986,1.0186866146885398,0.0,0.0,0.0
Aluminum,6,2,5933.01,-1.117,0.8923720583319664,0.08458327454328537,0.04154821901604012,0.4520521429312966,0.07480127602815628,0.1202859198135572,0.21364785318339943,0.06134926587343216,0.246038347950255,0.28191815463217534,0.10505655586719513,0.34189440822614614,0.2844733319709341,0.12048112034797669,0.47279572837480854,0.22156825124880494,0.10002918422222139,0.6368818852980316,0.37645082789301715,0.10631074488162995,0.7702570236582124,34773447.714020185,1099.9999999999995,0.10152524638422468,40388162.94743935,347.2807536146341,0.755984800573384,0.0,0.0,0.0,0.0,0.0,0.0
Aluminum,3,3,5932.49,-1.125,1.071893848478794,0.09566133677959443,0.01980085201429047,0.4994558230949115,0.08916330933570862,0.22787844642053595,0.28234586692084995,0.09941777288913728,0.35253275187004235,0.3665856812534365,0.05988936305046082,0.7596412269168947,0.0,0.0,0.0,0.0,0.0,0.0,0.0,0.0,0.0,25352393.60374262,773.7090372008021,0.16730410955292419,24423578.314631514,898.4648396399341,0.8070322904819095,24748763.761298366,358.3480212406596,0.9453819055005207,0.0,0.0,0.0
Aluminum,2,3,5931.52,-1.141,0.7871796801686287,0.09312718951702119,0.025770407049672314,0.3328184102661817,0.1142730087041855,0.07872796801686287,0.23811141507580483,0.11167246103286745,0.4716806331985188,0.0,0.0,0.0,0.0,0.0,0.0,0.0,0.0,0.0,0.0,0.0,0.0,9362217.596473573,588.5958381179763,0.09411092249986973,10746431.670842785,468.56604061681,0.30487559645116524,11039757.636914734,288.67113833952175,0.5924889188306107,0.0,0.0,0.0
Aluminum,5,2,5930.32,-1.161,0.9711526826024056,0.10644139075279237,0.0220366783187488,0.2651961169763173,0.05752510517835617,0.17996115551066239,0.25404639323592504,0.0892741221189499,0.30905414282124233,0.27644594075184376,0.0635873919725418,0.5171687150995833,0.3919228505168636,0.11659613311290741,0.6266965697005985,0.38726146408480167,0.08080287963151932,0.8063301554048048,0.0,0.0,0.0,35458665.58258349,330.42317071013696,0.11592216242757361,34121589.74258444,331.0139396782533,0.8427692742901632,0.0,0.0,0.0,0.0,0.0,0.0
