material,n_disks,n_bearings,cs1_pred,rel_err_pct,L,OD,ID,d0_OD,d0_W,d0_pos,d1_OD,d1_W,d1_pos,d2_OD,d2_W,d2_pos,d3_OD,d3_W,d3_pos,d4_OD,d4_W,d4_pos,d5_OD,d5_W,d5_pos,b0_K,b0_C,b0_pos,b1_K,b1_C,b1_pos,b2_K,b2_C,b2_pos,b3_K,b3_C,b3_pos
Steel,6,2,8000.06,0.001,1.0034069076180459,0.11884919726848604,0.010892410503207392,0.2573864632318304,0.1040630841255188,0.1410045218999667,0.33675910245998497,0.10423421204090119,0.27120610387441557,0.22885816990751895,0.04299395084381104,0.43578382220668244,0.20982260492966592,0.1003461641073227,0.570838110597474,0.27074917449621766,0.08073376595973969,0.675586476386648,0.24004552085125366,0.06368754267692565,0.8648437091684105,123032275.24180193,606.655839974274,0.12360056543600977,132807253.4557388,275.26555839099694,0.8317071332644719,0.0,0.0,0.0,0.0,0.0,0.0
Steel,6,3,7999.68,-0.004,1.6571009039878846,0.11991403543949128,0.01764545768219198,0.19661208046312073,0.10913254618644715,0.3124237193839777,0.27991940177980723,0.03282452337443829,0.5437271523123298,0.20635654751199797,0.04593339338898659,0.8322333974596736,0.3759806531666111,0.09849253535270691,0.9431537737809881,0.37275282120655767,0.0868692034482956,1.0561959177555698,0.24643350672171757,0.09412095904350282,1.2203308514082785,134307194.7252584,746.6848729707389,0.21975219569658316,126566578.5205891,272.5463409761758,0.931595408858034,157405895.2135709,263.01574849465055,1.4913908119319952,0.0,0.0,0.0
Steel,5,3,7999.25,-0.009,0.7352108091115952,0.08789950782060624,0.02806284459009865,0.512106662360123,0.10842581927776337,0.11368798738907765,0.18312748606872772,0.1144698464870453,0.25197077256969425,0.37491704949892457,0.07443698316812515,0.35525149084528534,0.4016603800010281,0.09114392220973969,0.48786400987371314,0.18983549451972778,0.07753275960683823,0.6152040741808841,0.0,0.0,0.0,102372885.23173212,605.661393518043,0.07460505729644758,127850846.75664468,847.1212221615937,0.33392621298346437,107979974.94306815,220.5691390777331,0.6050115872339856,0.0,0.0,0.0
Steel,6,4,8000.79,0.01,1.0872504591941834,0.07250996398925781,0.03317900899231469,0.21356813263408247,0.07617459982633591,0.16717976529787712,0.40161450417845196,0.10101177692413331,0.27695321636577863,0.16242875135522483,0.12506229639053346,0.4560999305858955,0.2994058599910734,0.12990649104118349,0.6586143132700472,0.40775037309799267,0.0710372793674469,0.8096369248436777,0.47252153276712905,0.06313896089792252,0.9730262847313423,117830156.43550807,573.1400790301078,0.11928804374195429,98177324.43925269,271.1231011197862,0.5711416669720288,87866207.8649091,559.0091689759472,0.7688039601536338,112814049.1648996,734.5151772867844,0.9630252847313423
Steel,1,2,8000.93,0.012,1.2611584752798082,0.10369831311702729,0.018351940434553855,0.2885328474493332,0.08023400813341142,0.7321541617796481,0.0,0.0,0.0,0.0,0.0,0.0,0.0,0.0,0.0,0.0,0.0,0.0,0.0,0.0,0.0,55449575.01329557,318.66628161791795,0.15823176374714268,57201820.5829162,567.2073183596563,0.9074353674960617,0.0,0.0,0.0,0.0,0.0,0.0
Steel,5,2,7998.46,-0.019,0.7124456375837327,0.1382039111852646,0.010279560320276574,0.22986304550011447,0.08379680067300797,0.10023298011337593,0.3103422718764366,0.07202113509178162,0.2256152396586041,0.18482097393933844,0.03165589153766632,0.32068742919095566,0.34738873883369414,0.061798142492771144,0.4160834007224561,0.2339938317546817,0.11055837452411653,0.5802291710815264,0.0,0.0,0.0,85605614.37835896,439.1781105147168,0.13368483809127824,86542078.61965135,260.99415758501914,0.5687129823631106,0.0,0.0,0.0,0.0,0.0,0.0
Steel,4,4,8001.67,0.021,1.8027342885732651,0.098020663022995,0.011381889111735682,0.2849392447860101,0.0527884030342102,0.48419663962943815,0.34518764055582846,0.07738025933504104,0.8244232678523082,0.33093131722070707,0.060686872601509095,1.0624989439912758,0.37889474348031504,0.07991128653287888,1.3597247774613066,0.0,0.0,0.0,0.0,0.0,0.0,224677740.56263247,1099.9999999999995,0.21540031716765828,181815086.02558887,346.8736862355771,0.4044099932425677,186884605.39606047,481.17142685507986,0.7312724964477257,204710826.84355074,725.374955643955,1.5252803437010483
Steel,6,3,8002.21,0.028,1.0060196667909622,0.09918873488903046,0.041091053749807684,0.35529112454718237,0.12970732092857362,0.14937132517982235,0.37605661981599764,0.09282477259635925,0.33715761446773407,0.22916418663003155,0.0986780369281769,0.4811414597493361,0.27483345502596856,0.07100626170635224,0.5967183816730562,0.4610110688232113,0.11299795269966126,0.7122096995226747,0.3471295091246654,0.11901677370071412,0.8758321086297678,154278771.2272105,690.1280265969247,0.1201698663227607,132822055.05952394,661.7673383226847,0.5673152721675195,155528643.94888943,241.74642903602475,0.8906528995595306,0.0,0.0,0.0
Steel,3,3,7997.35,-0.033,1.4026152163743972,0.10932234466075898,0.025403894304646887,0.265580424589612,0.05660416424274445,0.21084147500889855,0.17448381979606073,0.12148332476615907,0.6821755640812609,0.20153037340907012,0.09275578677654267,1.221858852289247,0.0,0.0,0.0,0.0,0.0,0.0,0.0,0.0,0.0,47552316.52228732,444.28676150634334,0.1650953707430287,39614989.18672029,545.6873405222599,0.8621898586229314,46033989.84673184,454.46417852596636,1.1729993408016237,0.0,0.0,0.0
Steel,4,2,7997.17,-0.035,1.2789752334356308,0.1226618105173111,0.044421050430096226,0.18579217379379423,0.08755338966846467,0.3368509347418127,0.21548249720983775,0.08035435944795609,0.5665714495915677,0.242766212159954,0.0687375944852829,0.7444150701641122,0.3921167519460077,0.08033951699733734,0.9690078820258111,0.0,0.0,0.0,0.0,0.0,0.0,107446898.29278736,802.7126583432231,0.22604451183099883,108195378.16540107,220.80505584012855,1.0402804528468759,0.0,0.0,0.0,0.0,0.0,0.0
Steel,6,2,8003.47,0.043,0.9567468628287316,0.11664108633995057,0.052529575237756344,0.30874593234141756,0.09806111633777619,0.12973261507499623,0.26953317041685,0.11242366492748261,0.30063037164099177,0.3157737160459623,0.03393776141107083,0.42784374213966164,0.1748106249145153,0.04140118658542633,0.5589537506039974,0.29697089297859997,0.13962682008743285,0.6747290188382962,0.2298788376651225,0.07707226395606995,0.8437154423539913,160946567.20247266,233.105156283753,0.11035957514278986,144571202.13550633,817.9870689432136,0.8610721755891115,0.0,0.0,0.0,0.0,0.0,0.0
Steel,6,4,8005.0,0.063,1.1813468396663667,0.14363505136966706,0.01549459336285368,0.35106135102107877,0.06197183519601822,0.21602890695998012,0.16621182589624575,0.08408165872097016,0.33384190179030293,0.3063127086560684,0.13847474992275238,0.5168342115395342,0.2047471766276352,0.027146766856312753,0.723763277988219,0.5817104289929258,0.05338675796985626,0.9081363395066671,0.23830633235658186,0.09316650927066804,0.9930982892333766,64220118.934995055,433.76368495189735,0.12603285939549902,91510670.09532638,552.2742613015944,0.5855816307099937,107305295.34345233,410.8107230540512,0.7940223347647841,87840456.9139225,117.05071453174943,1.0474815422420334
Steel,3,3,8005.08,0.063,1.2953389823436738,0.09575902664661408,0.008588785491545474,0.24234676914330558,0.08049403965473176,0.4148154185188861,0.32486169263172704,0.04381316423416138,0.5519207405857484,0.2443190340938554,0.10347946703433991,0.9401434883116839,0.0,0.0,0.0,0.0,0.0,0.0,0.0,0.0,0.0,89035920.48519057,658.8335439490252,0.14380033101726522,68799756.83682914,221.79933252098405,0.368300864785469,66014887.57444244,710.582364723248,1.0915336061791798,0.0,0.0,0.0
Steel,5,4,8006.06,0.076,0.848329183459282,0.08942353999614716,0.02332759189248035,0.25712567022380217,0.06796627908945084,0.16271564364336888,0.2896288001433224,0.04525362581014633,0.23926901594062497,0.300137646651517,0.105568265914917,0.3269269578263299,0.34343982184058236,0.06582447201013565,0.5250848031973682,0.23328649213721175,0.03784625887870789,0.691186928122515,0.0,0.0,0.0,48929729.1873995,563.0252585700902,0.09183525437426468,35120545.559611194,245.2362021081176,0.28344835659216283,44468423.89698192,211.44020426217463,0.5120711557278186,40424859.7171734,830.3772512248387,0.7634962642650246
Steel,6,2,7993.38,-0.083,1.1788255482912064,0.11419988071918488,0.05544257350124474,0.21048936367906462,0.07033857613801957,0.1569188085797535,0.20442937028594976,0.030915706157684325,0.2870006887408372,0.28677833472631964,0.08737674474716187,0.4622220292106424,0.24733075439579677,0.0889573746919632,0.6549298203586821,0.2144821230240187,0.04817410171031952,0.8049335607143863,0.28794049739700767,0.07586878180503845,0.9797913108499521,196514226.29659888,683.8522328691089,0.12350502105105235,209260027.9898215,264.20402450249946,1.0215915749102842,0.0,0.0,0.0,0.0,0.0,0.0
Steel,2,3,7993.29,-0.084,1.0746334716677666,0.06268485343456269,0.036517111888780256,0.3059196725131264,0.10875681638717652,0.12204380271223149,0.29867614320429314,0.02294842414557934,0.519873039008327,0.0,0.0,0.0,0.0,0.0,0.0,0.0,0.0,0.0,0.0,0.0,0.0,51016314.48386532,875.9303887585636,0.15240655537457615,55048709.696715884,471.1256332489256,0.44161594383840863,47737749.3117278,435.3157231703163,0.9024040082307595,0.0,0.0,0.0
Steel,3,2,7993.27,-0.084,0.6324301153421402,0.041997284770011904,0.011415805386257728,0.2945743017041332,0.10065296232700349,0.1761777286394149,0.22716688351844386,0.04337925210595131,0.36893025107872984,0.21041524057700697,0.10413480520248414,0.5377175000033321,0.0,0.0,0.0,0.0,0.0,0.0,0.0,0.0,0.0,113467424.64919007,291.70280436541884,0.08616538496450774,160358251.9252711,455.60228550455815,0.5083359394420757,0.0,0.0,0.0,0.0,0.0,0.0
Steel,1,4,8006.88,0.086,0.6623464807868005,0.10557158529758455,0.01979890500103224,0.47233957234053797,0.06365896970033645,0.577390569969067,0.0,0.0,0.0,0.0,0.0,0.0,0.0,0.0,0.0,0.0,0.0,0.0,0.0,0.0,0.0,31074098.0476527,72.46946254618767,0.21444958838783462,33150246.52328769,337.82573114740086,0.3861387865483836,34666625.08293085,388.7186182070775,0.45242983827889494,41231318.48668981,435.8617879000065,0.5961118320457739
Steel,2,3,7992.36,-0.095,1.5221330285072328,0.07409288346767426,0.003406537898485556,0.25803010325566994,0.08801443934440613,0.6727332073657839,0.3490163760070513,0.03737156197428704,0.9477504184412968,0.0,0.0,0.0,0.0,0.0,0.0,0.0,0.0,0.0,0.0,0.0,0.0,104568672.56181972,467.9334443917293,0.3850259028827336,90219170.5275488,837.7988151598639,1.0294502837502493,87316515.50015947,591.8085131966511,1.3248159811171423,0.0,0.0,0.0
Steel,3,3,7991.79,-0.103,2.032508674263954,0.14224857807159424,0.01648014729492113,0.25691513508626335,0.08768269836902619,0.5373299626670193,0.22352667911098517,0.03580072723329067,0.7735374938723233,0.4277247252671573,0.12113927900791169,1.1769230012553196,0.0,0.0,0.0,0.0,0.0,0.0,0.0,0.0,0.0,158961256.16366866,550.2103528984253,0.2787829248355733,138794484.93582907,284.33847964872433,0.924667560756575,131340139.71461828,285.85309396008284,1.6986370343955195,0.0,0.0,0.0
Steel,6,3,8008.88,0.111,0.9675299733877183,0.08643046534061433,0.027974300685407457,0.25992299109570893,0.09221715807914735,0.16438265670800817,0.259612303304468,0.08707645535469055,0.2892569089708278,0.40160461675100195,0.07536626547574997,0.4814491997379773,0.21267578025066858,0.10831944644451141,0.5870806980509102,0.22137563517509687,0.05383149683475495,0.7130297730929064,0.1558091176538959,0.05781953662633896,0.8510865258887167,109482721.97074653,396.3066292209234,0.10358317969994882,94332263.87497865,889.1237103871651,0.3100250387676893,90430427.74170238,1078.0913093579793,0.8180736633712796,0.0,0.0,0.0
Steel,4,2,7990.94,-0.113,0.7842347919940948,0.08654854464530946,0.020251621601518877,0.30998210356138306,0.0607773607969284,0.18398796465353562,0.26648927086577595,0.12165619611740112,0.34635794498812883,0.36797866589829986,0.04999073669314384,0.4954171271357927,0.16376593698148428,0.0685476452112198,0.605838062140615,0.0,0.0,0.0,0.0,0.0,0.0,135597197.71419123,578.4144002692893,0.10154612558291651,109537945.20099953,597.2478033755154,0.6981739520040884,0.0,0.0,0.0,0.0,0.0,0.0
Steel,5,4,8010.05,0.126,1.0358520075678825,0.09983219981193543,0.01564211499659072,0.31469109054276667,0.10795307695865632,0.15561796410981216,0.22425685753090868,0.04461652010679245,0.2440579953745577,0.2107530023976161,0.05054677650332451,0.44448144026118747,0.30703610010348237,0.08319316506385804,0.6427334873169189,0.3186783601067762,0.08192316114902497,0.8230326082512973,0.0,0.0,0.0,44540731.55534053,503.421611445307,0.12427091276027583,58939616.7943457,642.2219316346442,0.40645380378190493,44340232.46676539,755.9574979482304,0.5821970348918689,52424773.54196555,701.8689885525359,0.9129316488355361
Steel,5,2,7989.39,-0.133,1.090949033200741,0.08687629067897798,0.020707101932645078,0.45474684068492466,0.09029042124748231,0.1091049033200741,0.26634055779131033,0.07546019792556763,0.3589104390125344,0.26721294433387616,0.027124906592071056,0.6600440291163332,0.21182176461567195,0.07708186447620392,0.821464097840954,0.31224344635448664,0.032126773223280905,0.8850197731845765,0.0,0.0,0.0,140249722.05782568,193.72782142834012,0.16243360275952487,118584922.51325281,386.97283582302765,0.9487972681358864,0.0,0.0,0.0,0.0,0.0,0.0
Steel,4,2,7989.08,-0.137,1.071695365011692,0.10255368614196779,0.04732544450144869,0.23545603751922142,0.11122522711753846,0.10884492573031566,0.49685426498902546,0.05962787479162217,0.27350808579454444,0.26411634741000023,0.11591381430625916,0.492798051727386,0.30179564378082446,0.15,0.8283516031139098,0.0,0.0,0.0,0.0,0.0,0.0,220540301.08219945,251.2740207454007,0.1319454809120614,245617778.51716495,578.1008567090757,0.9151350130121592,0.0,0.0,0.0,0.0,0.0,0.0
Steel,3,3,7988.69,-0.141,0.7853444799780845,0.10720335817337037,0.015259709315702715,0.3187761028259552,0.1380132818222046,0.20056262677827674,0.31405815011532695,0.0922182583808899,0.4384541865859534,0.30275023777243754,0.06713842988014221,0.5955918787303063,0.0,0.0,0.0,0.0,0.0,0.0,0.0,0.0,0.0,64337950.83868881,329.68926977435103,0.1077210022074658,75483319.81026708,705.2092241065493,0.5227279126482836,77768063.95827104,246.77984609355693,0.6954846008010698,0.0,0.0,0.0
Steel,3,2,8011.38,0.142,0.25,0.07114773118495941,0.03965239183055968,0.33401929402069025,0.1162252151966095,0.03387048706286343,0.2831631618535926,0.06705197483301163,0.1479408497495286,0.3197586912982253,0.07148156106472016,0.2208869374051909,0.0,0.0,0.0,0.0,0.0,0.0,0.0,0.0,0.0,57472789.42812408,229.9022158894133,0.0469607880279157,61141414.53889513,927.1892921170108,0.19519731108032706,0.0,0.0,0.0,0.0,0.0,0.0
Steel,1,3,8012.98,0.162,1.7267574638128282,0.08615382832288743,0.03562465380449813,0.39322347751771264,0.11963289618492128,1.245084100027812,0.0,0.0,0.0,0.0,0.0,0.0,0.0,0.0,0.0,0.0,0.0,0.0,0.0,0.0,0.0,120328713.06416534,624.5981095328904,0.5197125036018213,142107215.77326503,712.7279937387483,1.1804194201600657,146077909.3162443,262.56314503097747,1.5061172184619303,0.0,0.0,0.0
Steel,3,4,8013.37,0.167,1.1927258968353271,0.05446054649353027,0.03452803079786524,0.22343527472865268,0.08668057918548584,0.3857588092470829,0.27370931902814877,0.06535233020782472,0.8270600831847391,0.36571853923142306,0.07721542328596115,1.0283229740733222,0.0,0.0,0.0,0.0,0.0,0.0,0.0,0.0,0.0,63300615.2104973,711.7203356244753,0.1401316411410187,52662707.53524959,625.6180464295477,0.4390202313943613,59163108.46945735,677.0231267531636,0.6827407123927536,49182062.36902868,945.3307040017194,1.0128404786701621
Steel,4,2,7986.54,-0.168,0.868512250483036,0.09246424925327303,0.034553833764243244,0.18331418821155673,0.03520449057221413,0.10371714594122186,0.2470047455164191,0.07685080498456955,0.31173660746680376,0.31848936824181956,0.12181679368019105,0.5304464816611149,0.2538642556573749,0.0869286972284317,0.6928327748220825,0.0,0.0,0.0,0.0,0.0,0.0,115379906.78116816,827.5850701726,0.1228067962554318,115597437.72198781,737.4421046644636,0.7534600251710742,0.0,0.0,0.0,0.0,0.0,0.0
Steel,3,2,7986.31,-0.171,0.9011359855532647,0.08438751816749573,0.02078683201074437,0.2872415855342803,0.06646202325820923,0.13553177297700325,0.24880192370420667,0.06624270677566528,0.6015474445416376,0.358975105325867,0.11552737593650819,0.6960468419136552,0.0,0.0,0.0,0.0,0.0,0.0,0.0,0.0,0.0,89752000.79119447,551.7793200201802,0.11241688121506628,93036114.3285237,700.3583724600306,0.7619839163944814,0.0,0.0,0.0,0.0,0.0,0.0
Steel,5,4,8013.97,0.175,1.5845752656459808,0.10227720570564271,0.012616595588071631,0.2351515691099488,0.07351980805397033,0.2780067682951176,0.3393416159891375,0.053957059085369116,0.4987926442121663,0.19957582268564472,0.12308961808681489,0.8132803101372741,0.4277692313684799,0.0833094134926796,0.9231237181901624,0.4376043301562598,0.15,1.1600924703680768,0.0,0.0,0.0,135583175.81550652,320.38731398135815,0.1843465861223136,146663735.36763722,180.0700712652318,0.6057166730941731,130595371.87639439,44.99999999999999,1.112357364530383,119621210.48241019,268.44864091294284,1.4261177374968075
Steel,5,2,7985.74,-0.178,1.217557391524315,0.12063748383522035,0.009145778074239842,0.2093092699030587,0.04904274538159371,0.27056640575812346,0.1843508914602351,0.029157478213310245,0.36877155137178397,0.24132561299639937,0.10526519477367402,0.5411736441841006,0.2957361691308403,0.06178541153669358,0.7343316889172724,0.23748826149059174,0.04965247139334679,0.9919186359545661,0.0,0.0,0.0,97310175.3892611,303.1034341509935,0.17799285310646984,114444865.16298552,616.611015260117,1.0214873453918043,0.0,0.0,0.0,0.0,0.0,0.0
Steel,6,3,8015.25,0.191,1.4068780899047852,0.11713414001464845,0.023132981905024844,0.2285206525767936,0.07167597353458405,0.2789954582934875,0.4650757736723481,0.04655329912900925,0.5247183020013311,0.23509623441750868,0.1106825613975525,0.6970817856390101,0.41538911855751814,0.04779291495680809,0.9019908489161488,0.24997660529947435,0.08290729582309724,1.0358390632051195,0.30188127087937894,0.08577689826488495,1.2159281991192006,130167944.38142519,319.7255885200711,0.17004954324576432,115377015.74813841,652.7945716868846,0.8718611472350896,118411421.12528813,182.59801714320042,1.2661902795074285,0.0,0.0,0.0
Steel,5,2,7984.61,-0.192,1.049899619817734,0.10541091585159303,0.03287988644798705,0.33058020502324753,0.14375577211380006,0.25817867075079143,0.26148360318981845,0.10281330406665802,0.40026729085529444,0.22099025228127708,0.06430918216705322,0.5013015204788976,0.26239112269728654,0.02,0.5519656169978849,0.3179437119608821,0.0799029141664505,0.7689827590311973,0.0,0.0,0.0,171922541.1690722,397.5405534880582,0.17358500947447758,191104690.84336528,160.95354604273294,0.9109729318356378,0.0,0.0,0.0,0.0,0.0,0.0
Steel,3,3,7984.38,-0.195,1.1683237329125404,0.0500568215250969,0.03549150157325369,0.2044498201435749,0.08823187291622163,0.377310478386551,0.25277080830115306,0.13973840773105622,0.7404344662327091,0.25487545169808834,0.052188118696212774,0.9083969468314251,0.0,0.0,0.0,0.0,0.0,0.0,0.0,0.0,0.0,57211100.32684349,264.0936601126956,0.1585463801381267,86374402.45269145,582.5574719533379,0.687800434083853,67915043.06105337,230.67563931239718,1.007734052370881,0.0,0.0,0.0
Steel,4,4,8016.26,0.203,0.7093709632754326,0.1092141342163086,0.01728801859344811,0.3135216792209152,0.04029990077018738,0.17799958130886326,0.3970982433361121,0.09253380477428437,0.2765908327429425,0.2210198694806634,0.11653713524341584,0.41655143261199523,0.26012352053861193,0.14828867435455323,0.5959582097262954,0.0,0.0,0.0,0.0,0.0,0.0,48848190.200192824,789.5699317801916,0.08731414212107574,52575791.883604094,442.5538966879016,0.23300983332779635,45085117.501677945,878.7514004030206,0.4557891154138571,48413959.006332934,1099.9999999999995,0.6203952651485886
Steel,6,4,8016.97,0.212,0.7561680719256402,0.0703876046538353,0.014588776177782592,0.1588360545668775,0.03755673423409462,0.12830659687219872,0.36850784749382703,0.029609524980187416,0.21600467888770294,0.30549099084617076,0.11963715791702272,0.3268051334980751,0.31278770752583535,0.03939664602279663,0.4149800972896997,0.3262435173838233,0.04193787813186646,0.5035197763876149,0.21496863502160182,0.06421729147434235,0.6094081995925542,33327856.509459414,364.2774098145238,0.08896244760900614,38831293.643610105,282.6800827208419,0.3104761067942145,31150576.449787166,759.2264320963333,0.45040867747543284,51107258.102686025,599.5721089132896,0.6657764317671583
Steel,6,2,8018.29,0.229,0.7405476436018944,0.09742598378658296,0.05016118688481078,0.1844094075106033,0.027791045345366,0.11199343204671391,0.3722591650099483,0.08035709857940675,0.20957150690314913,0.34479763861908486,0.06678568631410599,0.348263692379988,0.31839850840956985,0.06789115637540817,0.4510037464694075,0.2710107402671478,0.07522810399532319,0.5648795913315251,0.37348364306317305,0.0657834005355835,0.6410015311932854,166519072.36537,344.11987928248027,0.09573073838510102,154772661.8086868,565.9400577172097,0.6664928785011573,0.0,0.0,0.0,0.0,0.0,0.0
Steel,1,3,8018.63,0.233,1.4055340260267257,0.10141501772403719,0.041071669612093964,0.36080136289603065,0.0889156872034073,0.441049471984446,0.0,0.0,0.0,0.0,0.0,0.0,0.0,0.0,0.0,0.0,0.0,0.0,0.0,0.0,0.0,64167749.212761484,923.6857452084113,0.2522965791921158,62330369.16818993,436.47431007774657,0.9583330491339328,47190086.80478836,975.2431442157429,1.2248386951518848,0.0,0.0,0.0
Steel,4,3,7981.32,-0.233,2.0516306817531587,0.09407243335247041,0.009820876802620095,0.20127863590423206,0.07843527436256409,0.4247439789161997,0.33191662623544793,0.061564339995384215,0.5898097350711153,0.22222072064379667,0.09780781447887421,0.9655445304349188,0.14916592505837828,0.04424232065677643,1.3755182309830847,0.0,0.0,0.0,0.0,0.0,0.0,103436401.07079102,933.0180370195302,0.21010998991616261,83611671.03542086,614.8613326973284,0.7977345027324817,94061611.46772718,277.28852526937743,1.7480864975609236,0.0,0.0,0.0
Steel,6,3,7980.28,-0.246,1.1186327904462816,0.0934730397462845,0.014983891146019671,0.25512503609817294,0.11667570352554323,0.16088149269410507,0.34826535074817627,0.06467912375926972,0.3062253665024998,0.399966985817972,0.08895980775356294,0.39990289090712516,0.44366204293954264,0.14199638187885286,0.5718823506318825,0.24980539684301153,0.09359818398952485,0.7333361629759141,0.2765588937782994,0.08060338020324707,0.9118258324737195,195536935.31486315,440.3687903827154,0.14620311628891403,179797220.74261838,225.12321070728288,0.4657274999982508,156552075.83987612,373.13451664105327,0.9352015112045707,0.0,0.0,0.0
Steel,4,2,8019.83,0.248,1.0017285093665125,0.08433527076244356,0.028191636280973462,0.26024000202150344,0.045824531316757205,0.19639089733945075,0.29637307768785426,0.02,0.23602903331034236,0.27918257355498266,0.07995030075311661,0.5306138724513307,0.35592474428197374,0.025710987858474255,0.8031827324766738,0.0,0.0,0.0,0.0,0.0,0.0,100490120.28628491,545.3088327644633,0.11909542698555359,101509113.25331792,336.94081068566385,0.867305185057023,0.0,0.0,0.0,0.0,0.0,0.0
Steel,1,2,8019.9,0.249,0.8113732159137726,0.13282949578762054,0.023578748456058094,0.24060189529828893,0.1118961787223816,0.31804731124168784,0.0,0.0,0.0,0.0,0.0,0.0,0.0,0.0,0.0,0.0,0.0,0.0,0.0,0.0,0.0,61279926.335063785,870.2001067181266,0.24689469354499094,62444490.256954245,455.26475253397604,0.7012664216528119,0.0,0.0,0.0,0.0,0.0,0.0
Steel,2,4,8019.94,0.249,1.2813768833875656,0.07387856161594392,0.024006741962444397,0.540111577645979,0.10855938196182252,0.24025418087308825,0.1991642246247812,0.03557329311966896,0.41603311780278474,0.0,0.0,0.0,0.0,0.0,0.0,0.0,0.0,0.0,0.0,0.0,0.0,75768178.92094581,420.846312205975,0.12813768962013347,100212407.79403232,488.6436394144483,0.3452321084456115,85440792.4017306,1099.9999999999995,0.7129132981149715,72567706.45299834,531.625831840065,0.9918278369139245
Steel,5,4,7980.01,-0.25,1.7983431726694108,0.10168108761310579,0.023131367606554678,0.172016224576652,0.08748339653015137,0.23130262730718903,0.3337583949987525,0.05181120917201042,0.38006325799437507,0.3169073496671153,0.10277093470096589,0.6480389370976762,0.34079826197910973,0.06800224035978318,1.0404118766424035,0.22494174041181808,0.08399356484413148,1.473749903363085,0.0,0.0,0.0,94725998.48604845,860.2906057052971,0.19631341523555745,90055025.95673878,322.4027695953803,0.9540480037175976,78637939.0921227,704.1326396249513,1.1110303787382745,96119939.25966972,198.10769865673433,1.5833453416529146
Steel,4,2,8020.07,0.251,0.6027200348675251,0.11830112850666047,0.02104742174149085,0.3145137960219625,0.08553476214408876,0.09516492660978099,0.25382579426640123,0.08981898069381715,0.2615247001563723,0.3488629882119555,0.06140010446310043,0.35353574515491143,0.3209951838379153,0.10046414434909821,0.5009251004188396,0.0,0.0,0.0,0.0,0.0,0.0,109638908.93006097,268.352198847222,0.06788111334571342,88979497.50118536,240.6544350738817,0.5160715728356825,0.0,0.0,0.0,0.0,0.0,0.0
Steel,2,4,8020.46,0.256,1.5761503040790559,0.09527218544483186,0.016650290612571603,0.148625602116601,0.08799798130989075,0.7975377286694313,0.39544956785064855,0.08507172882556915,1.2969090527208453,0.0,0.0,0.0,0.0,0.0,0.0,0.0,0.0,0.0,0.0,0.0,0.0,49618822.645907916,102.47559592539176,0.4362415883156162,70704584.40310538,540.0615938545665,1.2225691423035336,52749367.73789058,485.82519966765994,1.377104859231595,66581393.49387619,374.1516308911439,1.418535272095
Steel,5,3,8020.55,0.257,1.1347814053297043,0.08966904270648958,0.025287737966311584,0.23520502458886036,0.09154065072536469,0.30988998490122904,0.18849606767402335,0.0416540952026844,0.4041128124891241,0.2714958794948091,0.08590318500995636,0.4846794360417479,0.33143357439676646,0.06058586180210114,0.7555431970696705,0.20841724893515698,0.040327460616827016,0.957963264537073,0.0,0.0,0.0,47851787.47386396,995.8847073665946,0.13632312405772196,56331615.41528362,530.5031539206423,0.558475020615746,56008934.92720865,546.2885869274917,1.0213032636619526,0.0,0.0,0.0
Steel,1,4,8021.62,0.27,1.1943319588899612,0.15845832490921022,0.023629363294331004,0.2275475474884488,0.10485410809516907,0.6201114693153968,0.0,0.0,0.0,0.0,0.0,0.0,0.0,0.0,0.0,0.0,0.0,0.0,0.0,0.0,0.0,38306430.63486038,158.20301563792108,0.1605555118087975,45202447.21992729,285.33123674911155,0.4730154193490559,32089942.279144328,375.53193904325417,0.7254896703507709,41117590.24484022,533.2979465207978,1.0707894461338456
Steel,6,2,8022.37,0.28,1.3687118142843246,0.1373774576187134,0.01060860856031761,0.3960408595299196,0.12619787752628325,0.1628672245732685,0.4094580619295029,0.06357676476240158,0.43529324094520566,0.14426075513269904,0.07038056969642639,0.5180810888244383,0.27176071607399194,0.09405315876007081,0.6241497298296185,0.332499731007266,0.07576682180166244,0.836528342052365,0.2585303741614154,0.1190181064605713,1.0255350350641086,325654133.23068273,643.8897314119064,0.20802807538210713,350541569.49901676,792.7549079710041,1.161786401647623,0.0,0.0,0.0,0.0,0.0,0.0
Steel,3,4,7976.38,-0.295,1.2446690201759338,0.1323821977376938,0.027115799486342212,0.2526324466153462,0.07789704084396362,0.15405559556886203,0.5357586610522254,0.07433903306722642,0.5697060606779321,0.33553667098170425,0.044830046445131305,0.6759732329380206,0.0,0.0,0.0,0.0,0.0,0.0,0.0,0.0,0.0,55735935.24977058,447.1075244171431,0.12446690326226241,59847860.37923225,409.92193697247546,0.45692233700231133,68200249.737188,264.5853450024536,0.7019719552733762,75140027.27789746,430.60694245776307,1.1027103906046274
Steel,6,4,7976.12,-0.299,1.1377031922340395,0.07216952216625214,0.015630843345582776,0.2682623226837886,0.07339049547910691,0.2037073152786883,0.2468582811502118,0.07725361227989197,0.34830395015382715,0.2869791073600046,0.08152791649103165,0.44537038911951743,0.2896469894981383,0.1432998287677765,0.6027181227044472,0.2896557636155633,0.026023167483508587,0.760739471652757,0.32034132082151334,0.12500351548194885,0.9501337136207934,75697611.53538035,607.8090396000605,0.11816594366190859,90819721.10461901,571.6909321493512,0.22564439685165066,91474571.69596854,320.6214281378335,0.5783716677136657,84847472.95575912,315.01114557047464,0.9929142220824339
Steel,3,2,7975.64,-0.304,0.789603604376316,0.10166305112838746,0.016029463255287226,0.3763130584323236,0.07923027336597444,0.14948955328787167,0.38980084045934643,0.09332152009010315,0.40867376977804815,0.16182929961011613,0.10245583772659303,0.5839316797292569,0.0,0.0,0.0,0.0,0.0,0.0,0.0,0.0,0.0,96509318.60019712,374.43623169469356,0.10912824151245443,104254243.82362105,719.1764278329144,0.6622636900464163,0.0,0.0,0.0,0.0,0.0,0.0
Steel,1,3,7975.26,-0.309,1.5648431420326234,0.05955267524719239,0.03715770408777063,0.15907553463798627,0.08491694658994675,1.3625072325128689,0.0,0.0,0.0,0.0,0.0,0.0,0.0,0.0,0.0,0.0,0.0,0.0,0.0,0.0,0.0,16811533.36750902,507.98466108746914,0.40779820229191316,24195613.36191007,216.8482335410777,0.8522844424519042,22108307.48248226,624.4556843043058,1.3418628255632539,0.0,0.0,0.0
Steel,5,3,7974.01,-0.325,1.3809798568487168,0.10038240146636963,0.01992902051615241,0.3777233034035473,0.05884537428617477,0.399231130798786,0.4342632532258408,0.07342436850070953,0.6217750067399558,0.21033011829676987,0.06375607520341874,0.8538983478637509,0.2800085209142872,0.1111834466457367,0.953327272939569,0.4830303497245782,0.09343864023685455,1.2286830305161174,0.0,0.0,0.0,137253357.72475508,582.1246642534891,0.1821193981239359,168680421.1100667,295.04712581611125,0.4986872496273753,172343395.10745496,649.4933179907887,1.174233276506198,0.0,0.0,0.0
Steel,5,2,7973.97,-0.325,0.5041702918708324,0.10652139115333559,0.029431390412772394,0.29283158582764873,0.06194693505764008,0.08162334577052532,0.3408444922200995,0.045905761867761616,0.16497808851070847,0.3426424293530445,0.058727533519268044,0.22262962022054203,0.3515929796191018,0.08842390656471254,0.30833977184941924,0.2522977695695986,0.1295760053396225,0.4412223978113402,0.0,0.0,0.0,99889421.45588696,542.6591755994828,0.09933414503221638,88403275.5581894,439.4578327757965,0.45375326217957884,0.0,0.0,0.0,0.0,0.0,0.0
Steel,6,4,7973.75,-0.328,1.1867893666028977,0.08052891230583192,0.03364539418837318,0.42899494295097373,0.11150518417358399,0.16115340656216945,0.3027340203330631,0.058110857009887704,0.34211238423114737,0.24796050005882542,0.07906827718019485,0.4729265692437535,0.433699627827541,0.06046931505203247,0.7316128599602953,0.3122637615368004,0.07073444455862045,0.8279068323556481,0.37297464864058816,0.06391740500926972,0.9719229278692523,95291021.18248385,200.05850613157847,0.11867893784707914,85873708.38641463,523.8904551790173,0.4396750861902088,106563612.45269087,591.1389220821868,0.7749686952783637,100241593.5538601,1099.9999999999995,1.05911761268742
Steel,1,4,8026.37,0.33,0.878346610069275,0.07051419860124589,0.01692464833383892,0.30617641256887673,0.08969378650188446,0.35072598652798187,0.0,0.0,0.0,0.0,0.0,0.0,0.0,0.0,0.0,0.0,0.0,0.0,0.0,0.0,0.0,20896510.9656734,656.1662334674052,0.1350102156878576,15306563.726589391,888.9160548234834,0.43073818346229636,17234442.43586855,552.4868456931437,0.5290749792889731,17103718.838546477,218.44142515511658,0.6911674665972705
Steel,4,2,8026.39,0.33,1.0108787626028062,0.09652792596817017,0.04488407293281098,0.23110009374171347,0.06327810257673264,0.3251179551223401,0.31008343814959916,0.048521756380796435,0.4296275431535923,0.25982853624042707,0.0666807895898819,0.5431794411239615,0.3483090686516328,0.14134056329727174,0.6710112649479556,0.0,0.0,0.0,0.0,0.0,0.0,174398505.97696477,965.4616501334211,0.14814462441864681,188256173.8825258,259.40657136320806,0.7979526797592857,0.0,0.0,0.0,0.0,0.0,0.0
Steel,1,3,8026.78,0.335,1.3517218500375747,0.05678109556436539,0.035815348775652914,0.22385885690739651,0.10218559741973877,0.931906282855049,0.0,0.0,0.0,0.0,0.0,0.0,0.0,0.0,0.0,0.0,0.0,0.0,0.0,0.0,0.0,33356943.061472908,364.1677706817324,0.1808697795733447,35005670.56143949,1016.9991992383352,0.41160612156820764,26328793.63884959,180.6301623171969,1.0100175148217507,0.0,0.0,0.0
Steel,3,2,7972.44,-0.344,1.066027779877186,0.1080825585126877,0.06000000000000005,0.20333746482725965,0.10974742114543916,0.2195525032072541,0.34978905193941445,0.05732329279184342,0.5331207165881303,0.34259960815822094,0.07260892480611801,0.7900906950312988,0.0,0.0,0.0,0.0,0.0,0.0,0.0,0.0,0.0,84744547.6261813,652.5416506424566,0.13513180774288724,96003447.17487687,477.53236345323506,0.888714457812769,0.0,0.0,0.0,0.0,0.0,0.0
Steel,1,3,8028.17,0.352,0.8230746984481812,0.06319380646944046,0.027559456905092854,0.28607340418005683,0.05749586582183838,0.21999930871750153,0.0,0.0,0.0,0.0,0.0,0.0,0.0,0.0,0.0,0.0,0.0,0.0,0.0,0.0,0.0,12447244.130768722,163.25163741059725,0.10028040517420536,12832936.449416615,103.38283271850793,0.288801535519843,12290721.47684511,1033.725102370859,0.6347096464231615,0.0,0.0,0.0
Steel,2,3,8028.93,0.362,1.3255797028541565,0.10899404847621919,0.02249657975813683,0.27625817885157333,0.07080409288406372,0.42499799066922367,0.4485126682068624,0.0714853772521019,0.8102860772689392,0.0,0.0,0.0,0.0,0.0,0.0,0.0,0.0,0.0,0.0,0.0,0.0,56722065.99921797,459.7705254200894,0.21106304076269622,100716647.50566818,350.04251545318846,0.8983156890538773,62222835.861566566,409.3322491257613,1.125883598237467,0.0,0.0,0.0
Steel,5,2,7970.93,-0.363,0.6999703176319599,0.13480733048915863,0.0278576559566065,0.3791490738732445,0.0869508582353592,0.13548125605174677,0.2051243630072382,0.07595575213432312,0.29045444354741745,0.29680060702736805,0.07379064112901688,0.40984924193155775,0.3528967818450985,0.05862818092107773,0.49906878095923124,0.34394566810732047,0.10435899555683137,0.6082115917752265,0.0,0.0,0.0,107305000.00334644,574.6237711212721,0.08340239114581259,135692799.39830586,268.1658049539451,0.588804067102513,0.0,0.0,0.0,0.0,0.0,0.0
Steel,6,3,8029.4,0.368,1.1018777534365656,0.12222210454940798,0.013023436625833296,0.20732718968612934,0.02,0.18093055969428412,0.39049391496902897,0.0396546745300293,0.29735814135962363,0.27461884638236794,0.0873624873161316,0.4393556508787505,0.26954078143576604,0.10451745450496674,0.557037013695833,0.18936004484160784,0.08203166484832763,0.6561893155824925,0.20993528124886965,0.02,0.7884873227211706,69045881.40950048,266.37514154435,0.12375721283153726,61033064.72571141,615.4720714626401,0.5858583542003457,74572595.63051526,402.16080310337276,0.9334701908773937,0.0,0.0,0.0
Steel,5,3,8029.5,0.369,0.9423310086131096,0.09537103486061098,0.031881303353346685,0.3312975574739332,0.08657615900039674,0.14804150824820148,0.4119540633672685,0.11863943994045258,0.27149472173825523,0.35816011485237803,0.15,0.5027198683715834,0.23658324894965443,0.049140505641698834,0.6518221985416359,0.3689533364022973,0.06914011508226395,0.8136365191934952,0.0,0.0,0.0,134430267.4916344,625.8938006859029,0.11340172733500009,149400616.47472003,794.0908888864487,0.5326102482386394,150204940.08709952,621.4619442604699,0.8456657340925404,0.0,0.0,0.0
Steel,3,2,7970.48,-0.369,0.8204891756176949,0.11584795498847962,0.030911577016538325,0.3341302392186263,0.09292386949062348,0.21692285572057868,0.21281516784504928,0.06789730876684189,0.41905743213646907,0.3047719997109482,0.03469848930835724,0.6099530692011935,0.0,0.0,0.0,0.0,0.0,0.0,0.0,0.0,0.0,63571581.03395196,1020.6680429381918,0.11500437002122224,68529605.48046483,199.91501562367688,0.7030398018841045,0.0,0.0,0.0,0.0,0.0,0.0
Steel,2,3,7970.14,-0.373,1.2635631024837495,0.08379129004478456,0.012838204088918684,0.3007655810285929,0.028383730724453927,0.4491812560005884,0.3278347363984857,0.08215047806501388,0.6963274141695188,0.0,0.0,0.0,0.0,0.0,0.0,0.0,0.0,0.0,0.0,0.0,0.0,31907083.868225552,549.0796016832899,0.14928712181145118,35146039.01355987,672.3802470689616,0.5368005893339672,41896292.92876228,594.1895308007889,0.9915104959685354,0.0,0.0,0.0
Steel,5,2,8030.66,0.383,0.7586370959877968,0.11215571475028993,0.013532034644575489,0.43426039539031364,0.1213696449995041,0.09619118940325747,0.43561743644183715,0.09795162856578828,0.23950394657682902,0.2827623735227586,0.08194371044635773,0.400659387298164,0.21362345904859287,0.09977244198322296,0.5429436249859889,0.3727841299892209,0.0949031263589859,0.6740410540412927,0.0,0.0,0.0,193203162.60454264,608.1656925830018,0.11504908338999074,234537636.3613362,535.6593599900308,0.6486594141948775,0.0,0.0,0.0,0.0,0.0,0.0
Steel,2,3,7969.26,-0.384,0.7885017454624176,0.0800047116279602,0.00831278908865781,0.21308772212044477,0.07476927816867829,0.16918635463760162,0.20651748282364235,0.08506877660751343,0.49552336269948016,0.0,0.0,0.0,0.0,0.0,0.0,0.0,0.0,0.0,0.0,0.0,0.0,18452673.86098092,387.2708045079393,0.08396273414817584,16749701.703475382,1066.1783687036948,0.29217843649783504,18403560.84685295,457.0785625882456,0.6436991293964109,0.0,0.0,0.0
Steel,1,3,8031.29,0.391,0.797676919400692,0.0727980991601944,0.007400184961095645,0.3819340110397351,0.0837413826584816,0.21807370168697288,0.0,0.0,0.0,0.0,0.0,0.0,0.0,0.0,0.0,0.0,0.0,0.0,0.0,0.0,0.0,28365678.787873473,538.9030308591731,0.09300252412343393,28451542.721856937,847.9704181821826,0.2746088949740247,32705180.530154645,508.1507652462959,0.5869555451382449,0.0,0.0,0.0
Steel,2,4,7968.74,-0.391,0.7756326839327813,0.08841875290870667,0.007835335888311907,0.22208699024705664,0.11163441538810731,0.1944854066793981,0.3295005243373579,0.11550041854381563,0.6355849985824202,0.0,0.0,0.0,0.0,0.0,0.0,0.0,0.0,0.0,0.0,0.0,0.0,29515115.081442982,1073.6061361139048,0.12074997251169547,30530049.276380137,658.5833020684775,0.46049465803389933,29012126.64496549,675.2745225028511,0.5348217744059336,25727704.12540392,416.9856701374581,0.6980694147638705
Steel,2,2,8031.53,0.394,1.4100158929824829,0.12396185088157655,0.03232014194618846,0.17715604233694537,0.059577094316482546,0.5064479953749165,0.13017295941999793,0.0765045353770256,0.8573142598697766,0.0,0.0,0.0,0.0,0.0,0.0,0.0,0.0,0.0,0.0,0.0,0.0,51455981.95736364,732.4993116329878,0.2293026935949593,60688450.62045061,1065.0773701071937,1.142351460741415,0.0,0.0,0.0,0.0,0.0,0.0
Steel,6,2,8032.03,0.4,1.30883067548275,0.1343528974056244,0.014424648536950193,0.29061142407261736,0.05480911493301392,0.1523949904197926,0.3676270387952283,0.05860832124948502,0.2302785392843202,0.19785547177993326,0.06451756924390793,0.4076163161601751,0.1659369612859383,0.08681118965148926,0.5758903948629034,0.22072606599218605,0.11951955735683442,0.7944660559658063,0.19546835708649246,0.15,1.0826230508788015,188865623.90901032,391.2754294087525,0.13739877497137976,172167593.15516743,372.91235621022713,1.1452446477206892,0.0,0.0,0.0,0.0,0.0,0.0
Steel,4,2,8032.37,0.405,1.2415823817253113,0.134199236035347,0.03109789984327773,0.17400520714810608,0.08603764653205873,0.20769008403548744,0.32569153799959805,0.11742248296737672,0.3605830695998333,0.27024793777771644,0.09774661600589753,0.6212890040356309,0.282413268340855,0.053481027483940125,0.9824262236778365,0.0,0.0,0.0,0.0,0.0,0.0,139876991.2104813,151.89205948219916,0.14831274360383656,128755328.90535766,553.371210859167,1.0104808136033454,0.0,0.0,0.0,0.0,0.0,0.0
Steel,1,3,7967.58,-0.405,1.1203976944088936,0.0950346133708954,0.02250403822318063,0.16940929703295426,0.13818024098873138,0.2658746594120581,0.0,0.0,0.0,0.0,0.0,0.0,0.0,0.0,0.0,0.0,0.0,0.0,0.0,0.0,0.0,21905550.243622474,433.695594229525,0.15480657993095462,24333657.96428477,208.5947100748234,0.4448947995408831,22834615.65211439,889.2002807942268,0.8664306842767663,0.0,0.0,0.0
Steel,3,3,8032.86,0.411,1.2367537200450898,0.0742419912815094,0.023056463573848576,0.3023284839047479,0.10728318691253663,0.5096988780389496,0.19961530461376567,0.04747167721390724,0.7829316487635126,0.24683557601290163,0.039468109458684925,0.9606199883375285,0.0,0.0,0.0,0.0,0.0,0.0,0.0,0.0,0.0,45281650.80331546,378.3040307223848,0.2043433772690555,53798441.24768312,276.9759530755334,0.47760978838156304,45152338.280405134,207.8046970784764,1.0434029383089232,0.0,0.0,0.0
Steel,5,3,8032.93,0.412,1.3400743991136552,0.07560965365171433,0.0129791333428143,0.3759146491419418,0.04140772253274917,0.23561607757470782,0.20610738723550345,0.13877234280109405,0.43832644337860305,0.22813396452159235,0.023921177331358196,0.711696166713542,0.26276344333873825,0.07915009081363678,0.967889557372646,0.33517500253259547,0.044556824862957006,1.117376148698239,0.0,0.0,0.0,63309523.1217528,174.73529246073153,0.15670629332466735,68338863.1532097,344.33256215291084,0.7932139581979796,66314811.58699769,363.2508720529872,1.1741732480840434,0.0,0.0,0.0
Steel,6,4,8033.84,0.423,1.3282252669334411,0.08858100932836534,0.016993776158691014,0.23108610137855587,0.10654004931449891,0.19540751725437483,0.1842874192908444,0.12113474607467652,0.4525689399584163,0.18552295952793119,0.07467181622982025,0.6652907210135929,0.4218182709081882,0.07449742615222932,0.8421591703224134,0.28900093253459186,0.03038201816380024,1.0040770966160935,0.25322280075577336,0.08730246663093567,1.147427909220235,56349174.94814186,508.6655875903173,0.15164235729591205,84508203.19553758,245.63628594395115,0.6125068544829942,52622573.8372448,242.01126726499112,0.6477109883634509,74237485.14206323,783.22757194245,1.1360908465022739
Steel,3,2,8033.87,0.423,1.0358379483222961,0.12431213617324831,0.017434535263648382,0.37123849035522033,0.0722166594862938,0.12813666954029918,0.2315287051897119,0.09379248797893525,0.4580034930685017,0.21353214851008964,0.1430766224861145,0.795023751901774,0.0,0.0,0.0,0.0,0.0,0.0,0.0,0.0,0.0,87977256.4348211,757.4669485899187,0.1693322998088182,109014780.51480733,1099.9999999999995,0.8303209420365352,0.0,0.0,0.0,0.0,0.0,0.0
Steel,5,3,7966.25,-0.422,1.1659257769584657,0.09500199365615845,0.032821037013807675,0.2946329251609486,0.10073276519775391,0.20645552739978812,0.2629214965186438,0.02238588446751237,0.4696675328251301,0.27399010856830347,0.07809618771076203,0.618117290819187,0.2825846267583016,0.12406232357025147,0.8387000265392053,0.3693597706997283,0.08621878564357759,1.0493231992626193,0.0,0.0,0.0,96200408.18538417,558.3446679708011,0.13938914981574685,101886527.23592937,374.1810721523276,0.4137810035658549,110369336.66072948,858.8095436412067,0.987127215217671,0.0,0.0,0.0
Steel,2,3,8034.9,0.436,1.215028601884842,0.07449018549919129,0.013515068550016178,0.26484335798235165,0.13295073926448822,0.48286780956466074,0.28149163179033204,0.06323901087045669,1.0138855845149946,0.0,0.0,0.0,0.0,0.0,0.0,0.0,0.0,0.0,0.0,0.0,0.0,40014204.46850477,970.1685281219183,0.37356697316529913,43675925.52939037,341.3618540181364,0.7222149694373392,48832019.60446452,377.52771936508054,1.0268565473774243,0.0,0.0,0.0
Steel,6,3,7965.24,-0.435,1.2499074399471284,0.09708721780776979,0.015351372314583105,0.28502872449447303,0.05983941942453384,0.24556015933060862,0.1922112070602378,0.07877573639154434,0.3676799875508346,0.450226865819706,0.051763725727796556,0.47214576710686573,0.17021485412047999,0.09068681657314301,0.6519272911844955,0.24431284768243758,0.08115773856639863,0.8314023059422447,0.2122149942513894,0.0927879047393799,1.0369908877904104,99483655.89347337,337.35993777907777,0.12509736409212552,99483655.89347337,550.8497454425295,0.3871639946669253,115967600.11498606,579.7009788623863,1.093513073182504,0.0,0.0,0.0
Steel,2,2,7965.07,-0.437,0.7240453973412514,0.06151765757799149,0.03170524328163918,0.2755358447847455,0.05737896263599396,0.15134781322150698,0.20331017532742304,0.08088923782110215,0.4397461587637167,0.0,0.0,0.0,0.0,0.0,0.0,0.0,0.0,0.0,0.0,0.0,0.0,30659680.403322197,322.5393447896893,0.08263391746120526,32501387.05750665,276.19537916179263,0.6156690797258548,0.0,0.0,0.0,0.0,0.0,0.0
Steel,4,2,7965.03,-0.437,1.2376366406679153,0.09540322291851044,0.018365086928563937,0.26441247298591675,0.13040445506572723,0.1379277102288977,0.22140326031338362,0.04648040607571602,0.4219324706519302,0.3085428956814036,0.08249115318059921,0.6699248087762426,0.3221085856019066,0.07736797779798509,1.1138629766011237,0.0,0.0,0.0,0.0,0.0,0.0,234280270.21450964,160.9679285441201,0.15858383553944455,259828285.6760802,490.8295817185394,1.0424401047756002,0.0,0.0,0.0,0.0,0.0,0.0
Steel,1,3,8035.68,0.446,1.5662154346704484,0.10734860646724702,0.020181945146232137,0.39297572833893957,0.0918083417415619,0.8308111521500758,0.0,0.0,0.0,0.0,0.0,0.0,0.0,0.0,0.0,0.0,0.0,0.0,0.0,0.0,0.0,60181793.695414096,238.07560313242155,0.29744561178617146,66889954.102579236,696.4052883619116,0.6030609948267276,72329635.93826874,395.9054503708842,1.2464877926871325,0.0,0.0,0.0
Steel,4,2,7963.01,-0.462,0.8627077668905259,0.11367592549324036,0.013797913358743275,0.37409308223646703,0.08214789777994157,0.19025823887738857,0.21120316754475432,0.034677169024944304,0.372913654948258,0.3849508807525397,0.08739481449127198,0.5639739022678092,0.367975699468987,0.054176522791385656,0.705071388461025,0.0,0.0,0.0,0.0,0.0,0.0,111971577.13204674,942.0498572390941,0.11324459256893449,114890675.98770905,228.45435055990677,0.7519698829281477,0.0,0.0,0.0,0.0,0.0,0.0
Steel,1,4,7962.91,-0.464,0.2564669686835259,0.11690516722202303,0.017334914631938637,0.3494036561097612,0.0883850395679474,0.11417703809370358,0.0,0.0,0.0,0.0,0.0,0.0,0.0,0.0,0.0,0.0,0.0,0.0,0.0,0.0,0.0,25508804.81981633,649.7122540704007,0.0908608955505298,22216845.183063496,319.59446699676124,0.18945834534931677,20280002.131186843,825.3919271873222,0.19203472703024516,24528239.27012517,416.9720853829078,0.21851211018812514
Steel,1,4,7962.21,-0.472,1.721164420247078,0.09587806236743929,0.023210490424986706,0.1976992084658914,0.05993287920951844,1.2818989127095664,0.0,0.0,0.0,0.0,0.0,0.0,0.0,0.0,0.0,0.0,0.0,0.0,0.0,0.0,0.0,43608821.68772374,410.7494438988381,0.2909053145700279,42755205.65480194,340.9665316031177,0.5609175343350195,46387293.9846405,283.1130958689198,0.8241915782444517,35129080.029628165,249.981962819564,1.3119000483212282
Steel,2,3,7962.19,-0.473,0.7274599745869637,0.07730058044195176,0.020105922291853883,0.1854681364022472,0.09282241702079773,0.1522120107601772,0.25695989206187764,0.088021839261055,0.5891142962449154,0.0,0.0,0.0,0.0,0.0,0.0,0.0,0.0,0.0,0.0,0.0,0.0,20202491.081231546,601.641764509255,0.08774393685256249,19212171.02624282,720.529516993534,0.41793277424110237,19629341.406124502,275.1907838016636,0.637007354279304,0.0,0.0,0.0
Steel,4,2,8038.01,0.475,0.7577934309840203,0.09955325639247896,0.0064446971175474875,0.313841737445416,0.1104167687892914,0.12780393531538864,0.26598660399333957,0.06545907884836197,0.31818775007902733,0.1935567752840035,0.041958791613578794,0.37545372547433464,0.16824292377284344,0.10053655505180359,0.5342380087030516,0.0,0.0,0.0,0.0,0.0,0.0,75793589.83659847,281.95057212034897,0.09040489466628462,76535129.13705076,131.0665611260138,0.6603000084587487,0.0,0.0,0.0,0.0,0.0,0.0
Steel,3,4,8038.63,0.483,0.8312721207737923,0.0937176114320755,0.01143373528687058,0.3853165972233864,0.07773362666368484,0.09132522215713307,0.17400435405563766,0.07218740463256836,0.2705836609127498,0.43564719755777537,0.07956084042787552,0.6375093760806241,0.0,0.0,0.0,0.0,0.0,0.0,0.0,0.0,0.0,51689646.944521934,208.4809411517654,0.11479525464162639,47077301.41388026,156.1278897769849,0.4022766960821944,59169909.123123385,664.9592937026764,0.5028585581322746,46111672.799701594,444.56711189948135,0.7173830145298409
Steel,6,4,8039.08,0.489,0.9544711396098138,0.10616414856910707,0.02563736279958471,0.3277762914393488,0.08455795377492906,0.11210912550263483,0.33925309387182145,0.08012629866600036,0.22915976206464947,0.25772848721655295,0.143349706530571,0.3975372966035407,0.3240438730730704,0.07649607390165329,0.6059691607870252,0.27343114284692044,0.09692329585552216,0.7361800209106338,0.553127632177438,0.03331429421901703,0.8160453553628277,80473219.44914238,170.9524605185842,0.12529303133203548,67305039.08812432,479.9787748403856,0.33399329075746537,75105715.19118036,193.66062158888823,0.5527460744917572,71822828.87751365,199.2688155067903,0.8483691797363915
Steel,3,3,8039.23,0.49,0.9239057883620262,0.06915523707866669,0.008165792612114739,0.15794423201081673,0.06223413318395615,0.13781655878064694,0.17012562119825678,0.0766819241642952,0.34817619783070575,0.2914677426815541,0.09021253228187562,0.6352895637725308,0.0,0.0,0.0,0.0,0.0,0.0,0.0,0.0,0.0,33372630.916018054,269.84010434205226,0.11357214962913448,25338091.158109777,724.5037214161105,0.5207415638356787,27315030.294988878,836.6564119291761,0.8155994394829058,0.0,0.0,0.0
Steel,1,4,7960.61,-0.492,1.2209689915180206,0.1344611247777939,0.008710661517319323,0.2613448968800069,0.07485675990581513,0.5364426953948589,0.0,0.0,0.0,0.0,0.0,0.0,0.0,0.0,0.0,0.0,0.0,0.0,0.0,0.0,0.0,29723216.352943886,622.1108847122409,0.16174553847179213,33921709.74880572,163.38636800334305,0.5574171302825385,39249951.15364178,645.9567897968058,0.7059178258177019,30052185.03728479,446.3380466147954,1.0443564532323664
Steel,3,3,8039.73,0.497,0.9422078385949135,0.09174779200553895,0.04500975305459523,0.3903211985998224,0.10868341386318207,0.2743705826404521,0.14964643112666096,0.10173878192901611,0.5423425208326536,0.2500446032224531,0.08510958075523377,0.7465873682541647,0.0,0.0,0.0,0.0,0.0,0.0,0.0,0.0,0.0,73003697.25332011,186.03073710192612,0.21463426545677783,107653718.11198825,526.3129829962684,0.7205289341930468,79981736.03455137,333.96425921436037,0.8479870537932143,0.0,0.0,0.0
Steel,3,3,7960.12,-0.498,1.595969980955124,0.11888786017894747,0.021602550016912147,0.245114067224097,0.034121306464076046,0.5150871777249912,0.3083750464777979,0.06234398901462555,1.0561335300407606,0.2892711238335344,0.06756296038627625,1.2678127974641842,0.0,0.0,0.0,0.0,0.0,0.0,0.0,0.0,0.0,68865148.85600546,227.6751011327545,0.2230755601670032,63415644.203450024,496.02223895095244,0.7886596952054838,61580384.60495284,1099.9999999999995,1.4011276914288677,0.0,0.0,0.0
Steel,6,4,7959.24,-0.509,1.0863928452134133,0.07326005238294601,0.017740938937345994,0.30850922621405585,0.08185308277606965,0.23991217427053638,0.2317099749431424,0.06875959664583206,0.34729743163316606,0.3725081905862233,0.0935271292924881,0.4458095565723642,0.2412553668528186,0.07493321150541306,0.5740403477981169,0.17073369813327716,0.12028317451477051,0.7492754315459463,0.4450164723783619,0.0966932088136673,0.8931609059121375,96809881.70879877,368.818083307101,0.12313120710572194,111681915.2510638,407.8993495406252,0.21302938444054811,121593528.53757477,224.1444370842267,0.6262810609513193,104416681.29384302,60.34295262477645,0.9777535596056791
Steel,4,3,8041.06,0.513,0.9609114319086075,0.09697972679138185,0.020671957650140724,0.27916618059241216,0.08634127557277681,0.13982657215810554,0.34157387548312684,0.13869370222091676,0.34953314999851215,0.2884794342282808,0.15,0.5898560666384378,0.23351635218573827,0.06634902924299241,0.7162302144581965,0.0,0.0,0.0,0.0,0.0,0.0,107204233.8158507,248.89511019926405,0.10251198762420718,83905935.5224907,272.14048099283013,0.3671153554695784,83381538.00492238,355.2199836714776,0.8190381851763666,0.0,0.0,0.0
Steel,2,2,7958.99,-0.513,1.4106540173292161,0.09272823703289033,0.03618826803344604,0.3367329779763877,0.08686773121356965,0.8662267576703705,0.22269908141393274,0.1203966373205185,1.0407239773661892,0.0,0.0,0.0,0.0,0.0,0.0,0.0,0.0,0.0,0.0,0.0,0.0,168989242.37580222,322.0568906128603,0.4804558490106763,168471320.3758229,328.6690796841724,1.1667256305121283,0.0,0.0,0.0,0.0,0.0,0.0
Steel,4,3,7958.77,-0.515,0.9808999851346016,0.06573542308807373,0.019907143809270656,0.23169735003835953,0.0368061463534832,0.1445973533069377,0.3183587629470712,0.06555262386798859,0.28360905825510857,0.17461060950492796,0.10177878022193909,0.48996841955357184,0.4451485899743704,0.08084063470363617,0.7660485904033164,0.0,0.0,0.0,0.0,0.0,0.0,62590344.021175906,874.1272443484208,0.10433066589085459,69808246.83573264,252.5597646667058,0.4508356159976584,67300368.46367083,235.45930513826372,0.8481739714161763,0.0,0.0,0.0
Steel,4,3,8041.57,0.52,1.2063479274511337,0.10551142418384553,0.028888467451585548,0.15635217687595304,0.13238395988941193,0.3181916225794904,0.2756322458672243,0.09633520007133485,0.68200138813422,0.2845973354983893,0.06277974724769593,0.855332512511143,0.2235554426212961,0.07845957398414612,1.0072444308270199,0.0,0.0,0.0,0.0,0.0,0.0,79880388.89541823,514.174565195433,0.12340213887687129,75745742.99976674,628.8682724350763,0.4220497342640232,71582418.01479004,626.0576655556729,1.0658073306163627,0.0,0.0,0.0
Steel,3,4,8041.6,0.52,0.9575781777501107,0.05939217931032181,0.039858988438265186,0.23362878290871836,0.10234703183174133,0.3443407177470913,0.26441113207167577,0.06160940200090409,0.5165741756281239,0.24391278392132115,0.07517155081033706,0.8110047218588861,0.0,0.0,0.0,0.0,0.0,0.0,0.0,0.0,0.0,33996033.94213295,357.53390874369603,0.19438430494196818,30043822.13790064,366.9539086068056,0.6088821860638276,34255200.5432695,300.56177296622326,0.6688835989173104,35882796.00009004,711.9729982098045,0.8298412341779715
Steel,2,2,7958.29,-0.521,1.3259531825780868,0.1241052201986313,0.029417343259927044,0.2327960496384277,0.07053150475025177,0.36862951036206676,0.21317105486109922,0.10459325134754181,0.8296838801607682,0.0,0.0,0.0,0.0,0.0,0.0,0.0,0.0,0.0,0.0,0.0,0.0,72175709.00878234,589.6581965517408,0.31844120764651507,85109473.78888954,326.53829446756924,1.1933578629943251,0.0,0.0,0.0,0.0,0.0,0.0
Steel,2,3,8042.55,0.532,0.9862775087356568,0.08856549084186555,0.028654782110347658,0.39707475208151477,0.05484958201646804,0.3556640461391671,0.21832777533363948,0.08548798382282258,0.5189101895645496,0.0,0.0,0.0,0.0,0.0,0.0,0.0,0.0,0.0,0.0,0.0,0.0,45320514.75763617,462.2020190891768,0.10481531995371658,44370919.22596532,478.8664390442926,0.22988292668540802,42567149.48362076,605.8450082501965,0.795021076322675,0.0,0.0,0.0
Steel,3,3,8042.93,0.537,1.5431698501110078,0.10273098707199098,0.014659716936328048,0.2560803797244753,0.057972393333911895,0.37465590174362384,0.3763977742743096,0.12266007423400879,0.7473376992787107,0.2521666174106498,0.09078110933303833,1.3468564990601397,0.0,0.0,0.0,0.0,0.0,0.0,0.0,0.0,0.0,101251553.8182792,306.4275688946135,0.18589273739801518,85116341.05170026,688.9670843780424,0.8346786257929231,88566818.48475336,563.4381765336793,1.3776054814247232,0.0,0.0,0.0
Steel,3,3,8043.03,0.538,1.2376127123832703,0.0654866744875908,0.015763390391268842,0.319388766404578,0.07100320875644683,0.2506710956602166,0.4335667017269465,0.08305970311164856,0.5242659430204285,0.17727385627912248,0.06537719935178757,0.8673362334652941,0.0,0.0,0.0,0.0,0.0,0.0,0.0,0.0,0.0,224498367.7177249,652.3441320295759,0.16098311041325697,275016991.77509886,366.5962722110597,0.3563392861973307,216256461.94941762,127.57518504029808,1.025595019061369,0.0,0.0,0.0
Steel,3,3,8043.09,0.539,1.636397534608841,0.10009925997257234,0.026259956406860862,0.3867442004160141,0.08598948121070862,0.6833954795609714,0.19803730327395727,0.06171102494001389,1.087383599799391,0.24534045816618047,0.0825720602273941,1.4727477811479568,0.0,0.0,0.0,0.0,0.0,0.0,0.0,0.0,0.0,83127877.66685332,408.9824747079998,0.3084095815653064,82468087.82010117,432.4994728743269,0.7101263673065096,77097928.2338753,570.5319053401244,1.3163671940999513,0.0,0.0,0.0
Steel,4,3,7957.14,-0.536,0.8872907161712646,0.04938276821374893,0.02535172996415711,0.18151502590107607,0.09302476406097412,0.22787406238918662,0.24083290264620708,0.056129585504531856,0.3147103193904866,0.22276935921849877,0.1358984088897705,0.5780849720164057,0.16001360857483218,0.05587356388568879,0.7458850832670849,0.0,0.0,0.0,0.0,0.0,0.0,47677687.063961856,282.9496544457661,0.11051773002268675,43867950.09116914,352.4113970458959,0.511548108493007,41857888.27654217,532.8323963192391,0.7917267136700435,0.0,0.0,0.0
Steel,5,2,8043.35,0.542,1.3400426417589189,0.13916520249843597,0.007651316298480487,0.21640982215750562,0.07775986731052399,0.3309245776229158,0.2872403971040104,0.11631484329700471,0.533437337188838,0.31986555981599957,0.11546902120113374,0.8055634525401877,0.5513312463218184,0.105856072306633,0.9791719679980833,0.19113527444968906,0.07467487305402756,1.0941334171864094,0.0,0.0,0.0,421937081.6685134,576.5992884614299,0.1600955199839655,529848753.32979995,590.7166201430891,1.110647814126328,0.0,0.0,0.0,0.0,0.0,0.0
Steel,3,2,7956.62,-0.542,0.8479237258434296,0.09361744165420534,0.015212140910645164,0.3353320680716345,0.06510484367609025,0.1334145820063018,0.3891024166427209,0.10814533531665803,0.36719616385367393,0.30704477759018217,0.11128303945064545,0.613829664308787,0.0,0.0,0.0,0.0,0.0,0.0,0.0,0.0,0.0,131207670.97703075,588.863015151143,0.14544619127988834,158123364.9053449,431.0732607974267,0.7296248654441209,0.0,0.0,0.0,0.0,0.0,0.0
Steel,6,3,7956.42,-0.545,0.8818367213010788,0.053655663073062895,0.013043684625438388,0.25249179595371946,0.03379709616303444,0.16253586497758615,0.28554906813422914,0.08398434400558473,0.23751915485112007,0.20795563657900662,0.07240856528282166,0.3225596631015959,0.3031316475012012,0.08405785113573075,0.44511854518214966,0.13909229078399513,0.10126346707344056,0.617623620715981,0.31934635804756084,0.04000403195619583,0.7460508237398272,105694340.61531006,643.9026123286048,0.1360640966053405,91534698.19743286,528.0418221712695,0.534802583695054,85203694.42554858,966.6445578785921,0.7936530482891342,0.0,0.0,0.0
Steel,6,2,7955.88,-0.551,1.2343645304441453,0.14500279414653777,0.016209806892908307,0.22065854615187896,0.0706630915403366,0.15417450598733987,0.3016845723565368,0.02,0.2767251527307384,0.2663914404690235,0.0739345520734787,0.44646952754124813,0.29739598680441326,0.03689448043704033,0.6357467577530624,0.2816854897834489,0.08257779806852342,0.8609263380931074,0.266361781153897,0.08396821916103364,1.085413260486532,118263600.38778223,517.9725524280342,0.13672529262907956,157078671.0704574,535.8027651503402,1.0661240917939216,0.0,0.0,0.0,0.0,0.0,0.0
Steel,2,3,8044.61,0.558,1.2989842414855957,0.10788445341587068,0.009007343480258858,0.19364206892429559,0.07757243245840073,0.33021390270736045,0.18455001408962685,0.08658146679401399,0.931156967855381,0.0,0.0,0.0,0.0,0.0,0.0,0.0,0.0,0.0,0.0,0.0,0.0,34687887.9155742,129.37653651390093,0.26737174089868687,32017232.92244944,995.6856937538312,0.5586239065692356,36275155.64640969,259.45990346357775,1.0867735958089384,0.0,0.0,0.0
Steel,6,2,7955.37,-0.558,1.4596220940351488,0.13168991327285767,0.01614831117662043,0.340505255862906,0.12520960509777068,0.19354705848655204,0.21086004182734255,0.020240825683576987,0.40981583928673854,0.20252257256589293,0.06426969528198243,0.49444007358244085,0.34883958261239983,0.07323127329349519,0.7066730566002413,0.23144825992010018,0.08658448100090027,0.9404101576777795,0.3001028139872092,0.09314213991165161,1.17913531228903,322824623.8085045,649.703094157466,0.2401746752148683,274626243.0902054,803.0409200655923,1.27478603520431,0.0,0.0,0.0,0.0,0.0,0.0
Steel,2,3,8045.26,0.566,0.6133432559669019,0.10777625143527986,0.030874167510709517,0.2674717688644877,0.08131229609251023,0.3563803335404988,0.2798147297070592,0.09829427182674409,0.48177153386092586,0.0,0.0,0.0,0.0,0.0,0.0,0.0,0.0,0.0,0.0,0.0,0.0,46776119.47927673,643.5124962131462,0.08190624253927008,41291727.362798244,579.4845472724227,0.2302534250094279,41066723.629695065,407.999378657526,0.526834012318216,0.0,0.0,0.0
Steel,2,4,7954.77,-0.565,0.7887459352612496,0.0443397975564003,0.03547183804512024,0.26971701817679294,0.08607751309871674,0.2375014326848013,0.15113497851406912,0.15,0.5513679633164259,0.0,0.0,0.0,0.0,0.0,0.0,0.0,0.0,0.0,0.0,0.0,0.0,21212619.30481188,255.14951628917643,0.12030002847728738,29673202.566329584,333.1084289050981,0.38962647273363216,25110325.37358404,303.3657207954905,0.49506572299342033,25363963.665032335,872.9063666905924,0.6892103930975488
Steel,5,3,8046.14,0.577,1.475294679403305,0.12338761186599732,0.014628361764571756,0.3908384175751878,0.02,0.2697359376861944,0.2837060714953398,0.08242556124925614,0.38639365940396436,0.3900508205137483,0.0908675217628479,0.5562567558087521,0.22304564053584022,0.09240402340888977,0.9957473011930544,0.2701429376268635,0.02,1.1449610336354534,0.0,0.0,0.0,99367574.71390933,303.48070156415304,0.178906313621355,94797457.36030042,325.5817543481851,0.7323791377833209,94791123.49367413,408.1243134767713,1.3277652099876796,0.0,0.0,0.0
Steel,1,2,8046.27,0.578,0.8570834070444108,0.12321810615062714,0.024634999081878196,0.23080397395430954,0.08387589454650879,0.22690937825823015,0.0,0.0,0.0,0.0,0.0,0.0,0.0,0.0,0.0,0.0,0.0,0.0,0.0,0.0,0.0,43789537.62511735,734.501323340406,0.18480590290108306,36850515.33719345,678.6927228896166,0.6482722689696148,0.0,0.0,0.0,0.0,0.0,0.0
Steel,1,4,7953.49,-0.581,1.648010030388832,0.16,0.01054415242050764,0.38443611918817583,0.0742139047384262,0.7461412838470437,0.0,0.0,0.0,0.0,0.0,0.0,0.0,0.0,0.0,0.0,0.0,0.0,0.0,0.0,0.0,81986024.1027198,315.44193512895276,0.20325150311775475,63754699.59281395,311.40315520065303,0.4024240070760219,80646030.4136027,379.55927071659494,0.7583375993869915,82687058.58022258,425.8797169819091,1.2785343569009873
Steel,5,3,8047.19,0.59,1.1404282599687576,0.12165386641025544,0.03833748165814161,0.2090877298395217,0.05110583633184433,0.15551045689416576,0.4032296825012889,0.09859223663806915,0.3307440200339896,0.4042179658344087,0.09965478718280793,0.5079951500689491,0.26749756499952265,0.12468441247940064,0.7954533504548977,0.48428269195952467,0.045510984063148505,0.9460095849749862,0.0,0.0,0.0,146627618.6483541,579.617930247575,0.11429332751207091,126058172.13154408,765.4674758452054,0.49343223977305356,108583834.11254036,977.6714590948675,1.0056175807000922,0.0,0.0,0.0
Steel,3,3,8047.76,0.597,0.9240650162100792,0.08055977153778077,0.009455045266011349,0.3742713294455993,0.11001191198825837,0.1925634518013618,0.4055255064355175,0.1182258427143097,0.5296816123052508,0.43489599156985176,0.06518382132053376,0.6909308545951425,0.0,0.0,0.0,0.0,0.0,0.0,0.0,0.0,0.0,109706067.43447544,425.45273538053067,0.1186686481681811,96924109.66578,814.2286860957504,0.5885336798459231,102378390.14913447,274.40201389769805,0.796903704201883,0.0,0.0,0.0
Steel,6,3,8048.27,0.603,1.0486466377973556,0.10532444059848786,0.013784198866763407,0.13870717100312419,0.07797735899686814,0.1519507218748729,0.2365546416400107,0.08175614774227143,0.32826806220727195,0.3520956806573324,0.10038586020469666,0.4494313939303356,0.2690540842358493,0.10892162919044496,0.5584847986747498,0.3052301808701791,0.036881224513053895,0.738589656592263,0.42416614765280747,0.11335281550884248,0.8813949123956536,107714871.75696214,501.14664846508276,0.1309973737225827,118120600.49809979,905.0060600085085,0.7027664199799215,117010950.98064,401.0461525178072,0.9437819729689734,0.0,0.0,0.0
Steel,4,4,8048.57,0.607,1.3239722073078155,0.11268620407581331,0.027063725313971505,0.24579810563744528,0.044000422805547716,0.24398981942008358,0.22462697517877925,0.08234040021896362,0.3893373853759099,0.29530645625976776,0.0770624077320099,0.7366235635361256,0.364132451650424,0.10614474654197693,1.0221532965131181,0.0,0.0,0.0,0.0,0.0,0.0,46178259.062594905,603.1996988182343,0.1448971718114133,43977704.488849215,520.5631582138461,0.5869624541750956,48855161.00888862,196.06421154474535,0.8365096528860863,59340632.73925537,601.3145989271616,1.177327802469452
Steel,5,3,8049.63,0.62,1.3996787637472152,0.10860973846912385,0.01227479002353876,0.18474897390441433,0.041064147502183915,0.2100172155923491,0.24543291762321626,0.11001694858074189,0.37167429557306664,0.1798156319580069,0.1136358952522278,0.662944222626626,0.4259057787927844,0.05866813272237778,0.8899555077530769,0.25952805321495426,0.07088280320167542,1.089298351047373,0.0,0.0,0.0,73842739.92531946,684.4812911561938,0.16738497825812274,90241966.8615835,493.03178412292215,0.6802612891822397,73078563.74831629,375.5682864338567,1.2597108859728148,0.0,0.0,0.0
Steel,2,4,8049.73,0.622,1.0485697254538535,0.05076260161399841,0.008265348947322492,0.27218928869243536,0.0664316138625145,0.21297748355220114,0.29293175149720063,0.04925666883587837,0.9437027529084682,0.0,0.0,0.0,0.0,0.0,0.0,0.0,0.0,0.0,0.0,0.0,0.0,28736752.188566066,727.7144175991453,0.14920552348509633,24793916.33476278,469.58385665906314,0.5506668260138815,34227328.78843192,1068.7598025761915,0.6275611944712203,28136067.20122154,148.22167029752228,0.898612787463198
Steel,1,3,7949.61,-0.63,0.9752352669835092,0.08385277152061463,0.02236282023342112,0.33383029197245695,0.03914167627692223,0.43324523136031773,0.0,0.0,0.0,0.0,0.0,0.0,0.0,0.0,0.0,0.0,0.0,0.0,0.0,0.0,0.0,21568608.50894097,739.0503076699263,0.16558790650684663,16138193.777321456,57.06226592919418,0.6534020578459553,15996248.148309166,487.43673830335916,0.8171505711888458,0.0,0.0,0.0
Steel,6,2,8051.0,0.638,1.1042260333895684,0.10377326905727388,0.023833667507326288,0.30942126832920813,0.08665439665317536,0.18268474181968516,0.16062421931112314,0.07172095030546188,0.29133355687744156,0.3431213269962643,0.11182406246662141,0.4163961250072738,0.1586398224877227,0.10723121702671051,0.600481686276712,0.4225128577082103,0.1443907004594803,0.8120397136853116,0.22469332408656167,0.08811293184757234,0.9937934300506115,568843597.4469848,58.86536463052871,0.13329920649867588,560263435.0384812,124.40581064341993,0.9272370892138683,0.0,0.0,0.0,0.0,0.0,0.0
Steel,2,2,8051.31,0.641,0.4637860462069512,0.15610160553455352,0.014379979720498665,0.30259474371972794,0.09777149677276611,0.1538095918525852,0.33776318064145866,0.10205949664115907,0.3446515820907825,0.0,0.0,0.0,0.0,0.0,0.0,0.0,0.0,0.0,0.0,0.0,0.0,64080976.9055366,360.72479237489193,0.0604540984477477,75897643.56126441,658.5227011099533,0.4055663624016931,0.0,0.0,0.0,0.0,0.0,0.0
Steel,2,2,8052.54,0.657,1.039506584405899,0.10766628897190095,0.055033393967975124,0.24353654738898264,0.045404950231313704,0.4179560751437626,0.21601360282046783,0.08368236154317857,0.7521108873935527,0.0,0.0,0.0,0.0,0.0,0.0,0.0,0.0,0.0,0.0,0.0,0.0,37670544.34733959,170.93029810974028,0.18586217707634065,37199390.8149424,177.19430348118559,0.8366176287829594,0.0,0.0,0.0,0.0,0.0,0.0
Steel,6,2,8052.58,0.657,1.020985595881939,0.10914638102054597,0.0089171037218261,0.45429306169385225,0.07154814481735229,0.10654847703144907,0.22051434702835002,0.11308582186698914,0.23336303298829247,0.15713135563243769,0.1048690551519394,0.4356479250313985,0.3690986202949499,0.09704842805862428,0.5731500832212539,0.2637175457391116,0.05427452325820924,0.6602929449914352,0.593525746636282,0.11193462729454041,0.7946785134139177,292348662.97317433,678.6609146413865,0.15000392698612713,305737624.02354515,709.8051645793802,0.8782562450494886,0.0,0.0,0.0,0.0,0.0,0.0
Steel,5,3,7946.22,-0.672,1.8886586636304856,0.09342223966121675,0.023440264694342947,0.25092016370663583,0.062496775984764094,0.1888758663630486,0.27441403287294364,0.11043958067893983,0.33120537636218533,0.2262176336002446,0.08684852242469789,0.45261886683864644,0.35937390440441563,0.05021206200122834,0.8468252180338106,0.4531569061514571,0.02,1.2368971630036496,0.0,0.0,0.0,260567455.64571613,165.32942899965886,0.19983522450727415,331582927.3263506,248.22067550530352,1.123032674546362,218103869.0425242,124.29744559283792,1.5790547774222001,0.0,0.0,0.0
Steel,2,3,8054.2,0.678,0.8508603990077973,0.09579943311214448,0.016942481609875246,0.33458555161200654,0.09341203153133393,0.4240799091846539,0.19867187639680492,0.11524653553962708,0.6337652924614481,0.0,0.0,0.0,0.0,0.0,0.0,0.0,0.0,0.0,0.0,0.0,0.0,46870022.52026998,732.1619426781865,0.21374083850520997,39591872.34172761,706.3493559638879,0.45102784474809077,26574749.55217822,608.2373032286621,0.7361974088920848,0.0,0.0,0.0
Steel,4,4,8054.4,0.68,0.8260888352990151,0.08583572685718538,0.033704786213870255,0.4670216136594251,0.05880754947662353,0.1818861903162155,0.27513219426967883,0.08396367460489274,0.3003730485240399,0.3478128101332017,0.10801481008529663,0.5131080479940937,0.3691686148929315,0.08872361481189728,0.7149677474417144,0.0,0.0,0.0,0.0,0.0,0.0,54333865.28134754,642.5181024422307,0.08260888435599036,58354732.574006855,601.3338457748486,0.2668600000380055,64349287.31313098,732.7392478712786,0.4161945907690816,71356001.74991386,823.867657555892,0.7290259792047923
Steel,1,3,8054.47,0.681,1.6187266618013383,0.1106077425479889,0.016097308953061676,0.26289449879409993,0.1074636596441269,0.2034777558738475,0.0,0.0,0.0,0.0,0.0,0.0,0.0,0.0,0.0,0.0,0.0,0.0,0.0,0.0,0.0,53550888.43697617,741.1823366435747,0.21750530147541933,74545951.5885787,568.2691812621929,0.8799644794347978,65162455.17737437,628.3057659044664,1.3469132916915858,0.0,0.0,0.0
Steel,2,4,7945.04,-0.687,1.6460507780313494,0.07262402719259263,0.013010760188343606,0.3838164438476105,0.09841208934783936,0.3181965221240547,0.26814626914075107,0.031004634946584703,1.187512253987473,0.0,0.0,0.0,0.0,0.0,0.0,0.0,0.0,0.0,0.0,0.0,0.0,58232718.45020935,277.69296283642166,0.22008952862036862,43902421.501971185,670.4084485904787,0.64404610100337,46734603.533958964,324.1712173101635,0.9870430709238822,59788400.624884866,541.7338186526717,1.3642580188227318
Steel,3,3,8055.42,0.693,0.9678494766354562,0.09116054403781892,0.007204155851131371,0.29723988304461474,0.13383176326751708,0.3644571775376176,0.25908028337209255,0.06812840700149536,0.4764752527370479,0.3597101307947203,0.10778497099876405,0.7726312236818137,0.0,0.0,0.0,0.0,0.0,0.0,0.0,0.0,0.0,77085959.615096,318.90509240078325,0.12831327047801544,73982103.08771278,206.50020587443555,0.38499386073239494,76426509.7802987,328.10331094831554,0.8182742970574085,0.0,0.0,0.0
Steel,3,2,7944.8,-0.69,0.8408639445900917,0.13449101066589356,0.02517269164433811,0.21993844028529444,0.11965098917484285,0.12258992116191125,0.214782137165858,0.1037607491016388,0.44911744966665723,0.28499609470011733,0.08349558532238008,0.6562381734295044,0.0,0.0,0.0,0.0,0.0,0.0,0.0,0.0,0.0,64222820.20852567,619.5214242385517,0.11089803054457084,76287115.77454326,498.3772356438423,0.6927010758553119,0.0,0.0,0.0,0.0,0.0,0.0
Steel,3,4,7943.65,-0.704,0.6053773425519466,0.052364226222038276,0.022998155783085394,0.2631119870296949,0.14834241092205047,0.13907531220961922,0.4899316534851295,0.11687870144844056,0.34392282300545346,0.22974863702836984,0.09517307996749878,0.4853731593462928,0.0,0.0,0.0,0.0,0.0,0.0,0.0,0.0,0.0,150908889.56615084,422.75820035591914,0.09727042457775115,168740803.99672467,469.2691336620615,0.43229440750065967,196649139.75403005,133.21358425893487,0.4441199786395602,147676951.24826553,501.85732240036344,0.5284015043854864
Steel,3,3,8057.1,0.714,1.2747820496559144,0.1055151482820511,0.021854865428943025,0.31009909682076064,0.02,0.17661970563551088,0.4218230448105865,0.12337162077426911,0.6261197713033932,0.3584871906532055,0.07761947423219681,0.9771339533932524,0.0,0.0,0.0,0.0,0.0,0.0,0.0,0.0,0.0,97762819.44086953,470.6595655435502,0.16444492313441098,89870289.29764631,935.9940152474868,0.7184649207283915,91031042.49964805,1047.118755516122,1.1085114138611163,0.0,0.0,0.0
Steel,2,4,8057.34,0.717,1.0795075088739394,0.0897824753522873,0.040310564991682916,0.3943645566292755,0.0898284649848938,0.41075666553125456,0.3486108050732503,0.05978443920612335,0.8911004378337453,0.0,0.0,0.0,0.0,0.0,0.0,0.0,0.0,0.0,0.0,0.0,0.0,59299168.34555414,268.6568304398728,0.24519958497505537,45130295.58467313,494.05407822202096,0.7207778342042537,39047334.59830621,102.48346427776141,0.9050074306701319,46275775.87755277,515.7329309642952,0.971556756907038
Steel,4,4,8057.49,0.719,1.0240073412656785,0.15771028900146486,0.020507127973841757,0.32998086203069554,0.03123676083981991,0.18803842245388774,0.16561236303188326,0.09498035669326783,0.3957515575676994,0.18869134712232774,0.0718377411365509,0.5351071405988498,0.3590744034399119,0.12841469883918763,0.8594055220367283,0.0,0.0,0.0,0.0,0.0,0.0,85240201.92216869,398.8933630445087,0.11549734064278144,49730242.73002414,122.04908517470855,0.5835855826519717,45898570.26578309,950.5609558987759,0.6788344056634903,71232696.9594077,593.9134873006988,0.9096058235840672
Steel,6,2,8058.26,0.728,1.3146853864192962,0.1298011945486069,0.03993986301939553,0.23442584462480592,0.0966983848810196,0.16979314939958273,0.20451752020782868,0.06500456899404526,0.26746121830279995,0.19761849302855694,0.09574069619178772,0.36067371010538213,0.36658002144763263,0.06469007641077042,0.6029335477600622,0.2631988504465731,0.10567866027355195,0.7919714845983223,0.4091609141307472,0.15,1.0559000742543279,408932779.34418523,771.3473497761861,0.19492052680988647,398843188.715823,300.4546526717136,1.1627627436314256,0.0,0.0,0.0,0.0,0.0,0.0
Steel,2,2,8058.74,0.734,1.075404304265976,0.11462715327739717,0.010807752803764342,0.18951830192193198,0.13274952352046968,0.22609709207411433,0.2108936353677046,0.05922190219163895,0.6617704044714237,0.0,0.0,0.0,0.0,0.0,0.0,0.0,0.0,0.0,0.0,0.0,0.0,57751244.58069972,398.97940132049405,0.15269331497585698,46205129.88099976,132.97789938600738,0.9150475461290389,0.0,0.0,0.0,0.0,0.0,0.0
Steel,6,3,8059.06,0.738,1.2391785264015198,0.10821509408950807,0.013973325624747951,0.15915829473253587,0.06476082891225815,0.2071246285754995,0.34292000318435023,0.09763657808303834,0.3627945171222183,0.35586096417370605,0.05846256226301193,0.6088644462144914,0.23612632180343213,0.04527875259518624,0.7948663879200848,0.39110201473730455,0.05619836211204529,0.9430923427934788,0.27715324369508143,0.08027984499931336,1.086158250987763,71672169.85629906,723.219499646576,0.15307010422344014,94711905.53788128,823.6192215663755,0.6825398941205632,89370132.59806234,656.7529320322608,1.1152606725221892,0.0,0.0,0.0
Steel,2,2,8059.29,0.741,1.2034956097602845,0.09063993203639985,0.053311703321553834,0.21768366378738094,0.15,0.42866079650554556,0.16396639296183213,0.10257298111915589,1.065429012349883,0.0,0.0,0.0,0.0,0.0,0.0,0.0,0.0,0.0,0.0,0.0,0.0,80598862.07971789,886.011769638458,0.13598589896887653,75014099.30899492,373.53724404560546,0.9421971859122917,0.0,0.0,0.0,0.0,0.0,0.0
Steel,2,4,8059.61,0.745,1.3831372618675233,0.11606973350048067,0.0030983294461965926,0.21767830327674187,0.0716764771938324,0.20199600143959937,0.28570400435688675,0.10111962199211122,0.8256619398809822,0.0,0.0,0.0,0.0,0.0,0.0,0.0,0.0,0.0,0.0,0.0,0.0,46195656.781539224,563.7809307808047,0.1682530307543257,34179548.34264844,477.49215212460035,0.7558888903935825,61978645.29830625,593.3127243530331,1.0100757779748295,45110289.33874081,350.9496761260216,1.2265469560195283
Steel,4,2,7940.82,-0.74,1.2225859701633452,0.12802743196487426,0.03602160161911483,0.37792968178928577,0.047137288153171544,0.2216452088133457,0.3087570245923542,0.0940864932537079,0.4057661925611798,0.1344422464434743,0.054629324078559874,0.7247705965272363,0.5172594876772671,0.10585598707199097,0.9948945033578855,0.0,0.0,0.0,0.0,0.0,0.0,219502688.79339305,505.6059395409565,0.14678246837138445,175586180.73641923,247.52684590885653,1.0318134272912833,0.0,0.0,0.0,0.0,0.0,0.0
Steel,5,3,8060.23,0.753,1.448346358537674,0.08039572924375535,0.012656509403973702,0.28494374825655644,0.0793594890832901,0.22075754190704844,0.1609468840758771,0.048013039231300354,0.3568426455732843,0.2816747954220383,0.08614652216434479,0.6912660812709646,0.31201702437638423,0.10961424589157105,0.8495011328540507,0.31913004314187066,0.11491640627384186,1.1521145357728826,0.0,0.0,0.0,211068324.20496982,179.14373643900993,0.1632644945220214,326344332.1416352,766.0367442449972,0.9921898389982086,247669962.50462127,442.36237315950126,1.2857977708206216,0.0,0.0,0.0
Steel,4,2,7939.98,-0.75,1.1421122267842292,0.10022391569614411,0.032976320499588464,0.2516982454580155,0.15,0.20262079529115673,0.21124899266031516,0.08002765893936158,0.610435537495371,0.32574669582848714,0.08322646081447602,0.7437529459049343,0.2535888568258004,0.1125102710723877,0.9697809745834921,0.0,0.0,0.0,0.0,0.0,0.0,291473470.43096304,273.07498885255075,0.148291053722798,253697943.9225902,563.8901791693411,1.0076524460949865,0.0,0.0,0.0,0.0,0.0,0.0
Steel,1,4,7939.69,-0.754,0.6217293754220009,0.109179305434227,0.03331362864972994,0.22312976905756313,0.07061083495616913,0.4039624538235189,0.0,0.0,0.0,0.0,0.0,0.0,0.0,0.0,0.0,0.0,0.0,0.0,0.0,0.0,0.0,10447721.867998606,302.3034197688872,0.12617212026074157,17214119.752620716,141.50015434693637,0.3196387891661415,12246036.846060416,698.6256287884943,0.34951250450404103,10103444.549383707,558.2711669343993,0.5424687637075549
Steel,4,4,8061.16,0.765,0.9291584879159928,0.1046194180250168,0.023017678747257003,0.3896360518117098,0.050618968307971954,0.21369426998745822,0.2791151083573719,0.05945558458566666,0.3344099468880993,0.2742134541449154,0.12566374301910402,0.44100189033765796,0.26213203106105853,0.12223101079463959,0.6896539689018888,0.0,0.0,0.0,0.0,0.0,0.0,57283830.69870499,799.3110056018719,0.11154946287544006,70532929.26714706,82.50453101392908,0.19707168076683632,61042390.679209515,719.9649863716685,0.27642947156346365,59724476.95269215,529.6523078350131,0.8127330532329665
Steel,2,2,8061.29,0.766,0.9323993369936944,0.10796271872520448,0.026910684165312285,0.1849266206472677,0.047188678830862044,0.2838495413061859,0.3969791704238423,0.05427728563547135,0.6400854583313704,0.0,0.0,0.0,0.0,0.0,0.0,0.0,0.0,0.0,0.0,0.0,0.0,67661340.78409289,904.8122782343191,0.14256849393892676,54392050.892453834,322.8986606029252,0.7249288223704086,0.0,0.0,0.0,0.0,0.0,0.0
Steel,4,2,7938.81,-0.765,1.1648048415780068,0.10734828484058381,0.028469954199508093,0.2557762002533614,0.09256028950214387,0.19205164201976455,0.2926510495836898,0.06084866732358933,0.3751349759036942,0.25334906337262253,0.09450339913368226,0.6964802138267883,0.5350196050624597,0.08575983583927155,0.8996949042818155,0.0,0.0,0.0,0.0,0.0,0.0,156316104.06622824,535.2011292185985,0.1485590269630392,183646953.73891973,775.897884525363,0.9521517765906248,0.0,0.0,0.0,0.0,0.0,0.0
Steel,6,4,8061.84,0.773,1.3371088355779648,0.0978651226758957,0.016682182441737314,0.22819053967937616,0.05531483143568039,0.28115626157897133,0.3479477749638396,0.14709493219852446,0.42319374337817295,0.2620889108079073,0.0995091986656189,0.5677088961622612,0.2601117415550521,0.08423062562942506,0.775280710501147,0.3473745992437095,0.12122621059417725,0.9519742560868677,0.22503446570711755,0.05077215045690536,1.0972866443854439,80398451.10423706,319.64385202289526,0.15602661088769226,88197404.25480324,800.7613125222955,0.5567204023564447,70276958.57302974,473.0363391206249,0.8088659420937926,97607962.37602238,472.0676078256348,1.1745906000460775
Steel,6,2,7938.61,-0.767,1.1656621798872948,0.11992768764495851,0.030566867601477695,0.20018986810190448,0.05779204457998276,0.20726246762458866,0.29158037951213,0.03080692254006863,0.41250056911692756,0.311120766609172,0.05498581022024154,0.5117373616748506,0.32664090242299454,0.10710199356079102,0.6568478584832065,0.28734569700662965,0.11139120221138,0.8197875629067952,0.40119817970449356,0.12852155208587646,0.9683645026574832,493725555.6823083,706.4280861451472,0.1729479476224311,540774594.1197217,642.8186962734401,1.0490959607329031,0.0,0.0,0.0,0.0,0.0,0.0
Steel,3,3,8061.92,0.774,1.2262183278799057,0.09117714166641236,0.021479794767631618,0.48416353925750477,0.09106717228889466,0.19671541421591182,0.1946276485067325,0.08894630193710328,0.4510906725840111,0.26782407587579976,0.12332293629646301,0.7611656948229204,0.0,0.0,0.0,0.0,0.0,0.0,0.0,0.0,0.0,97081215.82443891,333.06502237640285,0.12332762376234986,77896392.39205305,580.9913047428857,0.6142780325768228,79812757.50790228,703.3643699458831,1.0471044258535507,0.0,0.0,0.0
Steel,3,4,7938.06,-0.774,1.0616146102547646,0.11604872620105745,0.01872006106513901,0.35154261384601404,0.09760924100875855,0.4445395928238884,0.2175492434728555,0.045860426723957064,0.6208775195315354,0.2163024774264533,0.06759359449148178,0.7210615198254074,0.0,0.0,0.0,0.0,0.0,0.0,0.0,0.0,0.0,35823078.25381668,634.6886847952521,0.1725480148337758,35555257.584096506,395.8506933646273,0.2699585135403872,41789787.06700758,169.32608204944663,0.5890819682260013,35172680.14022566,1099.9999999999995,0.9515079166826216
Steel,6,3,8062.68,0.784,1.049113129079342,0.11168868744373323,0.0170890103588168,0.13352617862372954,0.051714345812797546,0.19304226706696062,0.21133781567500223,0.08996951282024385,0.3179549943225008,0.3643050063325143,0.11843060731887818,0.4777163570317112,0.16930692570369496,0.0760925343632698,0.6386852475956623,0.20938178501727883,0.11862901806831361,0.7961400320950308,0.35200549055801306,0.08161142319440842,0.944191816171408,100812462.5623996,439.51811942180564,0.10964054266246849,134360738.12346908,920.968730317964,0.27915820734954927,125191865.90677044,254.83781734956978,0.912488382703596,0.0,0.0,0.0
Steel,6,4,8063.58,0.795,1.7484706729650499,0.0823327427506447,0.007701746215035273,0.49319023654509236,0.0944815093278885,0.4493549740645235,0.2532745037293846,0.1001901537179947,0.6479158512237653,0.24111464734512514,0.0721773973107338,0.8681088784689747,0.3102898300235233,0.1262095159292221,1.0005462416828175,0.17404266175817237,0.11578201055526734,1.2251275862503366,0.17812312115944365,0.02,1.3420621770876984,393742698.57112485,368.38549006789253,0.22323290687187503,320524802.698038,377.3015055909099,0.8242928992133899,383315877.0921445,182.9265084727408,0.9632180431550287,366154326.2258296,176.25094310872166,1.5493305925144678
Steel,6,3,7936.68,-0.791,1.4064895033836364,0.11453492259979249,0.016060866454839878,0.2321503460933189,0.12091468572616577,0.3657606153719686,0.4149630572520423,0.10693972229957581,0.5511544731949312,0.18874153269763638,0.11033523797988892,0.7046746344810346,0.36404073284146016,0.10306771397590637,0.8573641213355986,0.25653233863533537,0.10047503113746643,0.9835025126563695,0.4194775387855204,0.09116133332252503,1.1926100198781482,210426383.02097318,442.398783222296,0.1918625520048282,277862279.9677537,632.3008830682276,0.9429548658900638,315447556.4102947,340.0692373503287,1.227393321728795,0.0,0.0,0.0
Steel,1,4,7936.49,-0.794,1.1183058992028236,0.13727665305137635,0.01963840456077915,0.28477069351242834,0.06298450022935867,0.6441966604768333,0.0,0.0,0.0,0.0,0.0,0.0,0.0,0.0,0.0,0.0,0.0,0.0,0.0,0.0,0.0,32153282.763828356,216.93746953603514,0.22789724502855485,36626544.384266384,981.7665104176543,0.4469766604012908,29752342.828706447,247.35265498471458,0.675272257627486,40722338.10467405,399.4309502275626,0.923727642876139
Steel,6,4,7936.24,-0.797,1.1566213130950929,0.05999903804063797,0.024791823789957233,0.17270456798609343,0.042611173689365386,0.20530153581281352,0.12257846092628166,0.06226249307394027,0.46038640978523826,0.2593177673901647,0.05338272482156754,0.5480586705074517,0.18931926426352633,0.08223028093576432,0.7067023024024234,0.2105391671816351,0.05231950789690018,0.8717785793004161,0.32941888597524116,0.06354160159826279,1.011277040424244,44372071.155264884,349.2798773194547,0.14318766890850246,33782831.139980845,754.5847438036207,0.39422635605920836,34068805.544665314,107.25533744434766,0.5957826463412921,42688248.393462,253.65899520006414,0.9993164711036526
Steel,6,3,8064.74,0.809,0.8759984403848649,0.07163660794496536,0.012521992457693028,0.20611279348168268,0.03877810791134834,0.19432594914761958,0.29767298097581807,0.10315468430519105,0.27491381778298574,0.30155391148992444,0.030353275686502458,0.38761773510501457,0.29807027277704273,0.1081573921442032,0.4642685814524197,0.2877112681632685,0.12398269891738892,0.604815625500007,0.17709833472993503,0.056039535105228425,0.7283858064387829,73097983.53630404,313.7278622878578,0.15737364951491617,93504949.281782,233.2828247555936,0.5195188183208777,69071309.57201493,620.6871364847514,0.7550914604916927,0.0,0.0,0.0
Steel,1,2,7935.72,-0.803,1.1509185522794723,0.09543409061431886,0.021351589773050406,0.2918310966375712,0.08923162102699281,0.6916057083751681,0.0,0.0,0.0,0.0,0.0,0.0,0.0,0.0,0.0,0.0,0.0,0.0,0.0,0.0,0.0,65366702.557585806,158.39592950543366,0.1959081715634845,51594349.78546862,735.2192736651524,0.9453426921770403,0.0,0.0,0.0,0.0,0.0,0.0
Steel,5,3,8065.09,0.814,1.4702773481607438,0.08239611166715623,0.008937400635634366,0.23799299593820233,0.11041057765483857,0.4003861627171509,0.3314680297775312,0.06927276343107223,0.6326423322234813,0.305663220412778,0.12439563751220704,0.8563981783110273,0.26941498245986945,0.1060567456483841,0.9747206469759383,0.49705957916516047,0.07529733777046203,1.1350649687460197,0.0,0.0,0.0,166249668.7608704,183.99352974963261,0.20033492566569275,175075973.4880515,148.0244374416893,0.7997146874542838,168965256.54354092,667.9884496760375,1.2834504424502626,0.0,0.0,0.0
Steel,4,3,7934.82,-0.815,0.5864394836127758,0.0692169132232666,0.02139615111901116,0.1466205689894194,0.09816025197505951,0.0859637171060543,0.26192115411814765,0.08663177847862244,0.18750208369814764,0.217350278317421,0.07971881121397019,0.36762948963789355,0.26448202421883227,0.03862205296754837,0.45909243516038745,0.0,0.0,0.0,0.0,0.0,0.0,24415610.64931158,463.5082785931346,0.058742302255614276,24805042.571012918,680.3831580574737,0.2825975966947479,28277443.63379638,467.2007524914871,0.5092629306018339,0.0,0.0,0.0
Steel,5,2,7934.74,-0.816,0.8997850298881531,0.1287482227087021,0.01788675448702171,0.3287863680829793,0.09032319009304048,0.132438087474184,0.2209433505952725,0.06128373593091965,0.3303124314118881,0.1478548616193676,0.10561519145965577,0.5186402888435917,0.36432703209620176,0.04074268311262131,0.6451646088469368,0.26480295551324806,0.08360669255256653,0.798624860376911,0.0,0.0,0.0,103024103.92191093,740.5069527687929,0.11188715844923112,87849370.07248498,755.7371712414404,0.7339460251631869,0.0,0.0,0.0,0.0,0.0,0.0
Steel,3,2,8066.35,0.829,0.25,0.06988723820447922,0.013107569429578218,0.22986075723961155,0.10728909134864807,0.03288286645016578,0.27761822321532487,0.07266922444105149,0.13770977316994468,0.269415260955771,0.04831440180540085,0.21115738776584153,0.0,0.0,0.0,0.0,0.0,0.0,0.0,0.0,0.0,34359178.57894515,349.1535312898477,0.05431987335081778,38194353.3365085,367.911204847785,0.1858004060511484,0.0,0.0,0.0,0.0,0.0,0.0
Steel,5,3,8066.35,0.829,1.3156413048505784,0.11037072908878327,0.021885268444171872,0.2659242095531001,0.06858365684747696,0.36584593254337777,0.17520694540604745,0.10124741196632386,0.6384874445960999,0.3333976769527923,0.025915881767868996,0.7416919276949431,0.3720754225470514,0.06972700983285904,0.9578311519393305,0.3047377825331376,0.11265023410320282,1.05669042009849,0.0,0.0,0.0,107175788.13968171,861.040952709838,0.14865389031351078,116790946.20821631,331.05764655946496,0.4175494205147843,127398355.5443044,874.9009943054267,1.11109898996723,0.0,0.0,0.0
Steel,4,2,7934.06,-0.824,0.4275485061109066,0.08614653247594835,0.03809941283663621,0.16926847183861257,0.11455510437488557,0.04928542840930421,0.2260094838985262,0.0688969561457634,0.15199148717276761,0.3534191496008339,0.10563342392444611,0.2541272882557631,0.3122513237988042,0.1178910255432129,0.3727776468745367,0.0,0.0,0.0,0.0,0.0,0.0,105266049.28900957,159.72801931185543,0.06449459185993241,99922462.80188526,510.30291530161406,0.3290835194703469,0.0,0.0,0.0,0.0,0.0,0.0
Steel,2,4,8066.71,0.834,0.9114045828580857,0.09210114121437074,0.007898839943398022,0.3111104035073498,0.11028350830078126,0.13226103888280596,0.30522679420499815,0.10607707023620606,0.6158860590083899,0.0,0.0,0.0,0.0,0.0,0.0,0.0,0.0,0.0,0.0,0.0,0.0,33954853.36096387,389.53285816701685,0.09675299525113606,32360524.044095878,500.44594327425256,0.29201495756825857,34896977.34012705,443.7946500980661,0.39352312321102056,36468940.92541903,724.5684616845574,0.7535738556529097
Steel,2,3,8066.93,0.837,0.8548891723155976,0.07971131616830826,0.02926173479047427,0.36793778006706274,0.10507239401340485,0.13948168013323792,0.22795606026694065,0.04512765094637871,0.37605169343269673,0.0,0.0,0.0,0.0,0.0,0.0,0.0,0.0,0.0,0.0,0.0,0.0,58251738.76193811,594.8340180264364,0.10442566141326662,44416482.28585756,485.83306730095455,0.41923561090255645,33850844.4443242,1099.9999999999995,0.6662743282414283,0.0,0.0,0.0
Steel,3,2,7933.6,-0.83,0.875594636797905,0.07466763454675675,0.04701358833061816,0.4564473563787197,0.09211978137493135,0.11920225325558244,0.25825497529616853,0.12089362502098085,0.33320023903441176,0.13547466122791413,0.15,0.7334944214138608,0.0,0.0,0.0,0.0,0.0,0.0,0.0,0.0,0.0,117850888.43789381,220.05233808379242,0.1450316497943528,98008231.61860193,633.6980259648358,0.7169971650303509,0.0,0.0,0.0,0.0,0.0,0.0
Steel,1,3,7933.2,-0.835,1.0562647089362145,0.03678451004624367,0.02446092544969138,0.22462234889476343,0.12257154643535614,0.33516303603134784,0.0,0.0,0.0,0.0,0.0,0.0,0.0,0.0,0.0,0.0,0.0,0.0,0.0,0.0,0.0,19857149.29734463,695.692898930605,0.13195945598726533,28444335.2253193,479.9363458745041,0.40212348817571936,24402432.554568637,646.8498956783666,0.8024122775572227,0.0,0.0,0.0
Steel,5,4,8067.4,0.843,1.4257437229156495,0.10666635167598726,0.009857893428192314,0.14521358152054667,0.06637939214706422,0.25621229877857865,0.23301469809289815,0.12390715003013611,0.49011652167414,0.323814234610743,0.11047059834003449,0.6893076770955764,0.2681440850630184,0.08188874959945679,0.9164123193252729,0.2104258992785711,0.12034744918346406,1.15499385936726,0.0,0.0,0.0,106795211.89075439,451.6912250702138,0.17509317603308275,161741293.55158803,1099.9999999999995,0.9319821967829678,152230295.8495119,571.1946956566197,1.1149778050727805,122745207.2030503,226.4033891643027,1.2568851281127613
Steel,6,4,8067.81,0.848,1.3227693974971773,0.09772375082969667,0.027218716037443007,0.256754577106669,0.0828433582186699,0.21945281896925564,0.1966908412880091,0.07798880755901337,0.38204428633524823,0.5665917274231608,0.10016792297363282,0.6986112850270558,0.19855405724577654,0.06157063961029052,0.9067051214036216,0.28203321006190785,0.100617613196373,1.0677620632729357,0.2927719547459626,0.0656683725118637,1.1904824577474598,79553951.30164994,856.5516049747357,0.14885956976672404,94763266.93321082,196.48875325399774,0.6203055137641424,96640024.7944531,377.15402915492524,0.87398260317797,95806544.76201102,548.1042400850318,1.1804814577474598
Steel,5,3,8067.92,0.849,1.2478222608566285,0.09653706693649293,0.012785828340353396,0.38476163096542737,0.06282059013843537,0.2695345396337757,0.28296563185574924,0.02,0.36395962611261046,0.35262763380431866,0.08185466349124909,0.6032785359037534,0.4924349216044082,0.10152404487133027,0.7988038320076415,0.37742721378306165,0.08652755200862886,0.8971637606079872,0.0,0.0,0.0,178017772.33154264,1099.9999999999995,0.15143247072432145,204531629.03687024,411.918216185913,0.5520475995041383,212124067.18390107,453.4085532612218,1.0760942058924399,0.0,0.0,0.0
Steel,4,2,7932.59,-0.843,1.3088739007711412,0.11725852489471437,0.04309047188855166,0.2932331447327295,0.07368687570095063,0.28740447055223706,0.22220693737690986,0.0722400951385498,0.547676064577884,0.27666547970709077,0.11546279132366181,0.7999780108278878,0.36837438429154373,0.08153766810894013,1.1674864954949482,0.0,0.0,0.0,0.0,0.0,0.0,312687395.8997994,562.3083081677911,0.14555953202616118,296186043.19448346,665.2062551509725,1.1541684279358952,0.0,0.0,0.0,0.0,0.0,0.0
Steel,5,3,8068.28,0.854,1.2570499777793884,0.10238821768760682,0.008521383206602041,0.2511951995864823,0.12984750866889955,0.1711181891529092,0.34031330166013274,0.1368749111890793,0.4111412755074498,0.30224009977384525,0.07076123148202897,0.657653596623552,0.23329840037002794,0.10238683640956879,0.8944752149582785,0.32594552199175153,0.05274254292249679,1.080085650928645,0.0,0.0,0.0,83643414.73847175,789.8297658034472,0.14820644279334044,95024661.05063753,204.86805480217822,0.5716682913489872,96335760.42028882,359.0440530779329,1.100214727233154,0.0,0.0,0.0
Steel,6,3,8068.76,0.859,0.6630553148686886,0.0821850399374962,0.02239828122381302,0.38546240031261986,0.028601218536496165,0.07179769739805016,0.26009167733772576,0.08384914636611938,0.14978575213298104,0.3161016852859659,0.04537866696715355,0.2446500009339948,0.2635127599783147,0.10784042000770569,0.3439555601416881,0.23140864309646736,0.09219887137413026,0.4620030573286111,0.5293762740513718,0.08621786355972291,0.5798915912018379,115800368.98327817,167.3459490635403,0.08641508903735348,141790594.82966,713.9584907503305,0.3578672705343079,107883412.82359877,1041.2193368606222,0.5455399110690533,0.0,0.0,0.0
Steel,2,4,7931.59,-0.855,0.9085882127285004,0.10059050238132478,0.009226054125872556,0.3151200949159522,0.06454630881547928,0.4554753079749608,0.2493495846962564,0.11832465291023254,0.6528510533824468,0.0,0.0,0.0,0.0,0.0,0.0,0.0,0.0,0.0,0.0,0.0,0.0,26044317.00721686,588.335843936249,0.128581663615232,28469046.790045153,599.5027748535099,0.27523871944055656,35143592.432580836,447.63401036382714,0.5183757219668326,25349607.598918196,554.9487684938582,0.7952230316602121
Steel,5,2,8069.13,0.864,0.9795901045203209,0.12194905197620393,0.034308801893259015,0.21796098070304315,0.08821774721145631,0.13053776850186055,0.4149504919652587,0.03368301637470722,0.35685516559265357,0.2809352236652101,0.11723913550376892,0.5057653830193032,0.3087534734663117,0.05286278963088989,0.7168503622692586,0.2538240447091396,0.05581725478172303,0.8059282466651648,0.0,0.0,0.0,122253270.64355569,440.00045893123746,0.11131591288109499,146751310.67749754,440.229623494949,0.8816310930886987,0.0,0.0,0.0,0.0,0.0,0.0
Steel,4,4,8069.21,0.865,0.5421984285116196,0.07824510061740876,0.022761774035244636,0.23196550145568492,0.08676105618476869,0.090896004447312,0.35188619999556164,0.07024861484766007,0.19073812031911996,0.1873128285624814,0.09990130126476289,0.28498523293590433,0.2329289197190983,0.10368193030357362,0.44460489554820304,0.0,0.0,0.0,0.0,0.0,0.0,32417930.906000916,445.5049568362675,0.06875322306009263,35407097.79859204,508.85692628386164,0.2621145811386649,35017249.31517029,686.7532343738459,0.3635352390635681,36468184.265562445,364.03208592251474,0.47334359495390615
Steel,6,2,8069.21,0.865,0.7915964886546135,0.09562230992317201,0.04008948147023353,0.18960153145186032,0.09575059115886689,0.10888027103949144,0.29545166687471647,0.06492210060358047,0.2537137756089193,0.2975099143146001,0.0641827055811882,0.35247819743712305,0.3233552135190499,0.04691136598587036,0.4675424033549152,0.24917819097787686,0.09708258390426637,0.5937421738795049,0.2437679391238718,0.08109124004840851,0.6914403157683695,130096642.27663122,851.5802880047067,0.09005156680910038,124628497.62395734,962.413982919966,0.7031447048981425,0.0,0.0,0.0,0.0,0.0,0.0
Steel,6,2,8069.51,0.869,0.9332570061087608,0.10748546707630159,0.02030931069512846,0.3143062527385608,0.02310816863551736,0.16010783035662401,0.16697797100381687,0.04998397797346115,0.28577495502631634,0.31798895328969523,0.06431180119514465,0.42970275872042785,0.145976085846667,0.13573175191879272,0.5795245667421461,0.15551635104425435,0.08251849800348282,0.7228437893274107,0.17865061855512457,0.053656978905200964,0.8121870356429267,70916623.6929891,291.3616046722818,0.12704350803716868,88151156.44584186,309.43942379865365,0.8231496055519437,0.0,0.0,0.0,0.0,0.0,0.0
Steel,1,4,8069.73,0.872,1.4334057360887529,0.0960682876110077,0.008384357271655877,0.33362407879507966,0.02,1.0301703564501445,0.0,0.0,0.0,0.0,0.0,0.0,0.0,0.0,0.0,0.0,0.0,0.0,0.0,0.0,0.0,26723025.975608625,492.51946005454363,0.2885290759505245,26796634.154544666,772.5431868492481,0.7095153115518501,22253635.22619955,268.71912934925626,0.8167671375354218,29333668.449420076,292.2705582293797,1.1881200945432253
Steel,3,3,7930.78,-0.865,1.731360846757889,0.06671730273962022,0.02085583457153014,0.3944014931560917,0.08694309413433075,0.3321993715811108,0.1995433830925203,0.09478528559207917,1.0147230446632407,0.3021250520772266,0.06993512570858001,1.5582147620820999,0.0,0.0,0.0,0.0,0.0,0.0,0.0,0.0,0.0,134616331.5897411,556.0900172217016,0.22815896015806766,141654499.12022763,358.8614575348515,1.0261342605916246,157476887.84901774,530.0980111580442,1.4878794047704873,0.0,0.0,0.0
Steel,5,3,8070.18,0.877,1.7568064272403718,0.12142826223373414,0.027738043881793902,0.35167109084719506,0.047631842792034154,0.4111360845344792,0.26137179615455575,0.08663228213787079,0.7014972046853118,0.26021713263567603,0.08906072556972504,0.9312050465299755,0.3980140186125232,0.1236545068025589,1.2897596738552226,0.18119128883668043,0.09408744633197785,1.4508086075697741,0.0,0.0,0.0,138143961.31368732,897.3554491649509,0.208269890109817,151305183.54967448,501.9498853743276,0.8205317242224018,129400471.08976708,482.6658124374095,1.5513170889715602,0.0,0.0,0.0
Steel,3,3,8070.18,0.877,1.4336750119924546,0.08783432763814927,0.010850631518335577,0.4118171417104918,0.045340925455093384,0.2754480226170566,0.3306582887867038,0.09438255965709687,0.6037278910922119,0.2830741407961793,0.11207158386707307,1.2446473726274092,0.0,0.0,0.0,0.0,0.0,0.0,0.0,0.0,0.0,116616752.68457781,303.44219636400254,0.14761177931602093,103519050.98229322,524.5768114386198,0.4008776971625134,115141697.52044624,306.8480816074825,1.2553722677480996,0.0,0.0,0.0
Steel,3,2,7930.33,-0.871,0.6696328088641167,0.09021628201007845,0.022101134849255234,0.3568746996570886,0.04203059986233711,0.18638971255278863,0.38968892677498773,0.05180986478924751,0.40506628280554224,0.2524585665362447,0.0993939769268036,0.5326349943581472,0.0,0.0,0.0,0.0,0.0,0.0,0.0,0.0,0.0,67012778.00815054,343.2331846586739,0.11230777516326407,59335499.46388517,747.0498558331938,0.5645900686026601,0.0,0.0,0.0,0.0,0.0,0.0
Steel,1,4,7930.01,-0.875,1.637791880965233,0.04573824509978294,0.017251110238676648,0.26386679363582227,0.044399570822715756,0.7494481778468916,0.0,0.0,0.0,0.0,0.0,0.0,0.0,0.0,0.0,0.0,0.0,0.0,0.0,0.0,0.0,59686704.683159634,582.0289596732118,0.24509134671868255,57709478.24448318,908.1073743166693,0.9089611390258446,69495033.9738659,660.5521595015065,0.9729510364552684,56610821.57840328,189.72510280609362,1.3341041771564304
Steel,5,4,8070.76,0.885,1.2032943695783616,0.07413245201110841,0.018268361533727868,0.19782921766974917,0.058216001689434055,0.20223056536771872,0.3191348309525025,0.07230426907539368,0.4903211794217359,0.5164155629128088,0.07200806707143784,0.6308382777433319,0.3401052789306996,0.06721722543239594,0.7343027712408701,0.41771102450955366,0.06972568094730378,0.8799315591981014,0.0,0.0,0.0,256854721.30378297,364.44838779454744,0.12032943816113052,221241525.90155327,453.606933410626,0.3142174724219907,242785723.20529938,79.64067130474668,0.7450087909826287,284892916.2215821,330.2831942840309,1.082964931417231
Steel,4,4,7929.38,-0.883,1.779309380054474,0.11313106453418732,0.03384280051120097,0.23966633559544703,0.06498952895402908,0.25769588671639365,0.2819383118256343,0.02,0.43171319828163446,0.2456964406184831,0.08069005608558655,0.5015046150813712,0.42349759201889864,0.12264718055725099,1.0892003430268544,0.0,0.0,0.0,0.0,0.0,0.0,74732248.27104564,415.9437115376779,0.17936192214385588,71453597.0492816,863.4586043657863,0.6036856784053575,72630017.43157291,451.3541818206599,0.9228981716491405,82018880.80450991,674.7854300120852,1.5259849162049017
Steel,6,2,8071.43,0.893,0.7900622114539146,0.10313853037357332,0.04444758415204479,0.2692572656011931,0.09004263639450073,0.08897743305464335,0.15482460865433337,0.09427651226520539,0.2014502456956333,0.18289005254639118,0.128085018992424,0.3198570269057927,0.2582846236086093,0.09336832165718079,0.46796465625254374,0.5270993596962379,0.061831531226634984,0.5812357338557033,0.3630086207281487,0.07096512824296952,0.6683944154590012,165192079.67300126,919.2980813412704,0.11856278354812883,151423117.4021324,318.7944713714867,0.6863395208358111,0.0,0.0,0.0,0.0,0.0,0.0
Steel,2,2,8072.23,0.903,0.939634445309639,0.07651385200023651,0.0520765615508199,0.44853871461918665,0.0637955117225647,0.6264583244460282,0.3531112353796857,0.07608486711978912,0.8253102268446117,0.0,0.0,0.0,0.0,0.0,0.0,0.0,0.0,0.0,0.0,0.0,0.0,301027331.7035031,196.48270757377998,0.23820616503727168,333958118.9358725,714.3485772329192,0.8456709998390406,0.0,0.0,0.0,0.0,0.0,0.0
Steel,4,2,8072.58,0.907,0.6345257699489594,0.10782050049304963,0.014038980007580693,0.366947893870145,0.07796038568019867,0.08685238373468174,0.26273340730457656,0.030312129631638526,0.18313046427774396,0.6342822451265663,0.0877288180589676,0.29222557162724255,0.23452758917906774,0.06983583122491836,0.46112886901087435,0.0,0.0,0.0,0.0,0.0,0.0,170085851.32771823,636.8612370046809,0.06997930150501663,172115800.55921724,1099.9999999999995,0.5273187385679683,0.0,0.0,0.0,0.0,0.0,0.0
Steel,2,4,7927.01,-0.912,0.6122335955500603,0.09331373298168183,0.019815146439031716,0.24170205541898415,0.13191440999507903,0.3263674398220273,0.2042775312217918,0.05310742080211639,0.5148504593650289,0.0,0.0,0.0,0.0,0.0,0.0,0.0,0.0,0.0,0.0,0.0,0.0,15276081.51919512,76.02905729310262,0.13409168936634602,16491213.67557388,852.7937594647344,0.31355398011043695,14249354.976364773,461.56508772132815,0.35079249632935217,19407320.641035564,943.8321599737609,0.5302802790862982
Steel,4,2,8073.81,0.923,0.5940664865076541,0.0595179226398468,0.023471216579713284,0.1967682601925375,0.06838995724916458,0.11830254421967004,0.2991337687744935,0.06601750522851944,0.2308994623550366,0.15078537989976898,0.09089496731758118,0.3161928277175038,0.23244699681929742,0.07304024308919907,0.490476588981828,0.0,0.0,0.0,0.0,0.0,0.0,52580199.350592606,302.89976975471563,0.10335262732768472,48175635.42182092,567.9455553942947,0.5108682670017213,0.0,0.0,0.0,0.0,0.0,0.0
