material,n_disks,n_bearings,cs1_pred,rel_err_pct,L,OD,ID,d0_OD,d0_W,d0_pos,d1_OD,d1_W,d1_pos,d2_OD,d2_W,d2_pos,d3_OD,d3_W,d3_pos,d4_OD,d4_W,d4_pos,d5_OD,d5_W,d5_pos,b0_K,b0_C,b0_pos,b1_K,b1_C,b1_pos,b2_K,b2_C,b2_pos,b3_K,b3_C,b3_pos
Steel,3,3,16000.44,0.003,0.6878445215523243,0.07965885293483735,0.03517222824899434,0.3637057754331611,0.10108999133110047,0.16210319138413531,0.27481170934048754,0.05253176927566529,0.36198832070859394,0.15832402465549195,0.09908129751682282,0.47044668151397445,0.0,0.0,0.0,0.0,0.0,0.0,0.0,0.0,0.0,262219706.7516539,732.9391849518712,0.10092162469944163,232819021.37949768,361.71214527176187,0.41970008338316683,274191460.83762664,81.6259402184395,0.611090774344363,0.0,0.0,0.0
Steel,5,4,15998.61,-0.009,1.260207188129425,0.10315601670742036,0.025674045752836664,0.24429153118311253,0.056007409393787386,0.27410478037949565,0.18824328090772707,0.04588617727160454,0.4813533195634765,0.18953351414527297,0.0726138025522232,0.7460554753432217,0.42772168763215457,0.10834749639034272,0.9559473787448248,0.346155311684361,0.06925755679607391,1.0725630484029884,0.0,0.0,0.0,378233501.8898311,729.0271771104586,0.18354600302485652,439225255.11239386,375.28497015808335,0.6561962356042692,335565041.7162922,657.3692107508664,0.8000254255662523,376640581.2973629,515.1072129326112,1.1341864680562752
Steel,2,3,15998.6,-0.009,1.0960329666733744,0.07689835667610169,0.004140337425299208,0.23582857594028414,0.1492271465063095,0.4073492196826689,0.22106659691841096,0.02480714276432991,0.8310815209839828,0.0,0.0,0.0,0.0,0.0,0.0,0.0,0.0,0.0,0.0,0.0,0.0,163287977.4467862,472.7699201593931,0.17876410300512396,212184594.62399736,1099.9999999999995,0.5944110424007731,186930871.82647946,731.1571756150053,0.8990118923832061,0.0,0.0,0.0
Steel,4,2,16002.24,0.014,0.6745530761778356,0.12797571778297426,0.02546591830103095,0.4963116662278872,0.043481136560440066,0.07745207002012863,0.2580386405027549,0.06734210193157196,0.2254869631666247,0.2623820945190913,0.09833902001380922,0.4073901628830626,0.33624336999596244,0.09239567041397095,0.5314682137466896,0.0,0.0,0.0,0.0,0.0,0.0,408901863.98106074,293.53390004896886,0.10160700591555787,455703044.3003996,668.3652617042732,0.5753068976986977,0.0,0.0,0.0,0.0,0.0,0.0
Steel,5,3,16002.52,0.016,0.5845324985682965,0.1396446124315262,0.025712086134778808,0.35194110646323373,0.02015545341302641,0.11725011350790127,0.16671712558341134,0.09494500756263734,0.24761507820262507,0.4123267691711562,0.03418912418186665,0.3543856331465867,0.2672116575148386,0.1032053679227829,0.42864109471664646,0.2260288884685078,0.06445122182369233,0.5176085658455479,0.0,0.0,0.0,253412318.0551609,894.4016085101697,0.06522114094370234,224400467.6279026,257.72658762847874,0.22112484913512975,256692292.17793503,334.8500383600905,0.499588402965194,0.0,0.0,0.0
Steel,2,2,16003.14,0.02,0.25,0.11866256916522981,0.016872478609170887,0.26205178425856634,0.09141325592994691,0.06779553385585854,0.36526466453401335,0.04902709901332855,0.14646841930689825,0.0,0.0,0.0,0.0,0.0,0.0,0.0,0.0,0.0,0.0,0.0,0.0,137185498.56687903,347.94024101722835,0.042331913905478274,175698045.9317043,345.89131577113983,0.21472329117920946,0.0,0.0,0.0,0.0,0.0,0.0
Steel,3,2,15996.45,-0.022,0.6417078115046024,0.12447204387187959,0.027726585889166162,0.24943408306717843,0.12057941913604737,0.1447081684849691,0.2412985172080044,0.11790757656097413,0.3280438460275228,0.2685985337048555,0.0726668494939804,0.4913601074120308,0.0,0.0,0.0,0.0,0.0,0.0,0.0,0.0,0.0,239452589.30300125,359.79414650620765,0.10322124034784913,317469277.1659666,729.7529846452675,0.5018991537515938,0.0,0.0,0.0,0.0,0.0,0.0
Steel,2,2,15996.1,-0.024,0.25,0.10047464060783387,0.02970931672297901,0.2928976305745488,0.05624185889959335,0.1128766489169265,0.3538966235426646,0.04357604339718819,0.22499000000000002,0.0,0.0,0.0,0.0,0.0,0.0,0.0,0.0,0.0,0.0,0.0,0.0,127373373.73468077,520.1623362171298,0.07025752490893768,111962727.03334086,411.24949196231944,0.214989,0.0,0.0,0.0,0.0,0.0,0.0
Steel,6,2,15993.4,-0.041,0.6778313614428044,0.11619620895385743,0.013986374216360693,0.2957886076244477,0.10355140507221222,0.07880085298110204,0.3224785005184955,0.08500769436359407,0.1860084014585225,0.19533808436135183,0.10356863021850586,0.296024125004167,0.25855740338515054,0.07157261490821838,0.3889485103988498,0.29197503264479024,0.1176835721731186,0.4873937899397817,0.3576567336244995,0.08124337613582612,0.5998377479393541,550354143.6332053,783.2733840923848,0.09657797075602322,693167821.1513247,785.5696563754684,0.5798905103492165,0.0,0.0,0.0,0.0,0.0,0.0
Steel,5,4,16006.65,0.042,1.0332615226507187,0.07519653689861298,0.031535781896288896,0.3655321261780842,0.08039949893951416,0.15567718636431402,0.2131607298570955,0.06531204521656037,0.30073826132927045,0.12042932767469047,0.11931576132774353,0.40214263363450226,0.17506036803791095,0.12474875688552857,0.625463510590621,0.25642786293930653,0.02,0.8269026831041437,0.0,0.0,0.0,252739155.68280935,635.3935627291398,0.11377627281754082,241637560.2512115,377.56030359167147,0.5089013046108352,261169700.44557387,808.0219336817825,0.7205316562689216,264107016.7879501,205.6226134087605,0.9052390295967945
Steel,6,2,16007.84,0.049,0.8078821673989296,0.1360893259048462,0.045081554561496186,0.2992000237876569,0.07313842952251434,0.08899219403764995,0.28969078695843986,0.06918193817138672,0.17504600593839523,0.40551701411475155,0.09044171273708344,0.275945634318807,0.14940201574198295,0.06992550581693649,0.38195643120791384,0.21357537623089706,0.11445566654205323,0.5316960755813839,0.39815133997060476,0.08189379394054414,0.666066379855226,637274185.3082674,396.78221532576725,0.11210304863833168,659811262.582023,560.9308975099013,0.6521854207356572,0.0,0.0,0.0,0.0,0.0,0.0
Steel,1,3,16008.88,0.055,0.9859651729464531,0.10798301506042482,0.03869625695706017,0.21153692137013622,0.10073006868362427,0.2160631484467678,0.0,0.0,0.0,0.0,0.0,0.0,0.0,0.0,0.0,0.0,0.0,0.0,0.0,0.0,0.0,150478317.5571675,564.0469451465206,0.17041328013574067,147372784.06260642,190.7310792061504,0.6493752710367139,148200424.56876123,494.7155774890884,0.7387226540690667,0.0,0.0,0.0
Steel,1,4,15990.58,-0.059,0.8615715593099594,0.13365099799633026,0.004628905526130112,0.2705027315378878,0.07713350117206574,0.28668263676613176,0.0,0.0,0.0,0.0,0.0,0.0,0.0,0.0,0.0,0.0,0.0,0.0,0.0,0.0,0.0,111666838.32779427,276.33917680339994,0.12285993618206595,97806591.28709778,850.6835540815534,0.372121656138017,181640812.39032468,200.21703301445262,0.3864711094631481,105389023.59105629,329.17692941219764,0.6649056450793688
Steel,4,4,15990.52,-0.059,1.0600978106260301,0.10072360503673554,0.018223983297776938,0.24711041970561723,0.09905225574970246,0.19658421580179267,0.2895489502446538,0.09698598980903626,0.3294761866405869,0.23302908445490764,0.10506283223628998,0.536002970597294,0.27683067850358273,0.02,0.7680582001557241,0.0,0.0,0.0,0.0,0.0,0.0,219455442.47739002,579.5946301807153,0.10734864435160248,245930948.21358028,580.4124593748263,0.12876604333614397,206486280.25019327,364.8426438116784,0.4570249790301785,188463722.77140933,402.0370810602693,0.8873255509446646
Steel,6,3,15990.37,-0.06,0.5033597350120544,0.08427604067325593,0.030347220479291052,0.336262992519653,0.042671961486339574,0.05043960325665067,0.17575722828879814,0.09021539151668549,0.12141467711857662,0.35639674983975966,0.07308222502470017,0.2114295620042678,0.14906448141092368,0.1103547877073288,0.3064036167805043,0.2676315629346178,0.05237812221050263,0.3923422031245221,0.39699836783538034,0.04848332718014717,0.4487662396390988,225564882.23923737,590.5400656177064,0.06843559149266001,221113586.9722114,161.02675991109396,0.19411110620729363,251952643.1223933,254.39032018330465,0.4118422739351328,0.0,0.0,0.0
Steel,4,3,15989.88,-0.063,1.0835591077804567,0.1102092640399933,0.014857356557395108,0.31842826182442574,0.0711216500401497,0.256662411745954,0.27073686268916375,0.09806651711463929,0.6191594089563853,0.24140337689658037,0.10663369119167329,0.7542019224453397,0.4301613060598516,0.09693344652652741,0.9751931970024111,0.0,0.0,0.0,0.0,0.0,0.0,425195830.2228715,870.3924454472564,0.12420528087634065,419496500.5299419,271.0907673316721,0.522098414188684,409202139.8990652,566.3722700856628,0.9536049373336476,0.0,0.0,0.0
Steel,3,4,16010.68,0.067,0.7695799857378006,0.14417436850070953,0.009453313375181226,0.2889078953628293,0.09427600085735321,0.15114541743879162,0.2717937690696395,0.1085274887084961,0.34924044526738657,0.32371606964011085,0.11742716312408448,0.5465647803940232,0.0,0.0,0.0,0.0,0.0,0.0,0.0,0.0,0.0,197551461.09120947,783.1647524713279,0.08765355709658797,231344975.91556415,645.3194891432914,0.2586910833072039,212171230.58754167,890.4799137540833,0.28313754963214216,256945931.8185516,411.0920357107686,0.6686027866234379
Steel,6,4,16010.74,0.067,0.8807903826236725,0.10263810467720033,0.037440774532176625,0.2679708267735539,0.11078560233116151,0.08808903826236725,0.14849041153441542,0.10601286530494691,0.21919639419850526,0.5965091810165619,0.04266061365604401,0.3670953219279638,0.32528420801107183,0.06017281860113144,0.43158169603511326,0.23010471042162653,0.0960336321592331,0.5974406188516654,0.3223470890380529,0.12334517478942872,0.7640698536700159,371443903.3794253,485.6142095123385,0.11037238555082175,428113805.35368603,486.07267460069323,0.516409702491951,389597361.06641585,538.9579632082615,0.5547298645737804,392187563.4577477,577.2336043352026,0.7927113434805149
Steel,5,4,16012.75,0.08,0.8448316290974617,0.1174785259962082,0.018105990584622676,0.43108214435889197,0.049667486250400544,0.20663821097259302,0.3206731038052351,0.09978740453720093,0.3627195303665109,0.48437633112219913,0.0860568630695343,0.4953278805776315,0.44339086389097443,0.08092030584812164,0.6137058737991636,0.2485531232349254,0.10322621941566468,0.7366099519613943,0.0,0.0,0.0,656984958.0018073,769.0941155202149,0.10431519436651226,594673462.5592914,393.32078197172524,0.22456818853706645,621283181.0941845,367.1946254171786,0.3437099486949029,550000000.000001,475.92872479093177,0.7197986417925991
Steel,4,3,15987.22,-0.08,0.6694116927683353,0.12615196764469147,0.01559736158823912,0.20110896776556597,0.08353843897581101,0.1681173195810981,0.28165704141234216,0.10129885494709015,0.28810395057092547,0.4011151868853473,0.08943905115127564,0.4127772748323089,0.2214136939560354,0.10276918351650238,0.5713614838122383,0.0,0.0,0.0,0.0,0.0,0.0,247910639.32694218,852.4303810854591,0.07964681206978147,296609029.5153789,195.33134960844785,0.3920740840365688,246099472.3625204,224.36011108669743,0.60247052282209,0.0,0.0,0.0
Steel,3,4,15987.0,-0.081,1.2725448101758958,0.07077849531173706,0.0024678079329566002,0.1864701844943142,0.10284598767757416,0.3254309587800783,0.20933614983026333,0.09131851375102998,0.8390108731843195,0.2916810057100268,0.07461151659488678,0.929712765254264,0.0,0.0,0.0,0.0,0.0,0.0,0.0,0.0,0.0,611760694.8419034,309.42344753008746,0.3563828861320743,555309063.7660704,593.1370889678807,0.6820830848886392,690676974.4235693,292.55429204223014,0.716783042513149,697763797.1242834,885.8834883624493,1.0779730873403734
Steel,4,4,15986.18,-0.086,1.1196907624602317,0.08064187943935396,0.01945788401367591,0.3084738503227465,0.06576141387224198,0.3095556412494922,0.12645107721423215,0.05704044938087463,0.5559814861928061,0.32075993330117647,0.08598699390888215,0.7940695161915745,0.27301629591090665,0.06226893216371536,0.9934266542825378,0.0,0.0,0.0,0.0,0.0,0.0,186179960.84191447,470.1290167485262,0.13334224104975118,196837331.55616754,360.3097234358776,0.5695911095847326,221069734.27160245,845.4608168653723,0.6070129443818277,178790865.69433352,622.5903839172034,0.9681584613621375
Steel,6,4,15984.79,-0.095,1.306256675720215,0.08324998390674591,0.03273167540626239,0.1727927892501782,0.04724732026457787,0.13737587721662603,0.20986368884385936,0.06950437307357789,0.27319510158265525,0.25480266517778594,0.0713140246272087,0.36001305721101334,0.27348469090753724,0.062465405762195586,0.6593309350600336,0.1825542065291873,0.10174981594085694,0.8928445659203541,0.27462097165624383,0.11116075873374939,1.1428001137543504,297778872.18178624,302.9280482908895,0.15448976013062524,242811719.53656507,1099.9999999999995,0.6458054552760286,280923634.2641182,810.280219685602,0.9199604820899175,203519428.3733017,284.5746605630532,1.1756310068419369
Steel,4,3,16015.52,0.097,0.7776094689965248,0.1191329312324524,0.016797422393363362,0.358234827426379,0.11462237775325776,0.1658074300576536,0.2734625859217399,0.10645654261112214,0.3694822682871398,0.2666808704869168,0.11011012554168702,0.5253285877986346,0.13352921113579466,0.07816804051399232,0.683848343828367,0.0,0.0,0.0,0.0,0.0,0.0,411922421.9796686,893.5111913721424,0.12843206614440114,350932494.2554268,146.18892788478283,0.5370180231433757,432567751.30387104,475.62107616522815,0.6998485213192629,0.0,0.0,0.0
Steel,4,2,15982.94,-0.107,0.6244730785489083,0.10290180468559267,0.034109326546649554,0.2899495083135801,0.05458506792783738,0.15295128531299226,0.3522386417937147,0.07046735018491745,0.2611718603378894,0.3106708086669549,0.06205644994974137,0.34172798683045075,0.4028786794124636,0.08936703562736512,0.4912070663897665,0.0,0.0,0.0,0.0,0.0,0.0,554271019.8714272,538.0055012853878,0.0828009690401286,627676277.2860506,374.5080043635879,0.5267058813246879,0.0,0.0,0.0,0.0,0.0,0.0
Steel,3,4,16019.17,0.12,0.5591742508113384,0.10329984307289125,0.02854564334067284,0.21919354568893964,0.05583550661802292,0.07194441796753155,0.6362680567101789,0.09437543869018555,0.2222522499552935,0.2373327946030887,0.06371341913938522,0.3702948791331714,0.0,0.0,0.0,0.0,0.0,0.0,0.0,0.0,0.0,289752126.0800796,675.2406874497884,0.06087070151954214,224444517.68535843,111.248860163552,0.17856795962763916,262151659.28191054,269.1992176409665,0.2599832626759193,292563948.9554212,450.4238463364202,0.4727537033936875
Steel,4,4,15978.96,-0.131,0.9384771764278412,0.09713310039043428,0.009238471181666446,0.4129538314503674,0.07633964896202088,0.1645175570074036,0.22320913545729792,0.07966228127479554,0.45159364193953133,0.23009615766483207,0.05568233221769334,0.610663331718325,0.3024189947756664,0.1181773054599762,0.7646164612012668,0.0,0.0,0.0,0.0,0.0,0.0,194440188.0945032,558.7441466330037,0.10430067857018145,202087353.61290243,754.8221352291641,0.4073387785067736,173277418.04888675,347.77979057310813,0.5094623447605867,246651450.84532773,243.8786662435561,0.8193863272595548
Steel,4,4,15978.51,-0.134,0.9091838285326957,0.0885564091205597,0.017799985830332078,0.3188845245078251,0.07152001738548279,0.1559304712435161,0.42934491630286087,0.11279500126838685,0.39853274244535397,0.4248665264602061,0.13017532885074615,0.5843955919211424,0.3864548558080307,0.11858125567436219,0.7945552136857151,0.0,0.0,0.0,0.0,0.0,0.0,412008970.3753505,309.3012062746496,0.10388355484873403,465730888.76418704,693.5343337855066,0.4303153422525255,373090881.52027017,909.0918326921675,0.5631323333489704,502734968.69596547,433.99844849650174,0.8128384797642041
Steel,3,4,16022.33,0.14,0.8528214707970619,0.086808888733387,0.029903945435817567,0.1657625282256532,0.1012558037042618,0.1867706617795803,0.22773643907564312,0.049238395690917966,0.4262675311599179,0.23188927786224262,0.12416913807392121,0.7675293237173557,0.0,0.0,0.0,0.0,0.0,0.0,0.0,0.0,0.0,140037169.82533833,638.8716500577776,0.10483776822698784,134614559.30679744,49.696832121357275,0.2973127995484831,159082320.7540233,493.90848457250934,0.41592175841685686,132070052.70347464,174.8258998001003,0.7575283237173557
Steel,6,3,15977.51,-0.141,0.7761626899242401,0.10887589299678804,0.022663556818500987,0.2048636767680176,0.07181399941444397,0.08573662304389337,0.24695213398132168,0.10034583091735841,0.2015391700515895,0.22645759050973183,0.0590144294500351,0.3024598429277513,0.19540024846340448,0.11413601338863373,0.4221220672649602,0.3759744950512461,0.06835042774677277,0.5416439732430101,0.3321869377000663,0.14566766262054442,0.6652801879717003,461032175.6035547,283.7625620825215,0.1040878649732234,428473352.3460578,332.54895663523854,0.32565191485450984,529978830.20863163,702.2002921639238,0.6406037550890893,0.0,0.0,0.0
Steel,6,4,16022.85,0.143,1.0669468134641646,0.08756612062454225,0.017910941336439182,0.26198521565404104,0.07473502546548844,0.17691127971127274,0.20444515674255453,0.07803778648376465,0.32037531673121583,0.4509666163627073,0.06784857392311096,0.4343674505088842,0.11177828374577865,0.08537153005599976,0.5815112363595899,0.3402231216811766,0.11384450316429139,0.741099460781003,0.2873971949118707,0.14448273062705994,0.9006175961692033,574811880.1889826,435.79087700517897,0.12943842666503597,562469292.013481,870.3750337263384,0.5999871798094857,651850344.4513488,1099.9999999999995,0.7538290186212118,611882592.6960467,911.435655005793,0.947222504845154
Steel,3,4,15975.66,-0.152,0.9660211682319642,0.11038089418411257,0.011527564677509382,0.3162789087071439,0.06034296631813049,0.09661211682319641,0.2654604619527977,0.05602449119091034,0.38818098016418345,0.2807975990600232,0.0781199100613594,0.5954420799407689,0.0,0.0,0.0,0.0,0.0,0.0,0.0,0.0,0.0,173364525.85613847,230.2686846602274,0.11316484256327942,128782879.14964904,569.4095082662847,0.46043316603467377,165492261.87504256,830.1935968571604,0.583709646818155,167463716.15723056,534.7950477522178,0.8312756103919815
Steel,6,3,16024.6,0.154,0.8705129638314247,0.1253166778087616,0.021590886767432853,0.3161352387440746,0.05682053625583648,0.16569130636783408,0.2631509096341996,0.06810463815927506,0.2644134353687952,0.34643974703965874,0.051221005767583844,0.35000759430991074,0.24904651442398146,0.0670434707403183,0.4341428446544957,0.18878491608419623,0.1335981583595276,0.5737453754407285,0.2719619389128532,0.12219673871994019,0.7658890961506336,421989268.4089045,431.719930647306,0.12561601114591037,327866891.27139336,566.4902230860525,0.5924931379376192,303725800.285171,421.6500798237891,0.7474993555698028,0.0,0.0,0.0
Steel,2,3,16025.42,0.159,0.8088263973593712,0.08177729773521424,0.021867486307387527,0.1810456121488574,0.028031678721308708,0.15729852114602477,0.23508285452974115,0.10625018179416656,0.5577956716532084,0.0,0.0,0.0,0.0,0.0,0.0,0.0,0.0,0.0,0.0,0.0,0.0,97883529.03362383,512.990214073785,0.08874576362439869,83988518.914264,249.54199416920025,0.47370625057328064,77731582.47358717,642.5179800293956,0.7003346094194054,0.0,0.0,0.0
Steel,4,4,16025.43,0.159,0.623622439056635,0.10145294427871705,0.01688137880883818,0.2231659711976984,0.06431046843528748,0.08675831566301026,0.2454821271714849,0.07752519696950913,0.18326021800997508,0.3454918105870032,0.1034728342294693,0.35732853598464,0.2785742033167051,0.0802275574207306,0.5370839435975983,0.0,0.0,0.0,0.0,0.0,0.0,127529038.75803182,458.8968012584,0.07009024745231628,139823047.73371288,664.5727532411719,0.2913333109512605,177223924.86159447,561.7585652885066,0.4028669524829619,168391419.78189948,562.887650759,0.5514740584237134
Steel,4,3,16026.32,0.164,0.8420862719416619,0.11128945565223695,0.03196710113508609,0.4001625045793433,0.08446175873279572,0.13485309989105976,0.12696276788230995,0.10986668765544892,0.28285189848391024,0.4018840824807839,0.14284944117069245,0.594656530428198,0.18282588867215155,0.03882312729954719,0.7578676447474957,0.0,0.0,0.0,0.0,0.0,0.0,359420394.73451096,940.3083613318186,0.09680626205260837,311230400.5209966,289.69718076191754,0.452572093350981,307241969.3319203,730.8511966691973,0.7129927797999052,0.0,0.0,0.0
Steel,4,2,15973.34,-0.167,0.74102383852005,0.10273055541515351,0.014536807532746242,0.22608891343446486,0.031696732491254806,0.17489172793036656,0.177583802451707,0.08460752159357071,0.38222522451359536,0.38184869343417527,0.053498849272727966,0.5774974332617031,0.2658318633752715,0.04816320523619652,0.6469184983727194,0.0,0.0,0.0,0.0,0.0,0.0,362639604.8433769,543.4782099180887,0.1025718708082582,315972381.54884183,382.5036077285927,0.6591461263183266,0.0,0.0,0.0,0.0,0.0,0.0
Steel,4,4,15973.26,-0.167,0.6624360740184785,0.11518691909313203,0.026791610971915646,0.47060639720497693,0.05140970170497894,0.10529192806647351,0.1852031329722167,0.13740768969058992,0.3129356872335487,0.38426680566963056,0.03724957957863807,0.45644724541993187,0.23144839184359242,0.1038424426317215,0.5327450464366674,0.0,0.0,0.0,0.0,0.0,0.0,191862146.84488505,374.85857525803544,0.0838318038944373,169374062.6688778,351.7132798429352,0.33275192528832886,222077664.54681444,797.2819497908296,0.41175787245914125,201240498.63282266,1099.9999999999995,0.5961924659541945
Steel,4,4,16028.09,0.176,0.8458591669797898,0.10677409660816194,0.033220712835901355,0.28099897312365774,0.08580346822738648,0.1766854243274938,0.21574851558847172,0.04210189282894135,0.2940484455961384,0.3341655961735558,0.13921245574951172,0.4324929628734289,0.17644291342741603,0.082567438185215,0.6386985483304112,0.0,0.0,0.0,0.0,0.0,0.0,178091806.3004467,137.01806200652774,0.09349560781796952,185364422.47245842,146.80885900439938,0.33630158194892257,211233197.17678726,393.91884807782424,0.5364291459055207,184162721.5017853,783.3847172917161,0.7612732494359516
Steel,3,2,15971.24,-0.18,0.9622289761900902,0.1397370970249176,0.02760482194552015,0.2899106369790745,0.12204515278339387,0.20889286314119154,0.16474589741579823,0.12644385695457458,0.505490187767675,0.3962739878193629,0.12624421417713166,0.7088425739064381,0.0,0.0,0.0,0.0,0.0,0.0,0.0,0.0,0.0,568866517.8644319,319.5376623417522,0.13773976978744656,618500011.829501,328.24549038322425,0.7796014849267431,0.0,0.0,0.0,0.0,0.0,0.0
Steel,4,4,15971.12,-0.18,1.4028548300266266,0.11508365154266359,0.06000000000000005,0.21766207764561477,0.030618175268173217,0.17976657083044179,0.19201287673257095,0.09136096835136415,0.45832234681604334,0.2666270961797429,0.0587355262041092,0.5405837375159047,0.24978367154569794,0.07154282152652741,0.959623206886663,0.0,0.0,0.0,0.0,0.0,0.0,366667388.60166186,942.8370252667639,0.22887780728422324,413623658.50113636,537.5473117744842,0.9288871934845472,422757094.4376628,363.67099200961053,1.1146368334044627,295542184.9600801,664.463493729734,1.2625693456211091
Steel,3,3,16029.82,0.186,0.8052320823073388,0.14495467710494994,0.005751723609887019,0.41123156090148294,0.12715970396995543,0.28353147792736993,0.2448430677883033,0.1160051316022873,0.45573707222659,0.19915526870017342,0.13880527436733245,0.6383033050244853,0.0,0.0,0.0,0.0,0.0,0.0,0.0,0.0,0.0,282784499.58744407,537.7277951170717,0.10607354474848399,430974061.2533833,309.8068106094763,0.29452251316558603,278587784.21424675,848.6529425073894,0.6891171139252931,0.0,0.0,0.0
Steel,4,2,15968.01,-0.2,0.8051528543233871,0.09641778576374055,0.009155988450961982,0.28277966044065284,0.06233808845281601,0.12216599617162836,0.259512121173654,0.052648901045322424,0.3256766467703692,0.40031369077554796,0.025533909499645235,0.4878751095777173,0.2655493130713135,0.101295445561409,0.5986159931970464,0.0,0.0,0.0,0.0,0.0,0.0,553325452.1646711,606.2998414049289,0.0958099311853714,565565517.7325695,765.6605886774968,0.6662419630066989,0.0,0.0,0.0,0.0,0.0,0.0
Steel,5,2,15967.85,-0.201,0.8027434304356575,0.1435600869655609,0.016437258127787492,0.4660211752416065,0.0803230705857277,0.11434799641808466,0.25674606431413743,0.09870201110839845,0.24802623726814316,0.24579354072864262,0.034227573722600935,0.40469194005993925,0.17087032866959082,0.09489866316318513,0.5303004174952667,0.26053743147725444,0.08925726890563966,0.7202146428288325,0.0,0.0,0.0,560141088.5645691,649.2178035264708,0.09077606429797054,615061854.786083,532.0323450099412,0.7078932998781698,0.0,0.0,0.0,0.0,0.0,0.0
Steel,1,4,16032.68,0.204,1.1067328795790674,0.09340373766422273,0.03648660202679375,0.364109474943739,0.07841790974140167,0.5028729508328772,0.0,0.0,0.0,0.0,0.0,0.0,0.0,0.0,0.0,0.0,0.0,0.0,0.0,0.0,0.0,119433528.02307421,732.900086819028,0.216304166474779,188563105.18550745,416.2749322504078,0.6290747568680265,129971310.85721521,391.6747521945011,0.7253069299115038,134104770.55591959,1072.089696607053,0.9306638545570687
Steel,4,3,16033.36,0.209,1.0218413904309274,0.10971797931194306,0.0431154244148874,0.19149582037520727,0.07093719840049743,0.27510246738295957,0.32497846133346925,0.10415581166744232,0.5019873075562917,0.3299253188649288,0.09641206622123719,0.6843770304770307,0.3402131987889077,0.07993691504001618,0.8420254759429746,0.0,0.0,0.0,0.0,0.0,0.0,395429232.786688,385.5414405300888,0.14357179918423063,387235553.80900365,611.9934534265997,0.6631676124645409,422357665.466398,425.6993836178132,0.8945478384513964,0.0,0.0,0.0
Steel,6,4,16034.0,0.212,0.9927391380071641,0.1017651083469391,0.03888254406396459,0.37474203518527427,0.0883990877866745,0.16459144392834427,0.3209146559522362,0.05792892754077912,0.3201876757671025,0.18549223188743644,0.1151547920703888,0.4551924217751071,0.2993462277601583,0.08642678141593933,0.7030247907975035,0.1811545912960428,0.04821054339408874,0.7818385150704261,0.5400349831327117,0.038251580595970155,0.8759576283935666,365988496.19551605,278.8146112281482,0.13228919557534735,284869241.4888138,485.3614196896735,0.5983754461049058,243879043.55535278,102.19975632184318,0.7665146716140029,290157414.7641265,552.2224957100409,0.8934652232137086
Steel,5,3,16034.24,0.214,0.7783025071024895,0.08118596595525743,0.013245435489395226,0.15596731292523364,0.08075126230716706,0.15920984997421728,0.2474721653052012,0.04156185388565063,0.32418371867734885,0.30635382140376793,0.11189033627510071,0.45687144749259856,0.2627528166792292,0.06022692710161209,0.6180235260568345,0.3240525024590222,0.08148668229579926,0.7004622563922407,0.0,0.0,0.0,273547926.39267814,580.8800712059907,0.125392554889811,237160425.59094352,282.3901612474186,0.5344413116618532,269904350.5647792,429.25517187848334,0.6779763762213847,0.0,0.0,0.0
Steel,6,2,15965.8,-0.214,0.8908829912543297,0.11744497525691987,0.012003590175462356,0.30322914725669947,0.07919008135795594,0.14614680877059336,0.22229155180802326,0.08630777060985566,0.23378333562523818,0.22761379683629013,0.09436794579029084,0.39405252230906335,0.224639614076529,0.07448619455099106,0.5606793236619261,0.282734007063761,0.05757726103067398,0.6649901670494729,0.3544696824957155,0.08076856881380082,0.7680021434560494,710648577.6213145,934.1482018212135,0.10974798475563975,551028307.2086331,386.6191116163026,0.7284875547959806,0.0,0.0,0.0,0.0,0.0,0.0
Steel,6,3,16034.89,0.218,1.0812807932496071,0.12149888467788697,0.02557865329742397,0.4509135108117411,0.10061586976051332,0.13934443697921778,0.31083895100925785,0.05749905049800873,0.3520146780234227,0.19993405356704397,0.11409604609012604,0.4747407592462873,0.2736348667037723,0.08195782840251922,0.6100176803157472,0.20035131607690265,0.08772024810314179,0.7310023606247287,0.30909349298921773,0.14727302610874177,0.876249170275941,550000000.000001,801.1431121775393,0.12710267805685918,559292562.8137398,579.1256257557371,0.6657694037172961,692360019.1719667,425.439117946466,0.9731527128433656,0.0,0.0,0.0
Steel,5,3,16034.93,0.218,0.6636213786900044,0.0668335326910019,0.03429109431619617,0.35221953256364064,0.02,0.06637213786900044,0.16401190426679824,0.07405618578195572,0.14089985241621036,0.3035797012529178,0.06938450992107392,0.263673450748417,0.2348763569125883,0.05190432414412499,0.39950138606340097,0.20656417854988354,0.0895960533618927,0.5353747787053638,0.0,0.0,0.0,166877242.68876186,316.6867939632144,0.07783741241776705,130453182.6252995,371.78568627267725,0.31508638660429367,158663021.31042892,267.05366789146893,0.5798528987801449,0.0,0.0,0.0
Steel,3,3,15964.01,-0.225,1.2978919208049775,0.1312178499698639,0.02894947014026609,0.24825718875298675,0.11024073600769044,0.20194551254116117,0.37434357519227923,0.10571370720863343,0.7880501580741541,0.3905676268384024,0.02,1.151384191502133,0.0,0.0,0.0,0.0,0.0,0.0,0.0,0.0,0.0,301378008.3647112,725.4399119753637,0.15463501301239788,402934763.5041992,625.1175168004694,0.8160496503291914,360663172.9869759,733.7235428175858,1.1053558687869751,0.0,0.0,0.0
Steel,5,3,16036.5,0.228,0.6675988219678402,0.09913673293590547,0.0508885558135475,0.17321469236835663,0.08319208025932312,0.10055299309929971,0.3552998035066249,0.08495781272649766,0.2248740815627734,0.2569295468829387,0.07686534136533738,0.3265928725816434,0.24011591113510256,0.06605721294879914,0.4129095844069116,0.2595251546735293,0.061831701695919034,0.5456548941671121,0.0,0.0,0.0,199896060.12868118,285.1641242789331,0.07335931048238192,258772118.47387525,257.18653913732885,0.34656193660156476,222875328.69292068,485.30039248008774,0.6008389391034573,0.0,0.0,0.0
Steel,2,3,16036.68,0.229,1.0955668061971666,0.12002315998077394,0.013814840119415762,0.3696106932939395,0.06464661449193955,0.49819661772703094,0.24143731826947876,0.06329129457473755,0.7986052114659055,0.0,0.0,0.0,0.0,0.0,0.0,0.0,0.0,0.0,0.0,0.0,0.0,363657735.47889125,794.0588159345535,0.14912068940930467,253598374.87743944,341.43112483144233,0.40889270182286547,272490457.5204063,431.9236333574332,0.9782066831984817,0.0,0.0,0.0
Steel,6,4,16036.8,0.23,0.8371720969676971,0.1210507402420044,0.03391679327679236,0.3283911751662046,0.07260976552963257,0.10330411831710455,0.20412506463215055,0.13646382451057434,0.26898205459050417,0.2871406946236899,0.03790175631642342,0.3874606608609484,0.3040377854587738,0.09235270440578461,0.47998671577826196,0.49250846726804,0.044299912154674534,0.5862111624671442,0.21985035814568799,0.0903067010641098,0.6987671593386944,255676534.1577712,294.3355478526777,0.08710886976588687,229805162.38801238,271.7983935009982,0.2857628295215,284246577.6851454,220.72684446921468,0.5045713161087333,231726442.78853482,345.3082687715907,0.7443431271622011
Steel,1,3,16036.95,0.231,0.8826071679592132,0.09316620790958406,0.024742348580998087,0.26678306144389247,0.06065164357423783,0.24529871184259433,0.0,0.0,0.0,0.0,0.0,0.0,0.0,0.0,0.0,0.0,0.0,0.0,0.0,0.0,0.0,130943170.25613937,181.39298330672244,0.18998840497691122,94426970.3309939,643.7957698540981,0.7026678143850829,94837812.92887552,514.3419094278654,0.7736946645651237,0.0,0.0,0.0
Steel,2,2,16037.25,0.233,0.5086300499737263,0.07246200352907181,0.02972218332982765,0.30255575761912584,0.0761089923977852,0.26301186908891916,0.19243301832307383,0.042661806941032415,0.3526175991390731,0.0,0.0,0.0,0.0,0.0,0.0,0.0,0.0,0.0,0.0,0.0,0.0,241677900.1085764,925.1309750422188,0.08051130004812658,234021999.30299217,316.8310282011344,0.4475524511879969,0.0,0.0,0.0,0.0,0.0,0.0
Steel,3,2,15962.77,-0.233,0.8333576306700706,0.1117416627407074,0.009857846523203723,0.15819409324111228,0.07654566496610642,0.3415438547251908,0.3650949264778906,0.04412109568715096,0.4088462017695759,0.2580269963551383,0.02,0.6060685721596124,0.0,0.0,0.0,0.0,0.0,0.0,0.0,0.0,0.0,242701587.27448288,118.9006392952247,0.1702346907128891,198608528.95304912,708.8124421540814,0.7011743741433865,0.0,0.0,0.0,0.0,0.0,0.0
Steel,5,4,15961.16,-0.243,0.5770100027322769,0.11611102867126466,0.01038124139627219,0.19712760483390668,0.06656665265560151,0.09309941444138262,0.3277198364617795,0.07995951384305955,0.20138012716586945,0.8414316768269328,0.0816459122300148,0.30412004673393433,0.28367233959621935,0.08202162265777588,0.4302593176174164,0.386449679429759,0.09003774702548982,0.5192990024590493,0.0,0.0,0.0,586759237.323255,714.8973990771378,0.07380555204880333,412443253.4733633,289.4890114915243,0.3407457708155926,527439966.00513697,87.84117458349183,0.39842469284398896,590941483.1167538,566.7850510936544,0.500879249889399
Steel,6,2,16039.34,0.246,0.7839971080422402,0.1381140249967575,0.01663267255955478,0.27670427397712855,0.12965501010417937,0.11494347997734478,0.18465552302398366,0.04900811105966568,0.2395160935728911,0.16831270704642412,0.05349694699048996,0.3338964305074904,0.2320343127179955,0.1005631560087204,0.4227330765292301,0.3092105214699974,0.08893011510372162,0.5459868213632659,0.267618809876871,0.0814935126900673,0.6493608870744693,595984622.2133936,449.0808745415717,0.08794963344123821,513367825.30956334,748.1334745759933,0.6676761736736876,0.0,0.0,0.0,0.0,0.0,0.0
Steel,3,3,15959.52,-0.253,1.0581728518009186,0.12556787669658662,0.04409723375959159,0.3558770627066242,0.10714373528957367,0.4161814004475373,0.23210991164052372,0.11458939194679262,0.6600058633243718,0.3319068989041105,0.07765047252178192,0.783967272474073,0.0,0.0,0.0,0.0,0.0,0.0,0.0,0.0,0.0,418551853.4065984,243.97495840055956,0.21304530644810693,340428128.17842674,247.66326711231278,0.682824738861526,353328275.83053786,534.2706764731187,0.9523555655626539,0.0,0.0,0.0
Steel,2,4,15959.5,-0.253,0.790988577902317,0.12181265687942507,0.04199351654170352,0.4096721666113362,0.10988189041614534,0.2100966551463379,0.20773546476024346,0.0910281813144684,0.6155991351025628,0.0,0.0,0.0,0.0,0.0,0.0,0.0,0.0,0.0,0.0,0.0,0.0,185326108.7335454,799.1115370094633,0.08815318835611785,140337479.17074707,285.37956816170805,0.31069984041692195,203796937.61500546,799.8425049583717,0.44651703566023215,140337479.17074707,267.266427606861,0.66940857013509
Steel,5,3,15958.41,-0.26,1.5573167592287065,0.13549308085441591,0.027595213379589336,0.28948628565430007,0.11161829054355622,0.17750766411656532,0.22797436740784713,0.023952439073473216,0.43869773606611295,0.22492011164938613,0.07387828946113587,0.5916603454522428,0.2602994138019303,0.09074414074420929,1.0448166827223777,0.24214692234738933,0.11881558120250703,1.2759020376418684,0.0,0.0,0.0,510259528.01558083,870.254985245557,0.16145009776794464,482386635.69442296,295.7452103916871,0.615744688465033,437917880.5576397,883.2374499402666,1.3023594294517877,0.0,0.0,0.0
Steel,3,4,15958.09,-0.262,0.515169308334589,0.11698025858402253,0.016746614281258825,0.1729414407733072,0.08560962915420532,0.11816240036986472,0.3621930463758113,0.12782932281494142,0.27587859235333134,0.18099566081471274,0.06304976671934127,0.4082216746039429,0.0,0.0,0.0,0.0,0.0,0.0,0.0,0.0,0.0,94793729.88565528,101.29881004833342,0.07090580911715139,146551248.15131,62.43122331738771,0.21351557389714912,120398579.03346537,795.294863244793,0.33132607921722357,137424342.7174871,221.0994115310326,0.4525136054085524
Steel,1,4,15957.9,-0.263,1.2330774754285811,0.12913632452487947,0.04014697043616296,0.1518069653964702,0.10181034028530121,0.6405273078612104,0.0,0.0,0.0,0.0,0.0,0.0,0.0,0.0,0.0,0.0,0.0,0.0,0.0,0.0,0.0,82934296.32765853,869.0396814715685,0.16391352750276406,81961852.83484408,230.20157197055116,0.4729866681074098,119143279.97110173,431.05535720474177,0.757044679588886,114920913.66837646,751.4506058985746,1.0451041314490466
Steel,5,4,16042.57,0.266,0.7612114265561104,0.13302493476867677,0.025750775079354606,0.21459589446721355,0.08456593096256257,0.12771083793398869,0.2651336273861237,0.12559584975242616,0.30183769877740885,0.3291079102787363,0.09040427923202515,0.4604082682002479,0.3093931177957278,0.07736546725034714,0.5658527754534981,0.18581745842204375,0.12073226034641267,0.6729230991355861,0.0,0.0,0.0,237010888.69072515,216.60042911207367,0.09698053037935865,180407031.3486741,258.81447752932837,0.40224278763792215,256641643.54300597,396.82749939348514,0.5233902206588538,171335365.50014752,910.4443220306322,0.658916900969166
Steel,3,3,15955.8,-0.276,1.006198026239872,0.11877438521385195,0.03009476534006023,0.25079033050370403,0.040277131497859955,0.19911829836957357,0.21439171070426355,0.0795190715789795,0.33703064785442566,0.2905636407233171,0.0758280822634697,0.6878544333219239,0.0,0.0,0.0,0.0,0.0,0.0,0.0,0.0,0.0,162324728.84994772,628.2089319366609,0.12130118210055527,155906624.40590492,530.3713727854351,0.5592791800046406,173769563.71791494,217.28592165795115,0.858088611787698,0.0,0.0,0.0
Steel,5,2,16044.41,0.278,0.572352946549654,0.11219309961795808,0.04785732241922812,0.40964015526558306,0.09815812885761262,0.0874092017493206,0.30921517533856396,0.06648196041584015,0.17978124955867825,0.29669709858864074,0.04932220846414566,0.28442324013501524,0.36365643780077844,0.06705881297588348,0.3768019735811813,0.3108608075714718,0.09722071826457979,0.4841816160272889,0.0,0.0,0.0,623405576.4839562,328.8324911398322,0.06694243918101797,589323523.9095163,675.8889942634333,0.5069045095140949,0.0,0.0,0.0,0.0,0.0,0.0
Steel,6,3,16045.05,0.282,0.5589669182896615,0.10303478038311006,0.01146167819442421,0.27547911514831663,0.023062189389020205,0.06364340571836649,0.2132729227930238,0.12087186694145204,0.14543079468587486,0.3623698983205325,0.09062702059745789,0.26617227450515607,0.25845359602089196,0.03044060826301575,0.3327898418095303,0.35164066420460977,0.10979766309261323,0.4119928296285133,0.19791961280349893,0.05591717302799225,0.5008884854113044,212574886.02509916,561.097210035862,0.08207974851449512,336047564.38859826,379.6826581244614,0.25025468159399666,247982030.048998,599.2278020813177,0.47862216516690487,0.0,0.0,0.0
Steel,3,3,15955.01,-0.281,1.3975151836872102,0.1041331946849823,0.004123148621240195,0.2310105199002922,0.11025081694126129,0.6408902008336272,0.31648858173486033,0.026692768409848213,0.843457146516241,0.12797736785614952,0.15,0.9974098962471949,0.0,0.0,0.0,0.0,0.0,0.0,0.0,0.0,0.0,219673451.29255152,562.815589006079,0.26641696702573203,216124563.81349853,491.59642630558614,0.6304190664300785,302538931.86572707,604.9609146383326,1.166149770149287,0.0,0.0,0.0
Steel,4,2,15954.8,-0.283,0.8627445966005326,0.11067468321323395,0.018706704970237367,0.20261687687868885,0.11988999485969544,0.12491012091736907,0.2831219941027138,0.027903564274311066,0.36005618585011606,0.21870236919442712,0.11433011591434479,0.4977432356319489,0.2837743717549102,0.0748848021030426,0.6438770098652197,0.0,0.0,0.0,0.0,0.0,0.0,531502943.4793228,764.8120724544632,0.10219189692478266,466702660.9246178,773.7522287758115,0.7210278604985174,0.0,0.0,0.0,0.0,0.0,0.0
Steel,4,4,15953.45,-0.291,0.7550702929496765,0.09540022671222688,0.004402798591760979,0.30336632643793493,0.04203024536371231,0.13046298556205177,0.295709725362617,0.14153024137020112,0.2546451164143315,0.28845747724693627,0.09047002613544465,0.4442917457070422,0.41802720373215796,0.10670123577117921,0.6689739622242072,0.0,0.0,0.0,0.0,0.0,0.0,259175756.06300414,486.9177044021148,0.0803017923488885,259175756.06300414,676.7828670607838,0.3258015884648021,335246477.964503,312.7490190679692,0.4053640264784038,347367189.4485545,490.0897033644157,0.6477123790272363
Steel,5,4,16047.64,0.298,1.0620213910937308,0.04982189017534257,0.038449952887352604,0.2529375890759283,0.08061408489942551,0.23323438010125455,0.20054851123311157,0.047676482498645784,0.37592578563766893,0.16427266221951564,0.058305788636207584,0.5191905575769713,0.2515126579605972,0.047545548528432846,0.6332108145899501,0.14285007780698825,0.09696750164031984,0.8592692107148048,0.0,0.0,0.0,302070036.98931605,421.2296661298037,0.1273843915089455,288620621.52977866,383.30504833115765,0.3972481001261725,257274352.39758083,705.8150302095148,0.5555712295503328,259071303.34823558,891.986362587489,0.927728384930002
Steel,2,2,15952.33,-0.298,1.1843101978302002,0.14872271966934203,0.023551912774559692,0.2514544614997679,0.07292645484209061,0.4790062557657947,0.27930906742768175,0.10221594095230103,0.8468970113640544,0.0,0.0,0.0,0.0,0.0,0.0,0.0,0.0,0.0,0.0,0.0,0.0,679639434.8146491,383.99365779461885,0.1778800093271923,507293994.52565897,112.44731849497276,0.9886648086316228,0.0,0.0,0.0,0.0,0.0,0.0
Steel,3,3,15952.3,-0.298,1.2771275728940965,0.11558492362499238,0.005654004018154543,0.1790987149648271,0.08620370686054231,0.7691078104538145,0.29226202422554604,0.10490427255630494,0.9535608288320166,0.22022218140040598,0.0783792519569397,1.0981718191230734,0.0,0.0,0.0,0.0,0.0,0.0,0.0,0.0,0.0,311842736.63088274,524.8692250635843,0.22763899802047746,319224995.05665874,382.12703068828245,0.5980950574699245,378389838.7387997,1099.9999999999995,1.1494148143275593,0.0,0.0,0.0
Steel,6,3,15950.78,-0.308,0.7373567461967468,0.09011255741119385,0.03687095468532172,0.2810682001629147,0.14161794006824494,0.09193194919198977,0.2621397517341225,0.09801465570926667,0.23626523004120767,0.21148535169616942,0.05206458076834679,0.335223695530343,0.3346396749465499,0.02,0.42636295141647756,0.3980769721274542,0.09064219236373902,0.5355125501459326,0.25396447305139586,0.13577147901058198,0.65612469227084,360140406.79665667,427.60847056724356,0.11828403851079207,339559807.8640392,598.6207511334479,0.45448967299064014,337402863.4993208,172.43010834382846,0.64612369227084,0.0,0.0,0.0
Steel,6,3,15949.53,-0.315,1.1402060136199,0.1129618127346039,0.020858894532296748,0.2695443371102462,0.09169041574001313,0.1677319198779615,0.2888981434683364,0.08356904983520508,0.2773173092928205,0.26461771381396504,0.07759878545999527,0.4268756589279585,0.1796720262220247,0.09046756982803346,0.655817103795886,0.24479277372147784,0.07498651415109635,0.8573117284671172,0.22915118566832576,0.031559457257390025,1.0009219321471525,341354409.1799544,371.3246384751826,0.114020602502196,323844565.2276577,362.55732233558246,0.5993654634541181,282645645.7961609,501.05194255267196,1.0166320085810743,0.0,0.0,0.0
Steel,4,3,15949.42,-0.316,1.031067618727684,0.10420483279228211,0.014278833443477476,0.3215654183632064,0.1162401157617569,0.17039986758875073,0.2517337565400016,0.08760733544826509,0.44919577832955937,0.185642267818185,0.06840776354074478,0.6326140905330118,0.1884412016839879,0.10096158146858215,0.7909832691369565,0.0,0.0,0.0,0.0,0.0,0.0,367429107.23143685,1082.484672317825,0.10802834324262742,360305456.4444738,335.96461530991684,0.24894531597597558,351180369.2822376,287.63376910763947,0.8427567181328492,0.0,0.0,0.0
Steel,5,3,16051.73,0.323,0.8857984513044358,0.11060566890239716,0.022015927142883224,0.34271312900618456,0.036721795052289966,0.11174132918058241,0.22712563004764336,0.09557997465133668,0.19743339729673173,0.210329303658829,0.14914075732231138,0.39386680184411726,0.24296794995786797,0.08073144525289536,0.5484222939879753,0.2507611416904489,0.0928729921579361,0.7411601971554803,0.0,0.0,0.0,348220591.21331036,732.7978829820792,0.12676464137469454,258719854.08005038,55.28241467533795,0.6074449689472505,254122063.7957714,500.43659953255894,0.7745446455816893,0.0,0.0,0.0
Steel,5,3,15947.98,-0.325,0.6899421058595181,0.11357430839538575,0.014512676436466887,0.2768830627198365,0.023841577377170325,0.109226500710707,0.3752598035475493,0.08353241831064225,0.21711490761101934,0.2774678604673982,0.14181846618652344,0.34368505346059774,0.23632263520175847,0.07957518309354783,0.49646629350925664,0.2871732967682658,0.05342595428228379,0.5723704853092354,0.0,0.0,0.0,370157753.09721625,1099.9999999999995,0.08056781146925956,249833537.889029,221.91244191792578,0.25207319539319606,338238644.43222255,347.06929142512047,0.6148365638060651,0.0,0.0,0.0
Steel,4,3,16054.07,0.338,0.8287974178791047,0.08961881816387178,0.03558165335288028,0.1797168281554361,0.03455857858061791,0.10432469067196072,0.246697122559629,0.07787493020296098,0.30260558584977815,0.3300399082632067,0.12212204217910767,0.5120369136583212,0.2677119992699969,0.0831098559498787,0.6679635700924048,0.0,0.0,0.0,0.0,0.0,0.0,245856918.77748045,847.2948998293782,0.11503860137011701,251629642.47288194,742.2923747539879,0.42242456045559984,274204124.5959721,499.37560024239906,0.7212418690132274,0.0,0.0,0.0
Steel,1,2,16054.72,0.342,0.9759803518652916,0.06504756945371629,0.05203805556297303,0.12437580000339767,0.07468943655490876,0.6727187114888808,0.0,0.0,0.0,0.0,0.0,0.0,0.0,0.0,0.0,0.0,0.0,0.0,0.0,0.0,0.0,115251629.96372938,1060.983453016045,0.29113873405368973,103943532.15058365,531.6543951465381,0.830884040715179,0.0,0.0,0.0,0.0,0.0,0.0
Steel,1,2,15944.03,-0.35,0.25,0.11731387853622438,0.03183350464815196,0.22128989821987852,0.10879906177520753,0.22473805252194407,0.0,0.0,0.0,0.0,0.0,0.0,0.0,0.0,0.0,0.0,0.0,0.0,0.0,0.0,0.0,112743221.20927183,643.5209558273859,0.10761902389419659,109246823.28337944,242.21875038325237,0.21473705252194406,0.0,0.0,0.0,0.0,0.0,0.0
Steel,4,3,16057.43,0.359,1.4489076256752014,0.12400870680809023,0.03432112915061504,0.23861592969611797,0.051602455973625186,0.3441765799823445,0.3896823462369174,0.0508078308403492,0.6424971963968664,0.16859367223117347,0.03849612459540368,0.9240954262913395,0.21202834700424536,0.07974095284938812,1.0883871450891907,0.0,0.0,0.0,0.0,0.0,0.0,335761648.745412,738.6174615367513,0.18025077996333017,380369721.5886654,529.7052880262722,0.8430527915821736,356958375.14162296,712.3112425771038,1.254262437157493,0.0,0.0,0.0
Steel,2,3,16058.32,0.365,0.8711032867431641,0.09897734999656678,0.030661404708927725,0.3577873019653712,0.058647815883159635,0.2834963296989137,0.1836376865904682,0.11647142708301544,0.44290069717934477,0.0,0.0,0.0,0.0,0.0,0.0,0.0,0.0,0.0,0.0,0.0,0.0,143351066.49479738,240.8192749455943,0.11357422550851212,152501005.272111,365.9236627990633,0.32704125344117885,155539625.52162322,179.22645384709205,0.7772798965918155,0.0,0.0,0.0
Steel,2,4,16058.61,0.366,1.0893795251846314,0.12657009077072146,0.035511884771063214,0.2088612266017264,0.04455927535891533,0.27810866310707405,0.20553621490133112,0.09141623914241791,0.7576573691413655,0.0,0.0,0.0,0.0,0.0,0.0,0.0,0.0,0.0,0.0,0.0,0.0,103790783.73441485,642.9428929672955,0.13951986966624536,125027859.67085461,154.00988364137953,0.5739496200357924,129619606.99650535,690.4449746181466,0.6859034970133704,128992439.758401,459.91236472228695,0.9538327080182059
Steel,2,3,15940.92,-0.369,1.3022907555103302,0.12338778114318849,0.02901856282003499,0.16951891152385554,0.05954856783151627,0.5004680657649597,0.12957012591736797,0.07650053322315216,0.8233980800680938,0.0,0.0,0.0,0.0,0.0,0.0,0.0,0.0,0.0,0.0,0.0,0.0,119380799.59087525,740.8525425375527,0.19593467341862789,145801640.02084008,1089.0257278189083,0.6235537451911082,145535411.78531772,639.3180245628898,1.1327625434948052,0.0,0.0,0.0
Steel,1,2,16059.37,0.371,0.8896058604121209,0.09802137398719789,0.015487591048785722,0.2787450577786914,0.0822983717918396,0.32555036366560186,0.0,0.0,0.0,0.0,0.0,0.0,0.0,0.0,0.0,0.0,0.0,0.0,0.0,0.0,0.0,170501287.90024158,491.23278861349115,0.15240000469458817,150157746.75769868,633.699112557742,0.6065160781368584,0.0,0.0,0.0,0.0,0.0,0.0
Steel,3,3,16059.43,0.371,0.9253372952342034,0.0795079465508461,0.012901021114389153,0.13757652758314864,0.12208716571331026,0.11499498048963241,0.23953001557905756,0.07436340242624283,0.31834202118558097,0.17952030476616257,0.11381847560405732,0.533901208814871,0.0,0.0,0.0,0.0,0.0,0.0,0.0,0.0,0.0,122309610.27646115,435.5334030936904,0.10344494760877031,133536650.5700506,457.6695399924794,0.3043211097888058,118336348.80256955,1099.9999999999995,0.7196562837308478,0.0,0.0,0.0
Steel,2,3,15939.78,-0.376,1.2800735086202621,0.12935645258426667,0.033854101217492306,0.17683211385696818,0.09592318356037141,0.14775973998768357,0.34636832993906613,0.05915347814559936,0.6459070277407675,0.0,0.0,0.0,0.0,0.0,0.0,0.0,0.0,0.0,0.0,0.0,0.0,206567062.4902261,372.1052085076951,0.15810224194276573,231632056.9748496,286.6515685882171,0.5013757853362569,206076759.8209315,1021.9041835033878,0.9942946502516142,0.0,0.0,0.0
Steel,4,3,15938.83,-0.382,0.6291954137384892,0.12776528930664063,0.011135493546524678,0.2060746020699152,0.15,0.08291425947882286,0.35087786316251074,0.07728472292423248,0.27239658222462765,0.40491317233235613,0.09727075099945069,0.4218490498599743,0.3223830556489746,0.052241752594709395,0.5206183132202405,0.0,0.0,0.0,0.0,0.0,0.0,421737803.4376506,842.5610888296054,0.06746994650978444,378925268.5182251,491.8643645491569,0.1934593408055469,361070166.64056545,373.19509003359127,0.5093736143338997,0.0,0.0,0.0
Steel,6,3,15938.19,-0.386,1.6547514110803605,0.14429230391979217,0.021684420953946428,0.2885859930727997,0.050900568068027494,0.27689476454292616,0.18641155082208177,0.13146884202957154,0.6041673005222676,0.24157543242394802,0.08857947528362274,0.926694239213972,0.20380281759666302,0.10625232040882111,1.0704514434804833,0.23319824797059585,0.0742276856303215,1.2157772854586189,0.18892049301106634,0.03650736212730408,1.428646909774169,656143237.9975069,103.86598189031744,0.1917431589321524,647097023.0242976,249.14546932204627,1.0303455717640433,590113791.1097612,96.78528587977094,1.4548058234757246,0.0,0.0,0.0
Steel,1,4,16062.16,0.388,1.0649515032768249,0.09414122760295869,0.009037451485491182,0.2252812268559442,0.07839834839105607,0.5079334884466067,0.0,0.0,0.0,0.0,0.0,0.0,0.0,0.0,0.0,0.0,0.0,0.0,0.0,0.0,0.0,105257244.70030871,597.6791014904459,0.2612889444376195,106918533.06147009,557.6606635551524,0.5860451232319288,139723694.71139252,478.9606016403029,0.7095843905165489,118922404.05102566,538.9366056670833,0.8605452953725646
Steel,3,3,15936.15,-0.399,0.25,0.06480989158153534,0.01971422299302211,0.40525358450161364,0.06941729426383972,0.03568291318257358,0.3109117896138825,0.042910870313644406,0.13966687087619556,0.24555910778158047,0.08862626910209656,0.22247485816877555,0.0,0.0,0.0,0.0,0.0,0.0,0.0,0.0,0.0,125448958.93949544,781.6300032900062,0.02500000025,151723519.4388914,253.851217059671,0.0834666124155907,107251291.06177805,299.8602601504243,0.19791125956281236,0.0,0.0,0.0
Steel,6,4,16065.51,0.409,1.1698207944631576,0.10327517938613892,0.029282534012003064,0.3083756605881858,0.1427711182832718,0.24017683549470556,0.27375894446666205,0.10470177054405214,0.3750268707114846,0.21625153385529772,0.06395015448331832,0.46667399570207724,0.26917226690767837,0.02,0.5227407001522684,0.3196686967884554,0.07686403959989548,0.6973303290678399,0.3717270816495439,0.0784591206908226,0.9151561276496754,384341569.8953299,385.360420078791,0.15998602694817807,430719509.86793673,167.1302255408473,0.5927575139959238,335382009.9571804,245.60844227241685,0.709947901297451,417007278.5386856,466.15044432292274,1.0079317749309762
Steel,6,3,15934.14,-0.412,0.9925918743014336,0.08711010056734086,0.027861036192796833,0.355062471944086,0.09270415782928468,0.1220206759882322,0.2223498556021787,0.08435781121253969,0.2695612172213916,0.17554163090186364,0.05764582067728043,0.41757651357785985,0.5055894436580014,0.08152830004692078,0.5306779017831773,0.310570211425896,0.07911154150962829,0.6975133346241775,0.2548408173459643,0.08869045853614808,0.8487894113136943,573337563.2666595,413.1749276556428,0.16672833603428844,508516669.1182422,628.041512616459,0.6057430971381526,426134165.4531706,630.5836837218496,0.8880794239672842,0.0,0.0,0.0
Steel,2,2,16066.44,0.415,0.25,0.12049127066135408,0.03284506944187073,0.23987843488757335,0.0734796741604805,0.061653188502091415,0.24616957291870448,0.10895847380161286,0.19555308931894852,0.0,0.0,0.0,0.0,0.0,0.0,0.0,0.0,0.0,0.0,0.0,0.0,119640547.76431799,400.8629691840028,0.037465803834243826,128339726.02121423,462.3439919053215,0.2170255563392512,0.0,0.0,0.0,0.0,0.0,0.0
Steel,5,3,16067.07,0.419,0.7891086086630822,0.11057431876659395,0.03418490506700874,0.35999987708536796,0.09651073694229127,0.1331543545342281,0.32201358930788676,0.05928075671195984,0.3036231040064612,0.32909351997167763,0.050451894849538804,0.403925264586565,0.22328566795434798,0.1238791310787201,0.4982190484243983,0.4045103850344805,0.12080686390399933,0.6656579834224614,0.0,0.0,0.0,504069180.63562435,759.2757587252007,0.07891086165541683,499766485.948645,476.44285275951455,0.25372786820452403,550628476.8377184,87.84092773460453,0.6396599583323523,0.0,0.0,0.0
Steel,6,3,15933.12,-0.418,1.1945002287626267,0.08607500439882279,0.015438063471450958,0.2900319007568076,0.05411567687988282,0.13546900783470534,0.27993621485449743,0.07255980640649795,0.3006260575768771,0.2323478547870571,0.09693269491195679,0.4746817673060982,0.4028632311368555,0.03200097173452378,0.6220373649737267,0.31813338238013306,0.06300777703523636,0.7324101700521596,0.34772314212827443,0.09904811024665833,0.894123937636944,434236287.99678075,722.262643583683,0.15359571015924073,462255096.79666644,740.0662035880081,0.5829317365332927,549845685.7258288,178.9169801906546,1.0186056087650215,0.0,0.0,0.0
Steel,1,2,15931.96,-0.425,0.8669234454631806,0.09400889515876772,0.013491927362459558,0.26094394428343815,0.056516922712326056,0.1914132447202927,0.0,0.0,0.0,0.0,0.0,0.0,0.0,0.0,0.0,0.0,0.0,0.0,0.0,0.0,0.0,125829970.81274703,241.03671134498856,0.1008451813210928,107733185.4961727,353.1935904188109,0.6127717374255264,0.0,0.0,0.0,0.0,0.0,0.0
Steel,2,3,16069.14,0.432,0.5353516586124898,0.0989082933664322,0.01891251965130624,0.3313735242018812,0.05997911900281906,0.2145591494939085,0.21457953328317658,0.11432142972946167,0.38837248133998126,0.0,0.0,0.0,0.0,0.0,0.0,0.0,0.0,0.0,0.0,0.0,0.0,96027630.48761038,529.6522069254191,0.08518021643957856,108676862.27068336,640.2991703499624,0.2932789235079297,92153787.18911543,340.69049375696903,0.4591869508293177,0.0,0.0,0.0
Steel,6,3,15930.69,-0.433,1.0793719336390497,0.10719283759593964,0.0214724543988551,0.27077172879639816,0.1357030588388443,0.16593265641587474,0.24045464215278342,0.10424822926521302,0.37894411349677126,0.2187006555389077,0.030209363773465156,0.5324087054036888,0.15738738946365857,0.04741991654038429,0.5884463135535342,0.29314391688254476,0.07783881396055221,0.7949658844881389,0.29849357293772677,0.05519299626350403,0.9315329420495828,421404155.10481066,785.7596068803928,0.1433934958201048,407159493.22775215,411.69618090495925,0.7308390961618296,482301425.60943365,688.4000021034195,0.9714347391957728,0.0,0.0,0.0
Steel,3,4,15930.03,-0.437,1.2031580775976183,0.11960771143436433,0.01364776898347269,0.2500579201393965,0.13223066926002502,0.38617509767739944,0.27077804638114744,0.11825022757053376,0.6857182130559306,0.18249178765167026,0.08700023233890535,0.9597100583433468,0.0,0.0,0.0,0.0,0.0,0.0,0.0,0.0,0.0,238857869.98576692,545.8888611281632,0.1506722004882295,200131124.27588993,383.5447993889816,0.6651296139852692,214045035.92417613,212.89530024916363,0.7930975982436437,196478901.35009313,854.5929494437089,1.072092728913453
Steel,6,3,16070.86,0.443,0.44599273391067984,0.06441232293844223,0.03736590858777866,0.4256310211864665,0.025545860268175603,0.053740735374619986,0.3120951183455792,0.02,0.08380320211799679,0.22087864471080057,0.029103045240044596,0.11276481384185855,0.16929706515333245,0.07499236434698105,0.17306042660131582,0.11897042309988178,0.10662811994552612,0.27629525087628976,0.19074248108015926,0.11725830554962159,0.39495401829336857,156961870.6169218,369.30585046211763,0.06997623259411857,169945006.02581456,1099.9999999999995,0.29840952618547933,136009237.63466725,278.40116725679997,0.37896850642705215,0.0,0.0,0.0
Steel,3,3,15927.87,-0.451,0.7178236022591591,0.07794634330272675,0.028758020274269637,0.27799989353829785,0.02807801924645901,0.1790456281313914,0.23814699416778798,0.10584478259086609,0.3983757112504518,0.22055372035677326,0.06582884222269059,0.5806120326085971,0.0,0.0,0.0,0.0,0.0,0.0,0.0,0.0,0.0,114517360.32291472,733.833844904457,0.08783329522063439,101466420.21646525,329.77904113160906,0.3326660490188485,121632063.70556,489.2946317993383,0.6176057305214381,0.0,0.0,0.0
Steel,4,4,16074.62,0.466,1.2053943246603014,0.14112463676929474,0.00523760952808997,0.3287289458259478,0.06479015350341798,0.19584591632587056,0.35354986348826545,0.09088627338409425,0.3600343097012495,0.3837818466174006,0.12305067360401155,0.5867915329051003,0.49060633980188584,0.06250854223966598,0.8618206299829695,0.0,0.0,0.0,0.0,0.0,0.0,477129634.9436296,672.6402166698014,0.12282415880681581,386362411.2182173,574.1667745374309,0.418529335507291,504944979.30741954,910.1468896848494,0.5435205532227959,471938644.8132302,649.4657241627048,1.0741118905263085
Steel,1,2,15925.44,-0.466,0.42535270005464554,0.08462254261970521,0.023496544143868488,0.24794296675506375,0.06095541596412658,0.2365183264006729,0.0,0.0,0.0,0.0,0.0,0.0,0.0,0.0,0.0,0.0,0.0,0.0,0.0,0.0,0.0,82193692.77616298,547.5722438314666,0.0578755887241775,65055491.18649463,241.87219910289213,0.31259082434188834,0.0,0.0,0.0,0.0,0.0,0.0
Steel,2,4,16075.18,0.47,1.1098023712635041,0.09298630011081696,0.044192805366831234,0.29927015844012883,0.07856724083423615,0.24346870908981694,0.30852432792248613,0.04611089259386063,0.6227700631841424,0.0,0.0,0.0,0.0,0.0,0.0,0.0,0.0,0.0,0.0,0.0,0.0,103066610.4312071,302.09701223595897,0.12486992640643638,111122785.74819353,338.29700154040063,0.38784755512384994,140886966.9291918,583.3062413876864,0.7165768400647244,118168255.74386753,760.1360903691973,0.9976041308660716
Steel,3,4,15925.13,-0.468,1.2381563365459443,0.12365369868278504,0.01721508612464251,0.3063793048719887,0.10292053699493409,0.23548324138374754,0.3101512771553569,0.045508200377225874,0.6302399031617644,0.219605086524198,0.08603613555431366,0.8464977443401522,0.0,0.0,0.0,0.0,0.0,0.0,0.0,0.0,0.0,218036245.27219102,213.47479029373815,0.194452446262728,195820464.7417769,292.34095067701674,0.5461951565621186,194897591.06126988,383.4579983305944,0.7279871003541172,247251411.7418949,324.1076712124813,1.0682563713152051
Steel,3,2,16075.83,0.474,0.3963844239711761,0.09934878647327425,0.016776548502188286,0.3852865747179586,0.02121315204538405,0.11248259561353394,0.40044201229123366,0.0664418575167656,0.2612671808780425,0.2551787594558367,0.11800890505313874,0.35673598157405845,0.0,0.0,0.0,0.0,0.0,0.0,0.0,0.0,0.0,331849107.5097135,821.6881230582347,0.05807089288106154,283035103.31715244,345.90449589700864,0.3356554370853969,0.0,0.0,0.0,0.0,0.0,0.0
Steel,4,4,16076.22,0.476,0.6643355883657933,0.067376400411129,0.02239250921762227,0.20936400310630238,0.12443472921848298,0.15557833994021336,0.35498479898722435,0.08857269525527954,0.3178799998855243,0.2688960908584842,0.07487859159708023,0.43155110118561196,0.2577296374903259,0.08799094557762147,0.5264366577876274,0.0,0.0,0.0,0.0,0.0,0.0,181513410.2644156,146.33454088986346,0.0855644291801237,182998691.33221114,379.57489082056475,0.25880591455861235,128870918.92849971,819.0922762046766,0.4048674094909436,190023764.1949914,532.6069781447349,0.5782050228746194
Steel,6,4,16076.6,0.479,1.3428360760211946,0.11318692600727083,0.03556495280996081,0.26458782260863123,0.08903856456279756,0.2010088484479705,0.2820268689862859,0.10500329971313477,0.448774452969589,0.1909484076901841,0.06087423384189605,0.6364231148127596,0.3536855284052163,0.11748404562473298,0.7877788971544027,0.38753706885267913,0.08590182900428772,0.9872506228676678,0.2414789329575274,0.0737875571846962,1.1785772341369751,641879283.2901201,375.02708872678494,0.15382495503259194,536826358.2225136,1099.9999999999995,0.4765632477810292,522086031.3570815,749.1505805453131,0.7101619810472641,581844224.7522368,893.3668461556986,1.208552467076239
Steel,2,4,16077.29,0.483,1.5427074939012528,0.09878074300289155,0.009903190243466767,0.24845250592125476,0.03451199881732464,0.5559516014814674,0.3695158288035516,0.052388981878757485,0.8325560253437567,0.0,0.0,0.0,0.0,0.0,0.0,0.0,0.0,0.0,0.0,0.0,0.0,207352893.92914116,159.08873510979564,0.2111759969168201,152583179.19902587,516.5210678437982,0.5975440818003628,168176785.9018943,334.37796365646426,1.0217671621015065,185115841.62891024,401.8042957545728,1.3098451617767592
Steel,5,3,15922.92,-0.482,1.256524658203125,0.11457092785835267,0.03869794477585055,0.26212360448843974,0.02,0.24019891387020886,0.26541955942501705,0.02,0.39165198273133967,0.37919422504221384,0.10498981714248658,0.5034342168022532,0.21723956787760698,0.08206362783908844,0.7580021328561682,0.2385642379238715,0.030968250408768654,0.9323937771850946,0.0,0.0,0.0,412080166.21221733,515.5556063489746,0.1585695570256631,348003972.18684447,226.35348807261255,0.5142226552314819,408882431.1886914,293.4532684078671,1.0614265941496843,0.0,0.0,0.0
Steel,4,4,15922.01,-0.487,1.2775903701782227,0.1395732959508896,0.01508694470996828,0.264421283820196,0.07479719638824463,0.338479461655613,0.29873871218774123,0.10584923028945924,0.6645668825695268,0.49088047054008166,0.08079446464776993,0.9112317431002436,0.2669279416111359,0.12211823761463166,1.0942587805126298,0.0,0.0,0.0,0.0,0.0,0.0,444348889.3051095,374.0194232839437,0.18251231613694197,551294743.146143,545.8549572034275,0.5864391777975672,530281340.4666645,779.9535147097133,0.6220056129284839,444718862.2764317,440.55701665170096,1.14983133188281
Steel,3,2,16078.41,0.49,0.7132151469588279,0.0794476415514946,0.023840642848997638,0.18450391124658053,0.03962336435914039,0.2261496160793889,0.18856305124395112,0.04606122210621834,0.4348914099136463,0.1995927516918075,0.0954435682296753,0.5846335124576469,0.0,0.0,0.0,0.0,0.0,0.0,0.0,0.0,0.0,165470491.5017977,130.50713758876816,0.11916778269868245,139280042.8036043,400.89955332807614,0.6120030120564393,0.0,0.0,0.0,0.0,0.0,0.0
Steel,1,2,16078.48,0.49,0.3776950690895319,0.08667223972082139,0.00972520874789649,0.3002931595646455,0.058704272210598,0.128546865308796,0.0,0.0,0.0,0.0,0.0,0.0,0.0,0.0,0.0,0.0,0.0,0.0,0.0,0.0,0.0,75513051.01380482,405.5384434776722,0.06613377840704612,90241422.79456364,383.0553757830658,0.29161824851372475,0.0,0.0,0.0,0.0,0.0,0.0
Steel,4,3,15921.88,-0.488,0.42169872969388966,0.08861993885040284,0.01664853456913201,0.1829793810103834,0.07007798671722412,0.1329643263159853,0.35401715709953274,0.053893295824527745,0.20920428485487963,0.32817773083681,0.07614894419908524,0.29746753509134227,0.23804618337985547,0.05589340418577195,0.3736057955725292,0.0,0.0,0.0,0.0,0.0,0.0,142046573.6699167,728.7609647875088,0.0830850969161599,169819143.0146296,670.9709366066447,0.2242584287818791,147185087.46216807,515.8912483768623,0.35771299012923896,0.0,0.0,0.0
Steel,3,3,16078.51,0.491,1.3720396101474763,0.08671592593193055,0.015947277420971573,0.22936470920935056,0.08161892771720887,0.3717826220569438,0.24201724423060822,0.05943279594182968,0.6367586133225852,0.27169710434529376,0.05378855407238006,0.9188997446589409,0.0,0.0,0.0,0.0,0.0,0.0,0.0,0.0,0.0,209953564.240303,345.74261285821495,0.19078495513000615,198911207.93633962,411.3994055918984,0.6243521395191713,185623077.19476217,262.3384849312974,1.1211854244277815,0.0,0.0,0.0
Steel,3,3,16079.03,0.494,0.5529062807559968,0.08454661333560945,0.054416281705702646,0.33577430795479374,0.0713161787390709,0.18587994839883468,0.38356774500538465,0.03248133674263955,0.2829613340624692,0.30576846732239005,0.061106908917427066,0.3925229641771942,0.0,0.0,0.0,0.0,0.0,0.0,0.0,0.0,0.0,167896604.75777662,337.60330249907423,0.08132669417723025,125882284.0319419,935.6251314346068,0.29890437425908545,156195652.44532663,751.763060618372,0.47740767504487186,0.0,0.0,0.0
Steel,1,2,16080.39,0.502,1.2112665683031083,0.14207407021522522,0.01770762686966972,0.19589988880503265,0.09854878246784211,0.40289697098671573,0.0,0.0,0.0,0.0,0.0,0.0,0.0,0.0,0.0,0.0,0.0,0.0,0.0,0.0,0.0,312396191.5450865,947.2135916511991,0.31712491295651773,385980014.1340581,54.215127353302925,1.0563653837420532,0.0,0.0,0.0,0.0,0.0,0.0
Steel,2,2,15919.28,-0.505,0.7679990649223328,0.08583209162950517,0.02100665166757475,0.17450192604837025,0.07124660402536392,0.30963148812392327,0.2791526615030268,0.05725677490234375,0.4653612941116371,0.0,0.0,0.0,0.0,0.0,0.0,0.0,0.0,0.0,0.0,0.0,0.0,182742811.81852993,297.06109234506613,0.10229406011127266,216251754.5973164,514.7505050397882,0.6140914077370634,0.0,0.0,0.0,0.0,0.0,0.0
Steel,5,2,15919.13,-0.505,0.5387042924761772,0.10209255814552308,0.049716926483408024,0.2742429162693332,0.04892853870987893,0.05746971900041056,0.2012479976237376,0.15,0.16606928550727815,0.34110222634766163,0.09843191027641297,0.3002549729454362,0.2697489541450446,0.05496338576078415,0.38645809027727196,0.46031905558311326,0.09194228410720826,0.48033485799863046,0.0,0.0,0.0,550000000.000001,260.17855678350975,0.07326179004368376,613366304.0620816,746.1500294623723,0.45020535505033665,0.0,0.0,0.0,0.0,0.0,0.0
Steel,6,2,16081.35,0.508,0.9104872032999992,0.13377831983566285,0.04835052613142232,0.23063880406601375,0.15,0.16644795247311195,0.1698039969652039,0.09924345254898072,0.41132622325498164,0.19318958918004314,0.058136059343814855,0.5178375588356675,0.187359077431314,0.06251618623733521,0.6087926885346718,0.1557495109206716,0.03007954075932503,0.6790575196992767,0.19243157773951128,0.0741741505265236,0.7393403452834644,492319406.3849243,897.9644605870484,0.09570210033806001,463470962.66370326,377.62857414616064,0.7812754528485905,0.0,0.0,0.0,0.0,0.0,0.0
Steel,4,2,16084.27,0.527,0.6999543286859989,0.10794987905025483,0.020388479214833423,0.23363572559474088,0.06609208941459656,0.15787587441947887,0.18308036680960332,0.06005570620298385,0.25853488281965276,0.2223244787897144,0.05121256172657013,0.3823989421112569,0.4548708598364208,0.05316853404045105,0.5615105619803615,0.0,0.0,0.0,0.0,0.0,0.0,410807795.848748,275.08599723503244,0.08264006812313845,317454826.11232877,867.4665378454237,0.6098505530986282,0.0,0.0,0.0,0.0,0.0,0.0
Steel,2,3,16084.41,0.528,0.6802791863679887,0.10107642102241517,0.024964549835069447,0.325282501725714,0.09171710193157197,0.3202232581812976,0.20257466062492402,0.032913737893104554,0.42677135358030777,0.0,0.0,0.0,0.0,0.0,0.0,0.0,0.0,0.0,0.0,0.0,0.0,184547912.3726837,293.4659599918764,0.14958165227104814,128963167.19797021,832.7721075815138,0.5466906634392279,163861727.12573993,179.1082783095428,0.5769101044249321,0.0,0.0,0.0
Steel,2,4,15914.83,-0.532,0.30299581279978155,0.08780539816617966,0.009883560422119386,0.33976497610256495,0.02,0.10575228344664972,0.32472579259918416,0.09332134187221527,0.22820854343354474,0.0,0.0,0.0,0.0,0.0,0.0,0.0,0.0,0.0,0.0,0.0,0.0,63408222.68496688,556.1401321874221,0.036260537510754864,78209283.30251203,392.3668108467841,0.09310894249936356,61399416.452182874,203.19577973422034,0.24502766132685752,75049454.00259973,229.49229708402126,0.2726962312168076
Steel,3,3,16086.81,0.543,0.8997123077511787,0.10492961847782137,0.03802154134728254,0.3142456069865392,0.1005975365638733,0.370110949084556,0.20045494372820608,0.09442723035812378,0.4789102500531415,0.23944045024084093,0.09343721449375153,0.6781794323472543,0.0,0.0,0.0,0.0,0.0,0.0,0.0,0.0,0.0,242543381.82440257,800.4207153350344,0.12040282226278398,251984889.6767271,513.3670236000507,0.3422575108086654,345055402.8381584,954.5060815342229,0.787611680742779,0.0,0.0,0.0
Steel,5,2,15911.15,-0.555,0.6895830437541008,0.13066018319129943,0.01668478882162405,0.3319715903400776,0.07113125443458557,0.11287481760052676,0.2275971981317646,0.08374597758054735,0.19443626450565382,0.22609296393548178,0.05994306862354279,0.36342254125675727,0.24140508794598814,0.02,0.46079111853589744,0.2625513709229254,0.08147367626428605,0.5501979061211293,0.0,0.0,0.0,319672413.5142815,203.898587231594,0.0797298266237986,407901412.29781944,963.9925349962775,0.6094693648316121,0.0,0.0,0.0,0.0,0.0,0.0
Steel,2,3,15910.69,-0.558,0.6745733931660652,0.11192821466922762,0.003624183635927409,0.44895407664227416,0.1225859045982361,0.22902807620793292,0.3253754875778786,0.05454250097274781,0.41783639429687613,0.0,0.0,0.0,0.0,0.0,0.0,0.0,0.0,0.0,0.0,0.0,0.0,259257461.38894695,746.2195474000164,0.09604228366606404,256031512.99482778,780.1641052327332,0.3269279133707933,339157419.20477086,486.0485974313022,0.5430963215684635,0.0,0.0,0.0
Steel,2,3,15910.61,-0.559,0.25,0.07016194546222687,0.017689647534941014,0.21574850756916547,0.1462929904460907,0.03382282062352295,0.1909068955584449,0.09064971625804902,0.18563775994469717,0.0,0.0,0.0,0.0,0.0,0.0,0.0,0.0,0.0,0.0,0.0,0.0,99719301.50792474,566.78710279623,0.05129068850710403,105195465.91258453,719.7050998094833,0.11878466308759918,109144672.47762915,338.06910983585743,0.21756747087936462,0.0,0.0,0.0
Steel,3,4,15910.21,-0.561,0.8459199249744416,0.13214031755924224,0.025905333222591264,0.21419703169154297,0.11926653444766999,0.12084675726931796,0.22017083847827826,0.10200290083885194,0.44838856432880886,0.2847502209891631,0.08244902402162552,0.6510667240997459,0.0,0.0,0.0,0.0,0.0,0.0,0.0,0.0,0.0,162466397.43234435,615.8029509002852,0.09525371835688072,209826398.2314718,499.91886676844183,0.27228918422570636,183033282.67864555,357.73791079431794,0.3706836019294537,178474888.3561058,526.4139679903867,0.7112223567306855
Steel,3,4,15909.13,-0.568,1.3067273020744323,0.13499010753631593,0.008660456258676856,0.19992035857201115,0.08692827880382538,0.4303237217956768,0.25042768228682977,0.12561562418937683,0.9335186258157063,0.23118050506354115,0.054866865277290344,1.1488346738603168,0.0,0.0,0.0,0.0,0.0,0.0,0.0,0.0,0.0,306869019.1225518,899.4936821181599,0.191551047753174,300417659.0515283,427.2329858168647,0.4063293261501699,211550383.8251403,1062.383785020483,0.5849739359261541,268156169.99115065,177.4574655344359,1.088326402099506
Steel,6,3,16091.64,0.573,0.9505460739135743,0.09918916654586793,0.02476936209147758,0.24824210920188614,0.06616873860359192,0.1427623070873506,0.40575928303209946,0.07985398948192597,0.30520334023971235,0.18419282188165573,0.08158152133226394,0.390682725120116,0.23031473251684664,0.15,0.5613162320548608,0.34756099177985333,0.051397883147001264,0.7409295625920767,0.24837839122375216,0.02,0.8027715499231836,489201938.8369311,583.3043521505627,0.10723166059376033,506684563.66961986,791.8280889313975,0.3323485729340735,528287726.7130552,394.8028721615942,0.829975136020343,0.0,0.0,0.0
Steel,2,3,15904.61,-0.596,1.0149568811059,0.07408345472812652,0.016519021377507513,0.42467241314896553,0.04828058108687401,0.28337862057043506,0.2709960930480644,0.10988301396369934,0.8232793786507762,0.0,0.0,0.0,0.0,0.0,0.0,0.0,0.0,0.0,0.0,0.0,0.0,315679927.27506447,222.46122251539077,0.11423786779216527,267228200.68367735,232.21848761311753,0.6093661301252249,321710509.64625955,354.7019584252841,0.8490279563088219,0.0,0.0,0.0
Steel,5,2,16098.03,0.613,0.8709254786372185,0.09802039217948914,0.013199780335406768,0.3629430605853595,0.0785593643784523,0.1757680391459958,0.3482601614352446,0.05633705049753189,0.30316023546811627,0.15215316764360057,0.02214112689718604,0.4252744077500388,0.2668767234651709,0.12868984401226044,0.6124419196115809,0.3913804031940388,0.026095363162457943,0.7564920250407179,0.0,0.0,0.0,607246419.4422803,723.7319773422228,0.1626667069085333,550000000.000001,1048.489202225474,0.7383636086337367,0.0,0.0,0.0,0.0,0.0,0.0
Steel,6,4,15902.16,-0.611,1.1249015599489214,0.1359990419149399,0.004573052325796309,0.21734985424706033,0.0861380296945572,0.12839236264773735,0.30017288944959347,0.12805061519145966,0.3185658262769579,0.31680922975979653,0.08910541951656342,0.49601532600485,0.2830921925850179,0.10629533290863037,0.688349772223476,0.23554362097447903,0.08895695626735688,0.8021836126567187,0.2668169029478989,0.06357945740222931,0.9319082442955564,282633084.84121376,617.3360394130017,0.1554054107296363,368958645.64918905,733.0111030353698,0.4679961061429706,288578453.45738226,91.07173605987313,0.7200263354736274,366067268.38027704,471.6563182800327,1.0046593820426784
Steel,2,3,16098.5,0.616,0.8244624838232995,0.08440111535787584,0.015577052496343044,0.34038747174025585,0.07789299994707108,0.3200063115803464,0.3867398093886614,0.075367691218853,0.5611304020841056,0.0,0.0,0.0,0.0,0.0,0.0,0.0,0.0,0.0,0.0,0.0,0.0,209261005.57165077,501.5828894109724,0.158803809277148,198896972.74372372,533.6895711187907,0.5072896397533186,209841327.7152589,308.7291305676062,0.6848899363516392,0.0,0.0,0.0
Steel,4,4,16098.7,0.617,0.6817105554044247,0.09678793573379518,0.007321754347552961,0.264203903393971,0.05449965119361877,0.08678011232645039,0.28996693847561683,0.06915442287921905,0.22397765447418302,0.3460309640280774,0.07604457825422287,0.3528906083900041,0.3289379398456685,0.02,0.535596103835495,0.0,0.0,0.0,0.0,0.0,0.0,157321020.91206387,620.4025653219697,0.09708488855179723,131491545.49160816,345.43039343121035,0.33520936352493447,144736465.72493178,396.5411401214043,0.4350710606761442,161176298.34831718,668.4257496394729,0.594513533838287
Steel,5,2,16098.81,0.618,0.8006637647747994,0.12161411166191102,0.031094891311651135,0.20522779112434794,0.07961625844240189,0.09827493058242878,0.16221205197245211,0.12341419935226441,0.22476995698831648,0.22198407813400792,0.07903206795454025,0.40394618475224897,0.18609912724214261,0.09457878530025483,0.5165498355944228,0.286280127402829,0.02770248267799616,0.6236645456982997,0.0,0.0,0.0,318344315.3310185,377.9819941422718,0.1121686151748012,331558948.3277323,384.9420853281221,0.7005796332555494,0.0,0.0,0.0,0.0,0.0,0.0
Steel,1,3,15901.06,-0.618,0.896595510840416,0.05100734892487527,0.04080587913990022,0.21491571551888072,0.09351805567741395,0.6699986133050133,0.0,0.0,0.0,0.0,0.0,0.0,0.0,0.0,0.0,0.0,0.0,0.0,0.0,0.0,0.0,176767027.29335168,417.3567606143559,0.12003543588612545,159555776.21602544,808.8783197901406,0.2611823627729802,142392894.93179017,1010.8680333404839,0.7017595446082399,0.0,0.0,0.0
Steel,6,4,15900.63,-0.621,1.4194280892610551,0.14236933195590973,0.018288176267099554,0.3048024875802966,0.08049071162939071,0.26806968091290484,0.29418103299461906,0.09224132597446442,0.5356222656222898,0.28296683108458465,0.07103282004594803,0.8469748104609447,0.22206523797964697,0.05856702893972397,0.9514285416468389,0.23766444428607428,0.09220678269863129,1.0824338321842752,0.20973940005872313,0.06919308841228486,1.181614205725324,298287250.39382446,793.9028569805554,0.16021401452437034,283615712.5379277,842.8690322880525,0.5654355706721599,330545905.1033952,406.9505665844589,0.918498462086989,384716101.6839397,556.686391947784,1.2774852789155215
Steel,6,4,16101.4,0.634,1.322339791059494,0.12667510187625886,0.03386145809854019,0.34688998595826537,0.05802985310554505,0.13224397910594943,0.2801040403992776,0.0488215246796608,0.22186319325892148,0.20070573648424267,0.09027954995632172,0.4814724086014601,0.33683242951883224,0.07522207170724869,0.7491565780290953,0.4154036392879331,0.0656494465470314,0.9000699803611526,0.3922030540076417,0.10663039803504945,1.0614901927908917,464392415.3862591,369.02521945616536,0.15777589419922536,373716543.94292855,430.5637098463058,0.6135942037070765,394747565.51623493,785.2506309255892,0.8261925928031532,310280293.7538985,303.55963515002907,1.158864286887853
Steel,3,3,15898.39,-0.635,0.9671537920832635,0.10682009768486024,0.03683784127576552,0.3994839843752097,0.11280651569366455,0.15291364941046845,0.24862583582280598,0.03218703702092171,0.2739899177467922,0.39475266515944796,0.03868970602750778,0.7176965611907709,0.0,0.0,0.0,0.0,0.0,0.0,0.0,0.0,0.0,373687746.6405909,529.8558816167997,0.17483974609907588,531897458.54988515,299.7633841439614,0.6245466406035929,518595886.25603807,353.5055527807436,0.866560610654314,0.0,0.0,0.0
Steel,3,3,15897.56,-0.64,1.222057893872261,0.10061353254318238,0.02041990261794962,0.41659852056295227,0.07390888094902039,0.3111173132534353,0.2008330393201781,0.09908235907554627,0.7117004460480575,0.2632940140333522,0.06893966645002365,1.0765058941660226,0.0,0.0,0.0,0.0,0.0,0.0,0.0,0.0,0.0,432890481.3896172,363.70827020017646,0.19434902577665886,449910645.42741156,490.77113952348026,0.8089558102162668,414578132.5515121,416.19745467290414,1.0422418876917006,0.0,0.0,0.0
Steel,5,2,16103.23,0.645,0.6797666855156421,0.1264270430803299,0.029281140745251757,0.19659172167360806,0.10091016173362732,0.10293638491376822,0.23453438684995753,0.061087142229080196,0.24268021020716926,0.48491315790235284,0.042012255042791366,0.30866185063479024,0.21935704916942533,0.05046969532966614,0.42207644123406474,0.4114574251741428,0.07457880973815918,0.572082014700313,0.0,0.0,0.0,546995491.9395001,653.0931296778966,0.08268516433316137,457991311.6649828,193.98179328278653,0.5547616405217548,0.0,0.0,0.0,0.0,0.0,0.0
Steel,5,4,16103.28,0.645,1.6138293027877808,0.08814683449268342,0.021957673518298745,0.2169921579339158,0.09502912640571595,0.46459661087638604,0.1586677917878155,0.05270398586988449,0.6518459470842222,0.3615856029113596,0.058165062367916104,0.9523640439618526,0.264778215531517,0.11078263461589814,1.1704982619263287,0.24185048366503029,0.0637711501121521,1.3276837733859996,0.0,0.0,0.0,579859565.9977357,372.5575721008473,0.17856133779011862,651828418.5657144,289.5984017045879,0.5859960366986776,546144662.8784468,349.75100039032213,0.9231302540178286,726493647.246637,133.8380313233223,1.4524463708951734
Steel,5,3,15897.09,-0.643,1.1163317605853083,0.11603008031845094,0.014786456062422204,0.3269444564795614,0.06768953382968902,0.13547736964531246,0.24616066019464827,0.06295603960752487,0.24148586117106985,0.3496122695137488,0.07325768440961838,0.45940709544747543,0.5449883590768588,0.04408213183283806,0.7332100974569766,0.32844950667171297,0.08899716377258302,0.8424894718298253,0.0,0.0,0.0,360902052.4492876,574.5708958795049,0.14891699845402329,458096398.2839243,273.3443060270829,0.620985474048245,390150739.0119764,587.2711686405804,0.9810655196664664,0.0,0.0,0.0
Steel,2,3,15894.58,-0.659,1.0732134327292444,0.0808485626578331,0.03625212008000581,0.24129229765637192,0.06321484297513962,0.11387201965149647,0.17116416317797678,0.0657444366812706,0.5331466343104467,0.0,0.0,0.0,0.0,0.0,0.0,0.0,0.0,0.0,0.0,0.0,0.0,112654037.73242503,251.10963132721403,0.16102517823987544,107879712.87991683,521.7816937761971,0.4194113286280787,145310346.39780596,419.3008841217721,0.8950128420308512,0.0,0.0,0.0
Steel,4,3,15894.46,-0.66,1.2674313247203828,0.07294019466638565,0.017403399401241953,0.14830271151858399,0.058365596234798436,0.3837698668417152,0.22167894124914045,0.06941144406795502,0.49698177895143,0.3799315192612915,0.046102415621280673,0.6143576058594126,0.24872095679733086,0.03691861152648926,0.978642316468016,0.0,0.0,0.0,0.0,0.0,0.0,562883601.825589,387.62490340775537,0.22425697051927324,691798863.8713251,286.7335544080179,0.7316581828696324,690688225.847395,181.30085493617972,1.1039954835033923,0.0,0.0,0.0
Steel,4,3,16110.86,0.693,0.3199435407295823,0.09938638293743135,0.0448423405682624,0.2895336140369114,0.08872961223125458,0.037429574752712885,0.37907416761605495,0.0968873655796051,0.13444392370159658,0.18430584016675158,0.02570818092674017,0.19961893217124704,0.19708815231752724,0.12255736649036408,0.2847775271096713,0.0,0.0,0.0,0.0,0.0,0.0,192023777.050369,797.7847404865413,0.05270517239117724,179384624.79316965,305.208558563012,0.15140360911669054,170775963.17775047,1008.7432939498757,0.26825111958704256,0.0,0.0,0.0
Steel,5,3,16111.67,0.698,0.5392208456993104,0.13337384045124054,0.023284380668559645,0.270162249378799,0.058443353474140175,0.09412071828633553,0.45654435177252883,0.02069348611868918,0.17584474880504597,0.20267259247673913,0.07228878349065782,0.2776427467343868,0.39865759184455585,0.08164428889751435,0.3747739863044492,0.16018758475818407,0.030352636426687243,0.4697772271111521,0.0,0.0,0.0,193791617.4023166,416.32957966438346,0.057277554183942224,222043342.30502793,279.1295242790906,0.21233502413637784,211986495.9897339,734.0663863770153,0.48529876059015853,0.0,0.0,0.0
Steel,3,2,15888.79,-0.695,0.8627694621682167,0.1409422152042389,0.029388756330204702,0.3042135194110921,0.1266365569829941,0.2066867717505318,0.34550195556695584,0.03324505947530269,0.5165065352172447,0.3271569313234242,0.06698298126459122,0.6358970867367901,0.0,0.0,0.0,0.0,0.0,0.0,0.0,0.0,0.0,457842665.8609215,503.9469082541884,0.1138376884009423,390299743.5776998,228.53031471085237,0.7395826877855995,0.0,0.0,0.0,0.0,0.0,0.0
Steel,3,2,16112.25,0.702,0.7810273543000221,0.1167875703573227,0.014681821966381507,0.27875474730970123,0.0661352452635765,0.08633480386762338,0.3334236512915678,0.12335386872291566,0.4553089443299299,0.2550844644431031,0.10887449443340302,0.6475507731077401,0.0,0.0,0.0,0.0,0.0,0.0,0.0,0.0,0.0,638628565.0146089,216.1478342762687,0.11650228535061162,550000000.000001,504.0627122691449,0.6865006481543711,0.0,0.0,0.0,0.0,0.0,0.0
Steel,4,3,16112.59,0.704,0.5811074733734132,0.06717133802175522,0.009212470162753625,0.2013416860334563,0.08466329216957093,0.1028359433029685,0.2914983703482919,0.09773493111133576,0.3260216844427606,0.43805041274956186,0.04431667625904083,0.4249724417111796,0.16714187995026716,0.02,0.4648155604574835,0.0,0.0,0.0,0.0,0.0,0.0,178373522.95348394,435.036813992321,0.11444515842339344,161920676.95111796,267.1554965567557,0.3614916655877003,190910622.78046238,666.9742782217741,0.517366661910624,0.0,0.0,0.0
Steel,6,4,15886.79,-0.708,0.6416450686752797,0.1273175003528595,0.008247343450242186,0.2619711106119238,0.10650960505008698,0.07378398996297142,0.20051220826655522,0.08473481953144074,0.18197470721640224,0.1949201945244548,0.09659409642219544,0.2942399600641715,0.2946165264903153,0.09331872284412385,0.4009439989936956,0.13393598578762778,0.0639442616701126,0.49242375790213366,0.3902262217594641,0.07454513430595398,0.5660617772405581,266067586.1910315,797.146923435862,0.10547033719305147,215550880.63621676,910.0135536166233,0.37517418884816095,198053135.4894476,1052.5984786775743,0.4444251201834737,223714060.4171856,573.1884544182244,0.549373712303128
Steel,1,3,16117.51,0.734,0.6119847469031812,0.06346708756685257,0.012751673740608512,0.22553602986990043,0.06239254951477051,0.30791901693233414,0.0,0.0,0.0,0.0,0.0,0.0,0.0,0.0,0.0,0.0,0.0,0.0,0.0,0.0,0.0,37359289.01876227,790.2197524491759,0.11657180121497226,40438455.46274142,341.5666500720117,0.27031475774057384,33469225.21916292,161.85821095567673,0.4751191776726739,0.0,0.0,0.0
Steel,5,4,16122.98,0.769,1.4186665743589402,0.11096472275257112,0.017757505807197618,0.27325764316306644,0.07307949751615525,0.4344071477852982,0.2262399941179807,0.06620690822601319,0.5783158493794907,0.3609998776256047,0.10457394957542421,0.8241021510885045,0.16837515374381748,0.052074580341577525,1.0939828620927705,0.2814116352615992,0.08374228537082673,1.1869054542670388,0.0,0.0,0.0,322862338.53218436,540.7048507579609,0.23725902491319603,447721020.3550179,694.0854129326189,0.8420654641010604,412156207.8304741,382.0067062457565,1.0268607598091872,405014997.6462254,413.8638139371742,1.252473652750588
Steel,6,4,15877.06,-0.768,1.0547931745648385,0.09171126198768617,0.005997945975333682,0.2692556886954916,0.13023479163646698,0.12573688655614548,0.2848449479165145,0.1064662128686905,0.3721668465072292,0.2194730693122499,0.08117340624332428,0.5056446221863795,0.17728825286488537,0.03185190603137016,0.5988929606262805,0.2023777139341178,0.053612993955612184,0.714357286863819,0.24403911457583358,0.05711789280176163,0.878953160249586,328769465.7490735,668.6835532806673,0.14341818965509495,443656632.832181,175.19682660181587,0.6250505171776224,356779319.14481497,553.846370314293,0.7443799426771764,384660814.27088237,454.44469738018086,0.9298581141292342
Steel,1,2,16123.96,0.775,1.0340112388134002,0.11127036118507387,0.0368929785602668,0.20479160701114366,0.06117076516151429,0.561015678309243,0.0,0.0,0.0,0.0,0.0,0.0,0.0,0.0,0.0,0.0,0.0,0.0,0.0,0.0,0.0,181657450.6950098,155.21078691019753,0.1524967170138133,191381871.66874862,390.5378221804889,0.8488216074098112,0.0,0.0,0.0,0.0,0.0,0.0
Steel,4,3,15875.24,-0.78,0.5899737022817135,0.10683423233032227,0.012761749615221073,0.37760963610501136,0.11468394041061403,0.0988276890431857,0.3378460358787414,0.050441461354494094,0.19340398666633798,0.17869492914955887,0.06591892749071121,0.2562296196026408,0.21473961653727777,0.10613975644111634,0.4277998566481507,0.0,0.0,0.0,0.0,0.0,0.0,280964939.1855049,164.61223738125074,0.06174074667796285,234533795.81224146,728.8614946875476,0.2945577253952555,234263005.9151792,565.3548806895204,0.4935157791097449,0.0,0.0,0.0
Steel,5,4,16126.82,0.793,1.0123142391443252,0.10895906734466554,0.009314447939307182,0.23041610064839171,0.12550392031669616,0.18399769304121316,0.2260391791242765,0.10589239776134492,0.3162908436403532,0.4640256011799343,0.05151818990707398,0.4577216950804795,0.21847109030524578,0.07942083865404129,0.5921293235224128,0.33485367064251886,0.1384734559059143,0.8236605788603533,0.0,0.0,0.0,242729634.44144207,991.9518578572198,0.11167829299854647,221798321.000558,506.9606819470448,0.42202453240503374,334064974.0390096,213.87359890005592,0.6170851018710715,273503706.89200675,645.3831786083092,0.8719299601350271
Steel,3,2,16127.34,0.796,0.7678306296467782,0.10643621933460237,0.02074689576609602,0.17621407000199202,0.11006574153900148,0.22816272719968947,0.30493740241722606,0.09909665524959566,0.39104747499119896,0.23594152417439487,0.044214909970760344,0.593596989301551,0.0,0.0,0.0,0.0,0.0,0.0,0.0,0.0,0.0,528999593.85969967,187.61562335271304,0.0977222009515902,478886348.691589,408.2445420098426,0.6509760831078948,0.0,0.0,0.0,0.0,0.0,0.0
Steel,2,2,16127.69,0.798,0.3664452191442251,0.1104141825437546,0.0027174637143969017,0.30322351762331196,0.09596197307109833,0.10621981131844868,0.41880712443684304,0.09955775916576386,0.3109497278818038,0.0,0.0,0.0,0.0,0.0,0.0,0.0,0.0,0.0,0.0,0.0,0.0,448944395.1204871,356.61251426990225,0.056798175327032546,410190701.30279666,188.1947918523515,0.2734214444620838,0.0,0.0,0.0,0.0,0.0,0.0
Steel,3,3,16128.8,0.805,0.6634041495621205,0.05992760729789734,0.003774180831860973,0.24063857098218028,0.06006082415580749,0.3384321070746037,0.22278046199288404,0.08714279890060425,0.41850745623769414,0.22471628581902567,0.06529091864824295,0.5157164146844306,0.0,0.0,0.0,0.0,0.0,0.0,0.0,0.0,0.0,139525908.7429838,711.5008374689386,0.1246863626508172,126308869.20910835,701.283804703734,0.394542182529832,124909316.5207832,325.670097032517,0.5819652892085403,0.0,0.0,0.0
Steel,1,3,16129.42,0.809,0.9645808398723603,0.05319135478138924,0.008420038222539679,0.25616416817835747,0.09588538587093354,0.43693849317682365,0.0,0.0,0.0,0.0,0.0,0.0,0.0,0.0,0.0,0.0,0.0,0.0,0.0,0.0,0.0,300305228.54363126,573.6648915280592,0.1039489461263115,232863150.81246513,525.2045265136892,0.3703529071108885,290710851.7860032,1099.9999999999995,0.7868327706033249,0.0,0.0,0.0
Steel,3,3,15871.05,-0.806,0.5059686899185181,0.10831586480140687,0.023477434201249165,0.21523241969110957,0.12209898233413698,0.06146560481840553,0.22790832593383376,0.1367998117208481,0.2153911386371811,0.2749035772205958,0.09104731261730195,0.4024254107026907,0.0,0.0,0.0,0.0,0.0,0.0,0.0,0.0,0.0,139044348.5193514,320.51992103409924,0.07929951790058788,179455740.37559354,342.73172586462795,0.1772874063160868,155973496.00200477,213.33135010340328,0.4180944566792569,0.0,0.0,0.0
Steel,3,4,15869.74,-0.814,1.4725300252437592,0.08592667102813721,0.003891987928343343,0.2080733696802215,0.06293543994426727,0.47717172282638387,0.24190477212287326,0.08791498601436616,0.7827847857495729,0.3221662490467376,0.06879142791032791,1.0958876812380363,0.0,0.0,0.0,0.0,0.0,0.0,0.0,0.0,0.0,199279847.81057304,697.2285198773515,0.1846213152911918,140182105.5519075,129.21436235561586,0.6425438046081273,200370469.79530457,141.4469614025241,0.9694796955535551,195950628.3564583,900.4554211837178,1.2904692507007647
Steel,4,3,15869.01,-0.819,0.7392820909619331,0.05800012409687043,0.02272134062296645,0.1803098280796858,0.0467750971019268,0.13063548339322226,0.17554292068668348,0.06449826747179031,0.26974585678902,0.16283686839570458,0.050409087687730794,0.3468510519937071,0.2667964654406055,0.09193980455398561,0.5339115387183788,0.0,0.0,0.0,0.0,0.0,0.0,167642084.92081857,482.4623529101301,0.09713911880617321,144587886.7124901,410.44060468722427,0.3289300346355031,123116831.9167083,127.32821130267001,0.6104692272812673,0.0,0.0,0.0
Steel,2,2,15868.14,-0.824,0.7352170944213867,0.10433820629119875,0.02373052395985299,0.20255352374756402,0.05853374481201172,0.16345201384463004,0.31354435539582565,0.05200196042656899,0.5947073155451699,0.0,0.0,0.0,0.0,0.0,0.0,0.0,0.0,0.0,0.0,0.0,0.0,208206026.110788,268.3954554243574,0.08162278069339743,169994432.22103533,365.40019196410236,0.5637218932308059,0.0,0.0,0.0,0.0,0.0,0.0
Steel,3,3,15867.72,-0.827,1.4580861628055573,0.13059866786003113,0.019466588768404274,0.20238831135833468,0.08040791004896164,0.22573153460443104,0.2649099490861075,0.14494440019130708,0.5646135000230155,0.25245849747576454,0.08043768405914307,0.9790467009245625,0.0,0.0,0.0,0.0,0.0,0.0,0.0,0.0,0.0,550122927.1923704,460.8351678815933,0.18441598112547225,430917209.7710639,449.06658639977945,0.858398195226693,574128889.0302167,311.321944837875,1.284361212660054,0.0,0.0,0.0
Steel,3,2,16133.57,0.835,0.7381871238350868,0.1056186274290085,0.0313544183229378,0.33182843964096265,0.10920132279396058,0.12043144105049165,0.13354345303494836,0.12906283855438233,0.3224864805578029,0.19650404579000208,0.1153409367799759,0.5415901170467298,0.0,0.0,0.0,0.0,0.0,0.0,0.0,0.0,0.0,293731981.248948,631.5896891516111,0.08256358072568208,312519782.1674615,529.8490171708703,0.5911666503329898,0.0,0.0,0.0,0.0,0.0,0.0
Steel,1,3,16134.04,0.838,1.3228432774543764,0.12369920885562898,0.05340792864165246,0.2559948549787777,0.09348758041858674,1.016099841986279,0.0,0.0,0.0,0.0,0.0,0.0,0.0,0.0,0.0,0.0,0.0,0.0,0.0,0.0,0.0,288536049.53657377,329.5178360930153,0.3494115875206776,299896610.7220777,285.8096919467738,0.7356127627155902,251840174.49829602,414.95748007335715,1.03979081461629,0.0,0.0,0.0
Steel,1,4,15866.95,-0.832,1.1685137256979943,0.13193205583095552,0.022938467379068597,0.19748173775524897,0.07434970676898957,0.3745946150771863,0.0,0.0,0.0,0.0,0.0,0.0,0.0,0.0,0.0,0.0,0.0,0.0,0.0,0.0,0.0,148871446.63654974,352.2045945313523,0.18074719705024453,232365896.493887,523.5310562205419,0.4600641300636198,157507331.88081545,849.2520378950132,0.5990519112416391,173900789.5136317,313.489583768762,0.8967296539802724
Steel,3,3,16134.53,0.841,0.5166436821222306,0.15460540676116943,0.022747951500967523,0.3340280703015844,0.0706014358997345,0.08771629698267666,0.33840748378579716,0.04409160062670708,0.21348040520227157,0.269933563925646,0.11517713129520417,0.4026782660291919,0.0,0.0,0.0,0.0,0.0,0.0,0.0,0.0,0.0,209906681.32119688,612.4874421538794,0.057992571048070506,176077531.296139,392.5689226935179,0.30369190336800156,207826519.4785753,432.6541653323131,0.44306568728284434,0.0,0.0,0.0
Steel,4,4,16135.22,0.845,0.59184410572052,0.10624870252609254,0.023893828313755396,0.26902908650005025,0.12205408692359924,0.11501722426831168,0.2378416052302821,0.0656294745206833,0.23982575203997944,0.31991129408961627,0.0614855483174324,0.35649504087373496,0.3372105824729927,0.12283274412155153,0.49134461478960334,0.0,0.0,0.0,0.0,0.0,0.0,198662199.39287528,508.4217205677071,0.10050293518007011,246778117.08092907,740.8747030374408,0.37775555630847074,221421690.7206302,813.5453273299665,0.4169940377905258,271696242.02373856,494.88988280141865,0.5199777439432574
Steel,6,2,15865.21,-0.842,0.6138582102954389,0.11878248512744904,0.00502971455902529,0.2518482827228475,0.08518036425113679,0.07537331613650294,0.2884660349796813,0.06759448170661926,0.16827607610077955,0.2911197040980351,0.12450603961944581,0.2910138204176934,0.3399101626109853,0.05865417748689651,0.3966776912026186,0.349468120925106,0.03859047159552574,0.4532443774512642,0.2018412343356721,0.11458999633789063,0.5351981703651636,654202875.4280597,1006.0900069564406,0.06429426391836546,578827511.6115354,147.6727859730127,0.5521715551646522,0.0,0.0,0.0,0.0,0.0,0.0
Steel,5,4,16136.1,0.851,1.3785153537988664,0.13292054998874664,0.024316874767622558,0.21292974298453823,0.08265999913215638,0.3252228028355004,0.26174926752926586,0.07242555409669876,0.6194673643365903,0.2407228741938877,0.08621539175510406,0.715845442379679,0.3649716466713738,0.06427157431840896,0.8222660698106674,0.4188009595839241,0.05770566314458847,0.9468432353943983,0.0,0.0,0.0,452950590.5165498,560.005856559237,0.15698790723113015,392824347.4909571,626.4154788811063,0.48072274873210097,421442092.3570066,580.9804571523509,0.7395426326269403,419110429.4269075,429.96677284753883,1.2221742815241732
Steel,1,3,15863.15,-0.855,0.28500466141849756,0.11090209019184114,0.026089830660571675,0.35687602825953957,0.09606273591518402,0.10352120241315549,0.0,0.0,0.0,0.0,0.0,0.0,0.0,0.0,0.0,0.0,0.0,0.0,0.0,0.0,0.0,105881959.28475466,567.5750733003939,0.04575495138461724,120761010.55449277,869.3259988853114,0.19857825181852973,106334813.2671224,704.7841130549868,0.22458820235021842,0.0,0.0,0.0
Steel,3,2,16138.03,0.863,1.0177133202552797,0.1188637297153473,0.0508001729717068,0.30766027244128147,0.09180163145065308,0.15060438323024247,0.2766881440563668,0.046436357200145724,0.5244163884945066,0.2332577176854187,0.13087491929531098,0.8591329960264401,0.0,0.0,0.0,0.0,0.0,0.0,0.0,0.0,0.0,394605398.1153437,230.79973909939204,0.11789880406360019,335953377.3441756,550.9726534346595,0.8160463286875119,0.0,0.0,0.0,0.0,0.0,0.0
Steel,2,4,16138.97,0.869,1.2288477927446366,0.06930933433771135,0.020406207585890124,0.3535834581501007,0.02,0.39341003911945144,0.2385002378252251,0.11530434787273408,0.7687689557253061,0.0,0.0,0.0,0.0,0.0,0.0,0.0,0.0,0.0,0.0,0.0,0.0,111227656.97303873,802.106660047759,0.14833138470508647,96605532.92228508,813.6349205479098,0.5121938065149143,118166180.35848801,525.7052762524854,0.6260695287336167,108882081.18754756,241.4029910980091,0.9983947928195237
Steel,4,3,15862.02,-0.862,1.2226524621248247,0.11300921034812929,0.026599176429540225,0.2958451031538847,0.03800882264971733,0.12227524621248247,0.3670379578411246,0.08396505773067475,0.3197325100965708,0.29976266097247334,0.08372790783643723,0.6376839048569356,0.41585457460293834,0.12736655294895172,0.850964682262594,0.0,0.0,0.0,0.0,0.0,0.0,491898160.2646392,702.1109304556707,0.14590176563481755,626218341.4496897,630.5591758225909,0.5789660018172601,442521614.8055239,233.08335135415493,1.0371933516107816,0.0,0.0,0.0
Steel,6,3,16140.2,0.876,0.6941964887082577,0.1442167385816574,0.024257726293257405,0.30085125721259104,0.09208527684211731,0.12791742093768665,0.32938571911351106,0.0890061753988266,0.253557316268057,0.15256808042438477,0.051578257083892826,0.3300121844950955,0.17120594577601111,0.043219437152147294,0.3927252949847442,0.2520931728832782,0.05367717176675797,0.4798386838773499,0.24766165180075572,0.044252759963274005,0.5543686070619867,241624338.19599825,932.4749635395592,0.0776553477081779,223922062.6973391,199.07468228246051,0.3098069341870041,293031026.09707415,186.4482587452503,0.5899270447066858,0.0,0.0,0.0
Steel,2,2,15860.45,-0.872,0.5883911550045013,0.11144934642314912,0.02143555217946909,0.15099366604289993,0.06831286251544953,0.22965979850292517,0.43326450339228484,0.0895840585231781,0.3426310127493608,0.0,0.0,0.0,0.0,0.0,0.0,0.0,0.0,0.0,0.0,0.0,0.0,332336609.0351098,921.2800549790543,0.09194862898609554,283082024.7219123,229.65955467539703,0.4864883867662299,0.0,0.0,0.0,0.0,0.0,0.0
Steel,6,2,16141.01,0.881,0.7375819146633149,0.13250408577919007,0.02661318633857509,0.19378766178227277,0.057913434207439426,0.10167975730722191,0.472753332768009,0.09711892485618592,0.2023938445273299,0.24955201637200336,0.08058056831359864,0.2968323393210982,0.2730942464346377,0.10358566939830781,0.4000274957758468,0.18617263136943632,0.09824131011962892,0.505889089076606,0.27761693474737165,0.07722093641757966,0.625659622511168,749235749.285641,496.48807081379056,0.12238149464200859,595849361.560366,372.4974570257835,0.5995380508809272,0.0,0.0,0.0,0.0,0.0,0.0
Steel,3,4,15860.14,-0.874,0.5087298154830933,0.10306498789787294,0.03348932363055574,0.2748330209982699,0.050720509886741635,0.19915712332932217,0.3455978702215613,0.054962517917156214,0.3082345452409988,0.35480701845677926,0.03496338114142418,0.4078464811922419,0.0,0.0,0.0,0.0,0.0,0.0,0.0,0.0,0.0,83516424.76470138,456.19483072861726,0.08813483638561821,88453286.69334996,387.9747431869283,0.293609879788573,82238740.649763,798.5192109282536,0.43590106503885917,89794788.67952652,219.7247537376684,0.4578568334260541
Steel,3,3,15859.48,-0.878,1.1508856922388078,0.12986293840408325,0.06000000000000005,0.308441016932976,0.058283701241016395,0.4969479721803756,0.35042605819143263,0.07951609998941422,0.6020929297407603,0.35243510930510785,0.08798647463321686,0.863018794675994,0.0,0.0,0.0,0.0,0.0,0.0,0.0,0.0,0.0,307200008.7927717,647.8269253704566,0.19870442925139542,331880283.619311,527.6402680599437,0.6772127836340386,311652495.67237025,447.6839039561073,1.0101829970367153,0.0,0.0,0.0
Steel,2,2,16142.8,0.892,0.6984894931316377,0.12134654366970063,0.009884548043226707,0.27964780978796205,0.03775770589709282,0.38939942264875466,0.307105338894086,0.15,0.5955582987383079,0.0,0.0,0.0,0.0,0.0,0.0,0.0,0.0,0.0,0.0,0.0,0.0,371825775.68634576,700.2951282625285,0.24267198451745875,292464576.88113976,619.3111277902995,0.6286405431199844,0.0,0.0,0.0,0.0,0.0,0.0
Steel,6,2,16144.15,0.901,0.7944058567285538,0.10768207406997682,0.013503541187631245,0.17861429113566835,0.03630771741271019,0.15434279716298926,0.2062986504696419,0.05917515099048615,0.23417180171239466,0.24406028125152898,0.08302166521549226,0.3096304840068139,0.2660580796306648,0.052027344852685925,0.4222299168312142,0.26745298254187755,0.02,0.5243185463641914,0.22901869788064763,0.11455827355384827,0.6509595598389843,488648878.8902573,212.98682533300513,0.11952207234128998,549234239.7227412,363.7989871852288,0.6821439751117077,0.0,0.0,0.0,0.0,0.0,0.0
Steel,4,2,16144.23,0.901,0.8257925435900688,0.14516703534126282,0.022977501385661132,0.3115491448868977,0.06951722025871276,0.11491527408894034,0.2249317225693363,0.13957656264305116,0.2961094626030632,0.34887443278447366,0.11330650210380555,0.5473826446773508,0.3719063550534594,0.049572842866182326,0.6782350122068156,0.0,0.0,0.0,0.0,0.0,0.0,587466507.1523296,742.0658514612901,0.14379350532819643,600774984.6365442,510.3862423418876,0.7432132884052693,0.0,0.0,0.0,0.0,0.0,0.0
Steel,1,3,15855.79,-0.901,0.9635817512869835,0.10298021388053895,0.02452434207539053,0.15937091062018058,0.02,0.37915413421807,0.0,0.0,0.0,0.0,0.0,0.0,0.0,0.0,0.0,0.0,0.0,0.0,0.0,0.0,0.0,82436923.55022411,777.8880798298956,0.1198353966865019,70828192.55394809,781.4108289212386,0.4293019512590012,83358524.11594278,370.5685798396087,0.7449218108055103,0.0,0.0,0.0
Steel,3,4,15853.9,-0.913,1.752872595191002,0.12352526807785036,0.012365034642961296,0.23284528236311777,0.07175254136323929,0.8485291732898697,0.3043705245027228,0.03346635572612286,1.067575745436172,0.3597404251845732,0.11246812641620636,1.5575876392249675,0.0,0.0,0.0,0.0,0.0,0.0,0.0,0.0,0.0,604011377.623815,276.4423340099839,0.37284129904849356,333176937.94625163,401.39357499773513,1.116259699273893,429396725.59640735,987.3140283907603,1.2334405643138964,493792448.56597716,205.06947852575607,1.5775853339190293
Steel,5,4,16147.48,0.922,1.18926599919796,0.08401512104272843,0.026789019047401733,0.23942757398571082,0.07537942260503769,0.2054592905292624,0.3703085748382804,0.03164200313389301,0.38635447711170373,0.16954349043772868,0.15,0.6239551265769699,0.3370732166639314,0.09829149782657624,0.8434405385869322,0.2605728816839199,0.08859945893287659,0.9944741207243272,0.0,0.0,0.0,494842999.29726386,326.7110412878933,0.12606344847999598,360099891.8715495,478.0445806676919,0.45596553792298794,393799858.66422427,393.63556269317235,0.6613282319803423,384648841.72790605,401.0042833941396,1.0618736412327319
Steel,4,3,15853.08,-0.918,0.7870187431573868,0.08165379309654237,0.04511402781476849,0.30916075424236744,0.06677352100610734,0.07871187431573869,0.27596049185264765,0.06073070645332336,0.20959864168372616,0.31105566098765325,0.07478561222553254,0.3370269434848946,0.337922604672863,0.10165103673934937,0.5619341099313272,0.0,0.0,0.0,0.0,0.0,0.0,225924345.4051693,443.4680615424415,0.10757730268776432,261162154.67800143,984.9771666468096,0.4087252084996362,278128365.442837,293.3728824897593,0.675169713257736,0.0,0.0,0.0
Steel,5,2,16148.64,0.929,0.9350552663207055,0.13708189117908479,0.015601542882621496,0.37748636651242434,0.11767105042934418,0.11105573763582575,0.2932216801495877,0.04884221151471138,0.4057463158345274,0.2351793828420929,0.02,0.5060003629574246,0.23048393144547777,0.07726121753454208,0.6388884815959807,0.15910632364176175,0.02,0.7554525994061914,0.0,0.0,0.0,551512731.4181708,326.20761739048845,0.12508606410486212,656336354.2125487,237.1785233045952,0.8226157506873952,0.0,0.0,0.0,0.0,0.0,0.0
Steel,6,3,16148.83,0.93,1.1690271362662314,0.12603595352172853,0.03482305974065768,0.19785346402146195,0.09311234652996064,0.26819029808812195,0.21790443912767524,0.059482077062129976,0.4372305525465724,0.18148634185077436,0.0920799458026886,0.5659932823855415,0.3366592964666391,0.08222365975379944,0.7185804971972602,0.1332286266560434,0.10057095110416413,0.9266714050469284,0.23518158008967108,0.05879276514053344,1.0408276203481386,268954322.61644596,668.7943986403345,0.13842274709120983,315050836.7497669,576.5080070437311,0.6191275615177579,343996012.21042603,215.6356613943175,1.0521244214705812,0.0,0.0,0.0
Steel,2,4,15850.85,-0.932,1.121316397190094,0.07335633301734924,0.017919621932355478,0.24671053827532163,0.08258883595466614,0.35266802238083583,0.26584350579985394,0.1285676097869873,0.8828381584245408,0.0,0.0,0.0,0.0,0.0,0.0,0.0,0.0,0.0,0.0,0.0,0.0,159003667.86172256,385.60395455514106,0.15026020845600035,137843129.8871259,712.0334986400276,0.6243162928939814,126335412.83856826,218.6652757847314,0.7109816019181595,136345828.28654778,474.23414715553866,0.9714350589827091
Steel,5,2,16151.21,0.945,0.8500267684459687,0.12259414196014405,0.03429090396181455,0.33425594427199085,0.11686566054821015,0.2039476393588278,0.17887316739212447,0.10412964463233948,0.36201466914379443,0.21961168791537372,0.07005354374647141,0.45854411572037357,0.1915702603515619,0.11377717554569246,0.569985215332482,0.22203722635386047,0.075195552110672,0.7017594696749465,0.0,0.0,0.0,698066002.5952473,809.3110162788018,0.14384089975103215,550000000.000001,539.343468515684,0.7476064209728376,0.0,0.0,0.0,0.0,0.0,0.0
Steel,1,2,16152.17,0.951,0.5861684709787369,0.08743328034877779,0.021754298291298487,0.13705810404085395,0.08944377005100251,0.3376833623630836,0.0,0.0,0.0,0.0,0.0,0.0,0.0,0.0,0.0,0.0,0.0,0.0,0.0,0.0,0.0,59672336.11696475,459.9084217169287,0.17749206570541054,56274948.94173799,413.769993637469,0.5002114005847216,0.0,0.0,0.0,0.0,0.0,0.0
Steel,6,4,15849.05,-0.943,0.7383555591106414,0.0989346582889557,0.0010069918492340898,0.2803376989778645,0.07684758543968201,0.1091486900695875,0.17783688566327735,0.1465842294692993,0.23665417536340044,0.4812069661207106,0.06098844826221467,0.3664288421849682,0.16964918249895367,0.07964631915092468,0.4409252391842648,0.20395131837615424,0.08527729153633118,0.5509817521721965,0.1673726906604538,0.03524470292031765,0.6315119895963811,224636398.61919132,727.0729151817058,0.07875299000498302,256594523.15600622,170.65980980822232,0.3994744076967869,283266238.7872251,200.0286069608015,0.5729407810406821,291846206.40438515,481.44276374769413,0.6555568013234956
