material,n_disks,n_bearings,cs1_pred,rel_err_pct,L,OD,ID,d0_OD,d0_W,d0_pos,d1_OD,d1_W,d1_pos,d2_OD,d2_W,d2_pos,d3_OD,d3_W,d3_pos,d4_OD,d4_W,d4_pos,d5_OD,d5_W,d5_pos,b0_K,b0_C,b0_pos,b1_K,b1_C,b1_pos,b2_K,b2_C,b2_pos,b3_K,b3_C,b3_pos
Steel,3,2,5000.05,0.001,0.53805161267519,0.07548331785202027,0.012757783060193156,0.1504377036628494,0.11473734378814698,0.08736576908794501,0.3201369809482212,0.07473271250724793,0.21678761418286802,0.17349467129418836,0.06296466380357743,0.33271029435833516,0.0,0.0,0.0,0.0,0.0,0.0,0.0,0.0,0.0,15095788.46810437,232.75071295556413,0.11224206037667649,13237240.234170768,1045.8658630579628,0.4553905566038815,0.0,0.0,0.0,0.0,0.0,0.0
Steel,5,4,5000.16,0.003,0.95051828622818,0.11359598433971406,0.029938707304589467,0.2237843344298385,0.09685865700244904,0.10694703159739896,0.3771663505918256,0.12553709983825684,0.2827956898673912,0.2945738911215613,0.1138067674636841,0.4288680783061904,0.2178282717714285,0.03398114390671253,0.6247092341986522,0.23252103065214436,0.10833931386470795,0.7668583998078806,0.0,0.0,0.0,27028679.088490136,872.4690900902542,0.12893447379316128,33360373.248304226,352.27009235098103,0.465251085213378,27891709.284496676,874.5230308909122,0.5450831519987311,34483528.37155169,194.00426474498107,0.8243325808226618
Steel,5,4,5000.18,0.004,1.0696557819843293,0.10098760128021242,0.015471608156696973,0.29245774230796134,0.026647444888949396,0.19991916253046849,0.22225911267844115,0.10307265758514406,0.3539233275263391,0.360974999678558,0.053063513338565835,0.6697953252326438,0.2493157509500289,0.11823942601680756,0.7724296331306706,0.5291311446168587,0.046542553752660754,0.9233455568781751,0.0,0.0,0.0,27338936.700722106,198.38092388596,0.13305180831082825,29217189.936954066,432.26156713080985,0.4502677451662239,25551952.044019934,836.3128157412118,0.5577457903323956,31196762.609379034,1054.3717552861294,0.9425234212749408
Steel,1,4,5000.2,0.004,1.2517106622457506,0.12339345192909242,0.03918444062606414,0.28705028034201363,0.053365069627761844,0.47223628699196263,0.0,0.0,0.0,0.0,0.0,0.0,0.0,0.0,0.0,0.0,0.0,0.0,0.0,0.0,0.0,12963919.215817135,228.71024801577147,0.19713868223689285,13238153.59052981,676.7672653813664,0.7032061071621875,14620661.963102654,1099.9999999999995,0.8710105945309835,15796955.007411191,394.4684441040676,1.0530044691386231
Steel,1,2,5000.31,0.006,0.7802268043160439,0.0917885708808899,0.019264901294286405,0.3705410291000545,0.03793806433677674,0.3165920965715566,0.0,0.0,0.0,0.0,0.0,0.0,0.0,0.0,0.0,0.0,0.0,0.0,0.0,0.0,0.0,10047881.263306847,925.7673030663356,0.13101959971720623,9726390.17343906,621.6278465067066,0.599025147648252,0.0,0.0,0.0,0.0,0.0,0.0
Steel,4,4,4999.61,-0.008,1.3735084980726242,0.09478036749362946,0.01483703439822056,0.5034909314694185,0.10032300353050233,0.20160006684419557,0.21186818876087699,0.08198750168085099,0.4442788948747639,0.3918871682111244,0.12144903719425203,0.7105428878084658,0.3163897851188448,0.11900330662727357,1.0997732402305889,0.0,0.0,0.0,0.0,0.0,0.0,67162165.49139039,510.87159846052737,0.17093685785993146,56386862.13096023,856.9686584786298,0.9520796090475564,60741747.90784148,181.9418151790102,1.0297678342912828,69110712.42999619,650.7955188786292,1.2354897865544037
Steel,4,3,5000.46,0.009,1.4048169493675233,0.09915655529499055,0.011172918906499246,0.24948645345489606,0.09379585087299347,0.40112594836275095,0.4972828738737547,0.0782965162396431,0.6301280593076808,0.33263922980441857,0.11127614319324494,0.8204370741718434,0.46168387317487725,0.12781787812709808,1.1459972325504664,0.0,0.0,0.0,0.0,0.0,0.0,82835852.66101353,1078.556637254767,0.15747105248033724,129750797.09231323,112.95786092370868,0.43309578344909044,92941449.35072853,398.9234591297869,1.2414685779554442,0.0,0.0,0.0
Steel,4,4,5000.51,0.01,1.502680104970932,0.0774218083024025,0.008859172467066379,0.23546985819097627,0.0901837694644928,0.4202355968607472,0.39710597969500455,0.07225643306970597,0.604619212448005,0.272036245504911,0.041799978166818616,0.7536873643383539,0.4855955156618823,0.12220975637435914,1.0331090563848915,0.0,0.0,0.0,0.0,0.0,0.0,41603241.81897775,599.2461829537582,0.19444398226180587,40643004.055984095,234.51573533444184,0.4947802170116442,56320223.08691609,649.3909916101572,0.6778649744955674,50616314.182507165,250.0458383560467,1.2407606960444064
Steel,2,2,5000.54,0.011,1.1896359503269196,0.12787391448020935,0.022524409924378035,0.3637126408369239,0.049533398598432546,0.36257956714494616,0.1995419313670768,0.14210521101951598,0.647683875626599,0.0,0.0,0.0,0.0,0.0,0.0,0.0,0.0,0.0,0.0,0.0,0.0,28191308.91505655,239.92570679568857,0.24454464388710243,33177992.16379272,323.3174443526932,1.0049003454439227,0.0,0.0,0.0,0.0,0.0,0.0
Steel,5,4,5000.56,0.011,1.2368185579776765,0.10168046975135804,0.04217764474408537,0.3623816542507483,0.15,0.23757035243627847,0.4205220975486087,0.10240499913692475,0.5846100206931211,0.43924598004968557,0.06674626529216766,0.7333739274006074,0.26383260313427476,0.03249545373022557,0.8612193054700353,0.25332542882647957,0.04129987940192223,1.0859716071438925,0.0,0.0,0.0,46124292.27044209,508.11349356231403,0.15710039163013412,48814528.83812905,432.39516705399734,0.8111724275004218,55538596.41758837,639.8560117741343,0.9369762704345916,56034505.74275279,414.6782625253087,1.1131367009430901
Steel,5,2,5000.58,0.012,1.548399668931961,0.09826306796073915,0.03181086825962904,0.30433789286805113,0.11017253279685975,0.3423273306769733,0.2911167747323179,0.08872405648231507,0.6220326190279268,0.21488936930569066,0.04313041538000107,0.724613655452649,0.19376896726669576,0.10251025617122651,0.9205831662381134,0.26194505666661905,0.13121393620967864,1.221158161769152,0.0,0.0,0.0,164978187.70119503,365.50950576799767,0.25496122440551566,199368782.4462763,422.4225453714667,1.3431775157572408,0.0,0.0,0.0,0.0,0.0,0.0
Steel,6,4,4999.38,-0.012,1.1226558849215507,0.12884001326560976,0.02121259010377836,0.20394141904364615,0.15,0.13229045525398914,0.31649091684667674,0.05779673248529435,0.3106903553545576,0.3755599467156113,0.11710874974727631,0.4462984567421578,0.2757215199671495,0.09934541642665863,0.6353857152807892,0.17784646245200758,0.08102249443531037,0.8031283557005953,0.2706515093623245,0.07668703824281693,0.9719329596354641,35817068.18872499,606.2866731198753,0.14815174659018346,42114065.38926762,871.855277552981,0.6552514350584685,32605055.07367709,1099.9999999999995,0.8351700276065515,42578239.89802283,532.3026475397701,1.0051885636030482
Steel,3,3,5000.63,0.013,1.2414702385663987,0.11954733026027681,0.031510683317215536,0.31775170824413324,0.07959556192159653,0.2535397228252298,0.3577746244483808,0.08896870315074921,0.5057139772941925,0.2647003725803337,0.06976008862257004,0.971686167862273,0.0,0.0,0.0,0.0,0.0,0.0,0.0,0.0,0.0,26521768.271788906,819.229459016664,0.14826874122878095,21357294.924058784,579.0022840461976,0.667840534625441,30828219.354733214,387.1683334618291,1.063271220793558,0.0,0.0,0.0
Steel,3,4,5000.72,0.014,1.080437073111534,0.05641495746374131,0.03188373056993115,0.3042248185305246,0.10076520085334778,0.15665030676758734,0.12709056789126133,0.1482837462425232,0.45079237975471975,0.20787734263659338,0.15,0.8984378288573476,0.0,0.0,0.0,0.0,0.0,0.0,0.0,0.0,0.0,17796126.56812301,257.39487048940117,0.17569329389699248,14006173.44413395,532.1172940261253,0.5555232350274388,14958330.393149452,890.6802984338258,0.6203931972273606,15069276.65377386,1099.9999999999995,0.9122722021902996
Steel,5,4,4999.27,-0.015,0.9505414977669716,0.08819755840301514,0.01946433503642256,0.46205842884424575,0.12523092925548554,0.1417370512746665,0.19373506461529175,0.06787659674882889,0.34924351662704933,0.2256841630384532,0.10815825998783113,0.5082745841396876,0.4453240657551312,0.08109349876642227,0.6437684023073867,0.5505338081800292,0.05260526865720749,0.7843658544997034,0.0,0.0,0.0,52349407.41480189,654.1726838547679,0.10405669165921336,51487659.26159937,500.4351693834089,0.3053775094790518,36816332.600723796,285.26035823687073,0.40606655071639736,36816332.600723796,200.9566435469516,0.8285077563482209
Steel,6,4,4999.26,-0.015,0.6229695938527584,0.12243763673305513,0.02227727494824704,0.34664810191939743,0.02,0.06601477149834889,0.24141907217782518,0.11872492253780366,0.15006162780833215,0.2925724244321245,0.0604096856713295,0.2544539716297698,0.26755841499194766,0.09839063346385957,0.364717556947173,0.29837786654163423,0.10865324854850769,0.4800173869110248,0.3096697007549531,0.0327032557874918,0.5555106941723611,18941771.62097549,309.550396141461,0.08664124359131078,17620044.53843989,612.4944436773808,0.34389546167922613,21710585.131088443,437.0173320479864,0.42693469399761996,20723492.313879393,470.5283065620499,0.5455096941723611
Steel,2,4,4999.0,-0.02,1.0476324424147605,0.0741362099647522,0.006488424418328795,0.3300012347655282,0.07667835205793382,0.41717294674835,0.5216903860143114,0.09640084624290467,0.8118356573613464,0.0,0.0,0.0,0.0,0.0,0.0,0.0,0.0,0.0,0.0,0.0,0.0,34894435.15607244,424.9661827475778,0.22038977659325928,36064976.21211394,882.9083657368436,0.31993913026552323,29158208.985561702,584.8358608551287,0.6496705862226335,29105276.627878785,1099.9999999999995,0.8899571710777786
Steel,1,2,4998.97,-0.021,1.4751812130212785,0.1081406798362732,0.005774854420454979,0.28285190265857046,0.08257317215204239,0.6587996561497013,0.0,0.0,0.0,0.0,0.0,0.0,0.0,0.0,0.0,0.0,0.0,0.0,0.0,0.0,0.0,34539829.38183453,105.6752872429794,0.25151725921417595,34924566.29258001,230.8072144729061,0.9286338870321937,0.0,0.0,0.0,0.0,0.0,0.0
Steel,5,3,5001.04,0.021,1.4476860702037813,0.0939059238433838,0.04260420592310186,0.17959177729442966,0.07154599845409393,0.3543567576377292,0.3945201219475346,0.10132187604904175,0.4675654177150586,0.2825697296975143,0.07823355495929718,0.6939809048463554,0.25626914762304787,0.09581240177154542,0.876229236030151,0.3889033587847415,0.10313629686832429,1.0424505256492436,0.0,0.0,0.0,44759083.75486597,355.2243150051443,0.18316320643472347,44396851.03038628,896.3505695570004,0.7576021665375172,40508294.032865174,216.6692318164784,1.2703035983764113,0.0,0.0,0.0
Steel,1,2,5001.19,0.024,0.6007814854383469,0.10064086234569551,0.009085669484947179,0.3988567698553683,0.10583516657352449,0.37709032702732687,0.0,0.0,0.0,0.0,0.0,0.0,0.0,0.0,0.0,0.0,0.0,0.0,0.0,0.0,0.0,31908183.868689068,300.6944810160784,0.0757240227546242,27217544.085219197,359.50334574999357,0.4235310718025852,0.0,0.0,0.0,0.0,0.0,0.0
Steel,3,3,4998.69,-0.026,1.6196270048618318,0.08721388441324235,0.006742166614051497,0.322926140736723,0.04377329379320145,0.347875445896291,0.3130570017279926,0.10975908279418946,0.9584011009866481,0.22228626512177466,0.1104232931137085,1.1732460244065779,0.0,0.0,0.0,0.0,0.0,0.0,0.0,0.0,0.0,39006837.2322002,814.0180505716039,0.1845314241695609,36538191.84626756,825.2362603563193,0.6236544537058397,34365643.57608385,229.13662421390913,1.4235241860025512,0.0,0.0,0.0
Steel,5,2,5001.32,0.026,1.4353772282600403,0.10896664249897005,0.004836211624082085,0.3196048346565385,0.06448107719421386,0.2898298828654213,0.24702340858083385,0.02,0.4525531140894631,0.319857928565947,0.12185039162635804,0.8080883089401463,0.2763349098562068,0.059103581011295314,0.9588875982650704,0.4420202521945061,0.053009431958198544,1.2532793184792648,0.0,0.0,0.0,108862644.91577113,367.7603921587137,0.17773072518985075,98392705.95349683,261.417807659778,1.2663494218276803,0.0,0.0,0.0,0.0,0.0,0.0
Steel,5,4,4998.64,-0.027,1.2685448169708253,0.10543971836566926,0.01843034692922492,0.1742135405252196,0.11251185953617096,0.24564171369556922,0.28456762852551676,0.08671241819858552,0.5775606534038421,0.3273485997423804,0.03101175881922245,0.7287544302165133,0.21975639831659222,0.06613266497850419,0.8432720337677585,0.1666182225033041,0.1124233239889145,0.9747059525185108,0.0,0.0,0.0,17000081.044380162,569.2177405646488,0.14176083597583886,13969346.172487654,552.5809561922568,0.6056694225206072,14754858.684531936,204.90923723323985,0.903026441653349,14383799.051581826,434.8002461858988,1.1409408947694697
Steel,4,3,5001.41,0.028,1.6710933268070223,0.09141082882881166,0.014338405295998141,0.3498482591818508,0.05672542214393615,0.26554648200994346,0.33154744947546133,0.03956468418240547,0.792732252096008,0.26379946031357,0.08989315807819367,1.13732624520292,0.37512135686489834,0.09028116166591645,1.3741956334430478,0.0,0.0,0.0,0.0,0.0,0.0,39923179.09136875,553.8126052420708,0.21385467258833216,27424377.699351422,677.0893001947504,0.762432649762901,36996952.33556768,985.8133514772162,1.4676022959054107,0.0,0.0,0.0
Steel,1,3,5001.42,0.028,1.3965571701526642,0.13842892289161682,0.02701702119883867,0.24690657054887757,0.05537841647863388,0.7121118418345526,0.0,0.0,0.0,0.0,0.0,0.0,0.0,0.0,0.0,0.0,0.0,0.0,0.0,0.0,0.0,27825551.121643618,364.5062316359575,0.16441896356379088,23751906.131000713,654.6041818944716,0.44014325753722455,22746340.470493283,594.3226751073018,1.0695935457819554,0.0,0.0,0.0
Steel,6,4,4998.54,-0.029,1.6339372217655181,0.08222383403778077,0.01645449955449916,0.25228697419496826,0.02,0.23195585493197723,0.30431841147795863,0.05538891971111298,0.3610388331681147,0.24898337213845484,0.10153760492801667,0.6904670623158644,0.28350886318839513,0.06565038800239563,0.8229062842959874,0.2527560929925036,0.1322673124074936,1.0571242353892873,0.25998438993821726,0.027034805826842784,1.30145893247823,20034037.82447594,482.8111274964677,0.20229645432773363,34346379.74130068,961.9687055926438,0.9271517728058825,20763388.621259004,210.88602401010021,1.1827839940542089,23950491.63408554,353.78745769911114,1.4401368067229532
Steel,2,3,4998.43,-0.031,1.2506974041461945,0.10327361357212068,0.012730869411210658,0.19238174749249626,0.08597131848335267,0.27312877324324925,0.1740565133996621,0.12862990081310272,0.7775574329338928,0.0,0.0,0.0,0.0,0.0,0.0,0.0,0.0,0.0,0.0,0.0,0.0,13889394.646205628,542.8423060700886,0.1498890404607966,13532448.04540012,140.5324405951765,0.43211701770675404,13450252.539851166,756.860067237938,0.9791462689858127,0.0,0.0,0.0
Steel,3,2,5001.61,0.032,1.216786503791809,0.12555508780479432,0.03531647547825171,0.3039398389313894,0.06856912821531295,0.22818635456083336,0.42877659496579473,0.07365589290857315,0.4263848074513029,0.19768943729417532,0.15,0.7922718996053915,0.0,0.0,0.0,0.0,0.0,0.0,0.0,0.0,0.0,41821008.92548034,922.4738555918375,0.14229031229492145,37125668.85318067,237.3901849232356,0.9599581677778377,0.0,0.0,0.0,0.0,0.0,0.0
Steel,2,3,4998.39,-0.032,0.8290212079882622,0.053862629830837255,0.024401523340219118,0.3720596892395614,0.09407972872257234,0.16318873526586086,0.3067099211122024,0.07042324125766754,0.38576921420069715,0.0,0.0,0.0,0.0,0.0,0.0,0.0,0.0,0.0,0.0,0.0,0.0,16568037.61674167,754.0768534104802,0.08290212162784744,13325417.121737976,319.6366660576785,0.2779952868841713,16711757.243579559,1053.957824124884,0.6231065120091368,0.0,0.0,0.0
Steel,2,4,4998.36,-0.033,1.7544210970401766,0.11213781368732453,0.0317070033351945,0.3278885125881459,0.0811522951722145,0.34634817458667994,0.23206865665237156,0.04113212794065475,0.9433723556456375,0.0,0.0,0.0,0.0,0.0,0.0,0.0,0.0,0.0,0.0,0.0,0.0,17427897.4610978,273.96368959839407,0.2028836920721169,17360820.02413571,498.6040303674468,0.7378489100194459,20001429.971028946,528.8497769167715,0.9964088749525286,19434774.494719848,747.9484873624036,1.4291548943785943
Steel,4,3,4998.33,-0.033,0.96676035374403,0.08058574712276459,0.01954310765232158,0.3079395410173994,0.10168916761875153,0.2673098937997346,0.20582274933735037,0.05894025981426239,0.4588861704291045,0.26852929673940384,0.051056487411260607,0.6330595322327939,0.22115539772456339,0.08940136969089509,0.7713236588181313,0.0,0.0,0.0,0.0,0.0,0.0,17155746.618309844,482.1287106154527,0.12225974520613161,14258007.78694079,472.25912581509556,0.5317981082825571,16883192.81223773,847.1150892145331,0.8368568617425834,0.0,0.0,0.0
Steel,4,3,5001.74,0.035,1.5198360234498978,0.07837014567852021,0.027089083930708805,0.5666082275890258,0.06527280241250992,0.43868076699624936,0.2484002776063353,0.03419619962573052,0.653617573040684,0.29235035556870487,0.07144707590341569,0.9140645748286781,0.48984152734326597,0.11244435369968415,1.1485775221800572,0.0,0.0,0.0,0.0,0.0,0.0,54839921.33370557,594.6884093031452,0.20883075941018986,71003891.9348444,641.6696076826506,0.7785157707454614,47114086.612382635,371.77803641100166,1.3460549463748057,0.0,0.0,0.0
Steel,2,4,5001.78,0.036,0.44949502982199196,0.07716459161043168,0.015825428115109067,0.3194308803828353,0.09796790838241577,0.09200148202541308,0.3287648202829038,0.06371987372636795,0.23363610365290277,0.0,0.0,0.0,0.0,0.0,0.0,0.0,0.0,0.0,0.0,0.0,0.0,8371583.7014865745,653.6849264807054,0.05528044473667536,11994984.401324308,696.2983569288665,0.11553986717816983,7504510.407462976,425.95047589401844,0.2819020125265183,10951831.714976901,271.0066968749778,0.37165358132731363
Steel,4,2,5001.81,0.036,1.267763012647629,0.09213669788837434,0.010507483230917988,0.2806238446297959,0.11416166126728058,0.3219174223812895,0.22225828969739314,0.0874769961833954,0.6884443565595371,0.3224314392909514,0.021737057669088244,0.9669764399242032,0.22462383822014326,0.07138617187738419,1.123321076188314,0.0,0.0,0.0,0.0,0.0,0.0,31085082.654306162,821.7037780475722,0.1667095176955028,29554710.744265206,1099.9999999999995,1.048653183442579,0.0,0.0,0.0,0.0,0.0,0.0
Steel,1,3,5001.88,0.038,0.6666419111192227,0.08018590593338014,0.014434993145221295,0.29768810887587444,0.08173543959856033,0.5999677200073004,0.0,0.0,0.0,0.0,0.0,0.0,0.0,0.0,0.0,0.0,0.0,0.0,0.0,0.0,0.0,11591139.02137978,730.1030143163201,0.1339150190091233,11484923.737130135,635.5922458223368,0.3852070537531208,11945918.726409826,1033.3438856395792,0.5899667200073003,0.0,0.0,0.0
Steel,1,3,5001.92,0.038,0.9651405081152916,0.1199023553133011,0.015062198999184649,0.2889195170019819,0.05670183926820756,0.4720015325561545,0.0,0.0,0.0,0.0,0.0,0.0,0.0,0.0,0.0,0.0,0.0,0.0,0.0,0.0,0.0,10176579.103144297,560.6243746616311,0.12874490856350002,13056002.034773637,682.7597308838767,0.5870735277904804,10162538.61110052,290.17267397973444,0.7736883823259408,0.0,0.0,0.0
Steel,6,2,4998.0,-0.04,0.5156385011970996,0.1090094188451767,0.028586283550371995,0.27791392826201783,0.04410847514867783,0.059678840457637806,0.327363272771836,0.10556470155715943,0.14173982570695692,0.3100092706147887,0.08364912778139115,0.24300971100014784,0.34397895942964,0.03373410679399967,0.3065717059246463,0.2004370335163694,0.08008590131998063,0.3707964298728652,0.2781020160179745,0.09411602318286896,0.4624215304834896,37615532.403125264,688.7969894009284,0.0779452852929182,36170989.71312504,588.9799292094789,0.4524205304834896,0.0,0.0,0.0,0.0,0.0,0.0
Steel,4,3,5002.01,0.04,1.1086573973298073,0.08976491284370423,0.013242494721449017,0.2628641214085449,0.07334020316600799,0.3328412580708385,0.36526956546046135,0.08135681957006455,0.4813119420755019,0.3961370487664291,0.07064636617898941,0.7777631744725978,0.36818895473913044,0.12617752194404602,0.9544374239049493,0.0,0.0,0.0,0.0,0.0,0.0,41520099.61178418,458.9792544300834,0.13334171193404865,51245815.261742935,612.0444085575639,0.4058083187234266,43882107.32309653,928.8537536226693,0.9977916564881691,0.0,0.0,0.0
Steel,5,2,5002.04,0.041,1.1532480865716934,0.07708655059337617,0.036830538704066204,0.537961804151483,0.09890343606472016,0.35952156182574,0.18345087437525157,0.05329600632190705,0.45262693962787287,0.41871894378876506,0.07919916272163391,0.6882461844425941,0.29139185082601393,0.10935239732265473,0.8706208228038181,0.4599068838451206,0.06326826572418214,1.0013210533282215,0.0,0.0,0.0,319669602.0878417,958.4792676397406,0.20612524610333877,387108242.18826926,409.9843424376535,0.9584038442047706,0.0,0.0,0.0,0.0,0.0,0.0
Steel,5,2,4997.93,-0.041,1.224374195933342,0.09964979517459871,0.031321266334760595,0.3303856767157203,0.14223561227321624,0.2249392666202472,0.4532280859100277,0.1057662969827652,0.4641869400199596,0.35864698776221604,0.06370734035968781,0.6754162560080536,0.2255426157287871,0.04424816310405731,0.8833378248961703,0.32373611505516525,0.04958439409732819,1.0270375445101507,0.0,0.0,0.0,129926013.32051171,866.01552415279,0.15466520589888683,118592283.83558728,762.2994650831417,0.990429287796394,0.0,0.0,0.0,0.0,0.0,0.0
Steel,1,3,4997.87,-0.043,1.8030639916658402,0.10756160795688631,0.041874731041355175,0.4335063962062448,0.08173335909843445,0.5454798295460175,0.0,0.0,0.0,0.0,0.0,0.0,0.0,0.0,0.0,0.0,0.0,0.0,0.0,0.0,0.0,20220084.827538386,209.9000952013014,0.1935117739853075,21325245.33437924,508.23006137740737,0.5570827835949066,23111688.25318072,853.4884589747251,1.314238199344566,0.0,0.0,0.0
Steel,6,4,5002.14,0.043,1.7173100918531419,0.10804953253269196,0.01989604879347551,0.22739324957423176,0.10220984280109406,0.25676206167424487,0.4281088650265264,0.07618245691061021,0.7113104141130511,0.25366603132837207,0.07908616870641709,0.7986052388714239,0.36482018396858007,0.0750611099600792,0.9319611475937744,0.16673397496117842,0.07810033708810807,1.1167253042183423,0.303088845205764,0.04416509225964546,1.2697842890728315,36688083.55188035,424.4993536768989,0.18265559469412823,36155192.25083882,608.4564749129623,0.5861047226266193,32218021.15947345,321.96566355340536,1.1793798458842142,37692469.16466745,1099.9999999999995,1.5270857886914553
Steel,4,4,5002.17,0.043,1.1820080101490023,0.11472254943847658,0.06000000000000005,0.26204083504431736,0.04978916838765145,0.16652544716912496,0.23603959728175955,0.11448752880096437,0.4961135755317387,0.22583109169022064,0.1270129531621933,0.8213110607305056,0.3280796777997365,0.02398089775815606,0.9337061128466704,0.0,0.0,0.0,0.0,0.0,0.0,20438492.82223576,631.8860129751561,0.1333391421053078,22315701.345612504,475.8101377646154,0.31990020874793945,19836479.61269933,983.233676938649,0.44567069202920306,15922176.858845621,796.1699174264331,1.0332818829684842
Steel,6,4,5002.21,0.044,0.6926351130008698,0.07820895570516587,0.01810495680709612,0.3132764895469577,0.07774838775396348,0.10269843444111508,0.1690719900387702,0.13601726472377776,0.2139820329074176,0.30576894596503695,0.05617214471101761,0.3207389189791794,0.22402395191259133,0.06377619832754135,0.3954616817153737,0.3850306117354722,0.07937441676855088,0.4792868506020726,0.2977550693055415,0.08893337726593019,0.5926451179251313,22778036.63769327,815.3353394642943,0.11903202236500185,19032461.378525093,283.2970870681208,0.43271523774189924,26928001.089005746,362.59386463465285,0.5281239936842053,25939604.9139515,310.7621169791151,0.6113953192798117
Steel,4,2,5002.22,0.044,1.0444460660219193,0.08971894562244416,0.03913615020454474,0.4248186056205002,0.11899478316307069,0.23228232247093047,0.3131308910988216,0.07584412574768067,0.4659815971782979,0.35325217865801867,0.02,0.5998285221403071,0.23561058857648087,0.037414394319057465,0.7701480629462399,0.0,0.0,0.0,0.0,0.0,0.0,56948057.99793862,486.6756406678187,0.13503399541186947,59427633.25483877,351.29900895438334,0.8949210504618269,0.0,0.0,0.0,0.0,0.0,0.0
Steel,6,3,4997.64,-0.047,1.3369159758090974,0.08928192269802095,0.02687148846075479,0.14815240491663093,0.12851611256599427,0.211828710792938,0.22758621640841073,0.09206557989120484,0.47873672147067137,0.24661204392212804,0.0958098602294922,0.6182467822238403,0.30064561217389735,0.1146718990802765,0.7708585942886901,0.2128698190547383,0.045506588667631145,0.8710392125649777,0.25385384521553184,0.10468951225280762,1.0298224939593816,34727713.29390056,331.3270158189616,0.15614607165276265,34451194.65738764,770.6886739410581,0.8368109387638573,36373573.22452399,385.17177931750786,1.172358591801571,0.0,0.0,0.0
Steel,3,2,4997.64,-0.047,1.1348899096250533,0.08290275406837465,0.049727691101594806,0.28667542259890894,0.0882561880350113,0.2913287151577564,0.33017630447009616,0.06166296809911728,0.46966198606754117,0.2848770801640045,0.07959887444972992,0.7143120656656448,0.0,0.0,0.0,0.0,0.0,0.0,0.0,0.0,0.0,69087258.29919544,630.273921101516,0.15622583163116383,85253545.17654765,302.32496106172164,1.0045221432685798,0.0,0.0,0.0,0.0,0.0,0.0
Steel,3,2,4997.61,-0.048,0.7056247256696224,0.09399603009223939,0.022645627182930762,0.3967500844778673,0.08929973125457764,0.09165609190659904,0.20759163116926374,0.10399423003196717,0.32787758235537096,0.2013924240684115,0.12211796641349794,0.5081146799504599,0.0,0.0,0.0,0.0,0.0,0.0,0.0,0.0,0.0,31804957.45937626,534.7809871998039,0.10690481030865744,38167090.53758644,568.8690798192423,0.6050821142866123,0.0,0.0,0.0,0.0,0.0,0.0
Steel,3,3,4997.47,-0.051,1.6920312374830246,0.1240514408349991,0.010265646287697074,0.19567015521949008,0.10137283086776734,0.42363783154573753,0.38042538904774587,0.07004589200019837,0.6060273001850519,0.23272679703147314,0.09873178124427796,1.144258281893018,0.0,0.0,0.0,0.0,0.0,0.0,0.0,0.0,0.0,27549658.705279186,482.594090749511,0.25288919253198744,33145470.560959436,935.9447985617287,0.9162075374896104,32221761.87744123,490.2041909507903,1.4117844397519193,0.0,0.0,0.0
Steel,6,3,4997.38,-0.052,0.8715172350406647,0.06400542289018632,0.012526372443158995,0.23168879578247834,0.10828360915184021,0.11620992301114375,0.16161951049637696,0.12888723969459534,0.2732890386105383,0.289802300701246,0.10788006186485291,0.4168685307417985,0.3270321866984185,0.08246762841939927,0.5340218415303642,0.16829733556305973,0.11297219634056092,0.6567009728431927,0.23476518547412997,0.10648016035556794,0.7843555115365983,33490486.159281388,520.8816167526498,0.09920904394843297,36230129.422917075,411.56003757449156,0.6158623921083612,32250701.793246806,979.0543467674055,0.7669849511333182,0.0,0.0,0.0
Steel,3,4,4997.23,-0.055,0.671164770424366,0.12564099597930908,0.026865650249546933,0.24489149797131302,0.08584109544754029,0.15889169806930298,0.338681252866844,0.064806367456913,0.31800688638881197,0.30505318155754946,0.10530778884887695,0.5120720732186275,0.0,0.0,0.0,0.0,0.0,0.0,0.0,0.0,0.0,15158457.612629892,359.5930139327509,0.08117564099425298,13936889.018640403,505.5668317726412,0.2959250249424953,14996682.80373468,204.17456707005883,0.47171044990188193,10773774.393737685,567.7793764460124,0.5817657691502888
Steel,5,3,5002.81,0.056,0.9016111329197883,0.05312691941857338,0.01734542048527499,0.3270165017723933,0.07448193669319153,0.12227714963564351,0.3394925308331936,0.0666793367266655,0.2481856065765926,0.301845973256275,0.1017515903711319,0.36746660122720853,0.22881023881338408,0.08749158680438995,0.630507954470548,0.4616487544080091,0.0668679416179657,0.7510908282263085,0.0,0.0,0.0,38073347.78844947,365.6171108317322,0.13879016521050236,41085225.33035015,1014.0185221565545,0.6023756988256876,36009584.01769267,259.04742153907296,0.7946115545825291,0.0,0.0,0.0
Steel,5,2,5002.83,0.057,1.1034405350685121,0.12304024660587312,0.023902129114226758,0.25450961573560044,0.1241915935277939,0.12809620021075477,0.18323830504675714,0.14241452753543854,0.3042523316532694,0.24546652009936068,0.10963576376438142,0.43445962780827,0.317822721794255,0.09750420093536377,0.6103011483272316,0.24107238066731607,0.09777310848236084,0.8621800090744153,0.0,0.0,0.0,50225378.61202243,132.2672452478878,0.11047011023948959,50310192.41889947,362.2896190350198,0.9568535548625846,0.0,0.0,0.0,0.0,0.0,0.0
Steel,3,2,4997.12,-0.058,0.8142938449978828,0.10804573225975038,0.04365108528906305,0.2352389651643287,0.04974186316132546,0.2321783205400711,0.23567134305110032,0.04395969420671463,0.38269248897291286,0.44567444456322547,0.0902971625328064,0.5502927012804563,0.0,0.0,0.0,0.0,0.0,0.0,0.0,0.0,0.0,29833600.722810198,489.85744858665026,0.08944017124329212,31654203.06405149,1003.5044948634888,0.6900220495486991,0.0,0.0,0.0,0.0,0.0,0.0
Steel,2,2,4997.09,-0.058,1.6860671401023866,0.11807963776588441,0.009115027269866308,0.27840458303321286,0.06894812792539597,0.7816090412364967,0.2578146133934425,0.1005473566055298,1.0883964430402726,0.0,0.0,0.0,0.0,0.0,0.0,0.0,0.0,0.0,0.0,0.0,0.0,48033996.18615376,778.8956270134537,0.2355229406404265,45965618.19851244,290.4770604458487,1.4177946469684657,0.0,0.0,0.0,0.0,0.0,0.0
Steel,2,3,4997.05,-0.059,1.0233375146985053,0.07888504034280777,0.04026257895360167,0.19981875779283592,0.05083340123295784,0.41401898192681147,0.30536480336998945,0.09873664736747742,0.9209937632286549,0.0,0.0,0.0,0.0,0.0,0.0,0.0,0.0,0.0,0.0,0.0,0.0,16568066.440800596,481.0365947618617,0.2091844792438106,17605554.04013565,336.81912061539913,0.585438613357003,16365099.060935723,402.45666454933405,0.88141123773599,0.0,0.0,0.0
Steel,5,3,4997.04,-0.059,1.029557766020298,0.09207851731777192,0.026186319591071015,0.31516353865560726,0.06953745573759079,0.12297544805920733,0.3320462063465677,0.07921732932329179,0.4423016451590298,0.3430748532677509,0.09695886194705963,0.5999920395229219,0.4931188015690084,0.06157809376716614,0.7671444932489058,0.09669211142797889,0.03077198311686516,0.8526045035764424,0.0,0.0,0.0,28621894.83964571,741.1926450746298,0.167815301973376,30128506.96865877,744.6161720671884,0.5249093770485322,36156413.72472841,106.70031064472,0.9266019883887103,0.0,0.0,0.0
Steel,4,3,5002.97,0.059,1.0023414373397828,0.11101647078990938,0.027981866523418754,0.22930386267927513,0.07680916011333466,0.1410275724781292,0.22476617543199864,0.05192618876695633,0.343536137784974,0.3542716626062663,0.05089988425374031,0.5077551637761435,0.48326973987541416,0.09772691905498505,0.7406415306671974,0.0,0.0,0.0,0.0,0.0,0.0,29854277.08352757,299.8394657277379,0.1636148971530313,28183481.763486613,707.8633188223919,0.687160293562115,24654884.728110258,225.77041448307043,0.9018664274991597,0.0,0.0,0.0
Steel,5,3,5003.29,0.066,1.2410006046295168,0.07625191247463227,0.016096747280669316,0.2251093367836643,0.12831677973270417,0.1591782264870768,0.4154561066746516,0.11043399393558503,0.29907715397662527,0.3165316818501443,0.1132819390296936,0.4722827522103083,0.34272587008013644,0.11172869265079499,0.7371242585100388,0.3433771073190629,0.06664670735597611,0.9405097965248504,0.0,0.0,0.0,68268379.15204749,698.2494493958691,0.1471908991354735,70796388.87047794,392.8158152615171,0.7188470860789076,66305173.6850279,666.1244525970322,1.104201302071854,0.0,0.0,0.0
Steel,3,4,4996.69,-0.066,0.9000292748212815,0.09273936700820924,0.008926181010094692,0.3923464205598643,0.08087509661912919,0.24935912060351048,0.19765006046114045,0.08108358055353165,0.5320166381457412,0.520776819859771,0.06406568229198456,0.7323476780472944,0.0,0.0,0.0,0.0,0.0,0.0,0.0,0.0,0.0,18542921.22753622,192.38234317058556,0.1307612175281204,19739322.471488807,168.4980933747022,0.48080451940586805,16831499.732265912,292.5764206980809,0.5606843602841509,16926696.30936633,511.12394399495406,0.7777784981630864
Steel,6,2,4996.68,-0.066,0.9301990926265716,0.136041445851326,0.007273604907261879,0.28765321991512016,0.12494305312633515,0.16533571462909152,0.30709575371705256,0.10648653745651246,0.31126281235479963,0.2649402017259742,0.05262914597988129,0.4567321325059317,0.23175688438533934,0.14751945495605467,0.5830231563420126,0.3021575048803456,0.05478495091199875,0.687821765876108,0.18746888835446976,0.11530438661575318,0.7805730539682754,57495300.30742154,368.8074028181374,0.19354564116036002,53427904.13227013,366.34966586140905,0.8371791824337154,0.0,0.0,0.0,0.0,0.0,0.0
Steel,6,2,4996.54,-0.069,1.1938377350568772,0.09491330087184907,0.02929177769334125,0.24405384715149106,0.07465030997991562,0.21024422641483204,0.3170644457788667,0.047555952966213226,0.42593444167020267,0.32932491670776265,0.05223983675241471,0.568344827504366,0.23843481983989442,0.09766555786132813,0.6805871970700911,0.3317839122223437,0.07827850461006165,0.8588024444304037,0.310227808341866,0.09200163841247559,1.0006234492780648,137175303.01827165,423.81109293078464,0.1336599011041047,134077174.5856254,453.0489945613233,1.0744539603573517,0.0,0.0,0.0,0.0,0.0,0.0
Steel,2,3,4996.5,-0.07,1.034993676841259,0.13962255561351777,0.016156650002496272,0.21395480314658313,0.09330884337425233,0.2682437316524761,0.37950603244864994,0.09120654642581941,0.5586362633059918,0.0,0.0,0.0,0.0,0.0,0.0,0.0,0.0,0.0,0.0,0.0,0.0,20084338.01487565,809.4328357910379,0.14054054855420217,21745047.347015955,462.9721189733034,0.5915821288863241,26121961.29051776,824.7505799523084,0.8808983291156995,0.0,0.0,0.0
Steel,4,4,5003.52,0.07,1.059486371278763,0.12679660904407503,0.04915147778829367,0.15767869493404443,0.04590780362486839,0.20252079249735985,0.1849729194085477,0.09766154408454895,0.31224217381139496,0.2759516480999544,0.06324775516986847,0.49206196423960213,0.48793437450688437,0.15,0.7258600461921089,0.0,0.0,0.0,0.0,0.0,0.0,29201334.01344265,431.1150661176556,0.11541121547321734,29846869.91617592,534.1729674918063,0.564411145368102,29630677.35835771,329.4874520267407,0.5886234953142531,27941897.455981083,388.3877900599924,0.9146257173669214
Steel,2,2,4996.47,-0.071,1.2070201247930528,0.07683353620767594,0.019172693962719804,0.2699957086186716,0.09933343708515167,0.3574687478987382,0.25848503160550745,0.055778647363185885,0.8876661824144989,0.0,0.0,0.0,0.0,0.0,0.0,0.0,0.0,0.0,0.0,0.0,0.0,19416127.467210367,503.12417995174883,0.3431561126337967,20898319.452945154,883.4314921061643,1.0429984892873905,0.0,0.0,0.0,0.0,0.0,0.0
Steel,4,3,4996.35,-0.073,1.5255545526742935,0.06594359594583511,0.019199837718168702,0.3453207633423796,0.11555998980998994,0.3637267829892942,0.2432022862091073,0.09369105875492097,0.8344378375946256,0.28373258914401006,0.12256895840168,1.051879515511945,0.3163433425488726,0.062129441797733304,1.211727496134022,0.0,0.0,0.0,0.0,0.0,0.0,37877644.68767783,443.0884427322234,0.21041344378057203,41926986.13136892,359.1938918094293,0.716753546767049,38369523.36213674,283.64402762010195,1.3306761778428284,0.0,0.0,0.0
Steel,6,4,4996.34,-0.073,1.343340665102005,0.09227663934230805,0.024953881309823712,0.22253535903250712,0.02,0.2755209504920013,0.3238779677799302,0.10166384518146515,0.5425197218088338,0.3195859492818075,0.02,0.7043443875700601,0.2774092553299288,0.09311027765274048,0.7772802318483346,0.33425074805801624,0.0714621314406395,1.05153858602762,0.10278418473097253,0.11687897264957428,1.2089965985918045,20686256.84889866,292.2660478988813,0.17597253844227592,17674697.24468602,546.1608967301122,0.6562440139350161,21604657.872656833,826.7567615058126,0.9241638914507954,16330149.345985686,304.60801123092983,1.1883011547630895
Steel,2,4,5003.69,0.074,1.0305958345532418,0.0745787132382393,0.023814472232380656,0.4908225626708194,0.08835660219192505,0.29355507761469246,0.1541808523176956,0.1356880110502243,0.7237794661600028,0.0,0.0,0.0,0.0,0.0,0.0,0.0,0.0,0.0,0.0,0.0,0.0,17078064.98484945,1063.2498276480248,0.127142652821193,20211011.210159063,288.7468801886565,0.4537228794999416,18022413.864004407,275.5679575417343,0.558389665896883,27119707.787999153,310.7816557523761,0.8604736402481395
Steel,6,2,5003.82,0.076,1.206006756424904,0.08482836252450944,0.006360646164496431,0.17488104623528716,0.06732916176319123,0.1525862639425508,0.2163525830500756,0.06976317644119263,0.24640221167111157,0.1953528637187978,0.06937588185071945,0.5715770292229447,0.2564833174033748,0.0596735954284668,0.7560765334803117,0.1691047209649148,0.027253765389323236,0.8827676110861068,0.24993807663968434,0.04392493009567261,0.9422750445419771,35783017.962657996,540.870833939943,0.13281561743175424,33072584.262523312,275.10947769832705,1.047042679631451,0.0,0.0,0.0,0.0,0.0,0.0
Steel,5,3,4996.15,-0.077,1.0056503221392632,0.09599692034721376,0.014800803880890525,0.28764905863511164,0.032103045061230656,0.2106517941900375,0.3448036815508034,0.11303881108760834,0.3588590235113516,0.3811149356100559,0.14220976293087007,0.5092189064872351,0.26237463054841637,0.09098888039588929,0.7108544164644434,0.41971593182464384,0.07753250390291214,0.8616863719355564,0.0,0.0,0.0,43668416.00904304,335.1615704134453,0.10423057028313287,52855967.7800519,773.3005317557967,0.37428152732425607,48121872.171698995,896.7451422978593,0.8827655078410678,0.0,0.0,0.0
Steel,6,3,4996.11,-0.078,1.390262046456337,0.06304286623001099,0.018478187481065184,0.26475261065879374,0.1458654224872589,0.2628736999903208,0.40338877634695497,0.10727459371089935,0.43056172862015935,0.31245728401816103,0.04326863691210747,0.5375162046963937,0.21629742091447007,0.08323776990175248,0.7543501791288117,0.22289768782538769,0.09961133301258088,0.8777596324305431,0.1898467542978847,0.05447448372840881,1.0895471456988344,60901282.356982864,314.1577947093547,0.15555107670812854,55262232.06154756,285.9674846563338,0.6302393555507884,57714186.89964924,136.50987287191134,1.1930569223825507,0.0,0.0,0.0
Steel,3,4,4996.09,-0.078,1.550972455739975,0.10692537117004396,0.015088763387746527,0.16626761513477653,0.12757426977157593,0.4959303435377335,0.24941732315786141,0.07597327560186386,1.027389161686851,0.1735201152217612,0.053063741922378546,1.370446566945235,0.0,0.0,0.0,0.0,0.0,0.0,0.0,0.0,0.0,15626753.128718995,1077.2669498900286,0.271064124568867,17485543.134537335,431.85821753040807,0.9502211609079843,18633422.518216737,151.4728564803966,1.321956852900486,16227160.776076943,505.5235855710047,1.3958752086150052
Steel,3,3,5003.93,0.079,0.6031083732843399,0.10108134698867799,0.019288366492333574,0.28847405189277214,0.025421726182103158,0.1020877638350344,0.31525910627682047,0.09243961274623871,0.20073669531047209,0.26782626001177573,0.14863378942012787,0.42435320200751236,0.0,0.0,0.0,0.0,0.0,0.0,0.0,0.0,0.0,15851998.262024773,740.4203336543025,0.11857022770180731,14244010.728661008,554.4804805580435,0.32416337738311723,16761528.592362918,223.05689100856887,0.5033990993951656,0.0,0.0,0.0
Steel,3,3,5003.93,0.079,1.1258509173989295,0.08261918514966965,0.05752260773799465,0.4787367206070716,0.06893249124288559,0.3676988794982486,0.37507391504353776,0.10519212543964386,0.7358078671451016,0.3231432816433292,0.1350937706232071,0.8815852518361926,0.0,0.0,0.0,0.0,0.0,0.0,0.0,0.0,0.0,41791984.716978565,683.043493661661,0.12858486873825448,37286056.724241264,743.4760287184866,0.47018180768278256,47721225.97688522,360.06508219737674,0.9720748029347447,0.0,0.0,0.0
Steel,5,3,5003.95,0.079,1.5631833791732788,0.11808717060089112,0.01405016219764247,0.1883108326762184,0.09135969758033753,0.2207432792114974,0.44099074008247197,0.05018570899963379,0.4797686695284546,0.2690167880750203,0.09481576085090637,0.7891531762033877,0.39428519655188615,0.040892742574214935,0.9740905487897049,0.2462346744807731,0.07897324442863464,1.2921700285635358,0.0,0.0,0.0,74122135.0785562,257.28612498765324,0.172531036949382,46160162.53271776,345.845123394775,0.29216513771068076,49697100.20515281,751.1175307847648,1.3048639449802595,0.0,0.0,0.0
Steel,1,4,5003.95,0.079,1.0751916512846948,0.05202577763795853,0.04034865582329898,0.3029287977754113,0.06388050228357316,0.5672810401424655,0.0,0.0,0.0,0.0,0.0,0.0,0.0,0.0,0.0,0.0,0.0,0.0,0.0,0.0,0.0,4557475.140449355,303.85351783884806,0.17755721498969373,4156799.8643532884,780.754418242022,0.4115881056361475,4672092.983808218,741.60806701781,0.6748756870733239,4167497.7013337235,237.7941854221458,0.8503153390744898
Steel,6,4,4996.05,-0.079,1.9181844025850296,0.11648465728759767,0.009718956087571923,0.20606304327949446,0.09549927294254304,0.20687068862202265,0.2999348060352368,0.041390873193740844,0.4800110689396209,0.30821113514461307,0.07482958167791366,0.6173269164270652,0.29927155330015615,0.05018050193786621,0.8252592996013927,0.20568596549143509,0.11021763741970063,1.1676659660016855,0.3106131651629203,0.029191492646932604,1.4940906434303067,21789682.695651595,543.9664306321534,0.19378769883241542,32301443.92439923,641.3316721574827,0.7630734885770025,23136884.227761295,441.81792847529454,1.0935926026811678,26644409.242667295,683.2409351110094,1.6613197867870548
Steel,3,3,4996.03,-0.079,1.874667564034462,0.10718801319599153,0.009355363018185462,0.20957666403137884,0.10522893130779266,0.5513569886141885,0.25892976198531387,0.08252927631139756,0.9758259277213933,0.2260949021277998,0.14053225219249726,1.4524908273962183,0.0,0.0,0.0,0.0,0.0,0.0,0.0,0.0,0.0,33045029.924127504,805.8480848799487,0.2765841840941021,36453923.979931556,363.57185616206294,1.3478289635673433,33549881.001610104,420.74754224205765,1.6872008057563483,0.0,0.0,0.0
Steel,5,3,5004.05,0.081,0.9827061846852303,0.03964181169867516,0.019409153859601735,0.3164197048863779,0.037781951278448106,0.19229297951752827,0.21873531995709733,0.13591385185718535,0.34402213043704105,0.30266935839981995,0.07752427875995636,0.5322805482260574,0.26943415264983256,0.11463162183761598,0.6441521371804112,0.139294075378071,0.08149179250001908,0.7762848073395955,0.0,0.0,0.0,25126664.559404414,294.79175051732295,0.13288652710438248,41458688.22122132,392.3724174298409,0.5093465603167103,26605802.875081725,710.9439225614232,0.8696414308947183,0.0,0.0,0.0
Steel,3,2,5004.06,0.081,0.959517526626587,0.0800068953037262,0.003682254370861793,0.36285250424069093,0.05183385640382766,0.23775112413543859,0.33568094879009475,0.13618351876735688,0.6536075604730534,0.4234927745542503,0.04055368691682816,0.8109462484408236,0.0,0.0,0.0,0.0,0.0,0.0,0.0,0.0,0.0,50220466.7441467,763.8859031426294,0.13766495651840235,47875465.76996474,801.9922077323462,0.8635657730044106,0.0,0.0,0.0,0.0,0.0,0.0
Steel,4,3,4995.94,-0.081,0.6290677502751351,0.05732641780376435,0.040974593555806835,0.3824335924102747,0.14209886491298676,0.0651257818286293,0.2283956555061991,0.12090594530105592,0.2105100150229589,0.30794248721279405,0.11180665910243989,0.3790838936767207,0.271007591607615,0.13869084298610687,0.5396409971235757,0.0,0.0,0.0,0.0,0.0,0.0,35595385.094727285,500.03974699897674,0.09869192679007203,42763345.83194691,361.40740010481585,0.28695601661220027,43181719.436231345,112.55757507633218,0.5102155893169431,0.0,0.0,0.0
Steel,2,4,5004.16,0.083,1.4243734151124954,0.051673450440168384,0.03599119179259141,0.24188452528817375,0.041029619723558425,0.7176583261429801,0.34062510630112275,0.11193819165229799,1.0187263908422735,0.0,0.0,0.0,0.0,0.0,0.0,0.0,0.0,0.0,0.0,0.0,0.0,24383031.359966043,470.97683620665066,0.21888951485328012,20758803.75597794,433.7160037974973,0.5833514971652971,23843870.191805217,328.42445889358726,1.082554240686288,29743669.89715409,466.0310085639981,1.2819360721768724
Steel,1,4,5004.19,0.084,1.3824969321489335,0.13957379531860353,0.031088529965616847,0.1822773029778039,0.13640743017196655,0.13825969321489337,0.0,0.0,0.0,0.0,0.0,0.0,0.0,0.0,0.0,0.0,0.0,0.0,0.0,0.0,0.0,19590756.38997819,162.00270191191598,0.14912708133145874,27965434.26218714,622.6443566314131,0.5111767249086585,25787479.381567825,158.1362224107617,0.7907703789468886,18742388.058794267,704.9476799518371,1.0332099325761057
Steel,5,3,4995.81,-0.084,1.4009506016969682,0.06589394694566728,0.017613470225799916,0.5159817444139202,0.055618084669113166,0.1723893085781975,0.3859446555656197,0.09390225470066071,0.3412132398652841,0.19914600729232926,0.07640911132097244,0.5941055444185388,0.37778201534340095,0.1409361481666565,0.8569765472987246,0.24381437892742008,0.12259056150913239,1.0906742433415426,0.0,0.0,0.0,91171000.80582371,235.2389671608879,0.14235770051639468,64123138.94496192,598.3450429465255,0.6903699489665365,74301947.30074507,212.12809724197743,1.2608555401263204,0.0,0.0,0.0
Steel,2,2,4995.6,-0.088,0.4276034336537123,0.071129351913929,0.013637253112320159,0.3511702896347358,0.04574151277542114,0.1972287314261037,0.13216422506347567,0.0676119276881218,0.2740950438178696,0.0,0.0,0.0,0.0,0.0,0.0,0.0,0.0,0.0,0.0,0.0,0.0,7271123.439785436,914.2624903749361,0.07819780876533372,8539736.09014246,213.12656211770476,0.3681869078699533,0.0,0.0,0.0,0.0,0.0,0.0
Steel,2,2,5004.41,0.088,0.8758414179086685,0.08063031780719758,0.03209512374566978,0.4688417776869633,0.09187597930431367,0.4431734672894505,0.15994225152467326,0.049679331928491596,0.7548662691051347,0.0,0.0,0.0,0.0,0.0,0.0,0.0,0.0,0.0,0.0,0.0,0.0,28751860.145807452,639.7488656675135,0.15293029600543018,29018001.289551985,925.8068124953109,0.6820719069841716,0.0,0.0,0.0,0.0,0.0,0.0
Steel,3,3,5004.46,0.089,1.5556152045726777,0.07368253016471864,0.033364787510212844,0.3098689007605586,0.0795072278380394,0.2986495096088957,0.3538629519576729,0.05327276825904846,0.5824675630031508,0.2767634704418949,0.12357891142368317,0.9569304271933528,0.0,0.0,0.0,0.0,0.0,0.0,0.0,0.0,0.0,54126441.340664566,541.5023649892089,0.2242950228865347,57688034.6012202,325.70347993136147,1.0630869810681487,73094811.67344864,712.1873502430678,1.3771847424944184,0.0,0.0,0.0
Steel,1,2,4995.54,-0.089,2.1,0.11434528982639314,0.05055971509197283,0.1844714242446235,0.0723176857829094,0.6744027840173246,0.0,0.0,0.0,0.0,0.0,0.0,0.0,0.0,0.0,0.0,0.0,0.0,0.0,0.0,0.0,31548053.26807222,787.3077145575737,0.288497272768621,39087235.8781093,353.5247480637804,1.4648861707933691,0.0,0.0,0.0,0.0,0.0,0.0
Steel,1,4,4995.51,-0.09,1.3116613805294037,0.14522989642620088,0.01393887257720702,0.34435127969293416,0.10553085565567018,0.5320569026633003,0.0,0.0,0.0,0.0,0.0,0.0,0.0,0.0,0.0,0.0,0.0,0.0,0.0,0.0,0.0,27409186.225762438,236.81513407874417,0.24574801432509424,18709671.649858795,525.9253685872409,0.7825008226554996,24471497.46689247,418.6859782167155,0.9023857188233224,22113152.05778786,426.85539103360327,1.13008367376954
Steel,5,3,4995.51,-0.09,1.2213393837213515,0.1051661664247513,0.014242542800453915,0.5525772597812836,0.04529318824410439,0.24800959880064374,0.24123833908057893,0.11276746273040772,0.33546695444782254,0.1883609653228058,0.12008707284927368,0.5219735283464991,0.20062975321219254,0.1417915165424347,0.7962759907384092,0.1957422704179314,0.07146503329277039,0.9564192453405664,0.0,0.0,0.0,33120425.788184956,523.8994383227459,0.13510358690859606,33601932.53054971,383.9398899518196,0.660983356506061,38073687.957264155,333.54261480494387,1.099205444127877,0.0,0.0,0.0
Steel,6,4,4995.5,-0.09,1.5330831408500671,0.0942507838010788,0.015004557240098176,0.2114792863547025,0.06849720567464829,0.1938048057880322,0.28107675037421953,0.08625911712646485,0.4139474419450907,0.23076084310788889,0.05500596821308136,0.7538509513184816,0.2674910016592912,0.15,0.8827873606986015,0.23839373377253079,0.061279586553573615,1.1377939177650216,0.49528809802410084,0.07682158887386323,1.2340145812914805,24197051.846080672,265.6011646982373,0.17490131076648308,36239297.12459528,665.1553094695055,0.7723696199330436,27960927.113033336,195.0459918689399,0.9893434479864407,27448176.9825559,122.39633633506439,1.3797748252319773
Steel,2,4,5004.53,0.091,1.2710498988628387,0.06863246256113052,0.01833489168638399,0.2869728157752412,0.0987925148010254,0.21175997270352048,0.1990766785593749,0.062380372583866125,0.8220867021458416,0.0,0.0,0.0,0.0,0.0,0.0,0.0,0.0,0.0,0.0,0.0,0.0,12482045.579960883,262.3312877876604,0.1557356916170564,12644361.575996928,1099.9999999999995,0.5678752456451213,14678099.015641656,348.27941193107495,0.9117744696403487,12342866.912595678,408.37336425421165,1.072257879928542
Steel,6,3,5004.56,0.091,1.3716299623250963,0.12110336005687715,0.04485023578715658,0.3474302520871056,0.09839839756488801,0.27205504006633796,0.2528590170072241,0.10661831796169281,0.5511832630105592,0.32057654837859234,0.10393272161483766,0.6757040412750023,0.37828883900413307,0.029675500467419624,0.7760943224056986,0.29114225463877097,0.0456948758661747,0.9729316570657427,0.16626671403418442,0.11840322375297548,1.091396947245292,35632268.62432152,815.4196923977602,0.13716299760413958,36662964.423909895,273.95199801350867,0.5093806592396022,42552886.31595391,210.40664225668803,1.2245564599904033,0.0,0.0,0.0
Steel,3,3,4995.44,-0.091,1.7428871124982834,0.05063771736621857,0.020685240486290595,0.45306237445536457,0.08869569659233094,0.5853112327857177,0.20469085584364552,0.09899259924888612,0.987902924824746,0.1787912692858775,0.08646880209445953,1.3566099256197797,0.0,0.0,0.0,0.0,0.0,0.0,0.0,0.0,0.0,50431051.3587151,217.45089085145898,0.26906686523731005,60063599.972612694,312.47653605958726,0.7672123390689909,53999342.94836519,586.6910965319129,1.4154862465447537,0.0,0.0,0.0
Steel,1,2,4995.42,-0.092,1.4097071409225463,0.06086917781829834,0.01983012737696254,0.23539856100249923,0.10407434284687044,0.7834458207838297,0.0,0.0,0.0,0.0,0.0,0.0,0.0,0.0,0.0,0.0,0.0,0.0,0.0,0.0,0.0,106970078.23869467,443.65473865920785,0.42278411664845883,159191052.16679233,390.5753987388217,1.18601954128861,0.0,0.0,0.0,0.0,0.0,0.0
Steel,2,3,5004.67,0.093,1.1257840394973755,0.07045175224542619,0.03220033667074889,0.35373146805956374,0.1016932898759842,0.252377025430815,0.2820319524971978,0.1367932951450348,0.6279027770587406,0.0,0.0,0.0,0.0,0.0,0.0,0.0,0.0,0.0,0.0,0.0,0.0,41077307.46015417,213.81315882636804,0.1729590894386204,39812160.69912772,634.8889618655797,0.8599775894394277,43505885.354061075,544.7269299389428,0.9872774248520495,0.0,0.0,0.0
Steel,6,2,4995.28,-0.094,1.3491127848625184,0.10348384737968445,0.005901773658005038,0.22763840252040574,0.07584596991539001,0.24907305766431254,0.24276124959158973,0.051678146272897726,0.47208224799730303,0.22209034478496636,0.046431938558816915,0.6824105287614434,0.20422745185544772,0.10562941014766694,0.8849136230349487,0.2500873979870807,0.059350172579288485,0.9919872560399793,0.22494563002599363,0.07361570477485657,1.114584929104142,54106155.65105545,834.9999732898415,0.144758127025586,51703755.51153937,924.6703555676671,1.1923396097203636,0.0,0.0,0.0,0.0,0.0,0.0
Steel,3,4,5004.74,0.095,1.6786098957061768,0.11177697396278383,0.013806417940080369,0.30292054461161627,0.04055574804544449,0.7242097232533093,0.168030730557079,0.04535722464323044,0.8796867073949827,0.2561513398654652,0.06956053495407105,1.0585696186581672,0.0,0.0,0.0,0.0,0.0,0.0,0.0,0.0,0.0,26177433.921605844,474.81699992962643,0.3379178791354024,18721374.726213105,375.15950957031384,0.44853550503425543,21095252.946882665,408.28708930667,0.6573031539216372,15201057.485267578,587.5665131370547,1.4384444924179438
Steel,5,4,4995.19,-0.096,0.740118533372879,0.08723461240530014,0.024071061681908732,0.2590636943536821,0.08332351207733155,0.09767359125289249,0.1799711982093212,0.08296728163957597,0.27053821906479913,0.34824415130051284,0.10379974782466889,0.4596005165991108,0.29945839669297425,0.07640422582626342,0.5891552925295643,0.2746284510262157,0.04265353724360466,0.6546181256624806,0.0,0.0,0.0,18033524.61533512,338.9046246829633,0.11210999253389603,22124454.260330748,759.881826384704,0.2388386119442224,22883422.46433261,426.87539737542056,0.34088887534498274,21085989.47087401,583.5660141741482,0.628976825841565
Steel,2,4,4995.19,-0.096,1.4305692970752717,0.08453318542242051,0.018215140818597066,0.27934620840697033,0.0447909489274025,0.6800555776253838,0.36391545359850386,0.03575530394911766,0.9854184405944402,0.0,0.0,0.0,0.0,0.0,0.0,0.0,0.0,0.0,0.0,0.0,0.0,9814529.49858989,364.5610285665188,0.20827780723873235,8427283.807975113,184.0775571181904,0.4647814734767601,10512130.783174587,269.9454126921126,0.7330692658960233,10362308.250674598,726.4603508544774,1.1730343381976147
Steel,6,3,5004.83,0.097,1.688668817281723,0.11062693011760713,0.012412241069154761,0.26398386050962663,0.044862588644027715,0.4140011979832979,0.3492398062015207,0.046104422509670256,0.5989305942923282,0.4139665216907568,0.09947505831718445,0.6870407646715384,0.19375098791516615,0.131742445230484,0.8668175035096108,0.3624529025383129,0.0857355672121048,1.081703166690793,0.24285808878443482,0.02473725810647011,1.3926993237229353,83361203.06459868,604.4454725888463,0.17895774335231615,104207158.43708849,331.73309236402434,0.4698703774876825,74145093.37996523,642.8714830606731,1.435076804740593,0.0,0.0,0.0
Steel,3,2,4994.95,-0.101,0.849219822883606,0.11472792398929597,0.033429065285992356,0.20226813206173733,0.03579699143767357,0.25025409840068197,0.3095729559967761,0.11518835902214052,0.5586099360220597,0.26028189905665644,0.10512592911720277,0.7197668090980345,0.0,0.0,0.0,0.0,0.0,0.0,0.0,0.0,0.0,38339300.17723156,378.8777471574412,0.09964011761438829,29822829.44130592,311.0428827469819,0.746392692121604,0.0,0.0,0.0,0.0,0.0,0.0
Steel,5,4,4994.92,-0.102,1.8026555567979814,0.09905706262588503,0.045428087631409576,0.2754095330369849,0.1477342540025711,0.40011101865593085,0.40751403870351577,0.15,0.7142991791047211,0.28469621243559157,0.0844924819469452,1.2087925734410003,0.2768455595500511,0.0549873599410057,1.299084797219845,0.3199289868982698,0.15,1.4102378306151804,0.0,0.0,0.0,79413506.32080662,869.9691905991972,0.20716019616602516,79355950.83683898,770.0468451707925,0.49985466294338554,60201594.53833546,643.7312558895203,0.6839243562940585,79048691.09391218,257.1811002726889,1.5734204072019455
Steel,1,2,5005.15,0.103,0.8834908604621887,0.13393179500102997,0.03512297704122734,0.3115521487428381,0.07014300137758256,0.5197815753102046,0.0,0.0,0.0,0.0,0.0,0.0,0.0,0.0,0.0,0.0,0.0,0.0,0.0,0.0,0.0,19650580.827555317,504.9843302774868,0.1779619238380606,18117884.199575666,629.1703917282073,0.7061137181055309,0.0,0.0,0.0,0.0,0.0,0.0
Steel,5,2,5005.16,0.103,1.6787486135959626,0.11933895003795625,0.03295747107892201,0.33627754213176375,0.08279642879962922,0.4074067480455361,0.3566397708217919,0.0775497367978096,0.6537460765715748,0.2548122406158979,0.025867693200707437,0.7819395159850872,0.22128877249800588,0.10656338036060334,1.0607363167005583,0.23173279200056082,0.10820662677288057,1.3768277261274102,0.0,0.0,0.0,143750913.50818968,350.9307543802542,0.23367260692563582,92947876.93164182,487.499520217337,1.446272128573958,0.0,0.0,0.0,0.0,0.0,0.0
Steel,4,3,5005.31,0.106,0.8820664107799531,0.06903541845083237,0.006586583588890029,0.20295825350741406,0.11220207035541535,0.15954731546152556,0.21880715416665836,0.1135854983329773,0.32468975837337655,0.2462399614122254,0.07037102729082108,0.5013643025772557,0.4266834164134782,0.1107772880792618,0.6158576319243744,0.0,0.0,0.0,0.0,0.0,0.0,30794672.31783716,378.3683988686035,0.10036731504750332,33159779.253884,136.53104496393576,0.6488568182252944,36282557.98641746,1099.9999999999995,0.7938597688198914,0.0,0.0,0.0
Steel,2,2,5005.4,0.108,1.0839091554284095,0.08966044342517854,0.011633017092703908,0.27593844838184395,0.10977124035358429,0.2115111352654412,0.23381692743121296,0.10970774829387665,0.7520730431245797,0.0,0.0,0.0,0.0,0.0,0.0,0.0,0.0,0.0,0.0,0.0,0.0,23048598.007467568,156.61204886205493,0.13920453461866622,23358751.95634678,752.6867207459234,0.9401011590562932,0.0,0.0,0.0,0.0,0.0,0.0
Steel,1,3,4994.46,-0.111,1.4739186376333238,0.08767122060060502,0.020596326523430714,0.28699686271746555,0.09338886320590974,0.4420944095505168,0.0,0.0,0.0,0.0,0.0,0.0,0.0,0.0,0.0,0.0,0.0,0.0,0.0,0.0,0.0,12809464.021095734,129.83447080798177,0.16998699924603144,17213473.11451436,523.4868717680454,0.8093747898094447,16401267.069572333,464.19281589163825,1.1805641549028554,0.0,0.0,0.0
Steel,4,2,5005.6,0.112,1.2820154488086701,0.08544284719228745,0.010200393793935591,0.35152349062835697,0.07286781340837478,0.2520119266324701,0.2237642501055507,0.11564921498298646,0.5814315155065358,0.21230835231530779,0.07218018293380737,0.853239736248305,0.18101286890829724,0.043630070537328716,0.957050435565272,0.0,0.0,0.0,0.0,0.0,0.0,49695628.100565955,294.3754212611455,0.17365231885429122,42563277.09992239,285.88217754086503,1.0852415160244733,0.0,0.0,0.0,0.0,0.0,0.0
Steel,6,2,5005.62,0.112,0.9404544025659561,0.10960133039951325,0.018291758836279908,0.38927377045658773,0.09507259607315065,0.11492633413884853,0.4247262794613705,0.10971782922744752,0.249289132049428,0.2607264473528362,0.10215859353542328,0.4068849090739595,0.24893803722114327,0.11694910526275636,0.5621244828493885,0.37857764923476867,0.09564946413040162,0.7018157610942949,0.18093846145983541,0.10218736410140992,0.8131012231144443,81026968.82225744,367.171190204825,0.14379006651415271,108658845.45144305,354.20979186481156,0.8464089613689061,0.0,0.0,0.0,0.0,0.0,0.0
Steel,1,3,4994.22,-0.116,1.317394906282425,0.1308579751253128,0.010845091455535845,0.13741461396896662,0.08832563877105713,0.27353137402553107,0.0,0.0,0.0,0.0,0.0,0.0,0.0,0.0,0.0,0.0,0.0,0.0,0.0,0.0,0.0,14980974.935435023,212.9132694911599,0.1812766350523945,15541970.262479255,441.56850315074587,0.6669535551803217,15929383.904340615,607.6116325621566,1.0424453281005137,0.0,0.0,0.0
Steel,6,2,5005.82,0.116,1.4215985059738159,0.09697833871841431,0.011298828814081332,0.3142292319228057,0.09811943233013154,0.21377687270969528,0.3761953546117825,0.031590590178966524,0.3983069239907994,0.16703139600820702,0.04112248286604882,0.6466729256827817,0.37299445957157573,0.08835547864437104,0.8810080103418406,0.28972088946434627,0.12055065631866456,1.0393422556382805,0.3396875383202492,0.0942717856168747,1.2221713541988708,166072463.30885044,489.30050473490786,0.15049319340699102,158331915.4494784,531.5477463777148,1.202016469708767,0.0,0.0,0.0,0.0,0.0,0.0
Steel,5,3,4994.17,-0.117,0.7745509490370751,0.09102968430519105,0.012361240406785138,0.24919428008793953,0.11526381492614747,0.12720792065620815,0.3502083887082755,0.09736151814460756,0.2758478644587645,0.18563444952251634,0.07392554819583894,0.42021335191803827,0.29714158490797277,0.13244580149650573,0.5657376559089111,0.19314131363775897,0.04977560251951218,0.6639342558073826,0.0,0.0,0.0,23860276.995247763,211.58970956747356,0.09954668476046843,25580253.20150731,466.20702048952677,0.43269818276119104,30087642.43185615,435.48403396660336,0.6970958533588166,0.0,0.0,0.0
Steel,2,2,5005.85,0.117,0.9218703404068948,0.1056652548313141,0.008546992506081333,0.29962218320536416,0.11062286615371705,0.2921439703907829,0.31211721977793255,0.09834524214267731,0.7556615810845526,0.0,0.0,0.0,0.0,0.0,0.0,0.0,0.0,0.0,0.0,0.0,0.0,27028235.719346568,510.88590639046396,0.13056182262342636,26858140.66430391,248.47617895311558,0.7677500759323941,0.0,0.0,0.0,0.0,0.0,0.0
Steel,3,4,4994.12,-0.118,0.7878858402371407,0.023885768994688986,0.010940907722497076,0.1818121826750351,0.10336783289909364,0.10172598880513745,0.2418895798341689,0.11208302855491639,0.31238149036525165,0.3734196037755306,0.08553178668022156,0.5374507581911665,0.0,0.0,0.0,0.0,0.0,0.0,0.0,0.0,0.0,33090250.15486916,357.1478909067803,0.12329739656443867,26072718.33894676,619.3241069850484,0.4074879868710629,31135286.578484755,1099.9999999999995,0.5105114583946115,24894952.533378687,554.9404159580832,0.691163544292788
Steel,3,3,4994.05,-0.119,1.223407581448555,0.11398399305343629,0.014468446380976382,0.29486104392243684,0.09054951906204224,0.25047031271925857,0.22876381758111375,0.1234034287929535,0.5413113577593468,0.43972626353980426,0.07188505798578262,0.8849401540001517,0.0,0.0,0.0,0.0,0.0,0.0,0.0,0.0,0.0,27136501.856299877,475.06619862580186,0.13134205624019846,28076695.831141405,194.71899593490738,0.4892081718522321,27277686.27120432,1062.2613365376687,1.0171648900433414,0.0,0.0,0.0
Steel,5,2,4994.04,-0.119,1.7113082826137545,0.11706601440906526,0.026510435911129327,0.22074852239844583,0.08840306282043457,0.31737824942800597,0.2907378814648067,0.1138710653781891,0.5095883899263514,0.3055794357488833,0.08045249938964844,0.7340650362099587,0.2842566129556177,0.13210287928581238,1.022429327610749,0.24912065748101161,0.10241618037223817,1.3232267440986933,0.0,0.0,0.0,554986807.646799,755.563547213018,0.2121166570760969,497604709.49806637,997.8454738423195,1.4357636498842783,0.0,0.0,0.0,0.0,0.0,0.0
Steel,3,2,5005.97,0.119,0.4849784567952156,0.12468484222888948,0.0039025887881491755,0.130932176248768,0.1449404948949814,0.0866563142988433,0.27862658887659497,0.1105813878774643,0.26115795978827006,0.2981019555318881,0.047005660682916645,0.36520099762621894,0.0,0.0,0.0,0.0,0.0,0.0,0.0,0.0,0.0,21700993.39061605,302.92522031847307,0.06581726897113824,17890772.369097926,532.6107326415175,0.4281113028001479,0.0,0.0,0.0,0.0,0.0,0.0
Steel,4,4,4993.95,-0.121,1.8850496828556063,0.06557067829370498,0.025659166863537648,0.35511000546835236,0.09489953875541687,0.6087293657989072,0.43664804662767154,0.0522527439892292,0.9255909516919595,0.30450102888824654,0.09082193672657013,1.1910910330812696,0.2511167885449852,0.02,1.378548163555104,0.0,0.0,0.0,0.0,0.0,0.0,101291311.32276867,639.8472346265298,0.2515722072702249,98022591.34735794,756.5287742996493,0.7171858482826199,83419501.39304543,293.1320802229855,0.7935168966445624,89144076.54589249,661.5312321996711,1.6550855338925248
Steel,2,4,5006.09,0.122,1.5340497553348542,0.09852941715717317,0.021788224142587416,0.35743437297160163,0.09464473366737366,0.7997628585834512,0.2336212019929011,0.11379854619503021,1.1534111525828876,0.0,0.0,0.0,0.0,0.0,0.0,0.0,0.0,0.0,0.0,0.0,0.0,18472290.739402317,270.9449516534313,0.2172803512882841,14028316.1803589,620.0904792698865,0.5850573644098953,12920504.54456377,483.9405554042767,0.7812324695694788,22960660.748750184,356.2644815548672,1.2950281074205596
Steel,5,2,5006.1,0.122,0.48517217114567757,0.05801478350162506,0.04641182680130005,0.21033853883346937,0.11446436822414399,0.06000626070491634,0.2010094801598512,0.09825700104236604,0.17792588530772102,0.1677855088673548,0.040648409724235536,0.25360082301639164,0.25026298034817496,0.11352538466453553,0.33954487027858843,0.2894308802243618,0.05684511482715607,0.4289231620171209,0.0,0.0,0.0,19475572.326381955,398.2824326938479,0.07903105575063145,25403014.34742934,767.9156141473449,0.4189221620171209,0.0,0.0,0.0,0.0,0.0,0.0
Steel,3,3,5006.16,0.123,0.5792677246034146,0.07546908587217331,0.024537551039761598,0.2916413499556692,0.0835332202911377,0.1121788410090139,0.3523145254334811,0.10450084149837495,0.28913916069298123,0.5674311344584715,0.04580460965633393,0.4070256399245208,0.0,0.0,0.0,0.0,0.0,0.0,0.0,0.0,0.0,19914694.484983943,920.3704191286383,0.09891625899809398,25817087.057620384,425.9784743514987,0.3426478111770178,20256503.22853267,285.71545004576154,0.49918147024684884,0.0,0.0,0.0
Steel,2,3,5006.21,0.124,1.112154620885849,0.030070575669407844,0.006342709369642812,0.12844230589956693,0.09342789292335511,0.3705929189149131,0.14285558007003496,0.13985178530216216,0.6793764882218144,0.0,0.0,0.0,0.0,0.0,0.0,0.0,0.0,0.0,0.0,0.0,0.0,11087640.824699303,606.9637085440847,0.1265225874595792,8607604.957974888,321.0375642495973,0.6427844269524509,9655389.11714927,455.53206845508834,0.9731739564780197,0.0,0.0,0.0
Steel,1,2,5006.21,0.124,0.9352195665240288,0.0533658753335476,0.00964675353651228,0.31650936288064774,0.07434175282716751,0.3299700460295911,0.0,0.0,0.0,0.0,0.0,0.0,0.0,0.0,0.0,0.0,0.0,0.0,0.0,0.0,0.0,24697796.862780098,190.78139604341132,0.11001109671878768,29061045.554013286,585.595480004162,0.722933415822753,0.0,0.0,0.0,0.0,0.0,0.0
Steel,3,2,4993.79,-0.124,0.5064908668398858,0.06587216943502426,0.014304163717202376,0.24920671261962832,0.06720301449298859,0.20723334962227163,0.2703109669643656,0.03554391622543335,0.3601054180197107,0.21698838202857404,0.11283355057239533,0.4558317801558972,0.0,0.0,0.0,0.0,0.0,0.0,0.0,0.0,0.0,13353440.051368084,844.3148828250268,0.08397929985287263,14981969.146426436,470.8069168724056,0.4428492747280021,0.0,0.0,0.0,0.0,0.0,0.0
Steel,5,2,4993.73,-0.125,1.0126727774739266,0.10120554566383363,0.013713002896321389,0.26681678277037923,0.07104583382606507,0.2128105126332855,0.23912280483478895,0.07973983317613602,0.37499480269331364,0.22549363570301037,0.07260920763015748,0.5825990808826561,0.4426716510542746,0.08402164578437805,0.775331284749039,0.21126345823674844,0.0790426641702652,0.911395499726534,0.0,0.0,0.0,57592525.26798528,797.516515614627,0.13046081169709037,45435616.330586396,542.5057699732063,0.8833284848901903,0.0,0.0,0.0,0.0,0.0,0.0
Steel,3,4,5006.3,0.126,0.462591341137886,0.10477455210685731,0.019918529334787126,0.19845000297556356,0.06769680202007294,0.16817844964376988,0.23715289895111694,0.08237333178520202,0.30035847063720056,0.2478256899039632,0.09228309869766237,0.41632220702409745,0.0,0.0,0.0,0.0,0.0,0.0,0.0,0.0,0.0,10817302.159642953,881.6308787878801,0.0640471376636512,12567229.372517085,250.9549116835183,0.1247318921291388,13016948.55361111,501.3841602364836,0.2453293805028123,13431378.229021268,118.58216888655068,0.40632120702409746
Steel,5,2,4993.67,-0.127,1.358341494202614,0.08997271752357484,0.038975498202716355,0.3635047508410672,0.06635490655899048,0.1401286447069459,0.4164434208815005,0.02809632483869791,0.2881782290542496,0.44433412056959404,0.06639471888542176,0.4417873205805713,0.30188179139913773,0.0769655966758728,0.5680693191120398,0.40082128951266927,0.05373130738735199,0.9861641346233112,0.0,0.0,0.0,107800447.1236689,527.540253902874,0.19502984220712724,121014703.80947934,386.1775581587191,1.1205016853196295,0.0,0.0,0.0,0.0,0.0,0.0
Steel,2,4,4993.59,-0.128,1.1260991871356965,0.06330850869417191,0.016181743655305503,0.29467193728496305,0.09971369206905366,0.22506538195221856,0.2517554292456248,0.02,0.4245959721532412,0.0,0.0,0.0,0.0,0.0,0.0,0.0,0.0,0.0,0.0,0.0,0.0,10765264.160426704,579.1227570454929,0.15608576514734657,11894783.747707093,340.5662166312339,0.5109343404445021,10799022.251523573,940.3475955590012,0.510701382113546,14315344.04567817,876.3204803805786,0.9406903533086958
Steel,6,2,5006.47,0.129,1.1275193363428118,0.11720004808902741,0.018288234278824287,0.15778529251997878,0.08681781470775606,0.1849261425469252,0.3551965381115709,0.07287693351507187,0.3604954997534171,0.3293723381766355,0.07371853262186051,0.5422091757569347,0.23385285989935917,0.07516140401363373,0.6484061245829712,0.2892278392897225,0.07727605998516084,0.7563300584141155,0.4066511171512984,0.10296635448932648,0.9395590133072236,63909631.560523406,526.9588387815384,0.15370655428305066,67882744.31529883,585.6584076931748,1.0015502191977248,0.0,0.0,0.0,0.0,0.0,0.0
Steel,5,3,4993.53,-0.129,1.8169401913881302,0.05857625055313111,0.013775314698377023,0.1853344452013221,0.09133201956748963,0.3009916115636615,0.20472261248071041,0.0745478230714798,0.7755309707865807,0.1716629365136644,0.048621110916137696,1.1725561111461118,0.14606447165935746,0.028574745431542398,1.3433088144864138,0.29271340252643147,0.055264771580696107,1.5437711365131483,0.0,0.0,0.0,28944214.85645798,571.2168962407918,0.20908361284011145,25089628.28054073,859.5477905375446,0.6405754967617632,38547488.38106245,404.6138067162719,1.5987826210755558,0.0,0.0,0.0
Steel,5,2,5006.52,0.13,1.0975038945674895,0.10456155061721803,0.012612474108499258,0.21079451047042283,0.06736638605594636,0.23704802780195722,0.4178699557583375,0.10481861174106599,0.43101320113631125,0.15650391389710994,0.12449633061885834,0.5761468903618511,0.3562406497158069,0.0681428387761116,0.729029150157771,0.24660138834660034,0.0988524502515793,0.8240383002867883,0.0,0.0,0.0,74318994.00131142,477.01406071667776,0.14118736967257559,59877543.78605456,887.2264665912509,0.9423736494052938,0.0,0.0,0.0,0.0,0.0,0.0
Steel,5,4,5006.62,0.132,1.5521507859230042,0.06339987605810166,0.01957571181521251,0.3104414148665262,0.11181007623672486,0.3074354648847799,0.25074696658036194,0.11153947174549103,0.6174271048818621,0.33376958423631187,0.09032464683055878,0.785222934661873,0.32836659989773903,0.04524688839912415,1.1249109064536646,0.34561766184162745,0.11379829823970795,1.3751630666054908,0.0,0.0,0.0,40472916.090779364,479.81356075913334,0.18253444947413502,44174569.70065732,1020.9755275780427,0.46627581278830993,32799929.182823457,242.401471581785,0.6821955304355161,48106966.56241611,229.56838767869425,1.3404307867402783
Steel,5,3,5006.64,0.133,1.0829430371522903,0.04741679772734642,0.03793343818187714,0.16676451344790041,0.09482821285724641,0.15780599164003742,0.3495120790170821,0.044304311424493786,0.3051125175271172,0.38202836397724355,0.06856944978237152,0.5081912358043417,0.22606063457889106,0.02,0.6586894089482055,0.30332602961390054,0.12089318335056305,0.8383499734037346,0.0,0.0,0.0,27659815.87827336,483.2055379301266,0.12166854932386786,30378425.203097,954.0457409299515,0.48033675864205194,24749012.57302036,829.0462426093621,0.9186318546482568,0.0,0.0,0.0
Steel,1,3,5006.68,0.134,2.025960373878479,0.10746535694599153,0.024824954083452536,0.19219069962303398,0.06274760216474533,1.1191673463359761,0.0,0.0,0.0,0.0,0.0,0.0,0.0,0.0,0.0,0.0,0.0,0.0,0.0,0.0,0.0,16153451.593826048,957.0461218820232,0.4128644380753612,27612787.076914724,683.9489132831565,1.2355427250502862,21853527.43018675,479.6694220592514,1.7817286743856722,0.0,0.0,0.0
Steel,6,3,5006.7,0.134,1.473454076051712,0.10980074739456178,0.014369469420016373,0.1568983031555251,0.07435370504856109,0.23683678599439442,0.28916790003957427,0.08532060623168945,0.3726486183311585,0.3892854016868493,0.15,0.7215100188232432,0.2656474639007019,0.04840501978993416,0.9415503936591955,0.33030300118074907,0.0709175169467926,1.045146130374184,0.3560451328412056,0.057425334155559546,1.2337849320499126,98528591.67324938,758.5162526343904,0.14779981440868112,84158551.77298163,919.1304827632737,0.4047973073108504,78578125.84749451,667.073910305453,1.26045060263501,0.0,0.0,0.0
Steel,1,2,4993.16,-0.137,1.1055116549134256,0.1344916877746582,0.009406142423453183,0.3231405227803182,0.10814645111560822,0.859957210780951,0.0,0.0,0.0,0.0,0.0,0.0,0.0,0.0,0.0,0.0,0.0,0.0,0.0,0.0,0.0,27088466.640215285,431.8747556904516,0.2307764377474839,28132639.68016382,454.5922553795306,0.970536203015447,0.0,0.0,0.0,0.0,0.0,0.0
Steel,2,4,4993.0,-0.14,1.1926162898540498,0.09000010657310487,0.013865129341379847,0.2164155769309635,0.058649408221244814,0.6528376795978312,0.19445671963323313,0.10784970283508301,0.8393867736601309,0.0,0.0,0.0,0.0,0.0,0.0,0.0,0.0,0.0,0.0,0.0,0.0,8988807.192601454,640.6780616526673,0.15201747431640436,7635220.070530484,386.4436224111086,0.35033940605753183,10243080.362233765,359.15317601411306,0.6014112997410876,9783649.125059793,322.629873850866,0.9787818193902983
Steel,4,2,4993.0,-0.14,1.1020941555500032,0.07558954352140428,0.04084126179470655,0.37704076823798727,0.041911265552043914,0.22061544585937806,0.1719064019328951,0.09636135935783387,0.35109740067171896,0.34925799093686544,0.0961822658777237,0.5354039379211609,0.30981325617655214,0.08946625649929048,0.8389112515725169,0.0,0.0,0.0,0.0,0.0,0.0,89812878.92986865,230.38088987144573,0.1753236314043903,78045354.17498098,381.58655963528156,0.9283240337999831,0.0,0.0,0.0,0.0,0.0,0.0
Steel,2,3,5007.02,0.14,0.9243438854813576,0.03768354332447052,0.03014683465957642,0.3426940704254272,0.10677923321723938,0.4124485561711323,0.24606159248528262,0.03375302210450173,0.5615441434978817,0.0,0.0,0.0,0.0,0.0,0.0,0.0,0.0,0.0,0.0,0.0,0.0,27022987.689141978,683.1573701959583,0.10840997404508623,33274904.48397589,507.2071336980267,0.40152436121596924,23391426.54660944,334.63613564860606,0.7514332465409843,0.0,0.0,0.0
Steel,4,4,5007.08,0.142,0.9660996243357659,0.0776262401342392,0.014738948556757999,0.3462458579940227,0.08555427312850952,0.19913177822887562,0.42502348473929086,0.0713727280497551,0.37850495573913684,0.19074172614939736,0.1323956912755966,0.659726687950713,0.2909166377810033,0.08350080788135529,0.8341239553843393,0.0,0.0,0.0,0.0,0.0,0.0,22537682.484283943,513.1688072430836,0.14016181352343504,28428064.514326658,345.3267557763396,0.5662160286002823,20671430.59672708,754.9835062449837,0.6356484782446195,22914991.50228779,603.2334867990569,0.8690721708791938
Steel,4,3,5007.08,0.142,1.28485067486763,0.0687363098859787,0.027966204621095198,0.5047408298160315,0.0349459458142519,0.2733544194222315,0.2811507723023052,0.06373907089233398,0.4328834429663012,0.43456233572648795,0.08542241513729096,0.7792179998006665,0.2922901307517503,0.04931582942605019,1.1128589422387938,0.0,0.0,0.0,0.0,0.0,0.0,31865061.616850488,461.535365771397,0.15570391702746023,35316173.14119531,899.4354175411744,0.5664332127545907,31014450.764487192,249.82893752785833,1.1250034638818782,0.0,0.0,0.0
Steel,4,4,4992.91,-0.142,1.3213907092809678,0.12585908424854278,0.014481429049780106,0.20203963440236056,0.12448656737804413,0.25822728316265786,0.2904980841088423,0.058644053936004636,0.4077683772070927,0.28030529386278236,0.10571561336517335,0.6110973829196198,0.3019814879769766,0.12352117657661439,0.8406136452287297,0.0,0.0,0.0,0.0,0.0,0.0,19180283.348311048,420.25580150152814,0.14996884465523203,30074107.11367121,720.7842082673786,0.5665280934467708,29203701.812113848,262.64824905250475,0.8742473449272088,22606208.28918442,666.9123969075083,1.1320325524268946
Steel,3,2,4992.9,-0.142,1.1067076832056046,0.09024136888980866,0.037805785929772726,0.2890078944032898,0.0621353617310524,0.17327631242246505,0.31917838055025666,0.06777475684881211,0.6004798269520705,0.43644194564401173,0.04706159591674805,0.67013642051645,0.0,0.0,0.0,0.0,0.0,0.0,0.0,0.0,0.0,38758335.57510948,387.4248202740106,0.13151887217605338,39755431.349207975,501.8057890520601,0.9404582691759075,0.0,0.0,0.0,0.0,0.0,0.0
Steel,5,2,5007.21,0.144,0.8331275552511216,0.14491140985488893,0.014100950206809664,0.23199877480402353,0.0235666293092072,0.10823975232625337,0.3196248937030343,0.1280114769935608,0.28923822074977656,0.4475862412928257,0.0891595047712326,0.4772576842359013,0.5255757187577407,0.10918386518955231,0.6096850463547235,0.32246661308550506,0.08153591305017471,0.7189096991597319,0.0,0.0,0.0,81909849.9322164,369.35193934858256,0.09328684110773319,91311051.49691604,593.6607580169272,0.7310722878740323,0.0,0.0,0.0,0.0,0.0,0.0
Steel,6,4,5007.25,0.145,1.7449689835309983,0.07726091879606248,0.012904858227749824,0.29926977942081473,0.05804016262292862,0.2000561395086497,0.3025668166536449,0.05455139249563218,0.2698144703712851,0.24275085962554513,0.06317805260419845,0.538451828524482,0.2818809670635305,0.10488264620304108,0.7854382444365834,0.5851361632661743,0.09201428413391113,1.1328777894862259,0.13800880380253372,0.043518732786178585,1.37609442607552,52047192.78038885,506.46890958026984,0.23626376757746154,56071790.42111595,708.0641574930013,0.6714340959996361,44160670.12705912,474.7724945369202,1.0070228000166714,55320610.728938654,783.149384104219,1.5635665280239486
Steel,5,4,5007.38,0.148,1.2617345184087754,0.10410826861858369,0.022813981900503624,0.3088043631846146,0.05335485696792602,0.2318715587379676,0.2903614946136976,0.11123964726924897,0.45398806597762453,0.3091025489471605,0.05899336874485016,0.8154723698853905,0.18280411300232793,0.07781114757061004,0.9106182048218776,0.4259945769282903,0.07885177344083787,1.065665370818413,0.0,0.0,0.0,30138872.15492543,495.49415741201625,0.1555542607232559,32281756.739774495,239.3838699958396,0.47049352205559686,28397667.932202864,1099.9999999999995,0.7464837970148324,23115521.171804797,554.5099548674036,1.1340845016174061
Steel,5,4,4992.51,-0.15,1.0622788682579993,0.10593618297576905,0.01426709588899361,0.19569162165578546,0.10475070297718049,0.1959020670476559,0.28515654760677533,0.10077642858028413,0.37712987250929353,0.41350444544874576,0.07745904713869095,0.49660960940281046,0.31037720754651227,0.15,0.6688649386132399,0.3699621713890163,0.05882530152797699,0.9173455895585831,0.0,0.0,0.0,29474940.976394262,383.07179660976357,0.12018888523359744,30597705.752163436,268.1804684929215,0.46266982954895447,27266975.972527348,304.2804691247708,0.6388921433173377,23198845.251413606,301.74365461878847,0.950501770975953
Steel,3,2,5007.52,0.15,0.826113149523735,0.08669273072481157,0.029911890834359075,0.42594326982618286,0.08937413334846497,0.2509876484776954,0.3958456701252319,0.10976620376110077,0.3594036148190924,0.3168122383349707,0.0331189925968647,0.6097656406104557,0.0,0.0,0.0,0.0,0.0,0.0,0.0,0.0,0.0,54931607.1224446,418.2806327924902,0.10716128089423652,74035761.99024156,214.6715303626554,0.707599329293394,0.0,0.0,0.0,0.0,0.0,0.0
Steel,5,4,5007.58,0.152,1.073969379067421,0.10191617977619172,0.02057580576989774,0.4023034780793035,0.05696911573410034,0.18780429536955903,0.35080360517080983,0.04296294674277305,0.2641615767076432,0.3159309562737313,0.130690975189209,0.41604714252459224,0.28457763193449215,0.07283910095691681,0.6539835265459705,0.3982476111726404,0.06579847157001495,0.847798746703038,0.0,0.0,0.0,28724308.95139232,515.660618384041,0.12529830846096615,21895002.291456383,832.037518050775,0.43659060330245064,21400838.848756056,1020.3705653296805,0.6398726005314196,22274149.893646788,381.62698300306374,0.9409320780791991
Steel,6,2,4992.35,-0.153,1.0544835954904557,0.09010909569263459,0.014675733943412959,0.1892891705648436,0.09789768278598786,0.17078872102181147,0.32626851004370877,0.057143792510032654,0.30719554401149246,0.20655325779750813,0.10955483734607697,0.5228774554325181,0.3409989360020803,0.11130852460861207,0.6816044355052785,0.2917207170521503,0.0709803619980812,0.8476571877432185,0.3152034544964957,0.08561114788055421,0.9326233782384541,56268608.760611154,624.150596737053,0.14255470369300813,72633436.4323908,634.2943624421662,0.9132207717303685,0.0,0.0,0.0,0.0,0.0,0.0
Steel,3,4,4992.32,-0.154,1.193983179330826,0.12440811634063723,0.007003332230319616,0.5629821941955306,0.08728172361850739,0.39549122774228096,0.3543494243882594,0.08052276760339737,0.810040907810986,0.3006771482717831,0.0721296426653862,0.8949384036906144,0.0,0.0,0.0,0.0,0.0,0.0,0.0,0.0,0.0,25211175.27573229,175.30717754944254,0.1500214703351145,30808484.93197104,304.0662813046083,0.5124939211016468,24804683.71266116,218.94046868070848,0.6690288814058476,28330049.572673075,262.1036301446042,1.049760174214017
Steel,2,4,5007.71,0.154,1.3718421190977097,0.13745662009716034,0.024953208494512845,0.2895353422790038,0.03981044471263885,0.35580627006558585,0.25602562874015533,0.12338676929473878,0.7530301795458819,0.0,0.0,0.0,0.0,0.0,0.0,0.0,0.0,0.0,0.0,0.0,0.0,15379102.263838008,1073.8900806426498,0.18378720282170005,14553893.01527341,413.72119972275436,0.4368260547800221,16654930.73085223,504.10592953943257,0.8446761844571112,15089115.448920708,240.0747701496749,1.2242839936509626
Steel,1,3,5007.77,0.155,1.1796814531087876,0.06563821142911912,0.030525420798259966,0.33299412982614884,0.1176328730583191,0.36360919918859613,0.0,0.0,0.0,0.0,0.0,0.0,0.0,0.0,0.0,0.0,0.0,0.0,0.0,0.0,0.0,19819930.737883516,580.0099755681052,0.1787213104438406,29878395.76129959,152.6192841764258,0.727760798215602,22194000.76870259,756.4740052814053,0.969901476693453,0.0,0.0,0.0
Steel,5,3,4992.17,-0.157,1.2097681283950807,0.08373578828573228,0.03462929872374217,0.49187496643715056,0.07173155039548874,0.17219483422289472,0.34798529680379786,0.04746346950531006,0.3437140413545188,0.28933094173052354,0.0684204015135765,0.5968976125432012,0.35757906635074893,0.035823436453938484,0.8755203202033099,0.29408302102976097,0.05221415594220162,1.008903306819755,0.0,0.0,0.0,81675408.98922509,320.6900338679311,0.12097681404927621,83968470.39164014,832.1909797293888,0.12097681404927621,61203775.47795199,486.39727713493863,1.0565661047818793,0.0,0.0,0.0
Steel,6,2,5008.13,0.163,1.416428342461586,0.12781710505485536,0.012421920675691166,0.3203394093154629,0.09768000900745392,0.29500055943255254,0.18573595719439395,0.12071904122829438,0.4775619450410429,0.3514867847605285,0.099869082570076,0.6572407691756339,0.3857555344633048,0.1222392475605011,0.8892987525750662,0.19484602595491296,0.059676412045955654,1.0526443166002337,0.22652798115397438,0.10870306432247162,1.2467970453962247,112154514.20276041,178.7886021940704,0.18671388665314037,120303547.11227697,770.6648875300652,1.229106774111486,0.0,0.0,0.0,0.0,0.0,0.0
Steel,6,2,5008.14,0.163,0.874092447757721,0.11814480102062226,0.010477761103414163,0.3801471007338419,0.09599977850914002,0.11537706160176493,0.23647169505131774,0.0938268530368805,0.26303130690795695,0.34965249757964734,0.05722141802310944,0.4097659755015042,0.25286097460045137,0.09839278757572174,0.548271319330744,0.3475473961492889,0.10992463171482086,0.6632906030808805,0.3664523654548759,0.07528862446546555,0.7787359886179777,62034143.62090048,249.46741057557645,0.12924045487538435,59099577.45330843,663.3004818854782,0.7408123940865675,0.0,0.0,0.0,0.0,0.0,0.0
Steel,6,3,5008.18,0.164,1.119961251318455,0.07983950555324555,0.03617438083903618,0.28223534929430594,0.1436539089679718,0.14835015289054193,0.2733268459632395,0.02,0.3521604462905621,0.25588679350945576,0.036772350817918784,0.4363107109874753,0.46233543557288287,0.07920256048440934,0.6048091945083959,0.3940518530212938,0.1054366946220398,0.8066959478264675,0.4203298923451921,0.12623753488063813,0.931876983421844,65051552.919865884,378.4332105623901,0.11811481504608028,60619060.72158544,598.4182334804588,0.49240653811723234,71493469.03224275,166.79205871111168,1.0079651250666481,0.0,0.0,0.0
Steel,1,2,4991.81,-0.164,1.2000440925359728,0.0937823430299759,0.016384589674834346,0.31387087523651613,0.10608771681785584,0.6832757626659098,0.0,0.0,0.0,0.0,0.0,0.0,0.0,0.0,0.0,0.0,0.0,0.0,0.0,0.0,0.0,26644860.847006723,672.3776850299158,0.2179253792564637,19302992.17742454,647.5982605339545,0.957774700408059,0.0,0.0,0.0,0.0,0.0,0.0
Steel,2,4,5008.28,0.166,0.5578366652131082,0.10395180571079256,0.00979290270184863,0.2590675744513457,0.09451757907867432,0.21027299639114916,0.4489231708379901,0.04487356454133988,0.3994259463792005,0.0,0.0,0.0,0.0,0.0,0.0,0.0,0.0,0.0,0.0,0.0,0.0,11306714.154155796,494.7701532416139,0.13892881048652797,11339617.429542592,336.597996019374,0.41004516111809275,12399909.064864231,639.0904149712528,0.44420037999140816,11052132.24860622,766.6536129649844,0.4989371362790805
Steel,4,2,5008.31,0.166,0.7485066100955009,0.09116097569465638,0.00880084283986622,0.310784124332869,0.08355316907167436,0.1853274266797243,0.36387664528926983,0.08431741774082184,0.3673562349435799,0.43771944598284096,0.09087595224380494,0.5514133759510024,0.36397150370416215,0.035000073686242104,0.6175113831556314,0.0,0.0,0.0,0.0,0.0,0.0,54766075.692280866,652.6679745666014,0.10428803363869969,48298003.32328234,853.480653873607,0.6736559483374442,0.0,0.0,0.0,0.0,0.0,0.0
Steel,3,3,4991.59,-0.168,0.9686728522181511,0.13046719026565554,0.018143231526332532,0.33977654394917994,0.10970705091953278,0.16228069635540282,0.1370042488339162,0.052043256610631944,0.6054671510252407,0.44422290164481154,0.048174117207527165,0.7345221922980314,0.0,0.0,0.0,0.0,0.0,0.0,0.0,0.0,0.0,22738766.51406459,717.7240002947023,0.12185722036948224,24997398.522255015,324.8915349791176,0.24589763413640292,25243020.49194185,892.3363410962525,0.8202555873691832,0.0,0.0,0.0
Steel,2,2,4991.54,-0.169,1.1632148236036302,0.06744573211669923,0.022233240988649025,0.34069720155085625,0.026429755613207817,0.7024216508373771,0.1469123540393306,0.10422134935855866,0.9211801743147507,0.0,0.0,0.0,0.0,0.0,0.0,0.0,0.0,0.0,0.0,0.0,0.0,12329402.669639004,851.5303184817046,0.2341014791979704,13436485.295128364,640.1670687063453,1.0325506306282666,0.0,0.0,0.0,0.0,0.0,0.0
Steel,6,3,5008.48,0.17,1.4306500136852265,0.08851395016908646,0.02483340111899567,0.2921123589452625,0.09431321740150453,0.31593080466100765,0.2760684844668282,0.10511463165283204,0.615748599061544,0.3524606009626612,0.07195521384477616,0.7710451461436676,0.35418897315741454,0.07149662047624589,0.8505792068546402,0.295367750755546,0.12154023826122284,1.054936522483192,0.17596333526652216,0.05727580934762955,1.2132053966205298,39518301.23524012,298.93960599743866,0.1739309232462849,44443161.13966932,578.9712872647563,0.6754354866162577,53858861.54371617,139.94466526354094,1.2454202380403203,0.0,0.0,0.0
Steel,4,3,4991.52,-0.17,1.3304515898227691,0.08917163014411927,0.012188064663013618,0.29369695416444697,0.0863221287727356,0.32977531625176343,0.2771267639631043,0.07432974636554718,0.5710274891413307,0.2749827056412577,0.02,0.9397061310785442,0.40151670053729704,0.0822735995054245,1.197396430840492,0.0,0.0,0.0,0.0,0.0,0.0,29398317.549485084,675.557748488755,0.16827975909200257,29570262.905762892,372.1973107644288,0.7116147794600669,23561899.16571059,580.419315403268,1.1688217947069004,0.0,0.0,0.0
Steel,6,4,5008.67,0.173,1.3588512659072876,0.0658442640900612,0.028728638727738523,0.16889021049715552,0.07763847380876542,0.33552276770883227,0.28924099667375686,0.10605600953102112,0.5245269497743266,0.23050272578580108,0.04689290687441826,0.7006701921779308,0.20867816786624277,0.09317819416522981,0.8301720458703554,0.22728877051684654,0.1179098004102707,1.1383868100729242,0.31496318300472703,0.024459501169621943,1.2229561393165589,31177258.698050924,735.3180326908611,0.14451589053916059,26805183.08078076,876.8103020575828,0.315441992763396,33325135.556345094,394.9376858768012,0.9336689303451726,32632841.961253162,413.96909144176766,1.212955139316559
Steel,4,4,4991.33,-0.173,1.4683474272489547,0.1268875870704651,0.013945462210436325,0.23000827504399057,0.06316136598587037,0.31963856819682135,0.2622041092911847,0.09375855684280396,0.5316071016391637,0.21517130420490221,0.047522331774234775,0.8073911024877748,0.2792905325601209,0.0819054013490677,1.1625426007703634,0.0,0.0,0.0,0.0,0.0,0.0,20161838.5697891,368.57883020488913,0.1730831933575835,16193161.32127006,154.283094637264,0.18007360757931457,26974380.990636926,686.8474460274972,0.7598468007805477,18495128.3560564,173.55200618323943,1.260894457379266
Steel,3,3,5008.78,0.176,0.9528957322239876,0.14502845656871796,0.012245651366953368,0.29936115340242264,0.10944824755191804,0.24544090464672363,0.28321506161640786,0.02,0.3984926697136736,0.2288644023321168,0.07679861426353454,0.6221174629723347,0.0,0.0,0.0,0.0,0.0,0.0,0.0,0.0,0.0,19941109.38259518,538.224180471434,0.09731160333068178,24900252.84624873,494.87102583071174,0.2065253225521285,21094308.151794743,463.46130121788474,0.794357162151147,0.0,0.0,0.0
Steel,2,2,5008.8,0.176,1.0098355665802956,0.09360599005222321,0.010364855117437328,0.32699986577766327,0.08331959515810014,0.48737241990787267,0.34544031887433946,0.05200076907873154,0.6616577662698335,0.0,0.0,0.0,0.0,0.0,0.0,0.0,0.0,0.0,0.0,0.0,0.0,23509558.436833594,577.7143943907562,0.322641949220994,24319266.703042157,456.9318515875529,0.9088520089124305,0.0,0.0,0.0,0.0,0.0,0.0
Steel,2,2,5008.82,0.176,0.7823836579918861,0.08868317234516145,0.04081895257247365,0.2930677371958733,0.13617539823055266,0.18911189122255123,0.2873573489311241,0.08515250027179719,0.427865146175164,0.0,0.0,0.0,0.0,0.0,0.0,0.0,0.0,0.0,0.0,0.0,0.0,23823456.85154311,254.20161295173952,0.112674400177705,29387520.30838213,292.52252334703223,0.6690496495525322,0.0,0.0,0.0,0.0,0.0,0.0
Steel,2,4,5008.84,0.177,1.3529142946004868,0.06414994752407074,0.004789594408552617,0.22866695556768302,0.03914816379547119,0.25537876028969897,0.38620828430034104,0.0799061569571495,1.025391444919868,0.0,0.0,0.0,0.0,0.0,0.0,0.0,0.0,0.0,0.0,0.0,0.0,13792487.492254423,676.0578337156201,0.161256853445841,12735470.69384161,1099.9999999999995,0.5966054730710403,13687589.88354161,1099.9999999999995,0.8597771343962297,11516650.330183307,464.1485988825083,1.2052360725713451
Steel,2,2,5008.89,0.178,1.1201259925961495,0.08327152019739152,0.039487867019232015,0.3119468389131015,0.06197377234697342,0.23707309552687772,0.40201439810427636,0.048508002609014514,0.6458284483128824,0.0,0.0,0.0,0.0,0.0,0.0,0.0,0.0,0.0,0.0,0.0,0.0,18811199.691043273,838.5341777513624,0.19312188850531745,18220424.17022486,69.00314063784899,0.8314261997764117,0.0,0.0,0.0,0.0,0.0,0.0
Steel,6,3,5008.91,0.178,0.8122008368372917,0.08387753254175187,0.025415118006231655,0.29479766677778313,0.07879044711589814,0.08240781082995105,0.3067710565786652,0.14262888491153716,0.22580865024276697,0.2889267255082372,0.09430935084819794,0.387848540591792,0.4477951338639866,0.0890969890356064,0.4914283480585728,0.21136747870655992,0.04471714153885842,0.5811909135437405,0.4024178449229187,0.09973291635513307,0.6929448908481693,40712344.085661076,661.7776769814861,0.09848962192283925,44643896.48524897,265.78663682918153,0.3419579043769389,50665244.768699236,340.58120535758815,0.7139188964728176,0.0,0.0,0.0
Steel,4,2,5008.94,0.179,0.9010140836238861,0.09389696907997132,0.03201642067523067,0.2803709111779265,0.0870131802558899,0.16809837401429067,0.24810442026025276,0.13314158737659454,0.3569705148383914,0.440785020716724,0.08294775128364563,0.551478537673886,0.369877608434137,0.1333863192796707,0.7645929835552164,0.0,0.0,0.0,0.0,0.0,0.0,61749379.55914204,597.6361740046284,0.0901014092634027,78526848.20094979,1099.9999999999995,0.8073343068779473,0.0,0.0,0.0,0.0,0.0,0.0
Steel,6,4,4991.05,-0.179,1.0054555878043177,0.11151607549190523,0.006257516793818841,0.4973389183877438,0.08125971406698228,0.122671150754397,0.43101755069530906,0.10271727561950685,0.2415514984584416,0.2843049282863516,0.0639751011133194,0.3561221668642968,0.3404262962123228,0.14216677367687225,0.5613897491459032,0.4918060133436862,0.02,0.6970700393105952,0.2770933413530996,0.08802207946777345,0.8378823680650853,38746744.71253614,395.6507362561503,0.10284776568379636,38051553.268597044,214.94233181989384,0.2866855966020543,44940876.58112107,581.7132350967782,0.5774613576622061,42114448.728328876,574.7183675421664,0.8858370762325462
Steel,1,3,5009.11,0.182,0.8562102451920509,0.10182587039470674,0.02403733622928969,0.35196901518607254,0.15,0.4020120024272572,0.0,0.0,0.0,0.0,0.0,0.0,0.0,0.0,0.0,0.0,0.0,0.0,0.0,0.0,0.0,16545125.49131588,531.5259736181937,0.15342480143694226,16263346.10631131,263.0781928195078,0.4760705642012239,14405180.100584356,298.5282818671476,0.6908565685272794,0.0,0.0,0.0
Steel,5,3,4990.85,-0.183,0.988470034301281,0.08314595884084702,0.012008722066699491,0.4792857526545779,0.0898370659351349,0.1386643000164959,0.18668456560679675,0.09845093309879303,0.3485465139284608,0.2746446730900889,0.044461119920015335,0.5274097095599304,0.37840892799500664,0.09909691095352173,0.6659655475607668,0.20597723129984555,0.056945676207542414,0.8161244640624621,0.0,0.0,0.0,34441755.23260366,448.6991011043239,0.10979307416480585,29276366.98781793,754.9413623576667,0.45326765529012475,34371810.60434737,437.93624650457355,0.8880566267850082,0.0,0.0,0.0
Steel,2,3,4990.79,-0.184,1.299606266617775,0.1034651930332184,0.03350536834632367,0.3063839926574168,0.14492550909519195,0.658663369834215,0.20059491847018027,0.08834519624710084,0.872462970546276,0.0,0.0,0.0,0.0,0.0,0.0,0.0,0.0,0.0,0.0,0.0,0.0,22623081.374963854,44.99999999999999,0.1739711611591313,16305145.989323694,593.7262491477661,0.5898541741092267,20657180.344409563,822.9513428337408,1.1518211811054906,0.0,0.0,0.0
Steel,4,4,5009.35,0.187,1.4215006977319717,0.06686057472229004,0.015429838562879739,0.19915958415781027,0.09986445665359497,0.26808187121141613,0.3384952705317162,0.09912196993827821,0.3835457282040716,0.22102816008431816,0.05330909371376037,0.751424308567291,0.15380470556163872,0.10415776431560517,1.1767249853332094,0.0,0.0,0.0,0.0,0.0,0.0,19088225.054334033,218.15910774040807,0.17083994701832733,17086777.528109916,269.00572645172304,0.608513496517373,20974932.141404834,372.35689517597655,0.9643175206796007,23707819.19741936,501.0096552700147,1.2757009780041482
Steel,5,4,4990.64,-0.187,1.5053032845258714,0.08146979725360871,0.021033389250123536,0.2121075352859386,0.13025930821895598,0.3106490388055565,0.5021959261280549,0.09724474668502808,0.5702595101958393,0.21179172222328718,0.11273848295211793,0.8348378278787184,0.36061726468535366,0.08871843874454499,1.0179093244988144,0.41987767920957225,0.09378981471061708,1.3361217556256288,0.0,0.0,0.0,46261439.9389013,232.23729138329645,0.1594945776240655,49369567.07250289,1034.4826363490647,0.7573246440906645,40155504.348835155,201.51646003988787,0.9624452424888186,31755909.99731615,356.84665122490304,1.354772954567981
Steel,4,3,4990.62,-0.188,1.3516302168369294,0.1049954926967621,0.03609363100877912,0.2241309773063292,0.08467914193868638,0.166489799212642,0.3180548579094756,0.08051046282052994,0.36707765260839276,0.2739443491440384,0.07844650983810425,0.7633297708893833,0.358498922540264,0.11418356657028199,1.0744458609744914,0.0,0.0,0.0,0.0,0.0,0.0,53062797.248177834,1099.9999999999995,0.13516302303532318,51568598.10135443,490.47931324967885,0.21007119629843074,44574079.9302522,467.20876357752286,1.1752816371002903,0.0,0.0,0.0
Steel,2,4,4990.59,-0.188,1.2500630289316177,0.06097317749261856,0.010661775950633171,0.21963370386799383,0.06480838209390641,0.30045937257106614,0.39612961451974005,0.14924174487590788,0.7806897434786664,0.0,0.0,0.0,0.0,0.0,0.0,0.0,0.0,0.0,0.0,0.0,0.0,23243482.188302707,78.44354533628548,0.14882176579315398,27230744.686277486,237.47473052395696,0.5677414420643568,19702406.71052664,596.8582068469914,0.8553312363592774,24382119.98945871,592.3029099954075,1.120233645100793
Steel,3,2,5009.65,0.193,0.6771356493234635,0.11596065974235537,0.012665746700984344,0.2822668478866342,0.10575983464717865,0.17092203772881964,0.24305388287341123,0.09767931938171387,0.35913042812111906,0.34059218178619144,0.1310475581884384,0.5001900538718747,0.0,0.0,0.0,0.0,0.0,0.0,0.0,0.0,0.0,31645591.18609293,539.6354772401505,0.09042330352012469,36503480.810428284,416.70993072596985,0.5438332471060612,0.0,0.0,0.0,0.0,0.0,0.0
Steel,1,2,5009.74,0.195,1.5042792201042177,0.09145216631889344,0.03418609789914289,0.4587876925838363,0.07068118840456009,0.9244394777618133,0.0,0.0,0.0,0.0,0.0,0.0,0.0,0.0,0.0,0.0,0.0,0.0,0.0,0.0,0.0,33995902.70890235,849.6093672097998,0.40929720143538184,41871150.10757921,392.93520232494814,1.2703220235102122,0.0,0.0,0.0,0.0,0.0,0.0
Steel,6,4,4990.22,-0.196,0.9872022211551666,0.08119396853446961,0.01645908030816422,0.3461509927917665,0.050039816349744796,0.16125355342625414,0.1663218380561402,0.07179301232099533,0.27777550898896197,0.27355581471915025,0.056122848093509675,0.45455970979782034,0.23023533282051153,0.053703474402427676,0.6010116414182775,0.3059344409983987,0.08638986706733705,0.6991564125239212,0.34196708081239896,0.09846592664718629,0.8140666437662055,17154504.18076773,478.9814075016396,0.12350957292186923,17909326.66423651,607.5749369736702,0.5815100741301625,19174283.93718248,409.3887150069982,0.7597821832552047,18330248.256663304,694.1630406708971,0.8857300898577637
Steel,2,3,4990.2,-0.196,1.1910337150096892,0.08739201480150224,0.006243815900621807,0.3550091928948082,0.060897266566753386,0.33012166930767234,0.3176925625755814,0.11271526038646698,0.7026794742994449,0.0,0.0,0.0,0.0,0.0,0.0,0.0,0.0,0.0,0.0,0.0,0.0,17302562.83539435,225.69055182884563,0.15579785955924008,22819462.83750567,72.37997309397572,0.45255681123469105,15004881.63645884,667.1687271013931,0.9922001742432761,0.0,0.0,0.0
Steel,5,2,5009.88,0.198,0.8387228593230248,0.10747756183147432,0.023483523109004603,0.29878873365362235,0.11072644948959351,0.10693536402384879,0.3108963824617532,0.08539103329181671,0.28655144434370156,0.5658926089120621,0.0973768448829651,0.3943638614746653,0.25961340434946223,0.13419995367527007,0.5700463592231422,0.48696430935416046,0.051890766024589544,0.6702783355596051,0.0,0.0,0.0,113379090.86120822,272.25467496877394,0.09273919161245156,88738830.6295437,135.80001807937452,0.7548505725519995,0.0,0.0,0.0,0.0,0.0,0.0
Steel,5,3,5009.97,0.199,1.327444565296173,0.07836211770772934,0.0034958090689785055,0.36883557523896987,0.0796375748515129,0.16704263559754345,0.26536788363144415,0.0826525914669037,0.35863892880512316,0.4704048501803541,0.07993192106485367,0.5192984137524139,0.20742811979288422,0.15,0.7963650929225434,0.327283285945811,0.09785101294517518,0.978480375263248,0.0,0.0,0.0,44795886.886822104,615.4336113763677,0.19725767002244077,45666570.787520066,641.4497154756596,0.7029380196041248,41473821.976121,947.705843677043,1.1546942878002313,0.0,0.0,0.0
Steel,3,3,5010.01,0.2,1.2880196839570999,0.09530874931812287,0.035055303194987585,0.3058462837022395,0.10611558854579926,0.5172073709229862,0.2613513731754898,0.05626489937305451,0.9192021315205795,0.2041820736700011,0.06554768025875092,0.9881811674101763,0.0,0.0,0.0,0.0,0.0,0.0,0.0,0.0,0.0,18679676.170946438,489.5539470907275,0.18051738968897302,17020924.019590393,177.16117198228014,0.7797992654182997,18845232.037680466,227.1272621022302,1.1341484912553454,0.0,0.0,0.0
Steel,3,3,5010.05,0.201,1.0124198213219642,0.07534067219495774,0.011910437872879766,0.15841659520991866,0.08403672844171525,0.3543693998306781,0.2997343833440848,0.04377542078495025,0.6019655188211668,0.34409597788510443,0.09015556454658509,0.7865123641311779,0.0,0.0,0.0,0.0,0.0,0.0,0.0,0.0,0.0,11487202.371273626,304.53657968046565,0.21919073078115298,12214826.478288556,223.65634894210146,0.6581366064941774,15043712.895113245,512.1821906180816,0.8782140737307385,0.0,0.0,0.0
Steel,3,3,4989.93,-0.201,1.4150504261255266,0.08821386826038362,0.007935707607638978,0.41027039694865775,0.1252678668498993,0.37142350277085456,0.39120191661827375,0.11473845183849335,0.7441436067141004,0.2681224551495615,0.08451759517192842,0.8723205768437838,0.0,0.0,0.0,0.0,0.0,0.0,0.0,0.0,0.0,53179369.6294253,733.5207365051996,0.18752357384218837,71354847.5100264,397.8559825593081,0.8869456608023428,65452691.72893121,611.989605728573,1.2169314926797417,0.0,0.0,0.0
Steel,3,4,4989.92,-0.202,0.9557035014033318,0.09989206469058992,0.009748821565525208,0.2690546534950457,0.1288857364654541,0.2814505176880723,0.4756291496463019,0.10505843877792359,0.42095911781357453,0.46198194088158795,0.02,0.6741410600978129,0.0,0.0,0.0,0.0,0.0,0.0,0.0,0.0,0.0,23463121.726661228,527.0487012585979,0.12133953389175564,19792468.724258184,342.17069315080505,0.37605285560372703,20530742.55233763,164.0939668285973,0.5686510070188792,25553240.8403981,498.06997381251114,0.8601331503072951
Steel,6,2,5010.11,0.202,1.3437593549489975,0.09724588131904603,0.016804150698594086,0.3026384755833615,0.13944776535034178,0.14623964563361552,0.21199351435693986,0.0856357651948929,0.35177567861380177,0.4122890193394985,0.09041495680809021,0.6442008290854859,0.25878041799249096,0.0764276072382927,0.7674289712506273,0.24976512304093748,0.04114288106560707,0.9850587551751324,0.4687801999317677,0.07504693776369095,1.0868325686339917,167746010.7603877,457.3258575864952,0.18167713281163517,188093763.2531865,655.5926741837527,1.1352959537669203,0.0,0.0,0.0,0.0,0.0,0.0
Steel,5,3,4989.83,-0.203,1.0873199284076691,0.07510662108659745,0.013913869183385282,0.22850565268525905,0.08176687568426133,0.1673302528479937,0.2703982868663069,0.07532663524150848,0.27424502630440406,0.20705489408203237,0.02,0.4923001331758519,0.23333992527043118,0.06328046202659607,0.6682034989551103,0.2767652217381014,0.10967502593994141,0.8708246034939182,0.0,0.0,0.0,19272850.169655096,607.9012234376492,0.14680121159374393,16813248.449693758,734.601245534805,0.699146564743214,14680442.764776658,541.3441295032176,0.9235182237510026,0.0,0.0,0.0
Steel,6,3,5010.3,0.206,0.8310048297047615,0.09612123751640321,0.02412062914427627,0.3311895489917659,0.07813988596200944,0.08661901099109388,0.2766554035571359,0.09128244400024414,0.20735899040620337,0.26806380309929767,0.06523906886577606,0.3230979587874367,0.31292683757510165,0.10637553870677949,0.4297985923098634,0.3145214671940751,0.10679649710655213,0.6127322580386388,0.17549435097300767,0.07011425018310546,0.7333368100273433,35180396.19897957,314.4110171112787,0.10368042534728353,34268943.44251982,819.4400379641586,0.5418674701766251,27757673.786920305,454.1805289345077,0.7200333925828055,0.0,0.0,0.0
Steel,6,3,5010.32,0.206,1.4244095832109451,0.08590161800384523,0.02200522731980334,0.16737219144478024,0.09296442568302155,0.1992908869556394,0.4580247803718572,0.0732485643029213,0.2999651072625388,0.18891709614112923,0.11114821374416352,0.4963772989617589,0.20405178625432593,0.04148396298289299,0.6794863026663747,0.21093648233545972,0.05914077043533325,0.8370555640306094,0.23063811240248036,0.11359898865222931,1.1521181323771856,54249236.83781922,400.1547051583756,0.16915649291507637,51966140.319942385,491.5723564858604,1.0364319176309829,57137402.78445072,930.7254559291637,1.281968623465441,0.0,0.0,0.0
Steel,4,4,5010.32,0.206,1.3582562565803529,0.08260986644029618,0.01496322978345942,0.26573731474877516,0.06506796032190323,0.23743002510707867,0.35894912583342625,0.0365912775695324,0.5297341952554402,0.34380686957979867,0.15,0.728674358564508,0.3998064918995596,0.07915054023265838,1.0273218509893929,0.0,0.0,0.0,0.0,0.0,0.0,31465665.534850687,434.55213332400297,0.1370063560195935,30538428.619918834,872.4463178069308,0.41800580522274866,36071807.81501501,1099.9999999999995,0.5990421125995653,38475168.80024116,425.92377762995403,1.1924842012963057
Steel,5,2,5010.33,0.207,0.815827625989914,0.1003079618215561,0.01884020280400159,0.4095865745616897,0.06367584228515626,0.0974242818023523,0.33996379749963485,0.09206405341625214,0.26731239746569396,0.2583823719455669,0.04230350375175476,0.37236334719725606,0.2256462747792002,0.07293351769447327,0.4944965174542828,0.4143064151112677,0.04253987103700638,0.6937863162960214,0.0,0.0,0.0,36718424.90861922,789.2476277420956,0.10992325538441068,51925081.02820016,488.57121561742116,0.6521160593146947,0.0,0.0,0.0,0.0,0.0,0.0
Steel,2,3,5010.36,0.207,1.070784215629101,0.07839298540353776,0.039908582202256584,0.26072454895364905,0.0775324884057045,0.40564860883405174,0.2145587528367229,0.06468447029590607,0.8425274308255695,0.0,0.0,0.0,0.0,0.0,0.0,0.0,0.0,0.0,0.0,0.0,0.0,7791523.926222373,347.4056276982801,0.12719202844326408,8017490.370070719,224.3071133086559,0.3709230845626424,9685231.269951664,308.31332368920965,0.9126679452417606,0.0,0.0,0.0
Steel,1,4,4989.59,-0.208,1.6909479588270189,0.05103795424103737,0.01591445556843986,0.3711712991110566,0.07347290962934494,0.3943305766137726,0.0,0.0,0.0,0.0,0.0,0.0,0.0,0.0,0.0,0.0,0.0,0.0,0.0,0.0,0.0,17514812.957954723,538.6239378358304,0.188773678550704,22142249.76379599,168.75637785103842,0.6591120353825479,21487623.997665226,302.2317225128083,1.0220803729074448,22671936.744038485,177.82975757355013,1.4012471919595901
