rank,material,n_disks,n_bearings,L,OD,ID,d0_OD,d0_W,d0_pos,d1_OD,d1_W,d1_pos,d2_OD,d2_W,d2_pos,d3_OD,d3_W,d3_pos,d4_OD,d4_W,d4_pos,d5_OD,d5_W,d5_pos,b0_K,b0_C,b0_pos,b1_K,b1_C,b1_pos,b2_K,b2_C,b2_pos,b3_K,b3_C,b3_pos,cs1_pred,cs1_lo,cs1_hi,cs1_dev_pct,cs2_pred,cs3_pred,joint_err,joint_err_truth,cs1_ross,cs1_relerr_truth_pct
0,Steel,1,3,0.5673414871096611,0.0626572316288948,0.0112077322213826,0.3335232868008585,0.15,0.246617531112449,0.0,0.0,0.0,0.0,0.0,0.0,0.0,0.0,0.0,0.0,0.0,0.0,0.0,0.0,0.0,4478232.734345404,81.24854669030347,0.1188389721784211,5918951.808411123,337.8353856925879,0.3725796929077407,5743141.229254499,580.7320142327846,0.4767657682713685,0.0,0.0,0.0,3007.67,2600.0,5200.0,0.0,22796.55,42801.31,0.0,0.0,3005.71,0.0
1,Steel,2,2,1.491924837231636,0.0405204491913318,0.0128709164134089,0.2545433704040836,0.0697170490026474,0.2072051465525657,0.1714898233756367,0.0522484299540519,0.959668797754814,0.0,0.0,0.0,0.0,0.0,0.0,0.0,0.0,0.0,0.0,0.0,0.0,51589419.03292157,545.2796397557771,0.1672176371406634,44305107.72763755,354.7439944204596,1.148553188776027,0.0,0.0,0.0,0.0,0.0,0.0,3762.23,2600.0,5200.0,0.0,9374.82,11198.42,0.0,0.0,3727.39,0.0
2,Steel,3,2,1.096191367506981,0.0773671190738678,0.0341491936120863,0.3473111307347694,0.0796801650524139,0.2695135870181731,0.4662170980752926,0.0876944530010223,0.7132657600255421,0.2535055417704561,0.1114269387722015,0.8654334518466903,0.0,0.0,0.0,0.0,0.0,0.0,0.0,0.0,0.0,14827439.09116897,607.3985512630499,0.1521639806524459,16729891.482038876,301.75429014929347,0.9671612124840244,0.0,0.0,0.0,0.0,0.0,0.0,2842.45,2600.0,5200.0,0.0,5969.36,21434.58,0.0,0.0,2845.06,0.0
3,Steel,1,4,1.4658162117004394,0.1047573620080948,0.0311117132316674,0.2432356272146247,0.0703871676325798,0.8092888848075807,0.0,0.0,0.0,0.0,0.0,0.0,0.0,0.0,0.0,0.0,0.0,0.0,0.0,0.0,0.0,9048649.355988584,159.76161917306854,0.2105723357427568,9473246.189459404,380.4984130682285,0.7798053659629052,8565818.683890853,1099.9999999999995,0.9726596567419854,9560542.866140736,287.84351079735006,1.307380698355375,5109.46,2600.0,5200.0,0.0,6020.74,13385.69,0.0,0.0,5025.38,0.0
4,Steel,1,2,1.251714852452278,0.0965569570064544,0.0522323629910242,0.3368932772138477,0.0268032034486532,0.8574726793596454,0.0,0.0,0.0,0.0,0.0,0.0,0.0,0.0,0.0,0.0,0.0,0.0,0.0,0.0,0.0,8339500.096390401,566.9624968242168,0.2792839767433089,6226135.628965659,446.4351688990803,1.0053323087670931,0.0,0.0,0.0,0.0,0.0,0.0,3940.14,2600.0,5200.0,0.0,5286.02,19198.74,0.0,0.0,3938.18,0.0
5,Steel,5,2,1.4524443805217744,0.10675823533535,0.0428762373991981,0.2120373665384214,0.1092592358589172,0.1452544380521774,0.4321085576424869,0.0593089383840561,0.2999512515535251,0.3461084911135376,0.0767705875635147,0.4807151531403593,0.1579548852415427,0.1084908843040466,0.6658599745225836,0.2795623534214557,0.0839040219783783,1.038751307007331,0.0,0.0,0.0,14100050.832382616,505.0347467547597,0.2276382443244083,14509455.75939723,269.6692713958799,1.1112279266483114,0.0,0.0,0.0,0.0,0.0,0.0,2723.28,2600.0,5200.0,0.0,4036.45,12294.84,0.0,0.0,2731.62,0.0
6,Steel,2,4,0.3808694951236248,0.0693824282288551,0.0061695825339196,0.226089422454488,0.0971695309877395,0.1445414820279084,0.216467340867896,0.0729309064149856,0.2929100630010218,0.0,0.0,0.0,0.0,0.0,0.0,0.0,0.0,0.0,0.0,0.0,0.0,1883559.6853283844,499.1040457749829,0.0624247295562547,1773992.7610769914,343.43936512429985,0.2118115801837792,1532538.549397081,396.2527981525582,0.3114060055848151,2127481.4403776773,584.3436889487118,0.3427825452303928,3126.13,2600.0,5200.0,0.0,5440.48,128276.61,0.0,0.0,3097.67,0.0
7,Steel,6,2,1.3422540783882142,0.0621134582757949,0.0065733818898317,0.2723809697146151,0.0661487820744514,0.2425216231988188,0.2409063839676193,0.0698580968379974,0.446469900021264,0.1969727940663913,0.0886300736665725,0.6331009791506487,0.2065715977791304,0.0523828895390033,0.9178330460011356,0.3044125845117478,0.0886492824554443,1.0454565566669638,0.2676462172597292,0.0559049341082572,1.2080186705493927,39536734.44103574,443.0265690871415,0.1612351223589651,38100997.45387901,285.4805523171822,1.1686928935903675,0.0,0.0,0.0,0.0,0.0,0.0,3073.94,2600.0,5200.0,0.0,6841.55,11621.96,0.0,0.0,3018.78,0.0
8,Steel,3,2,1.3891266107559204,0.1141472101211548,0.0074596238499344,0.3740179685367407,0.0676247090101242,0.3725557895575694,0.3039691103413776,0.0552116084098815,0.6150256311452923,0.1785321207931216,0.074663955271244,0.8305029704915758,0.0,0.0,0.0,0.0,0.0,0.0,0.0,0.0,0.0,26263974.29663936,230.22749357300492,0.2267405494250008,25907277.86923748,415.99252980814623,1.0392666726695925,0.0,0.0,0.0,0.0,0.0,0.0,4506.39,2600.0,5200.0,0.0,5983.65,15328.38,0.0,0.0,4527.3,0.0
9,Steel,6,3,1.7922258019447328,0.1147003741264343,0.00626835896925,0.3114178076241853,0.1221849375963211,0.2743000688526309,0.2450189700706368,0.0612035340070724,0.5309343380870931,0.3157478933539906,0.099682759642601,0.929798397525598,0.2967092442199908,0.0961605387926101,1.1238526692758193,0.302640407998006,0.0894383615255356,1.2985263429771032,0.2236829857233731,0.0766354829072952,1.4144776856168528,32428099.06084313,741.0983212162554,0.1921881949322761,32800959.44846898,468.3284603501097,0.6952208232081287,32593633.33765864,559.5481192003405,1.4942482039626384,0.0,0.0,0.0,4078.8,2600.0,5200.0,0.0,5634.42,9147.67,0.0,0.0,4143.0,0.0
10,Steel,2,3,1.0357501193881036,0.0425841920673847,0.0183660190418148,0.2465889302091596,0.0957517379522323,0.6209405237515828,0.2602391726148936,0.0788682702183723,0.8343502270038765,0.0,0.0,0.0,0.0,0.0,0.0,0.0,0.0,0.0,0.0,0.0,0.0,9773075.133072048,486.00924308787415,0.224642922836306,9012508.616963476,455.2073360942512,0.5355905945345242,7806280.5158535745,286.1548028740085,0.9058434786545492,0.0,0.0,0.0,4150.62,2600.0,5200.0,0.0,8986.54,12579.99,0.0,0.0,4146.1,0.0
11,Steel,4,2,0.64550656452775,0.0307181423902511,0.0163031685918903,0.2382554515531097,0.0367287939786911,0.1180029624567218,0.1684071339671762,0.1345924359560013,0.215480456951696,0.1932569868273191,0.1413695663213729,0.4003304847077508,0.2094295791045686,0.0562789011001586,0.5434130823267201,0.0,0.0,0.0,0.0,0.0,0.0,62178424.85952978,1099.9999999999995,0.0997208693408334,71418493.18549146,271.3933370809641,0.5050005109750486,0.0,0.0,0.0,0.0,0.0,0.0,4401.89,2600.0,5200.0,0.0,11334.72,15320.85,0.0,0.0,4172.67,0.0
12,Steel,5,3,1.4172933995723724,0.0809432097673416,0.0208645855989015,0.3561831338837563,0.0843957832455635,0.1947562399340484,0.2290948058420314,0.0952547425031662,0.4061399272658032,0.1884294378415878,0.1084192794561386,0.5769770019398552,0.2619341261230969,0.0820900312066078,0.8799986625996801,0.3057401980540823,0.0631626561284065,1.175158153254941,0.0,0.0,0.0,25762294.992899995,456.0443197344456,0.1577186646816372,23420366.08189117,373.4887116532843,0.6882426327447476,26321460.63325457,943.030326687347,1.2246305607571095,0.0,0.0,0.0,4896.86,2600.0,5200.0,0.0,6237.12,10569.05,0.0,0.0,4922.37,0.0
13,Steel,1,3,1.0809056043624878,0.0824298697710037,0.0059169148724633,0.2788836346538808,0.1250162309408188,0.2194311307421518,0.0,0.0,0.0,0.0,0.0,0.0,0.0,0.0,0.0,0.0,0.0,0.0,0.0,0.0,0.0,10601350.399508402,438.7867817247123,0.1699950610308967,10485973.796207804,458.714809695962,0.6610424134161463,9100487.631469969,573.2417485111206,0.8411602570443051,0.0,0.0,0.0,3851.67,2600.0,5200.0,0.0,7432.89,23003.19,0.0,0.0,3830.07,0.0
14,Steel,6,3,1.327916955947876,0.0978060618638992,0.0257897881117402,0.3814844824284755,0.0539354172348976,0.1495356107280052,0.2865825630492055,0.1445325618982315,0.2891671581299133,0.2158115246658792,0.1191328710317611,0.5866654755313305,0.1336535030666161,0.0632280078530311,0.7433652411700576,0.1741129635806754,0.0866578912734985,0.873696803234385,0.3011338649156493,0.097631618976593,1.051073635344524,22874905.30179259,480.5436017085737,0.2045512304014652,24035684.48560347,416.3311660534959,1.0860050328141266,22952335.06039663,367.0490714874049,1.172400355169957,0.0,0.0,0.0,3446.21,2600.0,5200.0,0.0,6578.43,12880.85,0.0,0.0,3510.67,0.0
15,Steel,2,4,0.929025173187256,0.1025665342807769,0.0172930370946507,0.2450115732101316,0.0447845485806465,0.3698452849316894,0.2681272918169551,0.1355649399757385,0.7740804749944338,0.0,0.0,0.0,0.0,0.0,0.0,0.0,0.0,0.0,0.0,0.0,0.0,6876037.43463447,529.5759247736602,0.1148386686531338,7045479.019010744,189.9343437632834,0.4089603990248397,9064873.27162397,203.80504604849028,0.6748157892257279,9375474.540493503,407.39607890462577,0.8361226549395051,4538.15,2600.0,5200.0,0.0,5611.15,31268.04,0.0,0.0,4461.99,0.0
16,Steel,4,4,0.9527433410286904,0.1354795471429825,0.0326894189054284,0.2995605540250978,0.15,0.1610541378837259,0.1483086561765256,0.0949198710918426,0.3501113778393247,0.2351814740023142,0.0871025604009628,0.4832097345960993,0.1915228319958917,0.0447902593016624,0.6910115086953041,0.0,0.0,0.0,0.0,0.0,0.0,6360265.180098597,426.83001848538186,0.1214760806982026,7717810.63519448,537.8160102082899,0.2850403716631159,6299320.721648039,280.5212432260782,0.6366237948844797,5716152.117026952,1099.9999999999995,0.8289062077345253,2779.82,2600.0,5200.0,0.0,3955.87,35181.17,0.0,0.0,2867.48,0.0
17,Steel,6,2,1.2041367113590242,0.1366985714435577,0.0567221379262384,0.2162366615939946,0.1496240454912185,0.2310679755019674,0.224935354965709,0.1255858463048935,0.3749664300699646,0.2435106487210599,0.1022863757610321,0.5194036326323863,0.2863171556242479,0.1089679116010666,0.6675743179487361,0.2302333988228419,0.074773481786251,0.8665660995476349,0.1561004095578421,0.0782538989186286,1.0404109405950683,17468460.267182738,87.13667467498766,0.1290644752011669,19799002.67301485,248.4283230276223,1.083723039018985,0.0,0.0,0.0,0.0,0.0,0.0,3077.29,2600.0,5200.0,0.0,5498.43,21006.88,0.0,0.0,3067.81,0.0
18,Steel,6,4,0.8604503482580185,0.0833377033472061,0.0161545488787896,0.2913969618445786,0.0489396114647388,0.1477657070555736,0.4012070400272175,0.0354630973190069,0.2210010081719471,0.3798411243700212,0.0740977492928505,0.2865111128222584,0.2503550961326659,0.0614356085658073,0.382342234149534,0.3694167740273233,0.116982803940773,0.5339073207110744,0.376617456882565,0.0615512758493423,0.725844860296823,17411514.648950323,415.1448104901505,0.0972616305692398,16577716.582488297,404.9082327548886,0.3610310554431108,13940762.53271595,248.67963397028112,0.4575642684331225,13940762.53271595,970.670860139313,0.7435460200132357,3922.98,2600.0,5200.0,0.0,5490.15,24461.91,0.0,0.0,3954.33,0.0
19,Steel,3,4,0.8051402837038041,0.1068513293266296,0.0101932859291914,0.2327052457378432,0.048417303264141,0.1949346236279162,0.3080705176445756,0.083663055896759,0.3109390578148944,0.2046123886926173,0.1471859937906265,0.611548875044771,0.0,0.0,0.0,0.0,0.0,0.0,0.0,0.0,0.0,10273330.764182003,227.1432734513287,0.1271036559129589,7837633.394207637,330.5669222444212,0.4735859832545611,8993155.43866991,913.596646786406,0.4970584137876336,7192965.984818287,520.465477114495,0.6873504030947699,4383.24,2600.0,5200.0,0.0,5149.56,40598.58,0.0,0.0,4363.85,0.0
20,Steel,4,4,1.1839183032512666,0.131477301120758,0.009723481347256,0.2365530232213296,0.0400553955137729,0.2797764618988589,0.2162488982650782,0.1358601075410843,0.4670299965635942,0.2809110573600529,0.15,0.7778335249837891,0.2211691156011272,0.0788116472959518,0.9902903644003044,0.0,0.0,0.0,0.0,0.0,0.0,6327574.931041558,346.8437503268409,0.15884785213932,5456366.697578785,251.3303255160212,0.6552290328875638,5408734.559928685,344.0631073788917,0.7639478238221505,7677004.831599851,558.5805535647621,1.038911771343038,2828.23,2600.0,5200.0,0.0,3366.0,22003.73,0.0,0.0,2836.99,0.0
21,Steel,6,3,1.2648455262184144,0.0744268038868904,0.0273957901975311,0.4715042859510301,0.1089970928430557,0.1486219853590615,0.402921523876009,0.0220241957437247,0.3325121560345726,0.3788205492708458,0.109288517832756,0.5390722939092817,0.2620164035726876,0.0965073275566101,0.7107657442979074,0.2735967693981734,0.056497682929039,0.9238984927517684,0.3146274917322276,0.0727950423955917,1.0997336995112426,46764335.63602676,632.1253880901008,0.1603771472365246,42196195.14654112,532.6108341147708,0.5896090997082737,44253978.64704638,377.7832896688288,1.1363760851065825,0.0,0.0,0.0,4733.83,2600.0,5200.0,0.0,6298.34,9834.1,0.0,0.0,4908.78,0.0
22,Steel,5,4,1.1153962418437005,0.0884655707478523,0.0279915209291513,0.3168010098063959,0.0580859956145286,0.255028414176396,0.1998022269102398,0.1100516700744629,0.5641310300432572,0.2778296633140735,0.02,0.7358151529153893,0.4129383839820943,0.0800593739748001,0.859241755840404,0.3221853965771231,0.02,0.9835412911455738,0.0,0.0,0.0,8566698.708053032,521.2382038304112,0.1302260238684452,8516612.40304561,255.213788394718,0.3603703128839249,7314371.503193436,361.0567515199864,0.5113458665050726,7813338.575898843,400.3851617032608,0.9711818802818476,2970.95,2600.0,5200.0,0.0,5364.23,19402.12,0.0,0.0,2885.12,0.0
23,Steel,6,3,1.020099587738514,0.1129910130500793,0.0110817037469543,0.3286317801491438,0.06604766279459,0.2154725779581032,0.1851014847665739,0.0565247023105621,0.3303776204668705,0.2702535326921894,0.0732008445262909,0.4179434995612111,0.4487769341083094,0.1261823028326034,0.5376233455851904,0.2110389210005646,0.0669707578420639,0.6526637382039524,0.3207728634067434,0.1000895148515701,0.8352606760846161,16876083.806628034,500.9854108983336,0.1474926073692433,14163046.063422555,282.37100870376696,0.6196482043896897,15573438.62824081,294.41888999004345,0.8782734873634662,0.0,0.0,0.0,3170.85,2600.0,5200.0,0.0,5125.93,18148.8,0.0,0.0,3186.02,0.0
24,Steel,4,2,1.629779875278473,0.0937393296957016,0.0113739489345891,0.1721126020764676,0.0563056415319442,0.4113253017949314,0.2392740510726118,0.0907726323604583,0.8448410014287657,0.3233635897364864,0.0790259543061256,1.1558382095013529,0.2757616914919625,0.1173584020137786,1.3811942172402458,0.0,0.0,0.0,0.0,0.0,0.0,34231431.58842482,325.5833671318353,0.2099140212114031,45002568.96011615,181.64659941779536,1.43461800062782,0.0,0.0,0.0,0.0,0.0,0.0,3706.98,2600.0,5200.0,0.0,7964.45,11832.76,0.0,0.0,3729.43,0.0
25,Steel,5,4,1.3982985317707062,0.094182209610939,0.0108262386154626,0.2594434594634892,0.1405254566669464,0.5308941931713314,0.2008724358788028,0.0319552433490753,0.6218473483901402,0.3056826037048382,0.1090232211351394,0.7356494455516157,0.4006885647094114,0.114513920545578,0.9354374465330916,0.2198142910268473,0.0628629517555236,1.1794112553859553,0.0,0.0,0.0,6725023.942461486,247.3177843934531,0.1698878245317227,7855347.315441714,350.823996016776,0.604534868837852,5564757.967518048,114.62255702577716,0.8529928525868299,8576191.059468621,372.4797863162768,1.258468677195337,2629.63,2600.0,5200.0,0.0,4390.76,11132.84,0.0,0.0,2670.49,0.0
26,Steel,3,2,1.6571570307016374,0.0544323152899742,0.019152133510321,0.3373272436152314,0.0899206191301345,0.3728360316769645,0.157293508900819,0.0440319615602493,1.0368062171137584,0.301955631551723,0.0359355209767818,1.340959369190979,0.0,0.0,0.0,0.0,0.0,0.0,0.0,0.0,0.0,23220634.50510749,664.1322800893241,0.2290047356916146,30348218.65326501,402.6945845134289,1.491441325974317,0.0,0.0,0.0,0.0,0.0,0.0,2629.86,2600.0,5200.0,0.0,6025.53,13348.57,0.0,0.0,2616.68,0.0
27,Steel,5,3,1.0364620685577393,0.0958425310850143,0.0128159881039734,0.1611363691213821,0.1053356218338012,0.1633220546981319,0.3138163853589952,0.0890069735050201,0.3374159001084437,0.3258350957920582,0.0811755564808845,0.5195346220318322,0.2982177026082437,0.0604877606034278,0.7071300471107561,0.4323076499666185,0.1000247752666473,0.835069948733892,0.0,0.0,0.0,21601842.372506976,366.636923726172,0.1178490455253024,19132899.256634463,561.2689185077135,0.4979436464523208,20376501.53125282,463.87905469965904,0.8909144185215805,0.0,0.0,0.0,3731.22,2600.0,5200.0,0.0,6049.72,20025.68,0.0,0.0,3733.87,0.0
28,Steel,1,3,0.5048861831426621,0.0613277793526649,0.0134581169527438,0.2621264448199009,0.0914714711904525,0.3085008171046514,0.0,0.0,0.0,0.0,0.0,0.0,0.0,0.0,0.0,0.0,0.0,0.0,0.0,0.0,0.0,2019541.6729211845,198.5200038246039,0.0610117026732363,1633106.8689641906,276.0275695803552,0.1798609383314775,1819798.0123792405,1099.9999999999995,0.4292901006654044,0.0,0.0,0.0,2792.99,2600.0,5200.0,0.0,10919.79,63330.55,0.0,0.0,2798.41,0.0
29,Steel,5,2,1.64791696369648,0.0983293823003769,0.0215455781247047,0.2464053209391209,0.0954277843236923,0.3206480385915283,0.2262531819201979,0.0944926750659942,0.6575516645593769,0.337336250031055,0.0763060936331748,0.7600687800686937,0.2219922179980557,0.0967942196130752,0.960876990659686,0.3607548961060508,0.1209812539815902,1.3626128753697229,0.0,0.0,0.0,26755906.460169595,536.0701830254433,0.2408065379732619,29668780.316353355,568.4564055808951,1.467933363814989,0.0,0.0,0.0,0.0,0.0,0.0,2923.13,2600.0,5200.0,0.0,5558.79,8828.82,0.0,0.0,2948.11,0.0
30,Steel,1,2,1.2207873791456223,0.0916720319986343,0.0371025830872534,0.3030874243135225,0.0632356828451156,0.2494544317520909,0.0,0.0,0.0,0.0,0.0,0.0,0.0,0.0,0.0,0.0,0.0,0.0,0.0,0.0,0.0,9657266.968514252,517.3082408683547,0.134452237741932,10798658.91063291,225.6137262869069,0.7636545426547366,0.0,0.0,0.0,0.0,0.0,0.0,4304.29,2600.0,5200.0,0.0,4575.63,20786.25,0.0,0.0,4280.21,0.0
31,Steel,1,2,1.3422731548547746,0.0436513239443302,0.0179641564736693,0.4510062114948269,0.1151959294080734,0.476676069311002,0.0,0.0,0.0,0.0,0.0,0.0,0.0,0.0,0.0,0.0,0.0,0.0,0.0,0.0,0.0,626161439.4728947,720.4559410193359,0.3812776517753505,560921884.3298465,534.6068911369773,1.0712314658591398,0.0,0.0,0.0,0.0,0.0,0.0,4618.66,2600.0,5200.0,0.0,11956.35,15479.88,0.0,0.0,4605.11,0.0
32,Steel,4,3,1.2165769934654236,0.1005608873367309,0.0205244874938409,0.129722968266902,0.0465562106668949,0.3132913362440115,0.3260746127142641,0.1144198757410049,0.4487905720452633,0.261612967837927,0.1015051770210266,0.7976702674478682,0.2151277321217729,0.1355511164665222,1.0885079275154643,0.0,0.0,0.0,0.0,0.0,0.0,26480206.65724563,283.5611423855012,0.169686299880604,26728517.89815746,200.20663865134847,1.0232832562255747,28014425.200806465,95.06710903318184,1.0785069275154644,0.0,0.0,0.0,4682.01,2600.0,5200.0,0.0,8122.46,16435.19,0.0,0.0,4619.45,0.0
33,Steel,6,3,1.100752131640911,0.0679591329097747,0.0066666061985815,0.2693243391842375,0.0293362714350223,0.2373784121556426,0.3112909050502747,0.1119537276029586,0.316146026486947,0.2652292271124898,0.0680817371606826,0.5361553022160377,0.2817592778982857,0.0669758293032646,0.6130839930255685,0.2708526760496997,0.0607646530866622,0.7657829490679805,0.348306702583049,0.0521428494155406,0.9076733740247248,33445884.94841849,545.2348663273635,0.1235795061845921,30136271.42701016,381.0660191601036,0.373925932094456,42426239.23216481,503.6816963605456,0.9631148563748982,0.0,0.0,0.0,4817.9,2600.0,5200.0,0.0,8760.32,15498.43,0.0,0.0,4824.44,0.0
34,Steel,5,2,0.5648602232336999,0.0946717761754989,0.0096518192179362,0.3326223356297795,0.0622400027513504,0.073359742277528,0.3126103219927543,0.0773960936069488,0.1726542049416934,0.2050749210998552,0.1042477798461914,0.268075075487381,0.3741295606934888,0.0951924592256546,0.383460822357634,0.2363957856865833,0.1043809163570404,0.4956171337488275,0.0,0.0,0.0,19141834.415649943,497.7026854563354,0.086793372926188,19431794.238786284,638.7627216250536,0.4675365304246467,0.0,0.0,0.0,0.0,0.0,0.0,3631.82,2600.0,5200.0,0.0,5378.63,54152.26,0.0,0.0,3624.56,0.0
35,Steel,3,3,1.2957284510135652,0.0490627814233303,0.0093885624575708,0.4082796955463739,0.1163973969221115,0.4352634759932318,0.4505954330213726,0.1196852612495422,0.5992997542863315,0.2624986358757372,0.0884364980459213,0.8751075738412913,0.0,0.0,0.0,0.0,0.0,0.0,0.0,0.0,0.0,70858001.65272868,81.31136746941634,0.1636319940074141,72796329.02106452,928.2480208389512,0.7012114966693289,68280143.78971674,303.7622385283039,1.0981706731894292,0.0,0.0,0.0,3324.94,2600.0,5200.0,0.0,9236.41,14230.39,0.0,0.0,3402.81,0.0
36,Steel,2,3,0.9832906633615496,0.0675373703241348,0.0170623338714359,0.2538539333496399,0.0862734287977218,0.3849859284438755,0.2068111954827746,0.0963865578174591,0.8849515970253947,0.0,0.0,0.0,0.0,0.0,0.0,0.0,0.0,0.0,0.0,0.0,0.0,13601915.946760813,539.6317760351984,0.1307094913722798,11328307.085179845,243.40834833240055,0.4350552892412371,13512460.520819956,1099.9999999999995,0.7903504985981418,0.0,0.0,0.0,5144.52,2600.0,5200.0,0.0,6950.63,19518.92,0.0,0.0,5141.28,0.0
37,Steel,2,3,1.2232565134763718,0.0477185427844524,0.0093257414332758,0.2144488927767071,0.02,0.2757414415638628,0.2745351534944263,0.0869524776935577,0.7184839594371903,0.0,0.0,0.0,0.0,0.0,0.0,0.0,0.0,0.0,0.0,0.0,0.0,4807031.050186042,733.9970217390585,0.1355085874486271,6110844.664300815,262.98668636864505,0.4403839916269806,4770900.404382708,289.3266848781997,0.9599551471029129,0.0,0.0,0.0,3646.95,2600.0,5200.0,0.0,7918.78,9605.28,0.0,0.0,3591.02,0.0
38,Steel,2,4,0.7818029835820198,0.0731152865290641,0.0301003027107348,0.2260333916933011,0.1329696148633957,0.2823324699323596,0.237668191595714,0.0878315567970275,0.547657644181744,0.0,0.0,0.0,0.0,0.0,0.0,0.0,0.0,0.0,0.0,0.0,0.0,2620534.622296021,574.5809669790008,0.1378029100908533,2965528.4204439763,371.3145220862505,0.4673758511216047,2312354.3930990384,465.543903539676,0.5603511755526437,2257919.502151847,436.1929134060594,0.6776241708456892,2932.84,2600.0,5200.0,0.0,4418.88,32902.64,0.0,0.0,2903.6,0.0
39,Steel,3,2,0.8696421176195145,0.0912530286312103,0.0056975917496295,0.302084868785762,0.0538248214125633,0.1650928188665653,0.2207690322898597,0.0925005477666855,0.4327099052668036,0.3203085115159536,0.0393014466762542,0.618508287809674,0.0,0.0,0.0,0.0,0.0,0.0,0.0,0.0,0.0,21748829.55542893,370.126881670442,0.1074407092435763,18373234.38260129,436.414607228633,0.6984793413737957,0.0,0.0,0.0,0.0,0.0,0.0,5167.92,2600.0,5200.0,0.0,7659.37,29682.76,0.0,0.0,5182.48,0.0
40,Steel,1,4,1.1185745686292647,0.1249566421508789,0.0082633762495429,0.3363557892464376,0.0987680912017822,0.2802173402421782,0.0,0.0,0.0,0.0,0.0,0.0,0.0,0.0,0.0,0.0,0.0,0.0,0.0,0.0,0.0,14639160.08522272,390.83503616815824,0.1492399435795463,19654247.81753423,417.14450954457874,0.4461540552341787,22028371.208204385,593.0317778880292,0.532385155116849,16569879.62019398,388.8280926020148,0.8066086171533156,4724.94,2600.0,5200.0,0.0,6311.92,31120.59,0.0,0.0,4603.19,0.0
41,Steel,5,2,1.3036643713712692,0.1037043224573135,0.0344604374726338,0.2305393081059445,0.0395421512424945,0.3117052303917439,0.2090055759401078,0.0721780598163604,0.4373504395026429,0.265725864503965,0.0792772105336189,0.6010270717445301,0.3374834597867794,0.1408980405330658,0.8040689428410874,0.2414203143078883,0.077506608068943,0.9819705306131064,0.0,0.0,0.0,23440660.212043654,464.1748632780236,0.1713826400107469,21693907.260400668,623.4805225898943,1.133494843590203,0.0,0.0,0.0,0.0,0.0,0.0,3311.31,2600.0,5200.0,0.0,7466.88,15748.2,0.0,0.0,3315.08,0.0
42,Steel,4,2,0.6554001107811929,0.0764723325371742,0.0148959461491659,0.396345821620933,0.0593656387925148,0.1575573744390534,0.4197903104176846,0.0949400639533996,0.2717120352415739,0.5634367222725413,0.0827551752328872,0.3980803016206201,0.1997961422011837,0.0784685003757476,0.5530717763342592,0.0,0.0,0.0,0.0,0.0,0.0,19778438.12002476,477.30351341410994,0.1131995768860359,26518987.494647928,105.26205589150862,0.5898600990476736,0.0,0.0,0.0,0.0,0.0,0.0,3099.74,2600.0,5200.0,0.0,14062.5,37211.41,0.0,0.0,3077.81,0.0
43,Steel,5,4,1.97002729177475,0.1124708327054977,0.0563135620168688,0.2532757883503709,0.095233302116394,0.3533344174734978,0.3547115043281584,0.1208222603797912,0.4969459609526118,0.2224032528963663,0.0854323488473892,0.8142484689764932,0.1247440103019707,0.055112267434597,1.1829413801520272,0.2460026396836202,0.0851975584030151,1.5121573790341714,0.0,0.0,0.0,19701914.268391058,235.9501787506557,0.2680580049389863,18751193.319125872,212.63102754832792,1.3862185471779829,25197820.70259333,481.1772939630596,1.5011667651376883,16597155.5291922,231.05056007997743,1.7409418880007097,3222.6,2600.0,5200.0,0.0,7313.17,10142.98,0.0,0.0,3253.07,0.0
44,Steel,1,4,1.470236548781395,0.0787775958776474,0.015434342136551,0.2814135686443526,0.145392842888832,1.001453416571902,0.0,0.0,0.0,0.0,0.0,0.0,0.0,0.0,0.0,0.0,0.0,0.0,0.0,0.0,0.0,13344473.39776159,87.78234794310164,0.4863533165983982,13577663.517938636,315.6116378209034,0.8568421409171345,14428190.594326971,545.078759444815,1.0309189642408836,20884784.28820955,243.8204075020313,1.2507155162756385,4958.45,2600.0,5200.0,0.0,6584.05,12949.5,0.0,0.0,4892.32,0.0
45,Steel,1,3,1.1291223108768462,0.0693527497053146,0.0284348005306969,0.314371001781035,0.0531455788016319,1.0147407586426105,0.0,0.0,0.0,0.0,0.0,0.0,0.0,0.0,0.0,0.0,0.0,0.0,0.0,0.0,0.0,11565168.499874434,308.7422475316528,0.2038523011873985,10063346.579380376,327.05973776969887,0.4254594478657376,9737675.571563324,1099.9999999999995,0.8115975434001905,0.0,0.0,0.0,3047.84,2600.0,5200.0,0.0,10811.62,18978.24,0.0,0.0,3112.94,0.0
46,Steel,3,4,0.9356346175074578,0.1002682747840881,0.0064059872422453,0.4844086653834827,0.0720550662279129,0.2831481741388365,0.2181551289638903,0.143304129242897,0.4907999841254288,0.315357919943963,0.0377838477492332,0.6511532457545882,0.0,0.0,0.0,0.0,0.0,0.0,0.0,0.0,0.0,7214213.124662574,310.8948864015683,0.1472270104426588,8535288.982862482,757.3887350070871,0.379710282833211,7152275.641578604,710.6600773688307,0.5728750838907442,6344828.094494682,1093.0706071897157,0.8159289647197134,3254.83,2600.0,5200.0,0.0,5362.08,34703.41,0.0,0.0,3258.93,0.0
47,Steel,5,4,1.6136351197957992,0.0908917149305343,0.0571026052286223,0.4112754820648975,0.0750380036234855,0.4157495761683594,0.3529779422905778,0.02,0.7763388583641637,0.3601717709434066,0.0551767668128013,0.8507882358955438,0.357386129165558,0.110075404047966,1.2101203214267997,0.4102629739830643,0.081161264181137,1.3636674914375042,0.0,0.0,0.0,14584991.379127318,217.8850214952561,0.1956601709779919,19064311.690030877,432.7196192837724,0.7479725003642481,18546518.740373347,581.7399453243003,0.9971269011000372,20310297.56997473,1084.4089077224553,1.4416606147112834,4076.34,2600.0,5200.0,0.0,4750.85,10958.76,0.0,0.0,4062.99,0.0
48,Steel,4,3,1.0501369178295137,0.0509035862386226,0.0153638556973774,0.3152972219706698,0.0729675921797752,0.1050236917829513,0.3841050903411836,0.0551473569869995,0.2056840603264059,0.4077596842184169,0.0943461722135543,0.5186520734416293,0.4220867507651931,0.0377094204723835,0.8071772067113171,0.0,0.0,0.0,0.0,0.0,0.0,135093316.68576798,664.8831583615433,0.1401215927098242,105449947.15218192,363.7060528031527,0.7375337178550282,159086130.23864162,329.13353353362777,0.9451232249964252,0.0,0.0,0.0,5162.57,2600.0,5200.0,0.0,12194.91,16267.67,0.0,0.0,4816.81,0.0
49,Steel,2,3,1.571094709634781,0.0707738867402076,0.0041166600215224,0.2926663648489853,0.0913778138160705,0.6957875107910751,0.3940866650481149,0.0388135577738285,0.9485331052398424,0.0,0.0,0.0,0.0,0.0,0.0,0.0,0.0,0.0,0.0,0.0,0.0,32161622.39324977,459.3042273749916,0.3871488157747087,27499982.26633649,887.0498428106272,1.0549569646085346,26259099.068200555,606.030179640828,1.3696297907730055,0.0,0.0,0.0,5000.0,2600.0,5200.0,0.0,8150.63,13582.71,0.0,0.0,5126.9,0.0
50,Steel,5,3,1.3830679029226305,0.1009551593065262,0.0198718443215478,0.2912187021409159,0.1333535271883011,0.1964736767218635,0.3320624626318599,0.1251725125312805,0.415312893410558,0.2111271074574448,0.0664126259088516,0.6157876563920355,0.1970798769853364,0.0888429975509643,0.8619868448991577,0.4106594642724505,0.0640017175674438,1.0191619720418732,0.0,0.0,0.0,21464875.633970264,465.951904774871,0.1795409903186755,24849583.902450584,856.8912719616397,1.0829161978810236,26889206.653636165,697.537432689662,1.2447611112472994,0.0,0.0,0.0,3308.48,2600.0,5200.0,0.0,6608.39,13754.73,0.0,0.0,3279.65,0.0
51,Steel,5,4,1.119982036948204,0.0683924232721328,0.0361956154818803,0.3398515005698371,0.0899160706996917,0.1900361623566303,0.3532498032727831,0.0890038275718689,0.3088350960733198,0.3039163159921502,0.1208299934864044,0.4625364212066158,0.4251324933721403,0.0995563721656799,0.7681320318608453,0.2509895424281883,0.0754777601361274,0.9161683436879102,0.0,0.0,0.0,39291971.33118657,527.06095185564,0.1761269632762576,32943212.375972606,144.77232136629425,0.7222355786844437,42844790.8463907,696.7584379119826,0.8555468039691166,37654257.376248896,636.146368117768,0.9794862814650104,4549.19,2600.0,5200.0,0.0,8069.32,14613.47,0.0,0.0,4434.12,0.0
52,Steel,2,2,1.6938779056072235,0.1194725012779236,0.0467737655598774,0.3070869949358083,0.0622244203090667,0.3601302782740916,0.322089746268289,0.0519454421103,0.9476945058823888,0.0,0.0,0.0,0.0,0.0,0.0,0.0,0.0,0.0,0.0,0.0,0.0,26551888.169120178,464.0049226893428,0.1693877922546002,29024061.492352065,313.5082786207644,1.3453981682467813,0.0,0.0,0.0,0.0,0.0,0.0,4621.97,2600.0,5200.0,0.0,6705.09,12083.53,0.0,0.0,4595.71,0.0
53,Steel,3,4,1.7839746236801148,0.080099773466587,0.0140048648485709,0.2263560484942372,0.0533146339654922,0.6930716414988534,0.1526049199129849,0.1211625403165817,0.9579516291242224,0.2915872588981291,0.1316106259822845,1.552481181880191,0.0,0.0,0.0,0.0,0.0,0.0,0.0,0.0,0.0,13416117.29770652,153.85764443477663,0.2847932155369514,16024357.154793926,351.1974244359895,0.9717361292927008,16435922.249094646,1004.9396223347584,1.1635263085666094,16079906.949310794,327.2469129623822,1.6055771595281287,4981.59,2600.0,5200.0,0.0,6024.51,8329.85,0.0,0.0,4834.44,0.0
54,Steel,3,3,1.28214148581028,0.0524234753549099,0.009372821355589,0.3250954637590389,0.15,0.4098220919031009,0.415595075696809,0.0510103018581867,0.7154667146832976,0.424987926779913,0.0753385332226753,0.9004717416958797,0.0,0.0,0.0,0.0,0.0,0.0,0.0,0.0,0.0,41007276.96236573,279.3231129856724,0.1919704307802271,34472492.16927312,503.7494498563226,0.7394716471730246,34615814.63514042,864.262263537755,1.0968957905346688,0.0,0.0,0.0,3942.59,2600.0,5200.0,0.0,5896.4,18379.97,0.0,0.0,4109.62,0.0
55,Steel,5,4,1.500359943509102,0.083310966014862,0.0214558413957301,0.2728296162289818,0.1054798233509063,0.3312211601777534,0.3463023342393439,0.1096120685338974,0.6768867931409173,0.2982086386808553,0.1151537072658538,0.9264645343105546,0.4580765609660126,0.0902197617292404,1.1605820809806342,0.2280546990396673,0.0936824965476989,1.301439265154211,0.0,0.0,0.0,15329782.234621618,359.3037448320513,0.1748399347720487,15332369.655363573,161.4978163546916,0.4608508115740562,13021060.414054686,770.7739880335132,0.7126645030348224,12146643.827609586,411.9330489555157,1.3383768906554872,2725.22,2600.0,5200.0,0.0,5455.78,8782.39,0.0,0.0,2725.87,0.0
56,Steel,2,3,1.1437397360801698,0.0758202767968177,0.0162975584775324,0.2053238240396975,0.0839212742447853,0.4065054291325499,0.3639409357269358,0.1123701453208923,0.7982828482643325,0.0,0.0,0.0,0.0,0.0,0.0,0.0,0.0,0.0,0.0,0.0,0.0,5461074.349211199,265.0176518495206,0.141241597680052,5573693.371329405,441.2634768913519,0.3362894165969092,7498124.771209113,600.3755747659135,0.9633480455060924,0.0,0.0,0.0,2794.62,2600.0,5200.0,0.0,6310.25,18173.49,0.0,0.0,2844.32,0.0
57,Steel,2,3,1.573708626627922,0.1125072357654571,0.0154050313041493,0.265685076325114,0.108033429980278,0.5644621289473676,0.2631547141677672,0.0561396393179893,0.843287378781533,0.0,0.0,0.0,0.0,0.0,0.0,0.0,0.0,0.0,0.0,0.0,0.0,10637397.49437068,322.4962709739337,0.3147708719993695,9669364.602172012,452.7618289423356,0.9254422012446758,11066107.986698166,634.4715475031891,1.3385735144436923,0.0,0.0,0.0,3483.73,2600.0,5200.0,0.0,4862.25,11331.52,0.0,0.0,3480.18,0.0
58,Steel,3,2,0.9193424880504608,0.0884486303329467,0.0233564130465265,0.2675426189955959,0.1045343619585037,0.265730338588643,0.2043900727757669,0.0988605320453643,0.4426594646969113,0.3260893257977265,0.02,0.6482838004919627,0.0,0.0,0.0,0.0,0.0,0.0,0.0,0.0,0.0,11209132.318104737,101.19140743062415,0.1182768827852428,11139709.654089091,646.2543136192215,0.7255668179729046,0.0,0.0,0.0,0.0,0.0,0.0,3871.59,2600.0,5200.0,0.0,6537.12,27277.3,0.0,0.0,3903.04,0.0
59,Steel,2,2,1.084403544664383,0.0946902866363525,0.0354867734430842,0.3435588700413756,0.0689891102910041,0.4508187605739195,0.2729280500890056,0.0727305546402931,0.8450058090149439,0.0,0.0,0.0,0.0,0.0,0.0,0.0,0.0,0.0,0.0,0.0,0.0,26452993.8975248,477.1354022021546,0.1681868816527426,21038886.912098814,200.5221235989548,0.8579380622299447,0.0,0.0,0.0,0.0,0.0,0.0,5060.3,2600.0,5200.0,0.0,8399.87,20959.86,0.0,0.0,5092.49,0.0
60,Steel,2,2,1.1123117536306382,0.1028280844688415,0.0119979657058943,0.2028311182114303,0.1205433338880539,0.1407625506151476,0.292314379207016,0.0302505485713481,0.7234174005112841,0.0,0.0,0.0,0.0,0.0,0.0,0.0,0.0,0.0,0.0,0.0,0.0,8917127.894260533,801.9084799351466,0.1672917384504264,7559220.806608885,317.2586247060389,0.8832163358682119,0.0,0.0,0.0,0.0,0.0,0.0,3516.02,2600.0,5200.0,0.0,4112.11,21242.07,0.0,0.0,3529.65,0.0
61,Steel,2,3,1.000012454390526,0.0440636429786682,0.0243924687895608,0.3330566330209573,0.05137705296278,0.4710314824737403,0.4546322649243537,0.096572105884552,0.7464652762140744,0.0,0.0,0.0,0.0,0.0,0.0,0.0,0.0,0.0,0.0,0.0,0.0,11923079.828319674,797.5598206069358,0.1387483902148796,15549966.39237387,402.9801666505334,0.3711212868192872,13132446.75609744,1099.9999999999995,0.8562394650460272,0.0,0.0,0.0,3019.2,2600.0,5200.0,0.0,8276.5,23010.46,0.0,0.0,2953.8,0.0
62,Steel,3,4,1.173136791586876,0.0976307668685913,0.0252194272009948,0.376593516440471,0.0836524829268455,0.1424486165853478,0.2031293070056679,0.0549547189474105,0.5321360645697998,0.208222864077199,0.074574319422245,0.8546252818164057,0.0,0.0,0.0,0.0,0.0,0.0,0.0,0.0,0.0,12292413.918238716,285.6117164575931,0.1647263401728947,10828827.282405255,357.74588518112824,0.7362684477143511,9103637.12436537,1099.9999999999995,0.9236077564994674,9667567.549577484,233.77922671363055,1.0558231112550518,3345.63,2600.0,5200.0,0.0,7268.17,18641.52,0.0,0.0,3382.19,0.0
63,Steel,3,2,1.1988579332828522,0.0851807299256324,0.0237191977434394,0.3829583554358824,0.0449408166110515,0.1232530255270583,0.3108971910792452,0.02,0.4111000733636245,0.2689177014770741,0.1019799029827118,0.8741380455299781,0.0,0.0,0.0,0.0,0.0,0.0,0.0,0.0,0.0,18571489.40342564,688.4101010576328,0.1541799213557466,20908766.420193423,165.4394273262408,0.960358689016034,0.0,0.0,0.0,0.0,0.0,0.0,4706.38,2600.0,5200.0,0.0,5798.02,16536.49,0.0,0.0,4759.13,0.0
64,Steel,3,3,1.0295127213001252,0.1381429036855697,0.0129634361435182,0.4213323663747689,0.0756671476364135,0.3603290176371613,0.2361885864816715,0.0993045580387115,0.5115013569208043,0.1739121781057397,0.0701505795121193,0.8478833311904005,0.0,0.0,0.0,0.0,0.0,0.0,0.0,0.0,0.0,6456168.337129502,266.10539017152405,0.1330419404552217,7137165.561374723,150.25436348347782,0.4140478584397818,7400162.723376484,877.7339081523335,0.8969374688016422,0.0,0.0,0.0,2758.93,2600.0,5200.0,0.0,3920.89,32217.94,0.0,0.0,2758.82,0.0
65,Steel,1,3,0.898070077598095,0.1216461812257766,0.0250751249801556,0.3212789674858261,0.0907743293046951,0.4075726649116715,0.0,0.0,0.0,0.0,0.0,0.0,0.0,0.0,0.0,0.0,0.0,0.0,0.0,0.0,0.0,5498399.616919201,686.6984143737992,0.1530354209215846,7095687.362547176,740.2651781653433,0.480131495727529,5921344.453540251,320.1588604386423,0.7096636747872949,0.0,0.0,0.0,3450.09,2600.0,5200.0,0.0,4133.94,33830.46,0.0,0.0,3447.06,0.0
66,Steel,3,4,1.1336641639471057,0.1061774876117706,0.0155229543500527,0.1921345327291144,0.1457698279619217,0.3847327421524589,0.4341568593339971,0.1004777508974075,0.8291060538242134,0.3604168183611987,0.0810275813937187,1.020287747552395,0.0,0.0,0.0,0.0,0.0,0.0,0.0,0.0,0.0,9386323.87475629,287.4245088108175,0.1456406884236218,11271416.131293548,186.3127730083774,0.5121804774427335,10254845.647057865,624.669631859095,0.561778381105762,9459080.923558785,860.6525795822338,1.0102867475523951,2722.83,2600.0,5200.0,0.0,5449.52,20375.44,0.0,0.0,2680.6,0.0
68,Steel,3,3,0.7607387602329254,0.0911838619709015,0.0258387348605061,0.2239468854261427,0.1159884411096573,0.1400354775490645,0.3736634427252875,0.1008298707008361,0.2981224842009272,0.2667610734991028,0.0462049858272075,0.4713273501244934,0.0,0.0,0.0,0.0,0.0,0.0,0.0,0.0,0.0,8567969.345868483,437.7197006797096,0.186634100815712,7510228.532138285,244.01623810563729,0.4828133935437244,7088984.953547056,274.5356197665177,0.6469238645693225,0.0,0.0,0.0,2838.8,2600.0,5200.0,0.0,6618.8,30659.61,0.0,0.0,2782.63,0.0
69,Steel,1,3,0.262651025201194,0.0639798239469528,0.0237679275516637,0.3779474890167943,0.0990382385253906,0.080426304423635,0.0,0.0,0.0,0.0,0.0,0.0,0.0,0.0,0.0,0.0,0.0,0.0,0.0,0.0,0.0,3231267.027816141,155.86190872793892,0.031440802637978,3038560.214648644,333.3229427086536,0.1037276016104464,4391191.000342784,329.08004908734455,0.2050221364205585,0.0,0.0,0.0,3015.97,2600.0,5200.0,0.0,84554.3,340461.63,0.0,0.0,3033.42,0.0
70,Steel,6,2,1.172134119272232,0.10560691344738,0.0327700102314587,0.1823041009401205,0.1362136375904083,0.1617644009134094,0.3378224183060595,0.0547610077261924,0.3758785398765409,0.3238079420284696,0.0785608482360839,0.4700054142192616,0.4134613207107266,0.0631545355916023,0.6837957467894866,0.3052756198961246,0.0396221652626991,0.8273262847382744,0.2583522903652024,0.0644540229439735,0.8860625619885707,23154401.8318795,493.8223908757424,0.136636280745208,18648633.371600386,709.211877622572,0.9384830652482148,0.0,0.0,0.0,0.0,0.0,0.0,3269.63,2600.0,5200.0,0.0,5802.1,16369.44,0.0,0.0,3266.92,0.0
71,Steel,5,2,1.3904650509357452,0.0974325178861618,0.0431524696477651,0.3653662101424501,0.0907175862789154,0.1965751339558419,0.2847234525285615,0.054796829521656,0.5461870303549392,0.287101605717087,0.089533987045288,0.7184066462057072,0.479967969285824,0.0354922533780336,0.7888464950709985,0.1951069215379691,0.1052505111694336,1.0097612110766456,0.0,0.0,0.0,34911739.77027023,947.9945988715648,0.1769273118074391,34708785.34620213,415.6715121120705,1.2514185444517056,0.0,0.0,0.0,0.0,0.0,0.0,3423.15,2600.0,5200.0,0.0,6764.04,15826.49,0.0,0.0,3450.44,0.0
72,Steel,2,2,1.4642632991075517,0.113879075050354,0.012606814271099,0.2721416311343152,0.0629691541194915,0.7606032596010153,0.288696659377511,0.046093839854002,1.0194213509944468,0.0,0.0,0.0,0.0,0.0,0.0,0.0,0.0,0.0,0.0,0.0,0.0,22143903.362777516,901.0272245328064,0.3991105641159663,27464905.38798961,406.23835755245017,1.3048511682084858,0.0,0.0,0.0,0.0,0.0,0.0,4649.79,2600.0,5200.0,0.0,6383.12,14368.11,0.0,0.0,4706.96,0.0
73,Steel,2,3,1.3986542582511905,0.0839353322386741,0.022057781404593,0.3180743711349027,0.0590218564867973,0.4062766333313617,0.4758672607842488,0.0830857810378074,1.1065691438572838,0.0,0.0,0.0,0.0,0.0,0.0,0.0,0.0,0.0,0.0,0.0,0.0,9424981.401181368,748.4257278540442,0.1945775286342474,10115877.775562938,548.1260653599979,0.8865615631993687,11158259.47929157,167.73983002833134,1.2349725642992868,0.0,0.0,0.0,3451.23,2600.0,5200.0,0.0,4671.06,16398.73,0.0,0.0,3494.67,0.0
74,Steel,5,4,1.226025027036667,0.09185100877285,0.0376410716029983,0.2856037294334381,0.0745436349511146,0.1652912113773732,0.3102806853421906,0.0775459671020507,0.3630893993651671,0.2857969337818248,0.0749821129441261,0.5475383899656904,0.5036704183361492,0.0733239504694938,0.7505483408344572,0.3064895270166249,0.0895369470119476,1.0280744583042616,0.0,0.0,0.0,20539247.7550846,253.7906727386959,0.179736869150313,16303765.750509871,101.69869153502228,0.866969919737936,16774116.4289634,725.3726062686225,0.8786958001225701,17074970.68696257,445.5238849901825,1.0822437915894183,3837.03,2600.0,5200.0,0.0,5915.29,11132.47,0.0,0.0,3855.8,0.0
75,Steel,6,4,1.1499165415763857,0.1028442673683166,0.0113408764767313,0.2350927235392738,0.1020953649282455,0.1887485231769799,0.4161752796640294,0.105348864197731,0.3835436377961911,0.5382273385364724,0.1145117199420929,0.5021498551747062,0.2976695715317722,0.0640924343466758,0.7009068161755101,0.1902193595378572,0.0671686533093452,0.8011391445168168,0.2083069722769583,0.0874430495500564,1.0123833746484767,16807634.994312745,336.8531971055445,0.1249380982304088,21448176.77967352,885.8699861507207,0.5740233426833568,22356268.00391508,901.6899199722428,0.7280148203522382,19329254.066241197,203.74333664664772,1.033411054648434,3312.8,2600.0,5200.0,0.0,7074.51,14334.95,0.0,0.0,3343.15,0.0
76,Steel,2,3,1.5020710915327071,0.099727781176567,0.0161191144245558,0.1735077816255966,0.0579717308282852,0.3503824156198813,0.3229397866535784,0.15,0.9188087571718369,0.0,0.0,0.0,0.0,0.0,0.0,0.0,0.0,0.0,0.0,0.0,0.0,17859940.589399323,465.4277267492999,0.2031987790928156,15182806.341708416,323.6471031553207,0.6527125663795428,18982206.18911546,317.4218661912179,1.229090748352312,0.0,0.0,0.0,4423.26,2600.0,5200.0,0.0,6927.08,11690.82,0.0,0.0,4418.66,0.0
77,Steel,6,3,1.4099183052778244,0.0943260444402694,0.0114964886302834,0.3471684093310759,0.1050401210784912,0.205515491223139,0.2169536281413005,0.0600099313259124,0.3673093103829091,0.2862900180329874,0.0888434934616089,0.4984900329603167,0.2412328287326243,0.0584439888596534,0.7106235265432603,0.2194600217955534,0.1021902000904083,0.8731115477563872,0.1841262078541832,0.0680450475215911,1.0686461821775284,17101729.71975658,73.23566436285373,0.1409918319377007,21715219.849074468,480.14669865780746,0.4115120086085533,14506710.892361378,644.9138929843168,1.1918313700767795,0.0,0.0,0.0,3851.32,2600.0,5200.0,0.0,5107.74,10760.27,0.0,0.0,3953.09,0.0
78,Steel,6,3,1.6038461357355118,0.047828932672739,0.0156013572984536,0.1884201839417517,0.1296856868267059,0.2568325878920647,0.2231962777921251,0.0688691967725753,0.4907000095337761,0.2944645466126063,0.119331738948822,0.5907984339263835,0.1701944305568863,0.0650818303227424,0.8757042864946112,0.2695818032297057,0.15,0.9996255556219552,0.1837827422226771,0.0562806639075279,1.2285708662797905,78375041.0809179,229.9588576579985,0.2805754819389802,131247326.52812876,672.5032364244578,1.0600912883695282,75791328.97268142,675.8204917309503,1.3887867951238626,0.0,0.0,0.0,2834.54,2600.0,5200.0,0.0,7586.8,11451.92,0.0,0.0,2914.45,0.0
79,Steel,5,3,1.2350337505340576,0.0637862554788589,0.0082812985379979,0.4038060332477441,0.0527150043845176,0.1764460303577924,0.5552991287656082,0.110583991408348,0.2897548175749556,0.2635727014934252,0.0448791629076004,0.3839330938692707,0.2361385071063769,0.0241594689339399,0.6777036704156363,0.3654616381712858,0.0977602845430374,0.9766573153203932,0.0,0.0,0.0,25763908.2529104,547.2110899498151,0.1508855108386375,23714544.66696625,179.63763657759944,0.7297935260745038,24015253.81702122,969.1221762584556,1.098119206114183,0.0,0.0,0.0,3017.23,2600.0,5200.0,0.0,6251.22,23758.48,0.0,0.0,3026.45,0.0
80,Steel,1,4,1.1586332738399507,0.0742214452624321,0.0168091620385007,0.2564757102671179,0.1036376082897186,0.5780764303047516,0.0,0.0,0.0,0.0,0.0,0.0,0.0,0.0,0.0,0.0,0.0,0.0,0.0,0.0,0.0,5596247.2446691245,448.91748639728047,0.2117625764666564,5572007.053422656,626.0493162355832,0.7309066838954364,7421078.857624676,476.3194186776871,0.8485763159641591,6397708.426438546,216.0249657539576,0.9991876891455636,4335.98,2600.0,5200.0,0.0,8111.63,12946.56,0.0,0.0,4350.89,0.0
81,Steel,2,4,1.3677601963281631,0.1266790375709533,0.0117501637509253,0.3576018042780857,0.0908510172367096,0.3054708362592532,0.2240535142121005,0.1424221909046173,0.6623893609581277,0.0,0.0,0.0,0.0,0.0,0.0,0.0,0.0,0.0,0.0,0.0,0.0,12919776.29315658,420.19735641491775,0.1912308703495565,16068372.3162424,216.749556791269,0.5689166193745779,16769983.297938991,1099.9999999999995,0.6409980614604949,15273379.643891277,548.2928642174938,1.0680067109173297,4105.98,2600.0,5200.0,0.0,5038.32,17117.49,0.0,0.0,4027.27,0.0
82,Steel,5,4,1.573458978533745,0.08970887362957,0.0142317943649714,0.202694185216035,0.0729434901475906,0.3076815436656116,0.2452064801748001,0.1045157420635223,0.5828417537624506,0.2494845913254599,0.0848417037725448,0.9662690065328824,0.26053382944936,0.1046941614151001,1.1936393492501751,0.240310809135863,0.0895039224624633,1.3231119999783951,0.0,0.0,0.0,7605018.329847786,432.07935465202456,0.1830730296787611,7400889.143069204,498.7552841839809,0.494884181931629,8143177.497849254,973.689205939574,0.6534163058213829,6919819.464235575,1038.302379287354,1.3987378731674651,2788.41,2600.0,5200.0,0.0,4613.59,8868.87,0.0,0.0,2670.52,0.0
83,Steel,3,3,1.3249213993549347,0.0834521431922912,0.0312651321850898,0.2308645837343348,0.0524338017404079,0.2348636152823998,0.2592824518786918,0.1011155927181244,0.5322502326408978,0.2975800718796854,0.1010433834791183,0.9653726572717796,0.0,0.0,0.0,0.0,0.0,0.0,0.0,0.0,0.0,18252408.925262008,452.576148399898,0.1421593573395049,19933582.300714567,194.68689030338075,0.4171673560820227,19539257.70992479,875.5014384947578,1.141711875093074,0.0,0.0,0.0,4817.13,2600.0,5200.0,0.0,7994.24,14027.19,0.0,0.0,4742.81,0.0
84,Steel,3,3,1.2675641983747483,0.0887903290390968,0.0322699706763245,0.2998346732466055,0.1443178790807724,0.1527893996353845,0.1848505905610504,0.100582628250122,0.3065179964825152,0.2637092895923595,0.0934131395816803,0.7474599217520261,0.0,0.0,0.0,0.0,0.0,0.0,0.0,0.0,0.0,28930436.801684123,396.3134246862264,0.2200655409381826,32325588.71269104,353.2777810002585,0.5211275729806362,30127030.572395857,770.8879506744055,0.9559593375462804,0.0,0.0,0.0,4999.71,2600.0,5200.0,0.0,7888.61,13179.05,0.0,0.0,4785.06,0.0
85,Steel,2,3,0.831669308245182,0.0452676354646682,0.0055155127198682,0.2640977404451868,0.0675527089834213,0.0831769308245182,0.1711099680695119,0.0858800476789474,0.3245074761785077,0.0,0.0,0.0,0.0,0.0,0.0,0.0,0.0,0.0,0.0,0.0,0.0,7393929.075846081,371.10617164070567,0.1320330268454811,6219315.721597376,439.7735920879068,0.3484716051408057,6049687.596061407,247.35058146073644,0.6363979430611602,0.0,0.0,0.0,4204.28,2600.0,5200.0,0.0,8948.29,12392.71,0.0,0.0,4203.35,0.0
86,Steel,6,4,1.5553190231323242,0.1246365051269531,0.0307334133126593,0.2624074505424357,0.072479248046875,0.166369913320369,0.3271832485699324,0.02,0.2949723520612237,0.2991307967967729,0.0866703277826309,0.4942106842420271,0.2018163875250492,0.0807264900207519,0.6166163184732207,0.2443874662408252,0.1305501985549926,0.8940304156668254,0.3829106819262698,0.0310908100754022,1.3178526729578943,17041662.16922344,949.1118023359452,0.1835955718051762,16840200.350706514,525.7347234153854,0.8350276333736562,13144415.780549884,428.2537775147703,1.122768812530834,14334035.34407388,764.6424820837866,1.3706141542583354,3616.88,2600.0,5200.0,0.0,4998.56,11722.89,0.0,0.0,3691.98,0.0
87,Steel,4,3,1.2589230000972749,0.1177577233314514,0.0092723219511105,0.2038248338886832,0.1076276820898056,0.1360046442382915,0.3060712565498037,0.0838924649357795,0.3920787912207379,0.2684617822367184,0.0257789406925439,0.6964256986754997,0.2871578778906677,0.0610572519898414,0.9565140199734046,0.0,0.0,0.0,0.0,0.0,0.0,19122497.46567478,295.0479690050437,0.1656110562177695,21202953.079309985,426.0310677333672,0.491136022545172,21947657.35473093,355.5367840223201,1.0111172993728244,0.0,0.0,0.0,4957.75,2600.0,5200.0,0.0,5331.84,18087.88,0.0,0.0,5007.59,0.0
89,Steel,3,3,1.0891432747244836,0.0889388782382011,0.0207452505588881,0.2056693417451135,0.1290859371423721,0.2368652330046583,0.3905503746831489,0.0552048671245574,0.4964867361576518,0.2331357195964166,0.0645638555288314,0.7414429313083548,0.0,0.0,0.0,0.0,0.0,0.0,0.0,0.0,0.0,13961590.08839651,604.23568888188,0.1278115180774566,12818408.46963232,387.32024228204057,0.3357016753472372,13141562.321419626,312.80032603684083,0.8389928680808282,0.0,0.0,0.0,4513.33,2600.0,5200.0,0.0,6680.79,16483.3,0.0,0.0,4520.69,0.0
90,Steel,5,2,0.6083201080560685,0.0765949907898903,0.034793054715162,0.2236363940764276,0.0489518329501152,0.0789595646950952,0.2591505663838627,0.0902354061603546,0.1582242596071521,0.3671437779799644,0.1277642887830734,0.3079690870337728,0.2146190290396654,0.0515085332095623,0.4313340410208052,0.4631999521392649,0.0464944620430469,0.5086455789303141,0.0,0.0,0.0,9772110.567118105,438.3091129400807,0.1073450231853508,10155203.15279082,519.2603039485745,0.5474880966421416,0.0,0.0,0.0,0.0,0.0,0.0,2648.25,2600.0,5200.0,0.0,5435.23,25970.14,0.0,0.0,2638.48,0.0
91,Steel,2,3,1.121988373994827,0.0857649901509285,0.0334409173348165,0.1958375365082887,0.0395818783342838,0.1374951705029555,0.2566934350099504,0.0838267374038696,0.6777101630414879,0.0,0.0,0.0,0.0,0.0,0.0,0.0,0.0,0.0,0.0,0.0,0.0,7577154.561865529,812.4980670282142,0.1482144657386468,7553889.058713454,716.1627499608177,0.5096372699751621,8308304.326703361,494.5421815518077,0.9090454203569724,0.0,0.0,0.0,4895.83,2600.0,5200.0,0.0,5794.65,16934.17,0.0,0.0,4863.37,0.0
92,Steel,5,3,0.8592511221766472,0.1081676541566848,0.0074852707207573,0.2780166401599596,0.0849172604084015,0.0859351122176647,0.3471128512016119,0.1210795450210571,0.2147815765220736,0.3436015444093252,0.0635611552000045,0.3965605599425537,0.2351048228248796,0.0941783142089843,0.550282136449223,0.2450268408316341,0.1286162710189819,0.7733160099589825,0.0,0.0,0.0,10007846.936665729,480.96154146654055,0.098489227876871,10185590.178467682,592.0927155288846,0.4917098027232392,11850866.87762482,597.5333655339005,0.7633150099589825,0.0,0.0,0.0,2767.17,2600.0,5200.0,0.0,3941.48,23745.14,0.0,0.0,2733.49,0.0
93,Steel,5,3,1.1673422321677207,0.0233468469780388,0.0084759044727319,0.1739486220807519,0.0363970045745372,0.2974174717613423,0.1199216824250794,0.0800856727361679,0.4342839732588268,0.1512563601354312,0.0700311774015426,0.5361859446709024,0.1650693824279955,0.0550114464759826,0.6326068847789384,0.1600801080757502,0.0872386568784713,0.8863769421334078,0.0,0.0,0.0,32900525.91497968,166.93139678761102,0.1569678679173193,37661633.35392901,243.8573402567061,0.4163290957089216,29028341.298437003,193.55496093945936,0.9828384066818716,0.0,0.0,0.0,2641.44,2600.0,5200.0,0.0,7692.69,10893.26,0.0,0.0,2779.27,0.0
94,Steel,5,3,1.088655060529709,0.0933136991262436,0.0080880750074588,0.2534655033685905,0.1296184521913528,0.2078796416520987,0.3440557949255801,0.1115802991390228,0.3703154835728592,0.277590327793585,0.0413762283325195,0.5760780560571244,0.2728725406229128,0.15,0.7146972832771693,0.1770756940956165,0.1221997141838073,0.8975944219422981,0.0,0.0,0.0,14495526.45170877,164.39734421825057,0.1193667996296283,11952576.587414134,561.4605755433377,0.639738262297902,12532665.78961215,284.31096145254975,0.9490706681765776,0.0,0.0,0.0,3288.33,2600.0,5200.0,0.0,5105.48,16782.42,0.0,0.0,3281.35,0.0
95,Steel,4,3,1.405856892466545,0.112162435054779,0.0186273443683137,0.6056923322785015,0.077454676926136,0.2885977934928221,0.2644302468542465,0.1273605787754058,0.5288394505718504,0.2860407717016944,0.0985477674007415,0.9389335513455466,0.2850216445373144,0.0811958888173103,1.1332976717776424,0.0,0.0,0.0,0.0,0.0,0.0,17393202.465196326,739.8169615348634,0.1665487463855124,21731883.05228149,843.2273708937298,0.5153263281050127,16814861.058309797,639.5349928106343,1.242612148364157,0.0,0.0,0.0,3328.87,2600.0,5200.0,0.0,4557.8,17841.21,0.0,0.0,3383.64,0.0
96,Steel,3,2,1.3184092670679093,0.0851008903384208,0.0265803885758475,0.4905560961399109,0.0921746027469635,0.1852333903896137,0.3110791986119716,0.126608235836029,0.5721419344246103,0.2514693716023991,0.0893116718530655,0.9505120410962578,0.0,0.0,0.0,0.0,0.0,0.0,0.0,0.0,0.0,17894384.506900866,279.49468330279734,0.2031607784520888,19584897.48373802,621.9795730340919,1.1458232825577617,0.0,0.0,0.0,0.0,0.0,0.0,2764.81,2600.0,5200.0,0.0,5126.31,11128.83,0.0,0.0,2785.88,0.0
97,Steel,5,3,1.0865683376789097,0.0968358242511749,0.0078147463097667,0.3987100113525866,0.0655992355942726,0.176407893889735,0.2200496202504226,0.0640087765455246,0.2607130962893735,0.3437081002329707,0.0895083236694336,0.5375894832181246,0.2353323811337566,0.0984841513633728,0.7541093073017191,0.385417351206772,0.0567597794532775,0.8601002890882316,0.0,0.0,0.0,15074774.89311544,480.6427642595991,0.1194364963888206,18871019.303927284,137.85500679850037,0.4821731340236562,16405059.96493161,198.39543793709663,0.9779115028244502,0.0,0.0,0.0,3903.44,2600.0,5200.0,0.0,5000.66,17589.32,0.0,0.0,3884.51,0.0
98,Steel,6,2,1.521242168545723,0.1182551443576813,0.0186611878991256,0.2599859314926275,0.0960069459676742,0.3333606309156457,0.2455003663645505,0.1058133774995803,0.5163603777437755,0.3970807526475407,0.0741783386468887,0.75460304784268,0.3755625431544868,0.1141109389066696,0.9425068684852824,0.2452017989284469,0.0982935976982116,1.1590229896669426,0.5749470428012542,0.0628541183471679,1.3351659521459769,111074244.26037487,301.7006564036579,0.2276966209958029,143223568.48889104,230.0819142973482,1.3132360525302538,0.0,0.0,0.0,0.0,0.0,0.0,4481.02,2600.0,5200.0,0.0,9403.85,14053.76,0.0,0.0,4604.62,0.0
99,Steel,6,4,1.6220003157854082,0.0880629830360412,0.0359418198805897,0.3500109046492464,0.0643377009034156,0.1969588383785135,0.433893989429043,0.0971949386596679,0.4860789265378994,0.2323073669465479,0.02,0.7566803487691394,0.1832459710696581,0.0768176797032356,0.9773890899169836,0.4957104488149824,0.0920547008514404,1.1712061455663685,0.3242403997603919,0.0649917140603065,1.2820082819362315,12501976.23207695,122.83644413162288,0.1622000332005411,15706903.14079694,163.742351054801,0.4085058535259805,12620483.556576176,1052.1515664643237,0.7955149174917612,9822932.776993675,1099.9999999999995,1.4447498368927012,2707.58,2600.0,5200.0,0.0,4280.0,10390.63,0.0,0.0,2646.97,0.0
100,Steel,5,3,1.0452230736613273,0.0359582511484622,0.0151842755417345,0.156805754500961,0.0765092930197715,0.1946749438166814,0.2867669643592935,0.0496911408007144,0.304975117163913,0.3582153387655853,0.0696859887242317,0.4899498379063949,0.2234261840472783,0.054629056751728,0.59127560609971,0.1108119537180917,0.1120722657442093,0.8206078688634595,0.0,0.0,0.0,73479082.91142096,564.7091950655321,0.124083081301007,64675503.6546328,597.5723008805116,0.3226279429000753,68045905.72166096,120.15157143648244,0.9100088769947025,0.0,0.0,0.0,3179.06,2600.0,5200.0,0.0,12221.44,16483.44,0.0,0.0,3382.97,0.0
101,Steel,6,4,1.5018550753593445,0.070518849492073,0.037436469538121,0.179009808252605,0.0495957128703594,0.1501955075359344,0.2325304699503308,0.076191716492176,0.3207046323049317,0.2812997634681449,0.0741825112700462,0.3999437073527503,0.2965711501561492,0.0688237822055816,0.7366024380783354,0.2023172133643083,0.1054813575744628,0.9960470484850342,0.2813495416371417,0.1169958913326263,1.2942181337608742,8931261.986455362,291.8909320000876,0.162630213599048,7692614.297384626,1099.9999999999995,0.7938759168481377,8732724.37680087,780.8442682266111,1.080626413396463,6295386.074771217,310.2827956058247,1.351669566321555,3242.9,2600.0,5200.0,0.0,3942.73,7128.42,0.0,0.0,3322.65,0.0
102,Steel,4,4,0.7346492111682892,0.0905894112586975,0.0083868510067658,0.3669286194025357,0.02,0.1195512682425155,0.300863919921151,0.0478889395296573,0.1813129541547748,0.3990084581400449,0.0499410507082939,0.3132148855864548,0.2581081655474951,0.1252787613868713,0.4722898309791861,0.0,0.0,0.0,0.0,0.0,0.0,13194086.35094752,379.0512449353582,0.0734649218514781,13190430.640374726,452.8686319045197,0.1574473984716093,13648913.231581133,1099.9999999999995,0.2915676595380846,15379882.802650446,789.0996796719052,0.6182329398577544,5143.87,2600.0,5200.0,0.0,8764.19,41931.06,0.0,0.0,5113.35,0.0
103,Steel,3,4,1.3843733727931975,0.1300515385866165,0.0224415920260504,0.2216561066929507,0.0633140096068382,0.1384473372793198,0.3856493348039164,0.128140669465065,0.6027397675170425,0.2629035503395602,0.0596173483133316,1.1241736553410382,0.0,0.0,0.0,0.0,0.0,0.0,0.0,0.0,0.0,23314962.80361082,891.0248414879939,0.183449367763792,23130217.24157453,451.1003182500248,1.0586969518432792,22693796.92056128,447.369283594685,1.0914137572131906,21400290.28228166,86.36874389083246,1.2236261904247192,4018.51,2600.0,5200.0,0.0,7989.62,14510.3,0.0,0.0,4101.07,0.0
104,Steel,5,3,1.4728040426969529,0.0739786086678505,0.0264826156260036,0.3948185696135584,0.1256872755289077,0.3027419763879062,0.3814712605007842,0.1168806928396225,0.5379297450481375,0.2563803759027,0.02,0.83076382319396,0.2602382799364828,0.091434525847435,0.978023254964145,0.1898344377745923,0.1268421506881714,1.0975776138479494,0.0,0.0,0.0,59441699.538633615,419.6824305060856,0.1608461354143953,51351492.17235323,710.8672623538396,0.2926559538330617,54591707.40601631,408.2684986260543,1.2437343141231416,0.0,0.0,0.0,3408.49,2600.0,5200.0,0.0,7897.17,13962.21,0.0,0.0,3326.91,0.0
105,Steel,4,2,0.3760878905653954,0.1353535287380218,0.0335465246770245,0.2545200970092873,0.0680342459678649,0.045796370228441,0.3623149361513976,0.0921338063478469,0.1401054413807363,0.2395215720508102,0.0824395552277565,0.2379119191974155,0.4080174368380757,0.0811060360074043,0.3247224642169419,0.0,0.0,0.0,0.0,0.0,0.0,17927064.348682284,594.1920213218347,0.0653039356881447,14589273.011753784,406.90118143570953,0.2895365456330486,0.0,0.0,0.0,0.0,0.0,0.0,3072.94,2600.0,5200.0,0.0,6193.22,137742.03,0.0,0.0,3111.34,0.0
106,Steel,4,4,0.586794052273035,0.0809276320338249,0.0263770013817847,0.2871457924221055,0.076461534500122,0.0804870016987227,0.257139474479616,0.0988240671157837,0.2066789244664477,0.2679676060914982,0.02,0.3364110901642209,0.2817310196892579,0.0851007550954818,0.4994488859998345,0.0,0.0,0.0,0.0,0.0,0.0,3164997.747499748,377.7765960115156,0.0630008177929732,3600596.601445014,1099.9999999999995,0.2734869212366992,3437475.246526257,642.6460366020665,0.3226213540777122,4644532.9917523945,339.82092262255776,0.5108481732294179,2723.46,2600.0,5200.0,0.0,3275.77,44066.12,0.0,0.0,2664.93,0.0
107,Steel,6,4,1.3272220432758333,0.1006205829381942,0.0306259980112023,0.398284331471531,0.0762318930029869,0.1591817922222825,0.4701902558248697,0.1165197318792343,0.4243974774864287,0.3967206528048136,0.1138555681705475,0.5661513159535027,0.2944640808241375,0.0494482763111591,0.7324690799075635,0.2922410619322635,0.1083334481716156,0.9006846239301037,0.2977520493934361,0.0960022348165512,1.0743338416070505,24710379.351222925,547.7050640300702,0.1466479887645966,26368559.57637722,910.1399536469868,0.5909666703427783,29304942.3825285,653.3432770589694,0.8219870632426949,19984262.3551015,524.6208879844553,1.1944998376210278,3687.3,2600.0,5200.0,0.0,5689.66,11002.86,0.0,0.0,3710.44,0.0
108,Steel,1,3,0.9656344562768936,0.0628897761702537,0.050311820936203,0.3122308272433573,0.0853764581680297,0.290300168856032,0.0,0.0,0.0,0.0,0.0,0.0,0.0,0.0,0.0,0.0,0.0,0.0,0.0,0.0,0.0,11073965.33881153,191.22624706741607,0.1514778334594091,13080645.238655187,704.2193069414528,0.5588565977238782,12461836.495269058,453.2588751801307,0.78679002953203,0.0,0.0,0.0,5198.56,2600.0,5200.0,0.0,18970.15,38397.7,0.0,0.0,5192.39,0.0
109,Steel,2,3,0.5676888607442379,0.018,0.0104822905333564,0.1880432417767419,0.1137800347805023,0.1111654722566429,0.2117270289930742,0.0689773944020271,0.3600926117920049,0.0,0.0,0.0,0.0,0.0,0.0,0.0,0.0,0.0,0.0,0.0,0.0,15058624.173115913,670.858835822655,0.0567688866421126,20959984.67072136,454.4583773863533,0.3409016789040915,18277824.867236678,617.7806671003435,0.4814299180062782,0.0,0.0,0.0,4705.47,2600.0,5200.0,0.0,7124.19,56967.75,0.0,0.0,4552.88,0.0
110,Steel,1,3,0.943023219704628,0.0274998486638069,0.0219998789310455,0.4043273082702192,0.07703109562397,0.6801709739179073,0.0,0.0,0.0,0.0,0.0,0.0,0.0,0.0,0.0,0.0,0.0,0.0,0.0,0.0,0.0,7651294.630844262,691.9472593752164,0.1497010304216404,8874390.631397542,1099.9999999999995,0.3547763172990854,7474822.089729415,490.7608544173053,0.7354698190275102,0.0,0.0,0.0,2700.59,2600.0,5200.0,0.0,23962.8,26565.27,0.0,0.0,2776.74,0.0
111,Steel,6,2,1.4571867018938065,0.10844873046875,0.0221412195844726,0.4707922622746273,0.0620965722203254,0.2411822926759516,0.426847167363297,0.0694791513681411,0.518193015687771,0.2757203348551086,0.0524289608001709,0.6742384607777178,0.3508945500328731,0.0655889880657196,0.7709738021332573,0.319793176099714,0.0984975564479827,1.0859100264407648,0.3506471111956577,0.1063320380449295,1.2350769817434737,140784236.6592999,440.3504168267584,0.1867338396472451,178408684.9663628,213.61012630757983,1.2798176431649333,0.0,0.0,0.0,0.0,0.0,0.0,4594.9,2600.0,5200.0,0.0,10577.8,15077.6,0.0,0.0,4556.32,0.0
112,Steel,5,3,1.3822631627321245,0.0949658021926879,0.0167155404093327,0.3203639566227376,0.086705475449562,0.2478841950739364,0.2797532899000194,0.1006407350301742,0.4329168175143165,0.2921492647803692,0.088309730887413,0.5338780373998372,0.1870593451375546,0.0942455023527145,0.7359032554148264,0.2182927945212758,0.0399578832089901,1.041419015023295,0.0,0.0,0.0,22058683.136053387,425.87217114025833,0.1483450603101281,24904766.40713405,369.571837859142,0.5970103993218943,23377214.642591946,420.413083162012,1.182574801447669,0.0,0.0,0.0,4457.81,2600.0,5200.0,0.0,7391.35,12920.18,0.0,0.0,4533.11,0.0
113,Steel,6,4,1.2680750727653505,0.0622592440247535,0.0123203230906049,0.3329414283253769,0.0528600737452507,0.2357977710058066,0.2419174290454279,0.0763764935731887,0.3690879864856297,0.2918661102922607,0.0549091339111328,0.5219882031031293,0.3400873855701068,0.1218712198734283,0.7813484292755607,0.3859298844227782,0.1226946252584457,0.936065579261361,0.4557750961058278,0.1026999962329864,1.1412575654888153,13666709.627509538,488.6953107662729,0.1414888810879433,16132339.853398647,318.5892468345498,0.5862365848609408,13688465.834544163,625.2741498686004,0.803078195453403,13567252.613968516,289.8911947492182,1.1132415210521076,2784.97,2600.0,5200.0,0.0,4644.69,7380.36,0.0,0.0,2729.99,0.0
114,Steel,5,2,0.8709886625409127,0.0463613734841346,0.0064153414170586,0.337504285846406,0.061733027100563,0.1426182325898709,0.2799916877643826,0.1402510863542556,0.3002233003833053,0.2637814495963341,0.02,0.407780410723466,0.2740476873740772,0.1077988177537918,0.5502417466508709,0.2182056762965498,0.0712461507320404,0.7287846240450009,0.0,0.0,0.0,52589500.34909387,809.1813526162589,0.105993924793944,54119302.85225483,418.41868041453023,0.7598327467616363,0.0,0.0,0.0,0.0,0.0,0.0,2788.38,2600.0,5200.0,0.0,8707.63,15703.44,0.0,0.0,2777.3,0.0
115,Steel,6,2,1.5517994701862337,0.1023658730983734,0.0131072368073004,0.3478283345191341,0.0857934802770614,0.2883207000260849,0.2732934202329746,0.1487885290384292,0.4708139549975689,0.2887818651108012,0.0984702891111374,0.8169574037083427,0.3676719885079006,0.1162089043855667,1.1285875968759091,0.5102127330151973,0.1143309140205383,1.262105518731716,0.1974781936918628,0.0265856885164976,1.346367269573476,69137551.09431382,316.357715246771,0.1884448871417413,70958775.31180817,464.6161857755674,1.3966195216158108,0.0,0.0,0.0,0.0,0.0,0.0,3038.19,2600.0,5200.0,0.0,6642.25,15270.72,0.0,0.0,3139.43,0.0
116,Steel,1,4,1.2340693414211272,0.0910223969221115,0.0238192507121205,0.5528761872843048,0.0945554155111313,0.6371900912046875,0.0,0.0,0.0,0.0,0.0,0.0,0.0,0.0,0.0,0.0,0.0,0.0,0.0,0.0,0.0,4047002.72568598,180.753646600236,0.2501974792858804,4297277.161876909,362.78907254440463,0.4784219342380572,3637105.7963245097,445.18872952013226,0.5631838030668419,6394419.714162949,544.16016218287,0.9911710243250814,2608.16,2600.0,5200.0,0.0,5104.64,11877.22,0.0,0.0,2606.32,0.0
117,Steel,6,3,1.3665866076946258,0.0997102355957031,0.06,0.2166681910578088,0.0728600144386291,0.1977961381608647,0.2098124748837916,0.0350794949382543,0.3527954025941377,0.2922497099582742,0.0916807609796524,0.5420186517723316,0.2811341883462725,0.0930640959739685,0.7569667748519202,0.2183831104987391,0.0538493573665618,0.9507227501782012,0.31279218235448,0.07457384288311,1.1395632043948687,26826175.54263197,666.9880021658211,0.1481005256158134,28175822.1515774,283.58318511592324,0.6313129989936691,24265481.40026801,263.4079500136989,1.222584344253141,0.0,0.0,0.0,4903.53,2600.0,5200.0,0.0,7348.2,13169.88,0.0,0.0,5081.33,0.0
118,Steel,2,4,1.1985973685979845,0.0872007273435592,0.0259905229709629,0.2916175716351085,0.0643117818236351,0.2161352050325917,0.2513683172656132,0.1368032211065292,0.9390114717062354,0.0,0.0,0.0,0.0,0.0,0.0,0.0,0.0,0.0,0.0,0.0,0.0,14383448.844021866,44.99999999999999,0.1198597380583958,15848932.33174675,717.3383572683824,0.1566092356505025,16404308.44480627,475.3843566664997,0.3408890738801483,16069250.891822068,278.7123741908415,0.9632346822588954,4641.98,2600.0,5200.0,0.0,8639.6,21239.32,0.0,0.0,4553.05,0.0
120,Steel,1,3,1.536921039223671,0.1006068037748336,0.0210532644190378,0.4046929686738393,0.1386875808238983,0.9250950045175632,0.0,0.0,0.0,0.0,0.0,0.0,0.0,0.0,0.0,0.0,0.0,0.0,0.0,0.0,0.0,29990679.16609387,402.8602604308033,0.1674272168769947,35613196.714737944,521.3209327462438,0.1873411794724102,30362815.57910798,740.453484724338,1.1887533871750466,0.0,0.0,0.0,3936.41,2600.0,5200.0,0.0,9485.72,15527.37,0.0,0.0,3947.77,0.0
121,Steel,2,3,1.4517816662788392,0.0693970326185226,0.0202781057205054,0.2667154833400705,0.0527319273352623,0.5813982435020875,0.3944100029248125,0.0820113131403923,0.9794036870752052,0.0,0.0,0.0,0.0,0.0,0.0,0.0,0.0,0.0,0.0,0.0,0.0,14865974.4591114,512.2779267101561,0.2658742932522607,18506478.614242967,231.0553582945176,0.8289568293509784,18112917.701874312,356.84590337320344,1.2566490779282846,0.0,0.0,0.0,4927.46,2600.0,5200.0,0.0,8116.68,11863.79,0.0,0.0,4985.96,0.0
122,Steel,2,2,1.0073390856385231,0.0580833492279052,0.0142380030805156,0.3302984190980478,0.1124915426969528,0.604164091782289,0.1824251225250413,0.0733587649464607,0.906595177074671,0.0,0.0,0.0,0.0,0.0,0.0,0.0,0.0,0.0,0.0,0.0,0.0,7893385.201439751,248.66077801865148,0.362618261064464,8817560.887367124,511.2274689613927,0.8964585695359586,0.0,0.0,0.0,0.0,0.0,0.0,3343.25,2600.0,5200.0,0.0,5800.71,9783.82,0.0,0.0,3346.43,0.0
123,Steel,4,4,1.4042525947093965,0.1030698715448379,0.0222053127318938,0.6078470128979286,0.0908082449436187,0.2097316902173865,0.2378017214361584,0.15,0.5646091995054807,0.5614580854562743,0.0923723703622818,0.7039960273512539,0.5024902434698791,0.0227648306638002,1.1499962702526,0.0,0.0,0.0,0.0,0.0,0.0,27099162.584856365,330.0332850438538,0.1456330405280249,24084255.25136614,474.76426330558274,0.3659142228262885,29750569.878782425,372.6324633597327,0.5801840671148648,29691320.521373656,461.3941686914433,1.1951852723286336,4127.43,2600.0,5200.0,0.0,5151.68,9770.98,0.0,0.0,4073.76,0.0
124,Steel,4,3,1.1729169711470604,0.0833932431936264,0.0211901949901549,0.2789197364524449,0.0496460536122322,0.2417161319670426,0.2961165108946229,0.0261105155572295,0.3046805121630852,0.3378911309264266,0.0937749063968658,0.5384233854161281,0.3457631315323683,0.0820981362462043,0.8991266582613291,0.0,0.0,0.0,0.0,0.0,0.0,5669493.294156,154.3677287209447,0.1451075359437039,8081618.361457121,286.06480724005723,0.4216025959543273,6690787.798704464,219.5858574734017,0.9441948314940426,0.0,0.0,0.0,2759.9,2600.0,5200.0,0.0,3899.19,13297.02,0.0,0.0,2732.25,0.0
125,Steel,6,4,1.477208611369133,0.0892121212482452,0.0042118525103575,0.3075290908026831,0.1140352272987365,0.2114201803068622,0.3295899535121431,0.1391112047433853,0.3747750885727149,0.307721727390851,0.0946641129255294,0.5550421368699398,0.2448264461198503,0.063683156967163,0.7106224622603481,0.4120671603819384,0.1098047143220901,0.923562101949478,0.4564703050184074,0.0731124407052993,1.183104410898859,25191440.86801864,114.84763209476084,0.1656871017694524,20317769.38813422,302.78668200575913,0.6290322850828455,22532627.62429434,344.75385587006394,0.6865282753846453,24154655.00193032,342.38680274796485,1.3090058539481642,3824.23,2600.0,5200.0,0.0,4519.77,10024.94,0.0,0.0,3825.67,0.0
126,Steel,1,4,1.0867818728089331,0.064246609032154,0.0127644216635398,0.1680558182948891,0.0887551128864288,0.6958014531549008,0.0,0.0,0.0,0.0,0.0,0.0,0.0,0.0,0.0,0.0,0.0,0.0,0.0,0.0,0.0,3224500.4818968587,618.8099850187012,0.3643039992994798,2696508.716024597,285.62526608326044,0.7598418110070166,3148100.891003128,393.4335763067309,0.784845695837486,3179627.289319857,728.341915649576,0.9629705162594276,3624.17,2600.0,5200.0,0.0,5991.56,14635.43,0.0,0.0,3656.91,0.0
127,Steel,3,2,1.1338060244917871,0.095039657831192,0.0238950599855247,0.2015755801510534,0.1086559528112411,0.297145653996709,0.4376664096076496,0.0788978970050811,0.440060836063217,0.1750595783811901,0.0643083646893501,0.7976545197606035,0.0,0.0,0.0,0.0,0.0,0.0,0.0,0.0,0.0,28209824.23117974,105.20745142251972,0.1336940533997263,33640352.20885169,1099.9999999999995,0.8088175985302916,0.0,0.0,0.0,0.0,0.0,0.0,4866.05,2600.0,5200.0,0.0,8702.38,20340.58,0.0,0.0,4883.24,0.0
128,Steel,4,4,1.068849277496338,0.1094392813444137,0.0279625011757205,0.2199206076835097,0.1442339539527893,0.242091872726524,0.4474202914473872,0.0414618968963623,0.3955787053109083,0.4622415416690018,0.1290829229354858,0.5758828854143674,0.2269594702753236,0.0576422175765037,0.8344501914624871,0.0,0.0,0.0,0.0,0.0,0.0,12417760.515574802,627.6142512139231,0.1228992476297619,12452485.790359346,833.4984529027865,0.4346666369057909,13013730.28730662,1099.9999999999995,0.5160019445076586,15505601.43572922,584.1990899123838,0.9329487461539682,3678.46,2600.0,5200.0,0.0,6202.08,19271.06,0.0,0.0,3637.98,0.0
129,Steel,4,3,1.3265262484550475,0.0686020646095275,0.0124493461041887,0.3921494820698664,0.0820675021409988,0.2585453186256328,0.2291623427907289,0.0566380295157432,0.5222472660525647,0.4589268735662232,0.1070618015527725,0.617065015046557,0.2597173203561079,0.1287433868646621,1.0322455039491505,0.0,0.0,0.0,0.0,0.0,0.0,31107682.20115356,228.07886264954175,0.1730684229071183,33976539.1540497,836.6441382063134,0.9689855370849212,30577888.200441748,202.25938712731275,1.1938736222830169,0.0,0.0,0.0,2872.19,2600.0,5200.0,0.0,7864.65,10980.32,0.0,0.0,2908.19,0.0
130,Steel,5,4,1.2750396370887758,0.0950116424560547,0.019067783151267,0.2203159074328421,0.0729579684138298,0.247886063120024,0.3476148121984697,0.1067762112617492,0.5447026990730517,0.1350050986977294,0.0963587015867233,0.7105226553249068,0.3053557879526751,0.1359333860874176,0.9004668133924817,0.2001743141586627,0.1054464423656463,1.0271455317849032,0.0,0.0,0.0,8987325.223249564,95.85402799010949,0.187482520381141,13752365.195073431,450.15729815473065,0.9122976916554588,13101779.984295888,343.4868067653199,0.9898844247712288,11802762.901612472,157.04433767207394,1.1177103468043303,3200.93,2600.0,5200.0,0.0,5528.58,13261.16,0.0,0.0,3132.17,0.0
131,Steel,2,3,1.7464109659194946,0.1004932272434234,0.0074557146375482,0.2562325403829763,0.0889652395248413,0.9491304860518388,0.1246152778852625,0.0881503653526306,1.5509556021624902,0.0,0.0,0.0,0.0,0.0,0.0,0.0,0.0,0.0,0.0,0.0,0.0,4334167.533157804,293.557221372891,0.2220644666425998,5546991.343173185,260.2614995059653,0.5085192341522895,6143576.08156273,605.8064572356035,1.4371416483554564,0.0,0.0,0.0,2644.05,2600.0,5200.0,0.0,3904.01,7861.94,0.0,0.0,2799.26,0.0
132,Steel,5,3,0.8758137956261635,0.0816153290867805,0.0264567546954763,0.542294247031347,0.1112726408243179,0.1500015282138762,0.186231985633837,0.1186367279291153,0.2971745423569358,0.3810590732894043,0.0741419047117233,0.407439227482065,0.4159691283039505,0.0929195535182953,0.5590546760339257,0.1980313586108973,0.0779794743657112,0.7130230993550212,0.0,0.0,0.0,20049701.460229643,602.7076891465972,0.0946369376995669,24697855.67385826,943.3935027498486,0.4243181778762404,20667355.734866835,224.9304143788714,0.751635849286936,0.0,0.0,0.0,3254.54,2600.0,5200.0,0.0,5755.65,23258.57,0.0,0.0,3314.4,0.0
133,Steel,3,3,1.780416476726532,0.0706147450208664,0.0272151763253417,0.428251613533938,0.1080957055091857,0.5874922299809888,0.2431254106459248,0.0664139702916145,1.0935423216376037,0.2175239985868125,0.1042426270246505,1.359745409638137,0.0,0.0,0.0,0.0,0.0,0.0,0.0,0.0,0.0,34659217.23996535,605.0905931482985,0.207950939688623,36525143.76640551,571.3832104079031,0.4091530913902848,38352376.497250855,531.495189470923,1.587945463640897,0.0,0.0,0.0,2827.82,2600.0,5200.0,0.0,6766.82,15565.79,0.0,0.0,2844.85,0.0
134,Steel,3,3,1.4375968247652051,0.0377142671346664,0.0142631138791577,0.3374476043831351,0.0858778858184814,0.397908838666984,0.2095396985690913,0.0891886395215988,0.7792739100037672,0.2335749828131758,0.0531483915448188,1.1317730184370371,0.0,0.0,0.0,0.0,0.0,0.0,0.0,0.0,0.0,24664137.893573534,717.6047719516671,0.1811554760671541,22787939.00911511,410.9733175453029,0.4702255541465722,23209217.612762272,290.51032278647216,1.1624190374429202,0.0,0.0,0.0,4113.28,2600.0,5200.0,0.0,6561.81,8791.07,0.0,0.0,3743.67,0.0
135,Steel,6,2,1.1404441937804224,0.1173170101642608,0.0170687351353003,0.3573149438854293,0.105087906718254,0.1921350131291125,0.3344074632292353,0.0890571302175522,0.2978767814693622,0.4832865371870953,0.0396834722161293,0.3912253788510945,0.1970349464481927,0.0607739630341529,0.5436512713701612,0.1715341408381391,0.1374630999565124,0.7377195091576526,0.2412247842224996,0.1205804187059402,0.9588252646547684,26264252.51252885,546.1001320915437,0.1376535930758354,28213142.642583515,152.71892028050434,0.9417993445795728,0.0,0.0,0.0,0.0,0.0,0.0,3323.47,2600.0,5200.0,0.0,5379.84,21126.74,0.0,0.0,3388.72,0.0
136,Steel,3,4,0.8618724822998047,0.1137644997835159,0.0406843204714691,0.1831525388857723,0.030275827422738,0.4088096809806036,0.2916545795007158,0.0430779863893985,0.5363032585502641,0.2467424932561558,0.0764969262480735,0.6118923367564558,0.0,0.0,0.0,0.0,0.0,0.0,0.0,0.0,0.0,5850792.095505212,431.8318894280927,0.1376125378075551,6865180.362563016,743.3292964959804,0.3687430323444883,5247081.738817795,731.3219865652671,0.5593284404375914,6385221.248280218,283.16488188932306,0.7738718430976778,4132.68,2600.0,5200.0,0.0,5627.93,42774.21,0.0,0.0,4237.75,0.0
138,Steel,2,2,0.8493016973137856,0.0494458789825439,0.026517816128076,0.2851048962402465,0.113871933221817,0.1780654861958643,0.3934265591861061,0.0829940918087959,0.4677780163568743,0.0,0.0,0.0,0.0,0.0,0.0,0.0,0.0,0.0,0.0,0.0,0.0,39707546.96476784,272.17211031239015,0.1372277638226996,35263257.54309403,713.3601013392041,0.7478847325004092,0.0,0.0,0.0,0.0,0.0,0.0,3260.3,2600.0,5200.0,0.0,9137.35,42049.32,0.0,0.0,3319.94,0.0
139,Steel,2,4,1.751978647708893,0.0717170230746269,0.0191430380321381,0.2535284040245523,0.15,0.8932763285891336,0.4778956519245195,0.15,1.3311779224849756,0.0,0.0,0.0,0.0,0.0,0.0,0.0,0.0,0.0,0.0,0.0,0.0,17628132.733840965,592.2268567925146,0.2737039509181119,14327780.007380482,444.19890793651,0.8763580238772726,15215071.821719002,107.56774211895991,0.9788885098793944,13215172.889394058,443.5487565856468,1.5436341264210125,2968.02,2600.0,5200.0,0.0,7052.3,9691.31,0.0,0.0,2931.97,0.0
140,Steel,2,2,1.0608896493911744,0.0240167794898152,0.0102207420381782,0.281079818939697,0.109289122223854,0.1162015865237925,0.0879180851021734,0.0528621309995651,0.4267786169833556,0.0,0.0,0.0,0.0,0.0,0.0,0.0,0.0,0.0,0.0,0.0,0.0,148481374.2756675,858.6379225803635,0.1511671932082375,106839159.63367128,335.41485168865063,0.8352253477098058,0.0,0.0,0.0,0.0,0.0,0.0,3863.41,2600.0,5200.0,0.0,9273.27,13602.95,0.0,0.0,4484.35,0.0
141,Steel,4,4,0.9888515636324884,0.1202337746620178,0.0035542629167625,0.3534999613633571,0.0876156419515609,0.2281576657223344,0.1280301442457698,0.02,0.3520303438630735,0.2631794965077478,0.0842575675249099,0.6296574324494526,0.2703170241211819,0.0747221085429191,0.858777779833628,0.0,0.0,0.0,0.0,0.0,0.0,10204900.382009163,516.3296016957606,0.1460936085595972,12554015.349439776,324.4074783859802,0.7929204712596836,7840998.469430154,1022.1086322939948,0.8899664062803879,10530044.13645116,569.9706477045527,0.8899664062803879,3127.59,2600.0,5200.0,0.0,5817.35,30412.54,0.0,0.0,3131.26,0.0
142,Steel,2,2,1.0267820850014688,0.0980156947374343,0.0034881853895186,0.3009706227685905,0.097916093468666,0.4056960073929685,0.1885344220392793,0.1335926645994186,0.694279651491551,0.0,0.0,0.0,0.0,0.0,0.0,0.0,0.0,0.0,0.0,0.0,0.0,13421293.644181944,353.2808771195687,0.171280026698361,16014482.02095841,247.66010574282004,0.8674555524183116,0.0,0.0,0.0,0.0,0.0,0.0,4131.2,2600.0,5200.0,0.0,7011.16,22155.99,0.0,0.0,4104.46,0.0
143,Steel,5,2,1.0770957693457603,0.0999217728376388,0.0076193702299863,0.2205591170609318,0.0685266309976577,0.2273159869225953,0.267053019376469,0.0466405832767486,0.356288278725247,0.2815190749169461,0.0416468231379985,0.5123615594708215,0.551364382713789,0.0862357395887375,0.7773737363232632,0.1916948686551349,0.0275392317026853,0.8852905760624297,0.0,0.0,0.0,13476192.00518054,217.61644135768293,0.1838783641156333,14531742.190669294,443.5899124857706,0.8982615296994023,0.0,0.0,0.0,0.0,0.0,0.0,2788.04,2600.0,5200.0,0.0,5262.89,28387.95,0.0,0.0,2760.34,0.0
144,Steel,1,4,1.8699469655752183,0.0515150895118713,0.0098552983542839,0.2389701615125798,0.1005450397729873,0.850847849989903,0.0,0.0,0.0,0.0,0.0,0.0,0.0,0.0,0.0,0.0,0.0,0.0,0.0,0.0,0.0,28731056.18660192,309.4815202051232,0.2765494065079527,23127105.246085294,532.7880359033007,1.0844448827288873,29150068.895013507,219.67942180151056,1.153414857642512,28099970.921641067,396.81888065854207,1.6015076774179977,4887.87,2600.0,5200.0,0.0,12359.64,13284.23,0.0,0.0,4747.56,0.0
145,Steel,3,3,1.8158657342195512,0.063443883895874,0.0419940826751216,0.508473199663444,0.071400057375431,0.837677044238482,0.2938465961110687,0.0849607998132705,1.1130009814716106,0.2803457596019503,0.0615476262569427,1.2789273687795506,0.0,0.0,0.0,0.0,0.0,0.0,0.0,0.0,0.0,25118238.47294496,167.19256734775738,0.2564487368223668,19841422.86329144,203.754128134862,0.7778862893689449,22991949.12835739,136.7277979812542,1.5463743848925164,0.0,0.0,0.0,3062.49,2600.0,5200.0,0.0,7596.03,13948.23,0.0,0.0,3056.68,0.0
146,Steel,5,4,1.4596602469682691,0.1019219605922699,0.0220879762429762,0.3302513755391484,0.0556413033604621,0.3922827302278767,0.2336873534056677,0.0731811591982841,0.51135434566452,0.2324745030276681,0.0982226979732513,0.7567107096344312,0.2151978136210632,0.0651657399535179,0.9510419477019249,0.2710152278217477,0.0787911638617515,1.1317307470254268,0.0,0.0,0.0,9728287.27463919,741.0445281039013,0.1607178523272278,10086552.729416609,324.010060517745,0.3582051547789397,8142917.767170519,347.99599515176226,0.767273382317214,12763125.435842408,865.3200252360446,1.2697272583275303,3722.87,2600.0,5200.0,0.0,5150.27,12443.29,0.0,0.0,3758.56,0.0
147,Steel,2,3,0.7280504077672958,0.0668356105685234,0.0168299964289921,0.3548457292865819,0.0834864032268524,0.5166753784221599,0.1726362094331117,0.1177190065383911,0.6479979220922749,0.0,0.0,0.0,0.0,0.0,0.0,0.0,0.0,0.0,0.0,0.0,0.0,7062158.267030907,386.1542356744264,0.1621921743857292,4775486.947706045,670.5059110153749,0.3852868790708119,4682921.123649299,396.4187692998794,0.6144304052708953,0.0,0.0,0.0,2839.05,2600.0,5200.0,0.0,8943.02,25640.61,0.0,0.0,2756.97,0.0
148,Steel,5,3,1.2753648191690443,0.070838178217411,0.0134614258560353,0.4456408271177936,0.0589105865359306,0.374585032374801,0.2233072330458091,0.0714088520407676,0.4552382864930613,0.3082914493827332,0.0938712447881698,0.6260983251537924,0.2922825428411204,0.0473633904755115,0.8592340771231133,0.3137924963311194,0.0213832858391106,1.0145023145909855,0.0,0.0,0.0,15297470.50975878,562.668062772008,0.1946450789199459,23748325.545717794,366.4670834098623,0.5875655353285727,17108879.30556579,815.8768723863479,1.1108872423129623,0.0,0.0,0.0,4272.51,2600.0,5200.0,0.0,6966.45,13322.61,0.0,0.0,4352.88,0.0
149,Steel,5,2,1.602215924859047,0.1119158658981323,0.0150863824000267,0.1791184870898103,0.0781737124919891,0.1657859596128857,0.2849292630649215,0.1025489217042923,0.5775812234083636,0.1847299840219559,0.0997016429901123,0.877975459483976,0.2127268453834537,0.0631713965535163,1.2557888225233025,0.4598951027225391,0.0785517397522926,1.3582651669167731,0.0,0.0,0.0,50711539.52805775,531.6021315379919,0.2088132437703208,48669414.96946718,475.0919041136217,1.345255124756632,0.0,0.0,0.0,0.0,0.0,0.0,4441.22,2600.0,5200.0,0.0,6477.77,11675.79,0.0,0.0,4496.76,0.0
150,Steel,2,2,1.025522266328335,0.1049684506654739,0.0113030946785276,0.2960534831478789,0.1132600957155227,0.1082543383132384,0.2771001615288258,0.0797742718458175,0.4587890302825599,0.0,0.0,0.0,0.0,0.0,0.0,0.0,0.0,0.0,0.0,0.0,0.0,34424469.65311948,487.86755133899663,0.1756131919013677,33294007.65526335,163.38457812746947,0.8286793145475345,0.0,0.0,0.0,0.0,0.0,0.0,5110.76,2600.0,5200.0,0.0,8615.69,20336.62,0.0,0.0,5181.43,0.0
151,Steel,5,2,0.7464503765106201,0.0818714327812194,0.0380033038343152,0.1237569529397063,0.0862673151493072,0.1255379484602787,0.2101614710515066,0.040636062324047,0.2612793318269373,0.2514187058062643,0.0949950325489044,0.4208338210675695,0.3666255306176185,0.0927348268032074,0.5311031211634605,0.3042242267999337,0.0724626544117927,0.6383512235132082,0.0,0.0,0.0,8935847.440408774,301.9400411834239,0.0956065726587548,10673220.459589949,689.2724682141175,0.6063534940627973,0.0,0.0,0.0,0.0,0.0,0.0,2666.5,2600.0,5200.0,0.0,6556.95,30333.88,0.0,0.0,2688.95,0.0
152,Steel,3,3,1.1070282891392709,0.1150665545463562,0.0030651321380629,0.3811264651116483,0.0914101409912109,0.4544661504617061,0.2640486371278713,0.0566678267717361,0.6818319035204874,0.2502751993118742,0.0818642833828926,0.8884262672347343,0.0,0.0,0.0,0.0,0.0,0.0,0.0,0.0,0.0,17358051.1949746,506.02080288784026,0.1747754415834334,20912584.8346868,239.30425249872997,0.4438176120608076,19716927.72415533,507.3670870890112,0.8998914481302986,0.0,0.0,0.0,4504.34,2600.0,5200.0,0.0,6292.26,21461.61,0.0,0.0,4582.61,0.0
153,Steel,6,3,1.5914082795381546,0.0802506332993507,0.0134339972398549,0.1759502407688779,0.1190983355045318,0.3744219103773857,0.4915354736434751,0.0802646422386169,0.6593951652448387,0.4188068858409088,0.1052536880970001,0.7969629154344401,0.2160169827642834,0.0996547639369964,0.9929694974858726,0.1402141694067248,0.0925363075733184,1.234199061548816,0.1485836984759846,0.0656372037529945,1.362781591418598,68278085.51001668,599.306352858472,0.1954077481865807,72619172.89264368,359.06081275273766,0.9109367568730083,57282448.94681546,423.2728679289349,1.4322674499929309,0.0,0.0,0.0,4184.93,2600.0,5200.0,0.0,12020.61,16117.76,0.0,0.0,4423.86,0.0
154,Steel,2,2,1.2473107248544697,0.1203441349267959,0.0112514215214547,0.2014594162888335,0.13754847407341,0.4865640917445112,0.3528455220215428,0.1111690884828567,0.8985830522312322,0.0,0.0,0.0,0.0,0.0,0.0,0.0,0.0,0.0,0.0,0.0,0.0,9739368.11595556,478.2360634393206,0.2400431149781321,10099804.331625575,433.9423086151956,0.9995181611413834,0.0,0.0,0.0,0.0,0.0,0.0,2728.12,2600.0,5200.0,0.0,3804.43,20656.05,0.0,0.0,2676.77,0.0
155,Steel,5,4,1.265454208850861,0.1015588017702102,0.0208082892753072,0.2515620124373455,0.0853627663850784,0.1265554208850861,0.2530726492229259,0.0543913412094116,0.2534280971941455,0.2646447600934591,0.1064148163795471,0.6042233789515581,0.2643324048348567,0.0439211778342723,0.7145864400832647,0.1729504801384937,0.0746430534124374,0.9259023637162772,0.0,0.0,0.0,18333792.065290496,247.48318059208907,0.1505701876982896,13966732.316820623,375.1362092601551,0.4251988014815113,13769523.590999492,338.88925778401114,0.7746755158848669,11190976.90004246,278.64813009924035,1.0419972881633517,4859.08,2600.0,5200.0,0.0,5480.88,12976.09,0.0,0.0,4964.48,0.0
157,Steel,4,2,1.43187013566494,0.0749654946923256,0.0198690079417472,0.2161881953477855,0.0554624849557876,0.4670691877544491,0.3429661124273234,0.1045017325878143,0.8189398999272548,0.3247520773572149,0.1189962941408157,1.0035436130593234,0.2924954663002795,0.0711402466893196,1.2488262322023689,0.0,0.0,0.0,0.0,0.0,0.0,60518302.60058063,622.6443566314131,0.2353392304972784,75256080.47971413,302.220551941641,1.2629929094491434,0.0,0.0,0.0,0.0,0.0,0.0,2901.06,2600.0,5200.0,0.0,11418.31,15272.7,0.0,0.0,2901.21,0.0
158,Steel,1,2,1.0433232560753822,0.0916129204034805,0.0345213503693881,0.3466249232175015,0.0731840029358863,0.938980930467844,0.0,0.0,0.0,0.0,0.0,0.0,0.0,0.0,0.0,0.0,0.0,0.0,0.0,0.0,0.0,7611850.844843525,500.7255734746535,0.3871512313208192,7305119.412235154,516.419914497219,0.900863857004211,0.0,0.0,0.0,0.0,0.0,0.0,2852.92,2600.0,5200.0,0.0,4231.84,25613.32,0.0,0.0,2849.42,0.0
159,Steel,4,2,1.512467435002327,0.1092402536869049,0.0429174333055627,0.2965762233854909,0.0819937586784362,0.4689301440563903,0.2652476291612456,0.0995194810628891,0.7292213110221702,0.211369254467042,0.1127343064546585,0.8436223412937008,0.2893192454613442,0.1048778420686721,1.1491214792330506,0.0,0.0,0.0,0.0,0.0,0.0,38144651.643416725,393.8117668533346,0.2329223277659414,43146602.31964757,387.3945583898556,1.3598605898487652,0.0,0.0,0.0,0.0,0.0,0.0,3953.72,2600.0,5200.0,0.0,8609.31,14714.46,0.0,0.0,3963.43,0.0
160,Steel,6,3,1.3234286934137345,0.0904915351867675,0.0166971117925553,0.3871106432953694,0.0707350993156433,0.232534498555655,0.3738465006495537,0.0565992555022239,0.3861084595898692,0.2823491809868516,0.1354756218194961,0.6665139162620305,0.2945622593290536,0.0500607956945896,0.8439328927873004,0.226037499962972,0.0270403116941452,0.9790039390441077,0.2646751605350429,0.0535236486792564,1.1910758240723611,19434934.29809694,334.833643244855,0.1576846004069071,23543988.42096984,359.68606231529714,0.6904528693894553,23640719.721166924,497.3868369951063,1.1614244625251526,0.0,0.0,0.0,4019.78,2600.0,5200.0,0.0,5871.24,10412.86,0.0,0.0,4028.04,0.0
161,Steel,3,3,1.2019901126623154,0.1207248393297195,0.0268050845196632,0.1936220318263883,0.0437627963721752,0.2215776061841484,0.2346100963532328,0.074202626645565,0.5726376917532814,0.1523928851337974,0.0389483524858951,0.8862013288819538,0.0,0.0,0.0,0.0,0.0,0.0,0.0,0.0,0.0,11716621.085382411,299.7124454079219,0.1896039025387428,11893634.8512888,417.6104905711691,0.6618322223418163,14110460.84311943,356.5303818737668,0.9698845256448432,0.0,0.0,0.0,4596.69,2600.0,5200.0,0.0,5356.99,21092.25,0.0,0.0,4590.44,0.0
162,Steel,2,3,1.6420946717262268,0.0637687818408012,0.0292206904508692,0.2384777936478337,0.0295232006907463,0.5940407681267339,0.3390818498521999,0.02,1.1022781661787795,0.0,0.0,0.0,0.0,0.0,0.0,0.0,0.0,0.0,0.0,0.0,0.0,6962813.6484859,635.1559752602054,0.2411601584706444,5902180.006541777,639.0043365885931,0.7744432244398192,5216040.900281096,672.8141410437136,1.3909123460961093,0.0,0.0,0.0,4809.02,2600.0,5200.0,0.0,6633.06,8862.81,0.0,0.0,4804.27,0.0
163,Steel,6,4,0.9864836558699608,0.0694946463108062,0.0167048199266951,0.2440632107141926,0.0611453148722648,0.166534223485642,0.241829867225178,0.0977272754907608,0.3082457890301248,0.2679338438135216,0.0652103680372238,0.4227878966886315,0.2849969724297138,0.1069179332256317,0.537517089556328,0.2818896609681112,0.0975008845329284,0.7170764176167925,0.2730832439719415,0.0957032239437103,0.8878252902829645,9716253.146482691,480.6835156526548,0.1102343395914594,5788138.635472579,437.0064250265447,0.6085476555103666,9081020.320531998,526.1560785283065,0.8035108432839657,7346822.772116904,1099.9999999999995,0.8729108443948932,3078.29,2600.0,5200.0,0.0,4510.87,10187.41,0.0,0.0,3080.49,0.0
164,Steel,1,3,0.8309035480022431,0.0559552810192108,0.0142891641333141,0.2303210983783383,0.1128042608499527,0.6206579577524537,0.0,0.0,0.0,0.0,0.0,0.0,0.0,0.0,0.0,0.0,0.0,0.0,0.0,0.0,0.0,2233084.581917698,162.03258182242018,0.2855706087522882,1715463.5118397106,590.9932045095469,0.4083257628389662,2435698.6922315923,506.4738307314398,0.7300863286903965,0.0,0.0,0.0,2850.06,2600.0,5200.0,0.0,4735.86,29909.59,0.0,0.0,2934.21,0.0
165,Steel,4,2,1.266179445385933,0.1126573423147201,0.0084533902804069,0.3889696059261554,0.0990348833799362,0.5009699372274043,0.554297297463482,0.0644669127464294,0.6729883894328186,0.2022353249535538,0.0665075153112411,0.8968984230973256,0.2675974424374506,0.0525220796465873,1.0062073667881606,0.0,0.0,0.0,0.0,0.0,0.0,35284471.01733628,272.2808187477307,0.2325999658018362,34975485.805765696,429.7411494390423,1.129962542083723,0.0,0.0,0.0,0.0,0.0,0.0,3687.51,2600.0,5200.0,0.0,8920.29,16450.26,0.0,0.0,3660.27,0.0
166,Steel,3,4,0.9886706128716468,0.082088987827301,0.0158942881817289,0.2078960492774036,0.0988506370782852,0.1737051043621327,0.3214638564166595,0.0636553046107292,0.5689145022206727,0.2441574869467894,0.0363406625390052,0.7012048075395264,0.0,0.0,0.0,0.0,0.0,0.0,0.0,0.0,0.0,3203571.50635294,510.73418487534366,0.1165081307436408,3130422.8812304847,343.56815989102967,0.4819713060681385,2949178.380673158,538.5996177097965,0.5225763376504113,2983263.686857438,166.48697410415187,0.8664077411295528,3025.69,2600.0,5200.0,0.0,3661.74,19562.33,0.0,0.0,3034.86,0.0
167,Steel,6,3,1.600201427936554,0.0648044662475586,0.0101434360871914,0.2696738631342806,0.0726700729131698,0.2597703634855274,0.2440507328949572,0.1168140083551406,0.5017546355747202,0.2597630723316113,0.1065966761112213,0.7342147875749506,0.2209099552091829,0.059037737250328,0.9869494888623082,0.2021046325592373,0.0894175952672958,1.1096709771283038,0.3348433481543624,0.0595363909006118,1.2969781993887972,17485491.487834066,331.90112566998164,0.1742013749581198,17884333.52846721,257.9993472144329,0.5324425884771236,19169481.293269537,507.651841895186,1.440181283542697,0.0,0.0,0.0,3035.49,2600.0,5200.0,0.0,5838.47,8359.75,0.0,0.0,3012.77,0.0
168,Steel,5,3,1.2024904012680055,0.1456587432622909,0.0162830251167141,0.2121686161047615,0.0411792665719985,0.2604233801126503,0.2501718197114361,0.1095476776361465,0.4987076648375625,0.2585802904108579,0.02,0.7279605251490099,0.2854479537486339,0.0790108716487884,1.0046054594437284,0.2085468779478155,0.0316280440241098,1.0709611447472256,0.0,0.0,0.0,11634445.54251519,367.9048262932701,0.1512743282754526,11648827.686651267,635.2578740307057,0.5637160832134892,12129903.85348208,622.8491396240373,0.9918655271098252,0.0,0.0,0.0,3276.24,2600.0,5200.0,0.0,4073.92,25322.03,0.0,0.0,3212.48,0.0
169,Steel,1,3,1.304239422082901,0.0634936683177948,0.034931037394509,0.276325355227584,0.0725689420104026,0.1759041120180011,0.0,0.0,0.0,0.0,0.0,0.0,0.0,0.0,0.0,0.0,0.0,0.0,0.0,0.0,0.0,3431991.178781588,250.58220694674455,0.2076241685554565,3291320.1715093427,489.1622763949254,0.4943566933227448,4464944.182457213,422.0440559808312,1.019768640513258,0.0,0.0,0.0,3133.73,2600.0,5200.0,0.0,5971.45,12885.07,0.0,0.0,2961.71,0.0
170,Steel,4,2,1.0243548527359962,0.0634306929707527,0.0302855059360802,0.2741016870812666,0.1204980820417404,0.2687976182853232,0.3940003084678312,0.0440921081602573,0.4890556398012715,0.3582644020240595,0.0704267629981041,0.6168923059775797,0.2853237162804615,0.0750836274027824,0.8475433527818674,0.0,0.0,0.0,0.0,0.0,0.0,128721960.17143564,357.98594970016586,0.1393284282622035,102471571.21681026,534.6635247118076,0.8112052959233228,0.0,0.0,0.0,0.0,0.0,0.0,4602.68,2600.0,5200.0,0.0,11998.95,16663.45,0.0,0.0,4512.81,0.0
171,Steel,5,3,1.504527434706688,0.0862159784436226,0.0223490627382069,0.2774855297547484,0.0823150235414505,0.2406420361455201,0.2207527647859913,0.0742789348959922,0.4936748917320717,0.3870778364322819,0.1125546085834503,0.7026940013254745,0.2966363444893818,0.1420689553022384,1.0074653701881695,0.506752192872539,0.105660582780838,1.2291044451768551,0.0,0.0,0.0,47336378.90414766,738.4531168294178,0.2058842013870626,48001853.11065947,1099.9999999999995,0.819954570010811,45615096.37009008,250.60789294169143,1.319520525620892,0.0,0.0,0.0,4661.37,2600.0,5200.0,0.0,6565.17,10323.0,0.0,0.0,4596.18,0.0
173,Steel,3,2,1.237699604034424,0.0653456665873527,0.0077710912684186,0.4079709148306509,0.1052241659164428,0.2093952477851107,0.4095949066082852,0.0924781388044357,0.4153088055365846,0.2759531351164013,0.0448259164392948,1.0054969822117492,0.0,0.0,0.0,0.0,0.0,0.0,0.0,0.0,0.0,28543329.759381007,479.91915589568487,0.1524324403799765,28871507.43732833,1099.9999999999995,0.9389626658709742,0.0,0.0,0.0,0.0,0.0,0.0,3278.02,2600.0,5200.0,0.0,8144.3,11037.48,0.0,0.0,3193.18,0.0
174,Steel,1,4,1.2242959052324296,0.0420007020533084,0.0058063053041699,0.223140654978394,0.0992206871509552,0.1707451213762748,0.0,0.0,0.0,0.0,0.0,0.0,0.0,0.0,0.0,0.0,0.0,0.0,0.0,0.0,0.0,4081625.2692629225,497.9452057757091,0.1556527021644269,4604372.873226747,286.2484807221003,0.5518264410764417,4640625.93869403,474.4758985066661,0.7042243427381409,4546904.649534816,481.66240276145686,0.9667052251998745,3585.41,2600.0,5200.0,0.0,8163.36,13953.14,0.0,0.0,3583.64,0.0
175,Steel,6,3,1.4197821617126465,0.0607308741211891,0.010535000295465,0.3968736812115288,0.0743271312117576,0.2521765308942143,0.4320566848828092,0.0717742413282394,0.396960002904458,0.3576649935246938,0.0629702311754226,0.4718863006716686,0.2816927878428515,0.0372970378398895,0.7208541104725361,0.1748398590232858,0.110843778848648,0.8487585538964688,0.3268487886208802,0.0666847956180572,1.167824535217457,51260925.51609731,426.0106139799771,0.1682623282359323,46479991.55743264,642.5035354786045,0.8061010669984618,70154261.92809516,717.3793587310131,1.2778039441215998,0.0,0.0,0.0,3855.63,2600.0,5200.0,0.0,9342.45,14024.42,0.0,0.0,3787.92,0.0
176,Steel,1,3,1.1815713465213775,0.0686287807822227,0.0314940702563778,0.1681770638426921,0.062052746117115,0.749373927353681,0.0,0.0,0.0,0.0,0.0,0.0,0.0,0.0,0.0,0.0,0.0,0.0,0.0,0.0,0.0,6329227.477743617,632.6738360817529,0.4955150415796119,5318273.485814653,693.9894151653157,0.8537823456889122,5185265.729614756,327.5485007215099,0.9961276492529052,0.0,0.0,0.0,3747.27,2600.0,5200.0,0.0,7177.22,14528.35,0.0,0.0,3771.07,0.0
177,Steel,4,3,0.6946454748511315,0.0832860060930252,0.0259090518582157,0.3316957212231721,0.1133207672834396,0.1221708873957146,0.4129571668183481,0.0956657671928405,0.2946326147049805,0.4925394222645768,0.1038658279180526,0.4842962975298003,0.2243868374206394,0.0685456266999244,0.6047216859897926,0.0,0.0,0.0,0.0,0.0,0.0,10966663.146594904,926.6923363701458,0.0943117217082288,11104594.573219942,858.6300703877075,0.3403650531840501,12190911.560833916,290.790187111685,0.5903836071997746,0.0,0.0,0.0,2832.97,2600.0,5200.0,0.0,4565.58,31222.33,0.0,0.0,2848.97,0.0
178,Steel,3,2,1.0373257473111153,0.1043751171827316,0.01811048533137,0.4755435268478102,0.0504153388738632,0.4288019910579365,0.3849559404239288,0.1016336798667907,0.7203120471358179,0.6080538877463212,0.0859673202037811,0.9335831725800038,0.0,0.0,0.0,0.0,0.0,0.0,0.0,0.0,0.0,108075445.13919568,742.7300630627859,0.2384986993170408,97090075.5709276,388.4163534974808,0.8458908424624696,0.0,0.0,0.0,0.0,0.0,0.0,5063.62,2600.0,5200.0,0.0,11766.8,22541.04,0.0,0.0,5091.1,0.0
179,Steel,2,3,1.226056233048439,0.0865562171339988,0.0365564881630631,0.2348742989099498,0.1055391156673431,0.4983363228427176,0.3571100860606145,0.1102372878789901,0.9084579784392008,0.0,0.0,0.0,0.0,0.0,0.0,0.0,0.0,0.0,0.0,0.0,0.0,17307704.158255376,163.90494869324718,0.2271310867950643,18110345.70411497,288.7736723678376,0.7968167363440335,17115524.103510972,550.1190567389166,1.103450608517539,0.0,0.0,0.0,5013.81,2600.0,5200.0,0.0,7534.33,17169.43,0.0,0.0,5025.3,0.0
180,Steel,4,2,1.4066670358181,0.0948878754377365,0.0272773392205357,0.2147809774024381,0.0967490917444229,0.375872629425329,0.1929920056755045,0.1048292118310928,0.5851512369539514,0.2252290817751358,0.0824432319402694,0.6953378193575679,0.3559312796258491,0.0635931181907653,1.0541010833619038,0.0,0.0,0.0,0.0,0.0,0.0,32815096.027394157,469.8954783044396,0.1791133511519342,50900521.08077066,367.4371102296384,1.2660003308296228,0.0,0.0,0.0,0.0,0.0,0.0,4117.49,2600.0,5200.0,0.0,9674.68,16522.47,0.0,0.0,4162.59,0.0
181,Steel,5,4,1.694810998439789,0.121132839679718,0.0263127583798639,0.374218760779456,0.1008370614051819,0.2550716668362142,0.2274182559037806,0.11805857360363,0.3912505604996267,0.3775578794042789,0.0902368086576461,0.6928387208176905,0.4749418510069117,0.0368415090441703,1.0363434727576717,0.4076298996204853,0.0897598820924759,1.3623565147454098,0.0,0.0,0.0,28097033.517410148,384.49907744179575,0.1784942481426177,32380892.461505007,392.17309655549,0.9097872758934592,32088089.197762884,509.3346175738682,1.105974148468832,40864963.60036993,335.70855238834145,1.4957440611388002,4180.97,2600.0,5200.0,0.0,6114.91,11106.12,0.0,0.0,4104.55,0.0
182,Steel,2,2,1.0587766826152802,0.0617499185800552,0.0266863516015337,0.4129067055787979,0.0786251577734947,0.5046030082534279,0.2186859350910384,0.0746921175718307,0.8955193182846264,0.0,0.0,0.0,0.0,0.0,0.0,0.0,0.0,0.0,0.0,0.0,0.0,29809331.706080567,251.15187894588763,0.3429684876492043,30425450.724663705,356.0082751783817,0.9528990132949756,0.0,0.0,0.0,0.0,0.0,0.0,4829.97,2600.0,5200.0,0.0,10017.57,13236.29,0.0,0.0,4883.08,0.0
183,Steel,4,2,0.984148332476616,0.0655940850973129,0.0195343686811146,0.4863417010015331,0.0880866718292236,0.163403997095155,0.3948612683987569,0.0864448201656341,0.3642016153954542,0.4283699522382632,0.0908094847202301,0.5941580156781892,0.250731078044936,0.1335829710960388,0.7566482400654587,0.0,0.0,0.0,0.0,0.0,0.0,81228993.37251759,744.176805156891,0.1840516497566411,95681162.4700123,722.9420476180823,0.885733498244806,0.0,0.0,0.0,0.0,0.0,0.0,3746.7,2600.0,5200.0,0.0,7793.94,18483.49,0.0,0.0,3720.8,0.0
184,Steel,5,4,1.3077483892440795,0.0771744858622551,0.0206328311386037,0.2766697426040065,0.0997227966785431,0.2299082310578293,0.3193745886785134,0.0962355840206146,0.3385102146121632,0.2985167407679029,0.0839283487200737,0.6308877742337908,0.3816542743281924,0.1006093841791153,0.8344521978020061,0.1799387419846753,0.0964476633071899,1.060433958543702,0.0,0.0,0.0,22512619.616574425,500.5003883409119,0.1481421737353696,28673127.98796769,641.1822551002167,0.5078029900688104,25929936.939386506,328.84671284269115,0.7008161320102071,21377625.611598663,541.0530516561437,1.1676467001674449,5114.44,2600.0,5200.0,0.0,6019.77,13758.56,0.0,0.0,5161.45,0.0
185,Steel,6,2,1.268386581540108,0.0697757183909416,0.0120277549020418,0.3752846643780649,0.0878715395927429,0.1268486581540108,0.4546610875691922,0.0815615376830101,0.2885195852825152,0.2274375084100255,0.089694584608078,0.4842187126224357,0.3203178883825964,0.0702046298980712,0.688849198708132,0.1766507088411295,0.1045543068647384,0.8717790163150192,0.4621540553062367,0.074173050224781,1.0090827825507664,91801863.15283088,400.53050446149103,0.1503366106468686,74969658.89018048,155.98591932542084,1.0921306889616047,0.0,0.0,0.0,0.0,0.0,0.0,3411.54,2600.0,5200.0,0.0,7341.38,12401.47,0.0,0.0,3352.54,0.0
186,Steel,1,4,1.3509327679872514,0.0497958934307098,0.0254922864288447,0.5325338006924325,0.0711810508370399,0.1351032767987251,0.0,0.0,0.0,0.0,0.0,0.0,0.0,0.0,0.0,0.0,0.0,0.0,0.0,0.0,0.0,6722948.757608335,497.43583155369663,0.1451042767987251,5699889.969675956,149.20891239456546,0.1674210197601215,5342719.667058977,636.790502570933,0.6181492686609975,5043119.991395213,184.4461839464087,0.885941338712092,2997.95,2600.0,5200.0,0.0,4833.21,13381.71,0.0,0.0,2967.38,0.0
187,Steel,4,4,1.432155069708824,0.0787809391021728,0.0234592699671794,0.4272385960104595,0.0243341902643442,0.268373183311839,0.3530032939973216,0.1229515224695205,0.4782390538816015,0.3134564464246565,0.15,0.7873712088246461,0.16024764714261,0.1338126629590988,1.1075038326795883,0.0,0.0,0.0,0.0,0.0,0.0,22442654.785961103,145.0804926016151,0.1651722272280775,23413514.27525612,688.3951494118863,0.4125964743983205,26049738.808680978,689.6534029188268,0.8698743957594199,19613202.412290856,695.8959855671972,1.2399689106307314,4622.51,2600.0,5200.0,0.0,7807.18,12071.34,0.0,0.0,4688.86,0.0
188,Steel,6,2,1.469912138581276,0.1240003106594085,0.0178192077549104,0.2255432985866208,0.0988548445701599,0.2053346109156014,0.2889378222972928,0.15,0.3394735299940802,0.2623629388737075,0.1334497725963592,0.5571082016602371,0.2035830535681516,0.1007930493354797,0.6815046420389393,0.3079595004025647,0.0337107534706592,0.9591642554568924,0.2545134715700439,0.0887192213535308,1.169739360267096,41646940.24405032,661.5579522095258,0.2427569491507051,37619644.50345309,257.7799181226544,1.2105969262335017,0.0,0.0,0.0,0.0,0.0,0.0,3938.5,2600.0,5200.0,0.0,5944.2,13422.64,0.0,0.0,4065.29,0.0
189,Steel,4,4,1.5522704273462296,0.1160136604309082,0.0153944676434165,0.4004271911301129,0.1315924555063247,0.217523001613051,0.1795546978317201,0.0675295794010162,0.7146926538675513,0.5573745293794905,0.0926118332147598,0.919283943055551,0.2497572832187383,0.1361223125457763,1.1696566510368127,0.0,0.0,0.0,0.0,0.0,0.0,14429729.956148015,482.739016328705,0.1684195354539778,10978492.591093684,314.5022606873077,0.5124427516260966,9860571.54907551,227.5377683514384,0.8697447440294077,9721809.391001465,779.4197880103875,1.3744331645309331,2817.82,2600.0,5200.0,0.0,3458.74,10683.28,0.0,0.0,2752.1,0.0
190,Steel,6,4,1.2093266129493714,0.0919884110689163,0.0373110704942036,0.3271333283891482,0.1072038877010345,0.181319051970742,0.4386245200824514,0.1124408745765686,0.3785514782409256,0.1970985072498067,0.1387923264503479,0.5091688669133423,0.1974106526182737,0.0682212236523628,0.7057496779770474,0.3573601859207473,0.0793353483080864,0.8215788926894533,0.3470098572394803,0.1267539328336715,1.0404235133100364,25921036.20171911,379.6474314858101,0.1306957765918261,27235633.839303177,352.57935815713023,0.4660501066286253,32772426.72123972,220.3893542282974,0.7357081486007606,32715800.5654738,671.3146415771406,1.0820130941209558,4504.36,2600.0,5200.0,0.0,5545.42,13746.46,0.0,0.0,4586.37,0.0
191,Steel,1,4,1.5096153378486634,0.1212026411294937,0.0087907147961581,0.1803617188412976,0.116863374710083,0.524298450579619,0.0,0.0,0.0,0.0,0.0,0.0,0.0,0.0,0.0,0.0,0.0,0.0,0.0,0.0,0.0,7842425.992050404,950.9121762162496,0.1894046840934387,8482826.01537138,335.1509706281958,0.5839484356131148,7999224.838557082,143.31307542219568,0.9466749445734216,6749568.265711801,703.1916583149238,1.1026289591042264,3379.9,2600.0,5200.0,0.0,4288.59,14622.61,0.0,0.0,3477.07,0.0
192,Steel,3,2,1.1337480783462524,0.1203126747608185,0.0120974998088904,0.3286586899036892,0.0600577944517135,0.2347068007711043,0.3494986674085192,0.15,0.4345878273101847,0.2300835288005726,0.1032978165149688,0.8746143141376332,0.0,0.0,0.0,0.0,0.0,0.0,0.0,0.0,0.0,27193125.38461433,493.3474988483256,0.2146305822284697,32575370.09683667,511.2026327446422,0.9310213074597056,0.0,0.0,0.0,0.0,0.0,0.0,4013.32,2600.0,5200.0,0.0,6614.18,22018.25,0.0,0.0,4008.19,0.0
193,Steel,1,4,1.358208179473877,0.0940659838914871,0.0216372172442815,0.3085474411208114,0.1346324574947357,0.6206093658757487,0.0,0.0,0.0,0.0,0.0,0.0,0.0,0.0,0.0,0.0,0.0,0.0,0.0,0.0,0.0,4972816.937830434,496.32209111799136,0.1376442333615034,6221499.107221582,298.445027385362,0.3782701353669919,4541578.791939021,627.3427588555768,0.7682626258960731,5608200.804661964,288.5663866189901,1.0804264921490954,3511.53,2600.0,5200.0,0.0,4828.01,11725.94,0.0,0.0,3464.38,0.0
194,Steel,1,3,0.7610695108771325,0.0962747803926468,0.0071397848950521,0.2237419149801161,0.0694718018174171,0.1143198820989422,0.0,0.0,0.0,0.0,0.0,0.0,0.0,0.0,0.0,0.0,0.0,0.0,0.0,0.0,0.0,3116417.2026989986,187.6210387401194,0.0832420978664334,3223464.00710772,549.8433735240328,0.2685959714574132,2962959.674364352,771.6874842972609,0.5500657841171749,0.0,0.0,0.0,3261.66,2600.0,5200.0,0.0,3582.64,47478.97,0.0,0.0,3186.11,0.0
195,Steel,3,4,1.637431412935257,0.0591624109148979,0.011383658360383,0.1460891222396016,0.1079822736978531,0.7232254625963976,0.553498955271738,0.1145607608556747,1.1749794002776903,0.2371209318556388,0.1010433292388916,1.3449513463206415,0.0,0.0,0.0,0.0,0.0,0.0,0.0,0.0,0.0,58662375.33852609,386.9446734226245,0.246325468858054,66200012.353454426,619.2086017136762,0.574988420923741,49031890.02448141,664.4120985970144,0.5841012730300204,64256010.95041714,332.9923100795588,1.407957588718629,2610.26,2600.0,5200.0,0.0,13815.17,16928.55,0.0,0.0,2737.71,0.0
196,Steel,2,3,1.3271799206733703,0.0763009563088417,0.0246685458019888,0.3259544472521076,0.1101246464252472,0.6391743919473861,0.3307120169666006,0.0785386291146278,1.018268213156295,0.0,0.0,0.0,0.0,0.0,0.0,0.0,0.0,0.0,0.0,0.0,0.0,12582268.263682311,372.2230524216652,0.2121595407601706,11040553.743477032,489.52018449875527,0.5734700087259045,16786273.29421529,423.3952197400407,1.1518490486151858,0.0,0.0,0.0,4046.61,2600.0,5200.0,0.0,7274.29,11231.06,0.0,0.0,4045.42,0.0
197,Steel,3,3,1.0030773699283602,0.0821464235782623,0.0289125550174269,0.4877844413417658,0.1020081001520157,0.223094587911183,0.3317683360511366,0.070606817305088,0.6036929182185675,0.1511140819818641,0.0991900104284286,0.8101647556526896,0.0,0.0,0.0,0.0,0.0,0.0,0.0,0.0,0.0,30011028.69992072,860.9510602376002,0.1238859848134675,26178021.48361244,270.72689097266704,0.6703051932451831,34061029.83900804,848.4841593686447,0.8850964163896051,0.0,0.0,0.0,4460.3,2600.0,5200.0,0.0,10368.08,24688.52,0.0,0.0,4403.98,0.0
198,Steel,4,4,0.9896309971809388,0.0776018176674843,0.019945811574135,0.1887058841383389,0.06397031635046,0.2766989512035371,0.2506048950738566,0.1372262018918991,0.5007431519339631,0.4305759136512075,0.0963047093153,0.6976153202726263,0.3273569989071429,0.0682017010450363,0.890657897462845,0.0,0.0,0.0,0.0,0.0,0.0,5555940.978431687,237.936393945977,0.1156507915578828,5947380.962122014,504.60809757301007,0.4298379396817587,5197385.763736027,598.5671502669164,0.7651595247140445,6929521.509883745,787.5469980904816,0.8806568974628449,2763.57,2600.0,5200.0,0.0,5062.59,14214.93,0.0,0.0,2724.35,0.0
199,Steel,6,2,1.0513472259044647,0.0909365310668945,0.0121937879180984,0.3496646365930072,0.1083585768938064,0.1574394119697114,0.2380054640008726,0.1021108543872833,0.3456379675520663,0.22979534317583,0.03575777284801,0.4913425817137891,0.3807805179657364,0.15,0.6018718118869462,0.2948114602214658,0.0666748231649398,0.7512773634533345,0.2139520957936733,0.0471527427434921,0.8361642591990929,36079294.59892914,358.59935261899017,0.168201879396051,37337801.87281983,1099.9999999999995,0.8635616431266743,0.0,0.0,0.0,0.0,0.0,0.0,3804.08,2600.0,5200.0,0.0,6387.17,16276.24,0.0,0.0,3864.19,0.0
