rank,material,n_disks,n_bearings,L,OD,ID,d0_OD,d0_W,d0_pos,d1_OD,d1_W,d1_pos,d2_OD,d2_W,d2_pos,d3_OD,d3_W,d3_pos,d4_OD,d4_W,d4_pos,d5_OD,d5_W,d5_pos,b0_K,b0_C,b0_pos,b1_K,b1_C,b1_pos,b2_K,b2_C,b2_pos,b3_K,b3_C,b3_pos,cs1_pred,cs1_lo,cs1_hi,cs1_dev_pct,cs2_pred,cs3_pred,joint_err,joint_err_truth,cs1_ross,cs1_relerr_truth_pct
0,Steel,1,3,0.5364272184669971,0.0636476851701736,0.0112177890216526,0.3171816101610533,0.15,0.2330620261218285,0.0,0.0,0.0,0.0,0.0,0.0,0.0,0.0,0.0,0.0,0.0,0.0,0.0,0.0,0.0,8618357.82895874,80.80167537514589,0.1109598582859772,11368153.867712852,338.2549166748334,0.3520027937707883,11039538.39824064,581.5152186792668,0.4517428701559352,0.0,0.0,0.0,4336.89,3681.0,1000000000000.0,0.0,26616.31,48729.0,0.0,0.0,4328.63,0.0
1,Steel,3,3,1.5381773293018342,0.0326268061995506,0.008784930586037,0.2350329385799998,0.0585148575901985,0.1538277329301834,0.1477918587052555,0.0507468338310718,0.8508341042016851,0.1220166379238515,0.0532800441980362,1.1456823802942275,0.0,0.0,0.0,0.0,0.0,0.0,0.0,0.0,0.0,23473440.625998218,502.6310537618904,0.1850613194398472,27108289.55606109,175.8823584758036,0.624398600503247,25999632.006861296,130.33134131266797,1.2442671610264242,0.0,0.0,0.0,4858.68,3681.0,1000000000000.0,0.0,8217.4,11150.93,0.0,0.0,5419.69,0.0
2,Steel,1,4,1.2702551931142807,0.0817337257862091,0.0148640385646969,0.3175694705668105,0.0785057401657104,0.9207653077861956,0.0,0.0,0.0,0.0,0.0,0.0,0.0,0.0,0.0,0.0,0.0,0.0,0.0,0.0,0.0,14967411.192309177,257.0059421607127,0.4124414906395981,15456840.216345511,582.8071399684119,0.6614341002870394,16966919.407146562,721.7912223757374,0.8992020557327233,18807073.68737025,256.2569913546176,1.0808172201028767,5966.09,3681.0,1000000000000.0,0.0,7547.08,18365.91,0.0,0.0,5863.11,0.0
3,Steel,1,3,1.0932743772864342,0.0677753782868385,0.028291343592959,0.3079045342879004,0.0443319971859455,0.7144147730213397,0.0,0.0,0.0,0.0,0.0,0.0,0.0,0.0,0.0,0.0,0.0,0.0,0.0,0.0,0.0,10562867.777466323,360.08271276895755,0.3179451181992601,11379489.709599972,324.8784746611182,0.4555131065053454,12451353.241490696,640.0986500389132,0.8742616539272652,0.0,0.0,0.0,6471.81,3681.0,1000000000000.0,0.0,8414.8,16838.72,0.0,0.0,6571.7,0.0
4,Steel,5,3,0.8659211590886117,0.0259071296229958,0.0207257036983966,0.3076798993865193,0.0436034172773361,0.0866021159088611,0.1079457348246371,0.0546721002459526,0.1886061985870998,0.0931344657012268,0.0526386961340904,0.2910867224654959,0.1026516875972353,0.0677520224452018,0.4420046036140696,0.1959260519416361,0.0745611119270324,0.5457140473384238,0.0,0.0,0.0,27181946.223445527,158.25044947234565,0.1142157792726451,20200533.57969301,282.42534936188747,0.3622574127946217,25363504.782332476,458.9707723492504,0.6800865193466605,0.0,0.0,0.0,6964.05,3681.0,1000000000000.0,0.0,7478.19,13756.98,0.0,0.0,4740.9,0.0
5,Steel,5,4,1.129285728931427,0.0424052745401859,0.026274058512196,0.2404103735612197,0.1264459645748138,0.1721014160461261,0.1008457720211206,0.0937298792600631,0.3282122352108295,0.3090141363151502,0.1085515713691711,0.514603501013792,0.2093985347370361,0.046545998007059,0.6726239059329948,0.2922673592212789,0.0999025952816009,0.9009330682705884,0.0,0.0,0.0,17801954.836142827,696.9923769329682,0.1137099619210521,26076132.10714552,462.45287901104126,0.3943354018277143,22209773.62535561,611.540058053302,0.6067123112025985,25114964.17369377,720.3999404631592,1.0113915446188713,5813.99,3681.0,1000000000000.0,0.0,6516.58,7699.42,0.0,0.0,5406.41,0.0
6,Steel,5,3,1.6558304995298387,0.0685431222915649,0.0091958209637676,0.275752908618306,0.1402709692716598,0.2497814338266061,0.2552087506320747,0.0668820092082023,0.6336552483119817,0.2040258979967586,0.1446587091684341,1.0374831637745756,0.1921431659896289,0.0442900791764259,1.1533101454072732,0.2540423264342257,0.0632153350114822,1.4392597907103677,0.0,0.0,0.0,31973126.629576948,219.51805243763357,0.2241687872278175,28181676.01970794,567.4770036318496,0.8908958259691104,31559008.932427406,180.66347789169453,1.4090904210027857,0.0,0.0,0.0,5552.28,3681.0,1000000000000.0,0.0,6589.71,8528.75,0.0,0.0,5675.55,0.0
7,Steel,3,2,1.0033276796340944,0.1017534536123275,0.0198557138706229,0.2081499581537011,0.15,0.1082692299397804,0.2291003931031303,0.0541545903682708,0.4688604476036064,0.2979423322977759,0.0510342353582382,0.6940896516255795,0.0,0.0,0.0,0.0,0.0,0.0,0.0,0.0,0.0,62773540.62410668,449.3365979031221,0.1940612376635636,66244810.42520227,817.8955940556409,0.8545425994711102,0.0,0.0,0.0,0.0,0.0,0.0,7804.81,3681.0,1000000000000.0,0.0,10981.19,25821.38,0.0,0.0,7930.15,0.0
8,Steel,4,2,0.9914562180638312,0.0688484517931938,0.0212559679441345,0.2340666037462911,0.1245086973905563,0.1889880054172547,0.469705650457823,0.0956034684181213,0.3406517485023532,0.2789025922925874,0.0774841952323913,0.5830809092061379,0.5106369701402163,0.0374821636080741,0.7519989800444822,0.0,0.0,0.0,0.0,0.0,0.0,87600094.33404243,267.7161211443609,0.1663943658328567,86490713.8499296,209.1386454275155,0.8702863788801983,0.0,0.0,0.0,0.0,0.0,0.0,4271.06,3681.0,1000000000000.0,0.0,11058.61,22580.27,0.0,0.0,4324.99,0.0
9,Steel,2,2,0.622298251092434,0.0364267617464065,0.0092471862626346,0.3305984023486945,0.0540974250435829,0.3761418927118334,0.2974747624874887,0.0387924718856811,0.5226920178367517,0.0,0.0,0.0,0.0,0.0,0.0,0.0,0.0,0.0,0.0,0.0,0.0,139459531.16704872,810.7246326578933,0.179573286810836,149316366.96703872,754.4362503747005,0.5375459325610206,0.0,0.0,0.0,0.0,0.0,0.0,7100.36,3681.0,1000000000000.0,0.0,27113.25,30950.99,0.0,0.0,7009.86,0.0
10,Steel,2,2,1.183903196454048,0.1156297651529312,0.0548568378157872,0.2394537291008918,0.0530798435211181,0.3868944374980343,0.2936826106606116,0.15,0.6629113808903269,0.0,0.0,0.0,0.0,0.0,0.0,0.0,0.0,0.0,0.0,0.0,0.0,56301571.50741379,637.6075207646463,0.1997386800364003,47808605.83459119,218.74346514420355,1.044372061093744,0.0,0.0,0.0,0.0,0.0,0.0,6245.62,3681.0,1000000000000.0,0.0,13042.14,23063.71,0.0,0.0,6231.54,0.0
11,Steel,1,2,1.1894001960754397,0.0646468691825866,0.0246661201495117,0.3075276487014608,0.0533730700612068,0.5604049338040163,0.0,0.0,0.0,0.0,0.0,0.0,0.0,0.0,0.0,0.0,0.0,0.0,0.0,0.0,0.0,36028515.15368421,738.8951577213171,0.344208740487124,27925786.350668065,331.43743910010966,0.8828952297939576,0.0,0.0,0.0,0.0,0.0,0.0,8092.19,3681.0,1000000000000.0,0.0,10402.19,11773.67,0.0,0.0,8236.58,0.0
12,Steel,6,4,1.465440747141838,0.100127690076828,0.0147851662619286,0.2289825023272403,0.0812783727049827,0.2002232098029605,0.4207514834217218,0.0630730745196342,0.3684281323368463,0.4195129584535403,0.0732873731851577,0.6202593856329341,0.2261811658649007,0.0856764066219329,0.8401754059439269,0.2552915508635914,0.0792449569702148,1.0220017188166048,0.3329036196592848,0.0922726380825042,1.235792567548741,41984967.798026815,712.0457078704006,0.1613856057951975,38183459.91222309,552.9916928898137,0.7673362877622176,38363262.80199865,632.7210884727351,0.7734826578399561,35394480.115731105,377.2309224419598,1.279575809550706,5797.16,3681.0,1000000000000.0,0.0,6392.07,12295.42,0.0,0.0,5833.65,0.0
13,Steel,4,3,1.539186066389084,0.0945496257543564,0.0475940937957068,0.3026021273118227,0.1157069188356399,0.3793495953855281,0.2678592980913409,0.1360789436101913,0.8465747187708683,0.2679623875513311,0.0522069516777992,0.977780120870097,0.3151885328892752,0.15,1.385257459750176,0.0,0.0,0.0,0.0,0.0,0.0,42994488.34069383,397.5228308142534,0.1894805639232654,54806471.540844135,656.8263844399486,0.6540062534745736,44826748.010084175,306.70547031137613,1.375256459750176,0.0,0.0,0.0,5537.26,3681.0,1000000000000.0,0.0,7461.54,10958.61,0.0,0.0,5627.81,0.0
14,Steel,4,3,0.5724226638674736,0.0636511807441711,0.0509209445953369,0.1833993646227299,0.0610825550556182,0.1352585778484578,0.3544224322666671,0.0953077739477157,0.2588499119788334,0.3623799463402551,0.02,0.3487022652038816,0.2394987929017815,0.0749132975935936,0.407566019903491,0.0,0.0,0.0,0.0,0.0,0.0,23983190.65945233,914.5863589663486,0.0745347341723056,29300820.47694347,411.0999462528428,0.2486456799846458,23832024.443822887,555.2833962033105,0.4651150635690708,0.0,0.0,0.0,6458.74,3681.0,1000000000000.0,0.0,19587.9,35323.71,0.0,0.0,6637.92,0.0
15,Steel,6,3,1.4947236746549606,0.0928321901559829,0.0330098106656726,0.3362738046109668,0.0984377139806747,0.2487573053270143,0.3329174870485123,0.0320927365124225,0.4044309381711042,0.2509563903618784,0.0359879170358181,0.6324368568801433,0.5189443260834519,0.0452314880490303,0.7233630122956123,0.480137081913031,0.0432179920375347,0.9603373045176856,0.2812940544606757,0.069551538825035,1.1940655378375815,23411586.63853573,250.22159216980936,0.1573937590350916,23934746.034730498,428.5911263653249,0.5488419972143959,20697544.64708606,206.0633961363158,1.238289336746505,0.0,0.0,0.0,3805.05,3681.0,1000000000000.0,0.0,5806.21,9658.05,0.0,0.0,3813.92,0.0
16,Steel,1,2,0.878329573571682,0.1138649657964706,0.0060120798859879,0.2866507206100521,0.1164780056476593,0.5291085924881459,0.0,0.0,0.0,0.0,0.0,0.0,0.0,0.0,0.0,0.0,0.0,0.0,0.0,0.0,0.0,49790362.61535744,591.6329849409021,0.3129498043352868,50020560.65139441,1099.9999999999995,0.7405647879377669,0.0,0.0,0.0,0.0,0.0,0.0,7735.58,3681.0,1000000000000.0,0.0,9960.36,35325.59,0.0,0.0,7782.24,0.0
17,Steel,5,3,1.2594565898180008,0.1072494608163833,0.0198815383412785,0.256605953996496,0.1223474103212356,0.1473654478754439,0.2921839814895665,0.0829926970601081,0.2737171988292556,0.2540024329976698,0.15,0.5145300234823009,0.3970240973971204,0.1192656511068344,0.7501387632251953,0.2235011967781438,0.0594906160235405,1.0013145999702078,0.0,0.0,0.0,59137607.65041024,686.2047083071316,0.1630813972355748,72333412.7737105,216.5537201154768,0.6747284232066884,54387946.96994487,383.54289949223033,1.0756130463618394,0.0,0.0,0.0,6238.27,3681.0,1000000000000.0,0.0,8284.46,16131.69,0.0,0.0,6329.58,0.0
18,Steel,3,2,1.1142191246151925,0.055162280857563,0.0083410980140872,0.33330724217457,0.0716073286533355,0.2818047835114391,0.260828047359448,0.0725162824988365,0.6086500524376355,0.3946364192872685,0.0562943556904792,0.8775444722591164,0.0,0.0,0.0,0.0,0.0,0.0,0.0,0.0,0.0,74410171.87548557,759.9880972248319,0.2008079966063491,88202756.16957097,529.7377851655094,0.9289944136160678,0.0,0.0,0.0,0.0,0.0,0.0,5092.78,3681.0,1000000000000.0,0.0,11560.24,15818.08,0.0,0.0,5078.37,0.0
19,Steel,1,4,1.4279755592346193,0.0285595140406435,0.0228476112325148,0.1844555674507844,0.0848659142851829,0.8379044095515389,0.0,0.0,0.0,0.0,0.0,0.0,0.0,0.0,0.0,0.0,0.0,0.0,0.0,0.0,0.0,10789304.978646094,383.5390997269607,0.2537240385003611,10442207.612728449,341.0406602769949,0.5371109823611585,9427050.866502143,726.1858061091336,0.7242738575766766,9222703.883881016,894.4288732151716,1.1231033214907078,4511.16,3681.0,1000000000000.0,0.0,10424.53,13833.87,0.0,0.0,4616.19,0.0
20,Steel,6,4,0.7803796917200089,0.0663680204153061,0.0530944163322448,0.3603467365020648,0.0524568364024162,0.1040035135473569,0.1834336057470305,0.0816421192884445,0.2018272782150479,0.3019421294148594,0.15,0.3262214232451229,0.1806051195710693,0.0318686333298683,0.4476070836411098,0.2097983014389465,0.0588217604160308,0.5239497564218376,0.2443801022611371,0.1403771716356277,0.6636974253157404,42753964.81596605,666.6740740792214,0.0794752070194514,53479241.24933638,340.5241089776349,0.1775254545272525,41912792.59999412,634.0597228114426,0.3760744372263967,44682423.40171144,271.11984690588565,0.6830368487570635,7360.79,3681.0,1000000000000.0,0.0,10061.02,14348.81,0.0,0.0,7648.66,0.0
21,Steel,1,4,1.7428650587797163,0.1025392383337021,0.0276850820947662,0.3132658118611536,0.0280605698749423,0.6457265841822426,0.0,0.0,0.0,0.0,0.0,0.0,0.0,0.0,0.0,0.0,0.0,0.0,0.0,0.0,0.0,9178322.602003776,779.8292974224292,0.1758799801811636,9502401.241966387,266.7268166497683,0.358559233860543,8850330.180046849,219.9561424492571,0.7704659577499857,7107172.571928016,708.4668156634652,1.3384507943184878,3819.9,3681.0,1000000000000.0,0.0,5981.66,10219.99,0.0,0.0,3699.18,0.0
22,Steel,5,2,1.2831365495920182,0.1076830304861068,0.0183466873822149,0.2825456470828095,0.0744910180568695,0.1485268857634705,0.2469041553247068,0.0660917097330093,0.2766831901199821,0.2354148998560672,0.089669417142868,0.4980989983484376,0.2913328267874999,0.15,0.7523262013907432,0.2041969952936401,0.0649881535768509,0.9505446287750516,0.0,0.0,0.0,63238874.81302247,595.5203884223453,0.1283136562423383,56728554.33684109,460.4898101400354,1.1167709525048226,0.0,0.0,0.0,0.0,0.0,0.0,4816.42,3681.0,1000000000000.0,0.0,9817.2,17359.94,0.0,0.0,4833.34,0.0
23,Steel,4,4,1.650808316469193,0.0783940941691398,0.0170662311838196,0.3631018951237864,0.1030524957180023,0.3573506033445094,0.266948545807027,0.0539941090345382,0.6086331127324235,0.4637550619383816,0.0880162912607193,0.7645380657511991,0.2752802055009194,0.0426973749697208,1.1217892696745944,0.0,0.0,0.0,0.0,0.0,0.0,101559336.00028978,369.92969887712496,0.1790118200417536,79060525.96938805,597.8894565730327,0.4306327358479434,75284218.71641198,307.49416850109606,0.704292256375153,81638774.72160615,645.8451767763449,1.3818221312399654,7145.96,3681.0,1000000000000.0,0.0,12285.81,16035.1,0.0,0.0,6961.01,0.0
24,Steel,4,2,1.0294233486056328,0.058410113453865,0.012001182084916,0.2947197872914063,0.0546248415112495,0.2435830887992986,0.2484494463703325,0.02,0.3407315960782392,0.1864009281749484,0.02,0.4355400513347172,0.2547745097109433,0.0388276447355747,0.6895861110751333,0.0,0.0,0.0,0.0,0.0,0.0,10486488.96101944,391.38569844258086,0.1386991494181637,11368085.858584726,505.6837787807045,0.9077718846315838,0.0,0.0,0.0,0.0,0.0,0.0,4037.1,3681.0,1000000000000.0,0.0,8356.59,19638.69,0.0,0.0,3952.24,0.0
25,Steel,1,4,1.012364687025547,0.0810257323980331,0.0180643130256277,0.4078166138882937,0.062165170609951,0.7616350126545954,0.0,0.0,0.0,0.0,0.0,0.0,0.0,0.0,0.0,0.0,0.0,0.0,0.0,0.0,0.0,44467993.87523927,894.2218526676259,0.3176234851735351,47186495.07659998,502.87884982727695,0.5791197679646696,39683623.753364615,702.9852371487472,0.6680931927642254,48309823.29591697,422.4704337685156,0.8315218831257872,9815.02,3681.0,1000000000000.0,0.0,12038.95,37725.41,0.0,0.0,9916.7,0.0
26,Steel,5,3,1.2865598380565644,0.0880719801187515,0.0209575825125438,0.2920160615179378,0.0776905754208564,0.2198574027211666,0.2663984882616512,0.0793027576804161,0.4507617295103502,0.3239151225567391,0.076798765361309,0.5770798277349302,0.2159049501896641,0.112421743273735,0.7494745730650568,0.3488103078096585,0.0489113329350948,0.9191746822204694,0.0,0.0,0.0,69314982.77723524,593.6259228459855,0.135251326944073,74769135.39722988,401.0048945907813,0.5060599799707826,93635794.25204362,632.9636741505046,1.0792721732898007,0.0,0.0,0.0,7815.82,3681.0,1000000000000.0,0.0,11931.8,18095.11,0.0,0.0,7523.66,0.0
27,Steel,3,3,1.7208622843027117,0.1038846534490585,0.0316264177926892,0.2117179316492932,0.0553476893901825,0.5284468148162991,0.3086499294445777,0.0847862431406974,0.740316065013575,0.3579769886231812,0.0873870503902435,1.2456896297104372,0.0,0.0,0.0,0.0,0.0,0.0,0.0,0.0,0.0,57597924.734906524,347.520548863748,0.1971135630357736,47686903.04365463,737.402204365437,0.4137312343845052,60784319.379696086,288.4639811493086,1.3757448180404397,0.0,0.0,0.0,5606.62,3681.0,1000000000000.0,0.0,9061.65,15395.26,0.0,0.0,5576.11,0.0
28,Steel,3,3,1.4659765422344209,0.0960957189798355,0.0116205973463997,0.3457433526203389,0.074317429959774,0.3384046255306068,0.2191136658894078,0.15,0.9334473970323498,0.1647382306829694,0.0466031129658222,1.2338556597339416,0.0,0.0,0.0,0.0,0.0,0.0,0.0,0.0,0.0,19087152.37445888,907.794447659553,0.1632482417553526,27497268.381927688,298.35332648193094,0.4915348774973184,24798344.487584256,480.8925467548033,1.3097103436351982,0.0,0.0,0.0,5327.86,3681.0,1000000000000.0,0.0,7147.49,14125.54,0.0,0.0,5367.46,0.0
29,Steel,4,3,1.2766181319952012,0.0730743214488029,0.0106302516312142,0.5673254249358821,0.0880652779340744,0.1373066813836208,0.1989484923561228,0.1309435176849365,0.2664921825409653,0.244620383494276,0.0676589539647102,0.4875164711449816,0.2053313369204816,0.0610088464617729,0.9039653609441896,0.0,0.0,0.0,0.0,0.0,0.0,73706246.15926884,692.6201836097691,0.1730383737871315,106023803.32897133,177.08241039325904,0.6842618422089971,84487701.64980039,583.5905857515596,0.979068846756094,0.0,0.0,0.0,5808.59,3681.0,1000000000000.0,0.0,14704.44,16699.85,0.0,0.0,5556.52,0.0
30,Steel,2,2,1.588618925213814,0.0667024402022361,0.0123868225420813,0.3376513482075866,0.0726418447494506,0.3719958600088714,0.1604044264635587,0.0638187342882156,0.9467260743189364,0.0,0.0,0.0,0.0,0.0,0.0,0.0,0.0,0.0,0.0,0.0,0.0,152670000.09667343,489.9400507135802,0.2500875603621187,145615940.21498016,653.4472221722124,1.1533558489388505,0.0,0.0,0.0,0.0,0.0,0.0,5597.52,3681.0,1000000000000.0,0.0,10331.41,16469.42,0.0,0.0,5695.38,0.0
31,Steel,2,2,1.379187661409378,0.0914587004184723,0.0255223045124194,0.3011230691039409,0.0890967488288879,0.4590110643730034,0.297318113330895,0.0362755025923252,0.7675323458949391,0.0,0.0,0.0,0.0,0.0,0.0,0.0,0.0,0.0,0.0,0.0,0.0,92296175.88789518,231.11215207178677,0.1704679295127256,78706256.82994744,415.5826660199344,1.1439324442768286,0.0,0.0,0.0,0.0,0.0,0.0,5920.38,3681.0,1000000000000.0,0.0,16361.09,20283.42,0.0,0.0,5934.35,0.0
32,Steel,2,3,1.1606463372707367,0.0851439713835716,0.0183834174566437,0.3978430811125351,0.0814638510346412,0.2254099080379017,0.2241880070686488,0.088248501420021,0.7343889100791571,0.0,0.0,0.0,0.0,0.0,0.0,0.0,0.0,0.0,0.0,0.0,0.0,22883882.383212928,326.16380512825634,0.1236268709543344,23584419.498631608,997.4999137432952,0.3863739670014495,16263415.416909186,512.5510827098651,1.0445817023830168,0.0,0.0,0.0,5756.83,3681.0,1000000000000.0,0.0,7800.64,20244.94,0.0,0.0,5834.15,0.0
33,Steel,3,4,0.7976108685135842,0.1089007852077484,0.006786792684053,0.4412327946563288,0.0946332192420959,0.3807618048527791,0.1429141027678427,0.0534043860435485,0.4586893594628308,0.2739426547020663,0.0704819563031196,0.7178397816622258,0.0,0.0,0.0,0.0,0.0,0.0,0.0,0.0,0.0,13777327.813451665,334.6584506536911,0.1638631186605489,10306222.363427486,233.0735819863044,0.4180937975013888,9028769.994956693,778.3000466770748,0.5882025181426374,12718857.860905737,336.2385537293011,0.6886005636048832,4354.26,3681.0,1000000000000.0,0.0,6028.48,30704.38,0.0,0.0,4428.29,0.0
34,Steel,5,2,1.1935233592987062,0.0646436105966568,0.0058881979064755,0.4554826984769327,0.0352111805230379,0.1566065414432829,0.4253674125862899,0.0858584523200988,0.2237095433765517,0.3745672427826998,0.1000501209497451,0.487991259305064,0.2219170584258127,0.0827643185853958,0.7525500451495634,0.2086805280569304,0.1181271332502365,0.9961818676843328,0.0,0.0,0.0,418550498.0624987,802.3609890672552,0.167132854287426,329449217.50050354,535.2600692552537,1.0297892464447769,0.0,0.0,0.0,0.0,0.0,0.0,3837.6,3681.0,1000000000000.0,0.0,13997.49,19174.88,0.0,0.0,3697.02,0.0
35,Steel,2,2,1.3233872324228286,0.1394289448261261,0.0221527233583131,0.2366904740828228,0.0945772743225097,0.615288538584245,0.1884738847490525,0.1493312257528305,0.7587949354175371,0.0,0.0,0.0,0.0,0.0,0.0,0.0,0.0,0.0,0.0,0.0,0.0,32687497.69113392,701.8399718244659,0.2086896815707931,31654184.97289546,347.7030046766471,0.9045036533154904,0.0,0.0,0.0,0.0,0.0,0.0,4592.04,3681.0,1000000000000.0,0.0,6277.84,19005.77,0.0,0.0,4467.85,0.0
36,Steel,6,2,1.082103231549263,0.1218991829156875,0.0172304923858445,0.3552214018246495,0.1049998670816421,0.1771305255333827,0.3257728683800158,0.0879781061410904,0.2821320535092241,0.4690403117597612,0.0390314117074012,0.3733276309180283,0.1937327228942807,0.0601134914159774,0.516936251368226,0.1702886926443358,0.1370652323961258,0.7012156597294203,0.2408949187155024,0.1214287048578262,0.9135761485778882,49185990.272401415,544.685937738669,0.1301501611367746,52835079.18479028,152.8602325368247,0.8934321489244326,0.0,0.0,0.0,0.0,0.0,0.0,4630.12,3681.0,1000000000000.0,0.0,7323.88,24529.03,0.0,0.0,4649.08,0.0
37,Steel,5,4,1.5431827515363694,0.0917887147665024,0.0142133422579251,0.202519599669642,0.0735884568095207,0.2991826688921092,0.2421457655016684,0.1039241594076156,0.5691255669864164,0.2464450173913482,0.0845870807766914,0.946458615207113,0.2567722167157517,0.1038176935911178,1.1719326875581428,0.2378702909344493,0.0900365537405014,1.2999195901535912,0.0,0.0,0.0,15116924.58926418,434.4639697750176,0.178606488529138,14731822.364183957,498.2016071323235,0.4826219788521101,16162155.761114728,968.8144342405136,0.6427262838728237,13768457.265306598,1031.9071207490124,1.3722843001903808,3865.53,3681.0,1000000000000.0,0.0,6423.87,10354.4,0.0,0.0,3730.39,0.0
38,Steel,6,4,1.708558514714241,0.0885559309124946,0.0139210210468076,0.2520144382999925,0.0689356681704521,0.1772155377627821,0.3479967430714761,0.0965242582559585,0.3303637037976071,0.2672574219424032,0.1486876732110977,0.6830041994726762,0.2797414926240577,0.0518626211583614,0.880740835862077,0.2754059010481303,0.0964865535497665,1.0587361858531883,0.2707316116318351,0.0964982461929321,1.3233039036261265,107617975.81396316,1099.9999999999995,0.2051471681965421,125606241.87097834,330.3137775936416,0.734500819596138,111751329.36090718,657.5638660787239,1.1875821869450731,119925601.1749362,630.6044681279342,1.5173494325546546,8964.18,3681.0,1000000000000.0,0.0,11303.83,15791.22,0.0,0.0,9134.28,0.0
39,Steel,2,4,1.3441768318414689,0.1279024715423584,0.0117095697286853,0.3474519091653577,0.0897503435611725,0.2997776159759122,0.2166175700424438,0.1410911899805069,0.6547052487393155,0.0,0.0,0.0,0.0,0.0,0.0,0.0,0.0,0.0,0.0,0.0,0.0,25554092.154056866,419.0518754165508,0.1865509370352601,31738142.664639525,216.88285745872693,0.5558674486732067,33077237.944146696,1099.9999999999995,0.6327979693680866,30227008.579527684,546.2386312174423,1.0510741445375458,5860.35,3681.0,1000000000000.0,0.0,7090.11,18525.6,0.0,0.0,5754.7,0.0
40,Steel,1,4,1.1242844969034196,0.0756190146803856,0.0167945054113918,0.2432596518907232,0.1012761437892914,0.5578413160005776,0.0,0.0,0.0,0.0,0.0,0.0,0.0,0.0,0.0,0.0,0.0,0.0,0.0,0.0,0.0,10209637.440573528,447.4029518978279,0.1997952495567296,10139142.258512856,627.0355439839834,0.7004241684204889,13494590.832282873,477.7862642553921,0.8201710801001626,11663538.489454215,215.8155567099407,0.971410026374967,5917.33,3681.0,1000000000000.0,0.0,10533.63,15142.76,0.0,0.0,5969.92,0.0
41,Steel,5,3,1.1982219040393831,0.0675060413479805,0.0083501253000191,0.3991367659265902,0.0528825563192367,0.1690381695939762,0.5405710286310148,0.1096418929100036,0.2835816025938781,0.261410705145065,0.0440623942017555,0.377737124178789,0.2346681555338865,0.0241016178578138,0.660808077653907,0.3647289756030082,0.0976240253448486,0.9514415188687884,0.0,0.0,0.0,48475800.88445044,547.3639489946155,0.1463011510552964,44686447.97330554,179.99125095803151,0.7031018590829708,45109884.91562209,963.5648850327534,1.0649036841957278,0.0,0.0,0.0,4155.99,3681.0,1000000000000.0,0.0,8311.35,27838.19,0.0,0.0,4108.22,0.0
42,Steel,6,3,1.5418897420167923,0.0530404568612575,0.0155916852340548,0.1992198683617713,0.1298615801334381,0.2394151135213411,0.2268188617443211,0.0679362416267395,0.4709782044888216,0.2868434739990295,0.1181936007738113,0.5702632502957563,0.1760378877116321,0.064551550745964,0.8465899953292819,0.2766296252596166,0.15,0.9696752377207914,0.1960153231814234,0.0564112278819084,1.1888217257742344,145422230.17378977,229.09415162571065,0.2859151828232453,243506385.55446455,673.1935469854393,0.9976277600940692,140503934.86431426,673.9191036080191,1.33091617921042,0.0,0.0,0.0,3964.61,3681.0,1000000000000.0,0.0,9246.3,12978.89,0.0,0.0,4167.02,0.0
43,Steel,3,3,1.225442698597908,0.0883284477591514,0.0358685005232035,0.2546607982233905,0.1429788738489151,0.1568812242962286,0.1710253173345387,0.0993488103151321,0.3037809075288948,0.2485561243815191,0.0922136867046356,0.7289892480220617,0.0,0.0,0.0,0.0,0.0,0.0,0.0,0.0,0.0,68933125.70139737,396.80111455874606,0.1958746298313203,76834554.83961894,354.04294271342053,0.4989260655071799,71563616.31701578,765.2652263469873,0.9295438871672698,0.0,0.0,0.0,9189.07,3681.0,1000000000000.0,0.0,12142.2,16246.51,0.0,0.0,8699.2,0.0
44,Steel,6,3,1.3730361074209214,0.0972822251319885,0.011486710296119,0.3441525385991023,0.1047699427604675,0.1975560171089168,0.21269157360562,0.0593789121508598,0.3587231839795433,0.2809278085294063,0.0880423498153686,0.4856338887386586,0.2378006013231389,0.0578211057186126,0.6943489530325966,0.217369304377211,0.1023165255784988,0.8545556690124444,0.1862931714014105,0.0682738250494003,1.0450138151925543,32303393.260524917,73.73738753259089,0.1373036121151282,41071271.7981844,481.3249119368653,0.4061446665835717,27451010.208392408,642.4183437173457,1.1630471933383142,0.0,0.0,0.0,5174.04,3681.0,1000000000000.0,0.0,6931.15,12744.54,0.0,0.0,5329.91,0.0
45,Steel,6,4,1.1299622267484666,0.1056719751358032,0.0114366462261231,0.2343045858360206,0.1020713210105896,0.1831369734221217,0.4035913043069529,0.1044189155101776,0.3759547062602516,0.5250512434576025,0.1139506977796554,0.4952655855091119,0.294322696389724,0.0636311754584312,0.6899840023770385,0.1906679366563773,0.0676467111706733,0.7907526997322186,0.2092543086830524,0.0882065117359161,0.9958641335501404,30671019.27998779,336.93805034983507,0.1227734421892805,39180949.03817128,886.1054604637895,0.5601617963211845,40754080.8244957,900.5777483384127,0.7130699019013647,35331024.94370397,202.81238038341053,1.0151869653827554,4524.39,3681.0,1000000000000.0,0.0,9301.57,16243.15,0.0,0.0,4551.37,0.0
46,Steel,5,4,1.1983772724866868,0.0947942143678665,0.0373266076714797,0.2805504165594562,0.0745861980319023,0.1611354117887681,0.3017658648644634,0.0765937256813049,0.3559499567066936,0.2806047715887285,0.0745108738541603,0.5366730522199515,0.4923789455552565,0.0728015977144241,0.7363112773173225,0.3053600624072644,0.090078125,1.006853414895421,0.0,0.0,0.0,37617021.81042538,253.83071161485037,0.1754753143412884,29872097.99954409,102.13147436589028,0.8353242705473698,30653050.167880397,722.8015713088708,0.8520318632949214,31315270.47842435,446.5739152174976,1.0572723478845834,5099.44,3681.0,1000000000000.0,0.0,7922.04,12968.7,0.0,0.0,5216.66,0.0
47,Steel,2,3,1.357461991906166,0.0867466709017753,0.0224984352217533,0.3052203162537876,0.0579260063171386,0.3953009656414946,0.4361304473970471,0.0807910087704658,1.0812714917533124,0.0,0.0,0.0,0.0,0.0,0.0,0.0,0.0,0.0,0.0,0.0,0.0,18408414.25955861,748.9349487969899,0.1904588993497931,19766183.831758887,549.345482333644,0.8614273049324406,21772500.20083768,170.07925080861338,1.2002261530160712,0.0,0.0,0.0,5151.66,3681.0,1000000000000.0,0.0,6480.02,17936.09,0.0,0.0,5193.29,0.0
48,Steel,2,2,1.3997476816177368,0.1180371745824813,0.0128307537846591,0.257881819260765,0.06137530118227,0.7241910152189263,0.2720896472614211,0.0443609672784805,0.9785515139267852,0.0,0.0,0.0,0.0,0.0,0.0,0.0,0.0,0.0,0.0,0.0,0.0,40857357.66931829,901.0715149654428,0.3765593132662841,50475241.38406577,407.5834901356294,1.2454081195172426,0.0,0.0,0.0,0.0,0.0,0.0,6348.62,3681.0,1000000000000.0,0.0,8355.11,17204.75,0.0,0.0,6394.81,0.0
49,Steel,5,3,1.2718340188264847,0.0852172937989235,0.0162562402371715,0.1886120187915993,0.0949604040384292,0.1320509716054252,0.1823605468428044,0.1404564398527145,0.3134690814403323,0.4602993283595437,0.1178808361291885,0.4627371054286724,0.2298903428082263,0.0446407306194305,0.6554881068403866,0.3854761819458545,0.0949412959814071,0.8939336844307164,0.0,0.0,0.0,109038100.67369474,452.7060219073758,0.1439757396306465,178400849.3784484,359.6302852104397,0.6178061877540858,138870143.9687847,782.9718491097209,1.0423147522590228,0.0,0.0,0.0,8374.55,3681.0,1000000000000.0,0.0,12518.37,18842.63,0.0,0.0,8220.6,0.0
50,Steel,2,2,1.3531991183757783,0.0885439630150795,0.0202687005383071,0.2150369545398298,0.1130559509992599,0.2511241789316876,0.181058632293323,0.1126451122760772,0.6732281881347022,0.0,0.0,0.0,0.0,0.0,0.0,0.0,0.0,0.0,0.0,0.0,0.0,205726749.9423169,300.97607094761435,0.1915225390982687,202181347.94182035,255.15262742520716,1.1447580070162482,0.0,0.0,0.0,0.0,0.0,0.0,7734.21,3681.0,1000000000000.0,0.0,21333.01,27690.13,0.0,0.0,7780.37,0.0
51,Steel,2,3,1.4648577570915222,0.1017265893220901,0.0161731481888884,0.1683025651456045,0.0571577090024948,0.3419517312361836,0.3072560724419465,0.15,0.9010455710020284,0.0,0.0,0.0,0.0,0.0,0.0,0.0,0.0,0.0,0.0,0.0,0.0,33953124.304837495,465.7301129189669,0.1976196862794125,28878378.92167658,325.3087508385953,0.6333186310242573,36070198.00549212,318.9182771476168,1.200365946130611,0.0,0.0,0.0,6098.1,3681.0,1000000000000.0,0.0,9533.72,13753.9,0.0,0.0,6059.34,0.0
52,Steel,2,3,1.363410982489586,0.1378680906295776,0.0261547323460369,0.2089769339078841,0.0925800561904907,0.6901876402942465,0.3118986503040866,0.0707874992489814,1.0495443244100624,0.0,0.0,0.0,0.0,0.0,0.0,0.0,0.0,0.0,0.0,0.0,0.0,67485945.03440003,137.42332285085476,0.4060508187536757,91542448.0971883,278.2023870989782,0.8080345702895118,72312221.64875753,573.0552408619393,1.146618738233484,0.0,0.0,0.0,7419.95,3681.0,1000000000000.0,0.0,10060.33,20898.37,0.0,0.0,7431.69,0.0
54,Steel,2,3,0.7941914945840836,0.0475324119329452,0.0055133043337528,0.2593961921852183,0.0662106081843376,0.0794291494584083,0.1683199366989126,0.0847462332248687,0.313538164410981,0.0,0.0,0.0,0.0,0.0,0.0,0.0,0.0,0.0,0.0,0.0,0.0,13943320.168852732,371.21570724520654,0.1261851532726764,11740756.27748072,440.7041795029028,0.3332052880802152,11418478.71857842,248.7882019415364,0.6103661134195304,0.0,0.0,0.0,5868.08,3681.0,1000000000000.0,0.0,11903.06,15447.79,0.0,0.0,5862.91,0.0
55,Steel,6,2,1.4622540950775147,0.1228558783531189,0.0188397844696947,0.263903037406423,0.0961849701404571,0.3142685893247251,0.2427099524143394,0.104591856598854,0.4901615207123419,0.3901860784349872,0.0736678257584571,0.7205553846021738,0.3690245036300517,0.1134592658281326,0.904886511062418,0.2441044967824006,0.0983325809240341,1.113858225060629,0.573964696502488,0.063200337588787,1.2851355351774862,196930446.9567164,302.71313993807235,0.2184548039095509,253489786.1436654,230.53728721343649,1.2619537237549507,0.0,0.0,0.0,0.0,0.0,0.0,5494.08,3681.0,1000000000000.0,0.0,12005.76,17512.95,0.0,0.0,5650.37,0.0
56,Steel,5,3,1.0639717668294906,0.0997913701534271,0.0078856966037099,0.3929861362611127,0.0653238347172737,0.1709099129992511,0.215609302602864,0.0634302774071693,0.2547692199278761,0.3354745014959265,0.088952190876007,0.5263040953053302,0.232596553438023,0.0976560115814209,0.7388725848829321,0.3807377860779115,0.0571861889958381,0.8447348940007698,0.0,0.0,0.0,28283154.46615692,478.0283691876136,0.1170610840120052,35413257.56912196,138.22737046802277,0.4735105804664422,30742683.97999994,199.57337374346588,0.9575745890825698,0.0,0.0,0.0,5333.42,3681.0,1000000000000.0,0.0,6742.41,19926.03,0.0,0.0,5340.87,0.0
57,Steel,3,2,1.255538085103035,0.0899788961410522,0.0268544887354706,0.4763908179328507,0.0912329226732254,0.1756852501560272,0.2993648799774215,0.1245922970771789,0.5476830594104497,0.2464642917553021,0.0887806057929992,0.908964904037792,0.0,0.0,0.0,0.0,0.0,0.0,0.0,0.0,0.0,32311763.17782428,278.66692394550296,0.1937810756339248,35286994.48499333,623.6856994160189,1.091007951133169,0.0,0.0,0.0,0.0,0.0,0.0,3802.39,3681.0,1000000000000.0,0.0,6734.65,13873.78,0.0,0.0,3807.36,0.0
58,Steel,4,3,1.3727360665798187,0.1154358835220337,0.0186602408054479,0.590184688097774,0.0773354646563529,0.2789209032213744,0.2544873244502035,0.1260922020673751,0.5162064706993844,0.2789419754242853,0.0977154356241226,0.9189442390312136,0.2792205408796169,0.0808690604567527,1.109831589547993,0.0,0.0,0.0,0.0,0.0,0.0,33259501.217738938,743.7508754597376,0.1628244000192407,41599569.946447335,842.317928353303,0.5279082508115391,32140640.263343576,637.6542912328964,1.2140989139191825,0.0,0.0,0.0,4615.43,3681.0,1000000000000.0,0.0,6188.01,19867.79,0.0,0.0,4721.32,0.0
59,Steel,5,3,1.0523949429392814,0.0964029909372329,0.008235618464492,0.2512512808460462,0.1297713476419449,0.197505993685704,0.33442403881015,0.1105213904380798,0.3565075306726585,0.2723889600515065,0.0408120001852512,0.5547097536040475,0.269374312893417,0.15,0.6914904523362392,0.1762918405754529,0.1223837667703628,0.8715896203003689,0.0,0.0,0.0,27259045.91220534,164.48417345320894,0.1159126927905099,22531314.450737283,560.7894210437755,0.6173156077961579,23596728.48228083,285.0748747136686,0.917891823670893,0.0,0.0,0.0,4474.71,3681.0,1000000000000.0,0.0,6911.41,19199.71,0.0,0.0,4499.36,0.0
60,Steel,5,3,1.0506192326545716,0.0446177803277969,0.0087234294571871,0.3039914925529745,0.0369743433594703,0.262382412263984,0.2073310041231362,0.079242136478424,0.3876035945654558,0.2587219687445882,0.0692302119731903,0.4840760062216652,0.2851208473813209,0.0544068074226379,0.5783367420156792,0.2770451092979793,0.0870963382720947,0.8103143823973689,0.0,0.0,0.0,53597311.5917807,166.56882969299832,0.1293067643267703,61343537.62032991,242.89677559599087,0.4091343308021636,47296934.1765158,195.5847220659868,0.8854009210891096,0.0,0.0,0.0,5549.84,3681.0,1000000000000.0,0.0,11066.44,15485.44,0.0,0.0,6216.53,0.0
61,Steel,5,3,0.8255737707018852,0.1101353237628936,0.0075745957761255,0.2768750444009318,0.0849522221088409,0.0825673770701885,0.3392088122065413,0.1201168662309646,0.2089930284049355,0.3349049924380013,0.0626505431532859,0.3833249475792068,0.2305407805852163,0.0931162440776825,0.5300985578624201,0.241966644929404,0.1287698251008987,0.7430063936316966,0.0,0.0,0.0,18773868.426383782,481.361594232725,0.0953837529517064,19127203.34046888,591.3736772272894,0.468575450842975,22188886.52455876,596.5329605954272,0.7330053936316966,0.0,0.0,0.0,3859.8,3681.0,1000000000000.0,0.0,5393.93,26853.18,0.0,0.0,3818.69,0.0
62,Steel,2,3,1.0954960688948632,0.0869554531574249,0.033405956599261,0.1907889517956789,0.0385597832500934,0.1345152220683116,0.2473199607642275,0.0825286796689033,0.6643879331910463,0.0,0.0,0.0,0.0,0.0,0.0,0.0,0.0,0.0,0.0,0.0,0.0,14876234.64895707,814.5267400372525,0.1457566759751475,14835557.22726614,717.8377779149531,0.4986854931156166,16289201.510758866,497.1198683067476,0.890344146406678,0.0,0.0,0.0,6890.63,3681.0,1000000000000.0,0.0,8129.93,18789.04,0.0,0.0,6902.97,0.0
63,Steel,5,2,0.553059995174408,0.0803105489611625,0.0352626875884584,0.2224405794267379,0.0488253408670425,0.0686838076040843,0.2525848672177547,0.0882869654893875,0.1453009285969842,0.3549599894846936,0.1266835522651672,0.2841109378087517,0.2105059987996296,0.0507692602276802,0.3990420379500296,0.4524299242621329,0.0462088833749294,0.4689276709988116,0.0,0.0,0.0,18367459.670080725,436.7362509449768,0.0988619681209974,19059351.387825776,517.4820274647901,0.4977539951039071,0.0,0.0,0.0,0.0,0.0,0.0,3725.35,3681.0,1000000000000.0,0.0,7592.19,32576.11,0.0,0.0,3715.55,0.0
64,Steel,3,3,1.05363822132349,0.0916210964918136,0.0208822145908005,0.2005896712936294,0.1280325841903686,0.2275984551839751,0.3768790070569962,0.0541672593355178,0.4822255922103788,0.227645735725704,0.0639313679933548,0.7197031315809026,0.0,0.0,0.0,0.0,0.0,0.0,0.0,0.0,0.0,26763205.69117373,605.5710491904556,0.1238906040673534,24577034.09643241,389.27623657520735,0.3294488842125915,25188377.156551357,312.497909200149,0.8157834804754609,0.0,0.0,0.0,6316.34,3681.0,1000000000000.0,0.0,9301.2,18906.67,0.0,0.0,6319.82,0.0
65,Steel,6,4,1.360103365778923,0.1132543067932129,0.0176552276526708,0.2434113844317104,0.1321959710121154,0.2258041520757885,0.2031872441587915,0.0561755773425102,0.5921143600957487,0.2694153679693053,0.1480846923589706,0.7784217804220683,0.2970806351069215,0.0258285230398178,0.8748557766179436,0.3217768549682906,0.0536546698212623,1.008866665580409,0.6546504721762995,0.0412497536838054,1.198106777647112,78524489.90898328,213.5194113901514,0.1472183126049832,72607040.40585928,420.111705016753,0.3586596427831339,79294533.59632668,427.9867315220217,0.9270188258409906,77764140.7676615,291.83293528554685,1.2240930278409274,7327.22,3681.0,1000000000000.0,0.0,10975.65,16070.24,0.0,0.0,7451.87,0.0
66,Steel,3,3,0.6886606469750405,0.085623013138771,0.0043429422078601,0.3109930220341269,0.15,0.1891589564662246,0.1806749419509505,0.0820556235313415,0.3710069969467313,0.3364910024044558,0.0683196386694908,0.4575150056159724,0.0,0.0,0.0,0.0,0.0,0.0,0.0,0.0,0.0,41268158.32681324,109.35415883423693,0.1110040671473802,42223478.40689562,482.1350486787066,0.2330659964474011,40943585.150136,457.2514546755507,0.5748556978133729,0.0,0.0,0.0,7614.03,3681.0,1000000000000.0,0.0,11985.89,57594.92,0.0,0.0,7657.89,0.0
67,Steel,1,2,1.1418898701667786,0.0922082598209381,0.0242521867024675,0.222423529664254,0.022570976819843,0.3973477190127893,0.0,0.0,0.0,0.0,0.0,0.0,0.0,0.0,0.0,0.0,0.0,0.0,0.0,0.0,0.0,56920194.677561246,482.5648534273421,0.1295317431309967,45195713.85410726,409.2541924131245,0.7595125085730072,0.0,0.0,0.0,0.0,0.0,0.0,8842.41,3681.0,1000000000000.0,0.0,12733.91,24482.21,0.0,0.0,8833.52,0.0
68,Steel,4,3,1.230854681134224,0.1201389963626861,0.0092825705434311,0.2014929048944171,0.1069700813293457,0.1321410822278663,0.2984340306193148,0.0826778247952461,0.383170153006512,0.265182635962512,0.025425210148096,0.6809109970270013,0.2844091017552033,0.060747757256031,0.9359897420540368,0.0,0.0,0.0,0.0,0.0,0.0,37293580.49069498,295.0351527933186,0.1614365188859705,41372520.9207969,425.8220312014845,0.4803538574354536,42799738.43524638,353.2720599816222,0.990776756495958,0.0,0.0,0.0,6884.64,3681.0,1000000000000.0,0.0,7424.44,20029.94,0.0,0.0,7046.41,0.0
69,Steel,6,4,1.524938702583313,0.1269891195297241,0.0310586145848312,0.2624714079837458,0.072386105954647,0.1628756451060321,0.3212858016801117,0.02,0.2911984977512598,0.2914707050944293,0.0861460494995117,0.4866730745740967,0.198094887347327,0.0798251181840896,0.6096724523940211,0.2429472039510207,0.1307436656951904,0.8818229926245581,0.3814139910363671,0.0315905010700225,1.2931458403741518,31948561.316147394,950.1560996021058,0.1796186774367834,31642659.960502155,525.8270820187859,0.8117616837695972,24593962.55471071,429.7921602692302,1.0964473749601824,26909397.264897294,764.5652755605857,1.3432556276409673,4966.3,3681.0,1000000000000.0,0.0,6758.57,13225.16,0.0,0.0,5078.72,0.0
70,Steel,3,3,1.3828951120376587,0.0966178798675537,0.0190825773750062,0.2363285928946497,0.0819422575831413,0.283113901962694,0.3677100985465831,0.0990796780586242,0.6256416920591237,0.2244895779851068,0.1066419821977615,1.0510093527983022,0.0,0.0,0.0,0.0,0.0,0.0,0.0,0.0,0.0,25801929.3173916,504.4673709208969,0.1845875770026755,19309617.839082733,431.3050891119398,0.6392150954246929,23671488.291607663,1075.4180818249172,1.2351478395408275,0.0,0.0,0.0,4858.61,3681.0,1000000000000.0,0.0,7634.36,12866.89,0.0,0.0,4875.82,0.0
71,Steel,3,3,2.0758963882923127,0.0812744556069374,0.0099875003560492,0.2016353929450326,0.0836832216382026,0.4707980862470703,0.333381059845601,0.0600717768073082,0.6795789145510887,0.2270015877817885,0.1004611456394195,1.2044867412007885,0.0,0.0,0.0,0.0,0.0,0.0,0.0,0.0,0.0,28876962.276221145,1083.801048208063,0.224680268683008,23411058.84549297,626.7029274944279,0.7805785924169998,26127537.58295817,280.9975217019025,1.724595553660516,0.0,0.0,0.0,4760.87,3681.0,1000000000000.0,0.0,7671.06,9116.51,0.0,0.0,4769.43,0.0
72,Steel,2,3,1.0079291328787805,0.0946243531703949,0.06,0.2253543375302963,0.064482495188713,0.4234148556793707,0.3044617551798366,0.0793900224566459,0.6741055260252204,0.0,0.0,0.0,0.0,0.0,0.0,0.0,0.0,0.0,0.0,0.0,0.0,6265855.3162949,330.32239932632064,0.1537788683467901,7827820.078935122,571.4140186733747,0.5030550565002373,8022711.1685673,542.1139762713451,0.9071362185829732,0.0,0.0,0.0,4435.55,3681.0,1000000000000.0,0.0,7008.69,27504.64,0.0,0.0,4425.41,0.0
73,Steel,6,3,1.324105191230774,0.0928618983030319,0.0251435832380911,0.2145325736548651,0.0937008374929428,0.255478191191637,0.2693382877756309,0.0611013182997703,0.4652439316346846,0.3077855164753061,0.0627089986205101,0.5665603287740721,0.249912848240923,0.0922198390960693,0.7836289734486602,0.2600119592485342,0.0530584186315536,0.968488631385536,0.2634830317606734,0.0277532539516687,1.161950712376349,24757476.03885809,808.5327296793429,0.188524198377944,18372404.65837082,397.9077571271747,0.6694558084211102,21888374.627896328,338.9092090608688,1.1398308585819268,0.0,0.0,0.0,4806.47,3681.0,1000000000000.0,0.0,6714.54,12534.43,0.0,0.0,4840.52,0.0
74,Steel,6,3,1.8900562077760696,0.102900111913681,0.06,0.374833073908159,0.1051621693372726,0.3051875191897364,0.4447976669268238,0.0353971198946237,0.4758842919919199,0.4102299574026563,0.0605979147553443,0.5366110995797526,0.2868116873450432,0.1027409321069717,0.8019736355618794,0.3552684444922713,0.0392685654759407,1.1360184754573597,0.1926533647088465,0.1287204200029373,1.5002616246905982,567181917.4500432,236.1116614189588,0.2332181007448512,538235315.1836677,223.74440082613464,0.8475346991843566,468190798.2533872,285.39751103946287,1.5733064449525662,0.0,0.0,0.0,10721.57,3681.0,1000000000000.0,0.0,14626.18,24098.56,0.0,0.0,11280.38,0.0
75,Steel,3,3,1.9366758942604063,0.0712052134871482,0.0221951016981196,0.3222826590988874,0.094457705616951,0.4934856759007737,0.3107170901266675,0.0890860015153885,1.076555137652606,0.182556760435794,0.0906167691946029,1.421266961625132,0.0,0.0,0.0,0.0,0.0,0.0,0.0,0.0,0.0,153576223.11559108,664.4632405419967,0.2229576777569714,127586238.3910538,1099.9999999999995,1.006444888097859,171954849.94630152,789.5181858209903,1.7045488844896888,0.0,0.0,0.0,6506.34,3681.0,1000000000000.0,0.0,9098.65,19500.56,0.0,0.0,6580.24,0.0
76,Steel,2,2,1.292163136601448,0.0678523401618003,0.0177453993511502,0.2335143207021971,0.0753042340278625,0.6583199478938793,0.304152796624107,0.0406036227941513,1.0387215190765198,0.0,0.0,0.0,0.0,0.0,0.0,0.0,0.0,0.0,0.0,0.0,0.0,7909923.432289909,382.2429506734254,0.2455402591696025,8866427.29217813,429.10504657862896,1.0717028403178324,0.0,0.0,0.0,0.0,0.0,0.0,3847.89,3681.0,1000000000000.0,0.0,6087.34,9562.31,0.0,0.0,3830.55,0.0
77,Steel,1,4,1.834212884306908,0.1071953852176666,0.0287602325136662,0.2144593097619186,0.1376671594381332,0.5334810528333133,0.0,0.0,0.0,0.0,0.0,0.0,0.0,0.0,0.0,0.0,0.0,0.0,0.0,0.0,0.0,13509024.039935391,548.8050667256106,0.2235069335876578,14482919.862472782,478.1028736776045,0.6818839013065868,13982802.153643034,665.6511183709009,0.9138590808667482,13692829.049914066,281.09861543167693,1.347965026132635,4369.3,3681.0,1000000000000.0,0.0,5609.32,10572.55,0.0,0.0,4280.81,0.0
78,Steel,5,4,1.5362001031637191,0.1012750593423843,0.0054065169612397,0.185272378911822,0.0914975762367248,0.5220821957113054,0.3149711396494821,0.1091793167591095,0.7208999328179686,0.2145321580116296,0.0806555864214897,0.8359454906263502,0.4189795751074063,0.1027599549293518,1.0022389200790616,0.3704289971337063,0.080399545431137,1.1946874239911,0.0,0.0,0.0,34626603.693565235,549.2095437946324,0.1797732139143509,35330146.54217076,361.6947794701151,0.5493064350074262,42760843.21377806,1099.9999999999995,0.8706094576595157,40329267.93075399,600.6839183484354,1.3500868892561413,5189.87,3681.0,1000000000000.0,0.0,9511.09,13809.12,0.0,0.0,5192.0,0.0
79,Steel,3,3,0.8397244840860367,0.0516210295259952,0.005715779806238,0.2074080825039578,0.0984277880191803,0.2830430083981572,0.4408299685802668,0.15,0.5682879321816205,0.2482443199507788,0.1122849494218826,0.7557420356774331,0.0,0.0,0.0,0.0,0.0,0.0,0.0,0.0,0.0,32481762.54697365,520.8828076172962,0.1246736972731178,27088363.55429791,588.3132021883629,0.4830906191981658,28174637.77646077,501.1730012768662,0.7457410356774331,0.0,0.0,0.0,4240.47,3681.0,1000000000000.0,0.0,10245.09,14200.48,0.0,0.0,4302.7,0.0
80,Steel,4,4,1.0009374976158143,0.0860391726493835,0.0185070629399327,0.3066454844378314,0.1249625796079635,0.3274987543245975,0.221900909236727,0.0862156397104263,0.5806376721420372,0.2368029920677083,0.0811336752772331,0.7877861643757388,0.2393419211341799,0.0869451397657394,0.9008337478542332,0.0,0.0,0.0,0.0,0.0,0.0,17263081.765424363,294.666812409708,0.1140794252375345,18785656.85906209,688.0219881180459,0.2318300003082548,20869719.320348773,598.9332142422066,0.4048413466048116,20496279.63914719,248.1711193609672,0.890832747854233,5031.02,3681.0,1000000000000.0,0.0,7936.35,22007.37,0.0,0.0,5050.4,0.0
81,Steel,4,4,0.8258730947971344,0.0611757599711418,0.0134907611802253,0.309686372380331,0.0790532410144806,0.0998650421268805,0.2189138080094599,0.0957475614547729,0.3432711365815318,0.2833132575678301,0.0744906654953956,0.5005305044529887,0.2859204028479863,0.0980649983882904,0.6580483722053817,0.0,0.0,0.0,0.0,0.0,0.0,27566869.72946111,780.1037608524771,0.1233431087782931,22488854.41241065,576.2425931620834,0.4133479495086773,22608101.81645114,589.5084637426455,0.511666990788487,25161374.080579016,1099.9999999999995,0.7260391199426826,6607.15,3681.0,1000000000000.0,0.0,7551.43,15880.47,0.0,0.0,6678.14,0.0
82,Steel,1,4,1.6350082606077194,0.0882083794474601,0.0122595557802445,0.2611336247489606,0.1051401090621948,0.7216900238364656,0.0,0.0,0.0,0.0,0.0,0.0,0.0,0.0,0.0,0.0,0.0,0.0,0.0,0.0,0.0,33591147.7108616,729.012593323782,0.3326471135252655,30013896.221893616,1099.9999999999995,1.1182183029283017,31343198.9380898,731.4455843184986,1.1483763240640528,37703165.38983021,292.7299738829507,1.339758958830366,6628.14,3681.0,1000000000000.0,0.0,9779.78,11173.73,0.0,0.0,6573.68,0.0
83,Steel,1,3,0.8465878218412399,0.0268259529918432,0.0077874579597197,0.327023843909674,0.0770047813653946,0.4503947138104461,0.0,0.0,0.0,0.0,0.0,0.0,0.0,0.0,0.0,0.0,0.0,0.0,0.0,0.0,0.0,40733678.550573766,540.5662098892687,0.1709300740242204,35001327.96585539,235.4126555514259,0.3543567988785246,33295465.51793381,463.48099228239136,0.6667697776149635,0.0,0.0,0.0,5057.05,3681.0,1000000000000.0,0.0,19975.85,23640.09,0.0,0.0,4904.87,0.0
84,Steel,1,2,1.012797711789608,0.0932215361595154,0.0227216649582939,0.4619167999579559,0.1140546685457229,0.6964480347432992,0.0,0.0,0.0,0.0,0.0,0.0,0.0,0.0,0.0,0.0,0.0,0.0,0.0,0.0,0.0,89225931.18997467,646.268965621211,0.2747120429919086,84396136.91830714,540.6959915114031,0.7580778199963655,0.0,0.0,0.0,0.0,0.0,0.0,7146.04,3681.0,1000000000000.0,0.0,15828.8,35049.76,0.0,0.0,7171.7,0.0
85,Steel,2,3,1.5241685867309571,0.1401933921575546,0.0112096432972514,0.1637868722162287,0.1211146771907806,0.7697093647775892,0.5142760901400258,0.0677109742164611,1.118622282342913,0.0,0.0,0.0,0.0,0.0,0.0,0.0,0.0,0.0,0.0,0.0,0.0,41741236.92504381,448.3758227153468,0.2126213997602654,38455549.231001325,340.57750677939134,0.680474944674524,36696406.82765986,414.9748731739846,1.3293858425910663,0.0,0.0,0.0,5162.6,3681.0,1000000000000.0,0.0,8249.02,18806.9,0.0,0.0,5046.57,0.0
86,Steel,3,3,0.6188177607953549,0.0900609701871872,0.0165659463543864,0.2231892486451596,0.0679831206798553,0.1474975443722486,0.3035884837561403,0.0744921338558197,0.3137901030393272,0.1884048021071598,0.0828030809760093,0.4502412277399739,0.0,0.0,0.0,0.0,0.0,0.0,0.0,0.0,0.0,23859685.914957236,809.4679972370631,0.0714195024981582,24035538.92103,960.8969626501352,0.3451763241720504,24860095.499129184,328.92528787191503,0.51690915257827,0.0,0.0,0.0,7625.38,3681.0,1000000000000.0,0.0,12116.74,49609.83,0.0,0.0,7623.26,0.0
87,Steel,6,2,1.411251562833786,0.1000672750473022,0.010383143287817,0.3083125091972366,0.0329975816607475,0.2733666920473429,0.3689265409645041,0.1013802307844162,0.5000642640674405,0.2096459033626591,0.0635696631669998,0.6298593937041801,0.2904112047603495,0.0805883285403251,0.7672479641320179,0.2116555136793808,0.0887240642309188,1.0115529910242884,0.2195441404561834,0.0962689805030822,1.2116870187970403,148265541.31233516,211.1150831504121,0.1709922618190134,165023843.89772362,1069.1685472882664,1.270126405139156,0.0,0.0,0.0,0.0,0.0,0.0,4283.75,3681.0,1000000000000.0,0.0,14347.47,21546.89,0.0,0.0,4267.62,0.0
88,Steel,5,4,1.3128791868686676,0.0782714486122131,0.0155901644705283,0.2362645727786101,0.0569051200151443,0.2882003393449929,0.2463434113924527,0.15,0.4520065547952473,0.2752630967197544,0.1047208553552627,0.590325740687433,0.3277799767158371,0.1167904138565063,0.9036356601661136,0.293052763704307,0.0804263168573379,1.04998465693677,0.0,0.0,0.0,130325869.1440308,494.36752776756055,0.1483891454806556,106380570.93211634,559.5645366677082,0.7264439321227405,94735068.08274512,90.10504169808686,0.7248813356567905,103651955.76567116,188.13004893544763,1.1530046500777529,8379.65,3681.0,1000000000000.0,0.0,10622.88,24416.0,0.0,0.0,8694.25,0.0
89,Steel,2,3,1.1403459444642068,0.0623239629268646,0.0126763276643299,0.2185590219810814,0.0878037160634994,0.3420533823818665,0.2352529324471665,0.0835334140062332,0.4598869616164983,0.0,0.0,0.0,0.0,0.0,0.0,0.0,0.0,0.0,0.0,0.0,0.0,7091901.497075248,522.9965053069228,0.1819424513429456,7715093.878809744,412.8158922351897,0.6886646281425957,8733262.60253657,285.2596517145818,1.013172358764042,0.0,0.0,0.0,3969.37,3681.0,1000000000000.0,0.0,10073.12,13825.51,0.0,0.0,3964.26,0.0
90,Steel,6,2,1.420037654042244,0.1217611966133117,0.020182777408141,0.3736288576268668,0.1326276844739914,0.2937493346849507,0.2895064284140244,0.0488106127083301,0.6029663590026545,0.167393850336273,0.046776255518198,0.8860663781841271,0.3816061485422858,0.0401632928848266,1.0207306366513642,0.3399936447091641,0.1019473123550415,1.1506797712984431,0.248459497668726,0.0625988444685936,1.2780238886380195,178927135.44835973,514.946389099495,0.1869365759070642,198353214.31909865,337.50773600599706,1.2680228886380198,0.0,0.0,0.0,0.0,0.0,0.0,6654.76,3681.0,1000000000000.0,0.0,11475.91,21094.69,0.0,0.0,6645.85,0.0
91,Steel,1,3,1.0280868381261827,0.0829775661230087,0.011629807156628,0.1805801000681591,0.0539788636565208,0.7784011199679542,0.0,0.0,0.0,0.0,0.0,0.0,0.0,0.0,0.0,0.0,0.0,0.0,0.0,0.0,0.0,11814111.684075916,424.7078218203656,0.2062974302041895,10094069.88316704,734.2215015903927,0.5928728282850714,10782295.966753991,150.1558060486785,0.9115027562320552,0.0,0.0,0.0,7286.92,3681.0,1000000000000.0,0.0,7772.09,23433.99,0.0,0.0,7391.47,0.0
92,Steel,6,3,1.306694331765175,0.1052511012554168,0.0219971142831286,0.3141185806290723,0.1036305725574493,0.1757822573687718,0.2808514800029429,0.0891719180345535,0.3167886010321846,0.2750452043950536,0.134312641620636,0.5304908010357495,0.267439964001784,0.1086935257911682,0.7181731786390227,0.2494919791219584,0.068376532793045,0.8616915707078878,0.4072214237643937,0.1003486979007721,1.0027222914950866,61448299.272140585,466.4690300990787,0.1464262858012227,51938055.42007971,503.2475610443357,0.6177811450488899,45042884.32146246,198.8933183483216,1.1119239663594414,0.0,0.0,0.0,5410.55,3681.0,1000000000000.0,0.0,7191.56,14802.2,0.0,0.0,5429.7,0.0
93,Steel,1,4,1.1552616462111474,0.1138855414390564,0.0119572646699635,0.3475531545820212,0.0988094067573547,0.615412035479962,0.0,0.0,0.0,0.0,0.0,0.0,0.0,0.0,0.0,0.0,0.0,0.0,0.0,0.0,0.0,10988920.807058446,398.9232311206052,0.1943894142822738,9677335.730141284,417.97727944318746,0.4370083748929934,10992244.50022499,544.7008813733534,0.5354901987047336,11170015.9610738,473.9866491732283,0.8698766900366303,4229.76,3681.0,1000000000000.0,0.0,5767.9,18727.47,0.0,0.0,4159.13,0.0
94,Steel,5,4,1.0777681320905683,0.0650606799721717,0.0044329668880561,0.1340246416577229,0.0512736710906028,0.191413399852402,0.1844418114575441,0.1043152701854705,0.3396930748638757,0.3318130934402516,0.02,0.5216262454140992,0.2080622078690534,0.02,0.5564958229386591,0.2061151574459924,0.02,0.9252704821173948,0.0,0.0,0.0,23399954.31842876,304.65624135222504,0.1180269187243628,24586235.626280464,161.2046729873321,0.6087829851206024,25634143.41977349,711.4273701978059,0.6886730946979547,21823488.14454872,195.8238909997579,0.9393943671212494,8048.35,3681.0,1000000000000.0,0.0,13922.02,17364.34,0.0,0.0,7955.74,0.0
95,Steel,1,4,1.0386022165417672,0.0782176607847213,0.0274179373655412,0.3253584046179351,0.1134983962774276,0.5333392575926413,0.0,0.0,0.0,0.0,0.0,0.0,0.0,0.0,0.0,0.0,0.0,0.0,0.0,0.0,0.0,18362462.586451147,1034.2266479724592,0.1179492449893012,16185020.95679488,538.7868186247952,0.3647108891353928,16447272.088864964,337.5636191831801,0.4818643968839227,19776664.53211465,280.1498859025553,0.8526601815674293,6806.12,3681.0,1000000000000.0,0.0,13061.41,18718.12,0.0,0.0,6805.88,0.0
96,Steel,1,4,1.2569470971822738,0.1111549395322799,0.0287985289211466,0.2211808377283662,0.0648532852530479,0.7649722872940278,0.0,0.0,0.0,0.0,0.0,0.0,0.0,0.0,0.0,0.0,0.0,0.0,0.0,0.0,0.0,14568697.854814108,491.1965706579549,0.2195764548857497,11541256.408767384,357.88870450707856,0.3832364081118177,12626749.717277195,256.2246242797714,0.7032619628647016,11910886.376563158,697.3540614826308,0.9940624327970352,5366.22,3681.0,1000000000000.0,0.0,7230.17,19055.43,0.0,0.0,5297.02,0.0
97,Steel,4,3,1.242022904753685,0.12625925552845,0.0129577523965146,0.2329070185642867,0.1020940166711807,0.3498218001098974,0.2085822132047138,0.0892793756723404,0.6760947636430398,0.1980456900084322,0.15,0.8071879144559699,0.192878242149519,0.0303985914587974,0.9198140099576416,0.0,0.0,0.0,0.0,0.0,0.0,14763387.0129217,315.02320903141936,0.1599964036897025,13283070.107204704,534.3559828812113,0.560185186819923,15188709.689034594,775.2294149516475,1.061957359370425,0.0,0.0,0.0,4197.4,3681.0,1000000000000.0,0.0,5332.45,20771.4,0.0,0.0,4161.65,0.0
98,Steel,5,3,1.3129719227552414,0.097068538069725,0.0154811320717562,0.3656185322917273,0.15,0.1349313406425778,0.2213690790054999,0.1183647829294204,0.3121158704598652,0.1769480237600255,0.15,0.5648145447587914,0.2235129423345326,0.1304337060451507,0.7779644595875297,0.4189539538560464,0.1115617954730987,1.0314271036161091,0.0,0.0,0.0,112062113.84882092,829.1966249080355,0.1449323406425778,134622407.9291721,280.09491578158963,0.4442799335261542,110502739.43578096,908.1554732149624,1.109545805999519,0.0,0.0,0.0,7836.31,3681.0,1000000000000.0,0.0,8867.59,15615.81,0.0,0.0,7607.03,0.0
99,Steel,4,2,0.8288246542215347,0.1152761112451553,0.0446562109118107,0.1927810369130872,0.1340764641761779,0.253183033637641,0.3187246290007802,0.02,0.4360673167306367,0.2428555046737001,0.0814588415622711,0.5805025973779943,0.4169729975846639,0.0313857907056808,0.7459321887993813,0.0,0.0,0.0,0.0,0.0,0.0,27849242.687512048,542.7858402850383,0.1581798645284052,26410312.09556476,340.60605824925693,0.7146656366295705,0.0,0.0,0.0,0.0,0.0,0.0,5259.27,3681.0,1000000000000.0,0.0,7477.83,41048.48,0.0,0.0,5254.16,0.0
100,Steel,4,4,1.6508844017982485,0.0679050827026367,0.0251961385012265,0.2615724866442603,0.0972179752588272,0.3227291561718481,0.3430137863911842,0.0514262682199478,0.4648251268460865,0.2202414749430938,0.0766723507642746,0.9234017687156456,0.4899616116896975,0.0937722718715667,1.2921223116884932,0.0,0.0,0.0,0.0,0.0,0.0,60851303.61592964,489.4092133800572,0.2146473468037558,105762241.510077,626.5714821758982,0.7494554826320193,61805891.36249436,302.15163749803946,0.8019197925778385,67271767.1945428,480.4518739678121,1.4621990080999177,5427.58,3681.0,1000000000000.0,0.0,8575.14,17566.17,0.0,0.0,5182.31,0.0
101,Steel,1,3,0.919976256787777,0.0286455378532409,0.0111626013544043,0.2095052577760726,0.0342845772951841,0.5951796214143181,0.0,0.0,0.0,0.0,0.0,0.0,0.0,0.0,0.0,0.0,0.0,0.0,0.0,0.0,0.0,8123263.954760909,678.7467744700581,0.3364858812756048,6985527.977764423,510.3064153469441,0.6200543978232692,6579734.704508152,996.6805900131816,0.8279786301890231,0.0,0.0,0.0,6816.32,3681.0,1000000000000.0,0.0,9321.24,28509.28,0.0,0.0,6615.34,0.0
103,Steel,4,2,1.221351072192192,0.1151383280754089,0.0268192666860905,0.2049691387276999,0.0618920594453811,0.2941250660051803,0.4087913733062052,0.0814563968777656,0.4382143084112446,0.1821341772974406,0.15,0.7751827475834907,0.3657734993577938,0.0598855817317962,0.997004078517301,0.0,0.0,0.0,0.0,0.0,0.0,39705047.80122045,920.5522744192236,0.1495364565218293,33734897.85639888,968.7832408959076,1.099215963751622,0.0,0.0,0.0,0.0,0.0,0.0,4392.39,3681.0,1000000000000.0,0.0,7906.83,21738.84,0.0,0.0,4381.6,0.0
104,Steel,6,2,1.3614842593669891,0.1426313899755478,0.0176189604471694,0.2258781747463382,0.0717385473847389,0.1845390230047486,0.298085688283971,0.02,0.3180082741169127,0.2681293844941254,0.0741748169064521,0.4984153086038848,0.3242424930724657,0.040969748198986,0.686378224267764,0.2991340317333686,0.0871013438701629,0.9458469753208534,0.2622877261965422,0.0909327185153961,1.202937271370674,28305066.44362286,567.4829500420018,0.1496593067810871,35729346.34967634,511.9541941419309,1.163865520344434,0.0,0.0,0.0,0.0,0.0,0.0,3972.46,3681.0,1000000000000.0,0.0,5621.61,17535.43,0.0,0.0,3966.66,0.0
105,Steel,1,2,1.326636627316475,0.1033340709209442,0.0085920009265509,0.2062715782186564,0.0507227802276611,0.8651834155260372,0.0,0.0,0.0,0.0,0.0,0.0,0.0,0.0,0.0,0.0,0.0,0.0,0.0,0.0,0.0,17645913.52121242,291.2585956798092,0.3554091726892752,20449497.920127627,622.9837208463624,0.9778291197647752,0.0,0.0,0.0,0.0,0.0,0.0,4997.73,3681.0,1000000000000.0,0.0,5892.6,15885.95,0.0,0.0,4988.54,0.0
106,Steel,2,3,1.2795234888792038,0.1083093814849853,0.0116707169757442,0.3135280063058926,0.0840888494253158,0.7834489426655615,0.2063380505328948,0.0414406986534595,1.076316945192224,0.0,0.0,0.0,0.0,0.0,0.0,0.0,0.0,0.0,0.0,0.0,0.0,61302798.67450355,605.664739863081,0.1853883309275595,74908502.97985749,611.3785952713596,0.4156919961776416,80500688.52449258,599.2741549284176,1.0620407329072874,0.0,0.0,0.0,9139.23,3681.0,1000000000000.0,0.0,15158.68,18759.61,0.0,0.0,9308.61,0.0
107,Steel,3,3,1.428839734196663,0.086903870165348,0.0131489843513308,0.4886878355231153,0.0953744971752166,0.3507761813122072,0.3489959940417567,0.0269961882382631,0.554348354065699,0.2615083121650945,0.0817683634161949,0.9586005122696528,0.0,0.0,0.0,0.0,0.0,0.0,0.0,0.0,0.0,177710415.0901381,419.6762737782234,0.3133810323446352,207227273.8437852,252.6748405432352,1.135648221460264,144385576.5879174,685.5418047839205,1.2377971602725055,0.0,0.0,0.0,8088.63,3681.0,1000000000000.0,0.0,14429.31,24576.29,0.0,0.0,8386.01,0.0
108,Steel,5,2,1.324344363808632,0.1030183435678482,0.0435866083061824,0.3592550207365938,0.0903510618209838,0.1857959890426262,0.2772825680144535,0.0535552939772605,0.5183466968415253,0.2798070983174219,0.0886323595046997,0.6893156336272883,0.4648791353476214,0.0352021834254264,0.7546576637316821,0.1934093554638297,0.1049127495288849,0.9653607290626484,0.0,0.0,0.0,59848678.87833363,949.802444186341,0.1682721186499544,59551588.88269059,416.4413555664974,1.1919099261034245,0.0,0.0,0.0,0.0,0.0,0.0,4371.07,3681.0,1000000000000.0,0.0,8667.49,19313.53,0.0,0.0,4403.65,0.0
109,Steel,2,3,0.99300157725811,0.0819623304009437,0.0053456286085189,0.5842761018621486,0.0881339305639267,0.2125280376050078,0.5817193201380866,0.15,0.7715896759049092,0.0,0.0,0.0,0.0,0.0,0.0,0.0,0.0,0.0,0.0,0.0,0.0,61872250.40278776,729.7978936462978,0.1358977152362007,51784385.19422115,911.8196697156408,0.3296718890730145,43924290.11464732,321.7849422255303,0.8719597705124674,0.0,0.0,0.0,4168.65,3681.0,1000000000000.0,0.0,6929.41,62768.25,0.0,0.0,3949.95,0.0
110,Steel,3,3,1.2849414259195329,0.1283197059631347,0.0079054825177582,0.3903831037710511,0.1074597853422165,0.4180994570635072,0.285203914612864,0.112455341219902,0.8606068319805875,0.3378191216915015,0.0765904828906059,1.0289001837886635,0.0,0.0,0.0,0.0,0.0,0.0,0.0,0.0,0.0,38373161.96666375,810.5331253354628,0.1553249508428152,39023757.65466422,389.2909957077083,0.5672107586743327,23731881.18331888,531.5655703237985,1.052192218999096,0.0,0.0,0.0,4425.4,3681.0,1000000000000.0,0.0,6903.75,22127.02,0.0,0.0,4360.17,0.0
111,Steel,2,2,1.1329076111316685,0.0761459068655967,0.0117757885461034,0.4014719276790731,0.0698669186234474,0.6988261725880989,0.5413973908225955,0.0740185934305191,1.0004751175373197,0.0,0.0,0.0,0.0,0.0,0.0,0.0,0.0,0.0,0.0,0.0,0.0,243571435.68220183,166.46321813674578,0.4604873975778101,234636750.13796967,370.7661738127411,0.9824514512996622,0.0,0.0,0.0,0.0,0.0,0.0,8489.19,3681.0,1000000000000.0,0.0,11671.66,16583.07,0.0,0.0,8429.8,0.0
112,Steel,2,2,1.163295540213585,0.0559594240784645,0.0111006493271571,0.2305989855579017,0.0891557002067566,0.1163395540213585,0.2253270002316002,0.1348548811674118,0.6681301516609375,0.0,0.0,0.0,0.0,0.0,0.0,0.0,0.0,0.0,0.0,0.0,0.0,116723932.08606504,514.1636916642176,0.1882540996455158,102317618.94608144,208.29965901595472,0.9831863287261648,0.0,0.0,0.0,0.0,0.0,0.0,4165.24,3681.0,1000000000000.0,0.0,10962.46,27636.83,0.0,0.0,4210.15,0.0
113,Steel,2,2,0.4579926859587431,0.1123047887086868,0.0163055217951833,0.3492916628008402,0.0891952180862426,0.1333337504930531,0.3808260937290452,0.0873878407478332,0.3357020645630448,0.0,0.0,0.0,0.0,0.0,0.0,0.0,0.0,0.0,0.0,0.0,0.0,16892208.861606523,656.2925088422277,0.1546111561069426,14646548.757612877,307.3780185071386,0.4121934169048761,0.0,0.0,0.0,0.0,0.0,0.0,3885.64,3681.0,1000000000000.0,0.0,7323.6,217676.16,0.0,0.0,3815.4,0.0
114,Steel,1,4,1.4652403891086578,0.1289036445617676,0.023416910437748,0.3084826966883465,0.1452193439006805,0.9134129221001132,0.0,0.0,0.0,0.0,0.0,0.0,0.0,0.0,0.0,0.0,0.0,0.0,0.0,0.0,0.0,35181878.78235577,286.67914947482114,0.32376160167493,31309286.451096565,760.9546273075246,0.866263287253373,25548247.146530967,718.8597123773617,0.9437101542549894,26667883.14165208,772.6641826285789,1.2717397580354015,6577.15,3681.0,1000000000000.0,0.0,7167.8,16069.91,0.0,0.0,6738.71,0.0
115,Steel,3,4,1.232977020740509,0.1241819366216659,0.020617112988413,0.2853214556059467,0.15,0.4950624909143147,0.338128933173089,0.07433758020401,0.7529828952296602,0.3937788495759268,0.0938724768161773,0.9195158141080024,0.0,0.0,0.0,0.0,0.0,0.0,0.0,0.0,0.0,29818295.16457094,252.29895657437055,0.2067778745954529,23516085.02319691,541.2515202788148,0.7767026378005928,28964111.734907795,637.1481377803585,0.978995594143174,30067196.02857256,445.8112163199378,1.1096793174334811,5216.26,3681.0,1000000000000.0,0.0,8123.34,20813.21,0.0,0.0,5161.63,0.0
116,Steel,3,3,1.185717666149139,0.0811468671560287,0.0249762132348968,0.2530976746082286,0.0845913928747177,0.3311258203161437,0.5137236293062657,0.094220272898674,0.6512018396300852,0.2950703606855384,0.0308441429585218,0.7943382854918883,0.0,0.0,0.0,0.0,0.0,0.0,0.0,0.0,0.0,39281640.09470314,368.9745316945357,0.1586471791838515,36186005.2340123,360.5354347396527,0.5004469606675208,43807221.321994096,549.3837897986987,1.0058284523102472,0.0,0.0,0.0,5169.93,3681.0,1000000000000.0,0.0,13590.18,18580.02,0.0,0.0,5020.39,0.0
117,Steel,3,3,1.038472981750965,0.0770112814903259,0.0191810886007712,0.3112862981820452,0.0848814231157303,0.3064750119349189,0.249117548988788,0.1100083863735199,0.6356999732048649,0.2976179163156753,0.049266931861639,0.9346156835758688,0.0,0.0,0.0,0.0,0.0,0.0,0.0,0.0,0.0,24539797.180274576,700.6127411808945,0.1421854529699988,24325606.47743486,987.1216172346292,0.5469486953252298,21246605.59755553,284.9803864569769,0.9246146835758686,0.0,0.0,0.0,6068.48,3681.0,1000000000000.0,0.0,7700.3,16740.42,0.0,0.0,6171.62,0.0
118,Steel,1,3,0.8969080671668053,0.0441219335794448,0.0132696270483938,0.1735586599541074,0.1200041860342025,0.2580816480819802,0.0,0.0,0.0,0.0,0.0,0.0,0.0,0.0,0.0,0.0,0.0,0.0,0.0,0.0,0.0,8246843.868550173,325.9252714176964,0.0896908076135886,10154678.753186349,381.8050858288578,0.0935569453781181,10152954.606576145,887.3576472911343,0.6167011947746648,0.0,0.0,0.0,6263.04,3681.0,1000000000000.0,0.0,9577.69,26446.72,0.0,0.0,6026.82,0.0
119,Steel,5,3,2.1,0.0636955736875534,0.00891293254181,0.1689681541901455,0.15,0.4992292350414845,0.4808725202619891,0.0994245684146881,0.7819147106941295,0.3896672967284794,0.0606579354405403,1.015229030019008,0.3020153253544086,0.0704008594155311,1.3004400967153225,0.3807381744990284,0.0568030747771263,1.680249769776023,0.0,0.0,0.0,335968117.94154406,384.3400006228679,0.2827211390131093,420670053.4235612,314.48716143242245,0.9836826767034303,324962607.6209356,498.4858714971649,1.7198686702463215,0.0,0.0,0.0,4584.56,3681.0,1000000000000.0,0.0,7839.3,13054.82,0.0,0.0,4992.83,0.0
120,Steel,1,3,1.100923489034176,0.1050100251436233,0.0262583946010019,0.2811726428949849,0.1177822351455688,0.307986058527099,0.0,0.0,0.0,0.0,0.0,0.0,0.0,0.0,0.0,0.0,0.0,0.0,0.0,0.0,0.0,19222025.42622689,560.6856871927272,0.145762416202991,26452083.473256115,953.8999763465572,0.2365703404631181,25625371.723383088,504.1505912780834,0.7430392421842476,0.0,0.0,0.0,6211.79,3681.0,1000000000000.0,0.0,7582.36,26640.92,0.0,0.0,6439.51,0.0
121,Steel,5,3,1.427468764781952,0.1095877882242202,0.0428113092511728,0.3175473039666095,0.02,0.3559372902829946,0.345313896523606,0.0873946285247802,0.5136033563881299,0.3890418887712842,0.0555151483416557,0.7320482154478114,0.2789929324843832,0.0467142124474048,0.8891974383703044,0.1857518231368827,0.0984641134738922,1.1454783208299484,0.0,0.0,0.0,27649180.41184505,289.4611602731372,0.1680410514525651,35049357.3274618,688.401051338519,0.5967179956007083,39221740.53035744,387.8375033593183,1.2332899620367443,0.0,0.0,0.0,5519.41,3681.0,1000000000000.0,0.0,8588.41,15120.39,0.0,0.0,5491.76,0.0
122,Steel,6,4,2.006686416268349,0.0868498919010162,0.0354402574897453,0.2351264475043465,0.1035674834251403,0.2759012715524098,0.3122662082769603,0.0787424677610397,0.608010056589358,0.3038640720155908,0.0572662979364395,0.8215978722765753,0.4095181237141488,0.0986118251085281,1.224600755327649,0.3264513728185647,0.1194458758831024,1.3985352413180416,0.3334948907446652,0.087823234796524,1.7156646305426766,550000000.000001,411.3593553587104,0.2117576412444866,757654755.5277625,451.02967794367896,0.9502940321132683,646179104.3241343,344.48774678636084,1.2493949947263063,873101126.7494341,1099.9999999999995,1.7553693208852528,10007.19,3681.0,1000000000000.0,0.0,15284.94,25018.02,0.0,0.0,10804.12,0.0
123,Steel,2,3,1.3953641742467882,0.1267653266191482,0.0329559552276792,0.1842681192431894,0.1276061010360717,0.7158222575124463,0.4141089475201193,0.0980191731452942,1.0532645363233115,0.0,0.0,0.0,0.0,0.0,0.0,0.0,0.0,0.0,0.0,0.0,0.0,24005880.07990079,365.2937642752324,0.2696281473437023,19255187.96779241,677.7757956105843,0.8138564803448017,17136927.04809988,692.5043338959526,1.2558277554267452,0.0,0.0,0.0,4256.59,3681.0,1000000000000.0,0.0,6203.18,18840.34,0.0,0.0,4191.77,0.0
124,Steel,1,3,1.068231663107872,0.0570994974970817,0.009280539054258,0.1558461775536425,0.0412641060352325,0.4829915089042321,0.0,0.0,0.0,0.0,0.0,0.0,0.0,0.0,0.0,0.0,0.0,0.0,0.0,0.0,0.0,7080358.699789954,115.61759493619122,0.263973133623873,6101368.595777083,265.6931758989498,0.7952428406803977,8601853.485286737,181.336280728545,0.90991901959119,0.0,0.0,0.0,6561.6,3681.0,1000000000000.0,0.0,9856.88,13934.68,0.0,0.0,6645.33,0.0
126,Steel,3,4,1.5211103975772855,0.0467238721251487,0.0153658905368205,0.2563951129039187,0.0528451383113861,0.2988318846623593,0.2276953654902945,0.1051192808151245,0.6478673499812075,0.1779544623505611,0.1158994483947754,1.1195629701976424,0.0,0.0,0.0,0.0,0.0,0.0,0.0,0.0,0.0,43122079.28153686,262.9793712359577,0.1521110412788389,53687882.95249416,562.0106692535348,0.4222677139696363,56175838.94751401,1039.7944034088832,0.7408766065633129,38805353.23471441,846.7292870064349,1.3148987503613054,8081.17,3681.0,1000000000000.0,0.0,10765.86,15114.47,0.0,0.0,7362.11,0.0
127,Steel,2,3,1.103651037812233,0.0786267191171646,0.0212265738176956,0.4643126199019536,0.1096138972043991,0.1694648570600253,0.2380153176540074,0.1047811472415924,0.5159185606853869,0.0,0.0,0.0,0.0,0.0,0.0,0.0,0.0,0.0,0.0,0.0,0.0,49589481.35786185,373.91433197890177,0.1300616694719729,36267459.25521864,903.3834718637332,0.5858924238203655,48184632.9183418,143.82736720250736,0.8222363021135777,0.0,0.0,0.0,5629.29,3681.0,1000000000000.0,0.0,12858.2,15835.92,0.0,0.0,5625.34,0.0
128,Steel,2,4,1.554230231046677,0.0824702931642532,0.027642084009874,0.2820402831736968,0.0655368360877037,0.5940725495404626,0.5570048558362244,0.1044884669780731,1.144476666243962,0.0,0.0,0.0,0.0,0.0,0.0,0.0,0.0,0.0,0.0,0.0,0.0,36271570.177076206,402.421241689936,0.2031974815603458,30130678.123404864,955.4243347334644,0.7433871521441064,26610320.0226475,802.2851710206178,1.021498301608287,38032736.26040105,852.6163555883841,1.3409212776727706,5196.12,3681.0,1000000000000.0,0.0,10274.62,16409.06,0.0,0.0,5230.47,0.0
129,Steel,4,2,1.673094481229782,0.1215197480916977,0.0108603592763935,0.1813778460686006,0.0851485639810562,0.4728841598241031,0.1369095244967476,0.1290313327312469,0.6486437377465424,0.1773758844726679,0.1162378764152527,0.817623646058599,0.2810050943389971,0.1089837265014648,1.162980666078696,0.0,0.0,0.0,0.0,0.0,0.0,33969492.25875084,348.480258099143,0.3157207844464045,33670752.55613036,636.2115764683365,1.461680894653215,0.0,0.0,0.0,0.0,0.0,0.0,4317.03,3681.0,1000000000000.0,0.0,6831.19,12095.54,0.0,0.0,4326.38,0.0
130,Steel,6,3,0.9091834977269172,0.1085851848125457,0.0065192466460642,0.2491597489723318,0.0758893311023712,0.1531372107888936,0.3028084695321651,0.1489389139413833,0.2829160936968919,0.278156256692223,0.0559051433205604,0.425086837252717,0.2731930917615573,0.0722414743900299,0.5973206349033597,0.1481379165961994,0.02,0.7189940912046654,0.2404758376430354,0.0841785356402397,0.8182551479542257,17903685.117632806,586.7552598429022,0.1011785738525072,17637471.803902082,764.4748227412103,0.6482152925239189,21332547.553610925,428.7244086651994,0.8082541479542257,0.0,0.0,0.0,3847.02,3681.0,1000000000000.0,0.0,6769.18,26768.08,0.0,0.0,3851.96,0.0
131,Steel,1,2,1.0464275926351547,0.0661578162312507,0.0112467024486873,0.5016916849184936,0.0889522993564605,0.4550079367898025,0.0,0.0,0.0,0.0,0.0,0.0,0.0,0.0,0.0,0.0,0.0,0.0,0.0,0.0,0.0,30292797.414677467,386.5453861354496,0.1729457673057965,31900961.98763359,809.5687093041029,0.8225069557032065,0.0,0.0,0.0,0.0,0.0,0.0,3692.29,3681.0,1000000000000.0,0.0,15506.9,19853.57,0.0,0.0,3700.36,0.0
132,Steel,2,3,1.1439515620470049,0.0983968477249145,0.0151839504260741,0.4338958516940592,0.1081049728393554,0.2657901688423744,0.4465449966542855,0.0961218345165252,0.7888273326312307,0.0,0.0,0.0,0.0,0.0,0.0,0.0,0.0,0.0,0.0,0.0,0.0,55303453.09926911,395.8868200710357,0.1602515531093429,83207876.17258693,668.6699218442552,0.5273125119663312,57420888.39887487,643.9266573958845,0.9606613349135552,0.0,0.0,0.0,7324.75,3681.0,1000000000000.0,0.0,8495.84,31677.0,0.0,0.0,7363.55,0.0
133,Steel,1,4,1.6042373687028886,0.1173024100065231,0.0147428997303237,0.3102026226523678,0.0970334655046463,0.5049324973161059,0.0,0.0,0.0,0.0,0.0,0.0,0.0,0.0,0.0,0.0,0.0,0.0,0.0,0.0,0.0,19838515.10644121,358.3489770587699,0.1919303913823053,21286438.0410249,684.583277569152,0.6082885950542742,17859560.386013485,403.05902328428687,0.9749056223553833,20779021.92778658,686.9941540649481,1.3405300312233654,5757.62,3681.0,1000000000000.0,0.0,6721.1,13869.95,0.0,0.0,5780.56,0.0
134,Steel,2,3,0.7255908116698265,0.0785934561491012,0.0180080019556517,0.2959046480004006,0.0784319114685058,0.1452933541007548,0.2596296768062749,0.1300615483522415,0.5134538028980897,0.0,0.0,0.0,0.0,0.0,0.0,0.0,0.0,0.0,0.0,0.0,0.0,8053531.023525139,1099.9999999999995,0.1158388684851923,10440458.140308978,487.1923744923959,0.3585643297390238,8432299.794870295,458.0757019539968,0.6391031651484163,0.0,0.0,0.0,4357.31,3681.0,1000000000000.0,0.0,5185.13,60551.53,0.0,0.0,4398.47,0.0
135,Steel,4,3,1.0925452262163162,0.0905537106990814,0.0166939342164037,0.3401809930724193,0.1115966022014618,0.1787064609776639,0.1425611898237295,0.0643916273117065,0.3623902810267136,0.2688030768293005,0.0509201972186565,0.6268113359821967,0.2274364878590489,0.0839521485567093,0.9054578181962114,0.0,0.0,0.0,0.0,0.0,0.0,47037021.94961428,549.6467808877583,0.1381881105123529,48872866.26106309,594.0464565741488,0.4673582793525398,62001029.93019805,774.4849363431841,0.9234001222220946,0.0,0.0,0.0,7681.58,3681.0,1000000000000.0,0.0,10152.12,20659.21,0.0,0.0,7610.11,0.0
136,Steel,2,3,1.8573068767786027,0.0887251700162887,0.01849209897307,0.3778036594952288,0.1324805229902267,0.8738376503230882,0.2485636319189437,0.1019561767578125,1.3074176332605338,0.0,0.0,0.0,0.0,0.0,0.0,0.0,0.0,0.0,0.0,0.0,0.0,125093053.29479764,406.2406020635361,0.4634698152962173,99457462.01095372,776.0531156974101,0.9525403048108988,114519512.4849589,1099.9999999999995,1.5872900902231906,0.0,0.0,0.0,7756.96,3681.0,1000000000000.0,0.0,9628.79,14439.43,0.0,0.0,7725.54,0.0
137,Steel,4,4,0.8926539048552513,0.0925927137136459,0.0093233973515789,0.3637066375158721,0.0577829205989837,0.2121936232281857,0.307183372432018,0.02,0.3810984399827999,0.3420208643484314,0.1110905641317367,0.5760595786686407,0.2470084769430545,0.0809567785263061,0.8033785143697263,0.0,0.0,0.0,0.0,0.0,0.0,46407911.81375882,377.5042000484763,0.1219503282086292,51736147.13034278,368.86010560141057,0.4312048394402994,41610761.759554654,462.86584334943575,0.5245596705036538,58520854.83019512,210.23273757771244,0.7700668874553311,8806.54,3681.0,1000000000000.0,0.0,10192.64,23681.7,0.0,0.0,9058.39,0.0
138,Steel,5,4,1.4025422185659409,0.0794969816207885,0.0173712859281841,0.2438334832398078,0.02,0.3359699177910373,0.5428018998636005,0.1277889680862426,0.4604565161456474,0.2289368896235201,0.0515031246840953,0.6142454243206423,0.4745175172866416,0.1081992810964584,0.9044929213791276,0.2851909649610415,0.0921152329444885,1.0527374539719292,0.0,0.0,0.0,39617221.16168534,228.4445140699759,0.1951968661441159,38849131.967203885,736.5030536972764,0.8228821932430399,46874956.04941628,1099.9999999999995,0.9784917856821466,35382872.79216938,285.99821452628083,1.233420679798214,3838.55,3681.0,1000000000000.0,0.0,7708.09,18520.16,0.0,0.0,3747.99,0.0
139,Steel,4,2,1.4439444363117218,0.1087174072265625,0.0110182869687169,0.369662981443528,0.0886554658412933,0.2339537645787417,0.2195917829428302,0.0511361081898212,0.4990466690800471,0.2569719550214291,0.0745718786120414,0.7036489303442616,0.2122205680161781,0.1169581711292267,1.004233919889385,0.0,0.0,0.0,0.0,0.0,0.0,26121670.80401944,142.92923093590565,0.1651877361761738,28742640.91310896,473.73133780578144,1.2270016694392427,0.0,0.0,0.0,0.0,0.0,0.0,3851.46,3681.0,1000000000000.0,0.0,6372.9,13397.79,0.0,0.0,3877.89,0.0
140,Steel,6,3,1.0216153398156167,0.0482540892660617,0.0238343857409216,0.1827282222338117,0.0957139557600021,0.1830484929430323,0.2420862411043525,0.0557391914725303,0.265308319229674,0.2195608628267112,0.1339608860015869,0.4503762087147605,0.1612116298695754,0.0526088833808899,0.6065958311149826,0.2754878475387295,0.1132595145702362,0.7582666321245497,0.2829382034173897,0.0770100659132003,0.8854076119897979,19487802.95680328,289.5401985392507,0.1128275059283753,17939802.810374863,349.56027719986656,0.5854916272967878,16637546.09445104,538.7063471019709,0.9194538048124395,0.0,0.0,0.0,4280.32,3681.0,1000000000000.0,0.0,5314.63,12070.67,0.0,0.0,4375.44,0.0
141,Steel,2,2,1.4047314912080766,0.0910943905115127,0.0168412513246146,0.2068846607304395,0.1100534290075302,0.2873005485836541,0.3027702489714969,0.0848607808351516,1.0087977701150064,0.0,0.0,0.0,0.0,0.0,0.0,0.0,0.0,0.0,0.0,0.0,0.0,189691620.0441202,351.03935099131246,0.1625043300185438,169093024.06591734,203.55388003361287,1.2642583406825376,0.0,0.0,0.0,0.0,0.0,0.0,6335.4,3681.0,1000000000000.0,0.0,16939.27,30080.17,0.0,0.0,6206.51,0.0
142,Steel,5,4,1.6687603741884232,0.1127183498144149,0.06,0.2682533481001148,0.1025407236814499,0.2470172385475679,0.3481934093146728,0.1060516858100891,0.5406332672500083,0.2072758149108126,0.0933300203084945,0.928114522476985,0.2716240159406924,0.0554660066962242,1.2728361336117922,0.2422609932863236,0.15,1.418357183931774,0.0,0.0,0.0,43189742.470487855,194.32482161044408,0.1806498915831008,35033925.43933969,250.6831040682029,0.6297715693911317,30669119.23526301,696.0116070464941,0.9411514145735111,24938235.630736627,177.333327494003,1.4928967970083775,5497.16,3681.0,1000000000000.0,0.0,6562.11,12134.43,0.0,0.0,5513.35,0.0
143,Steel,2,2,0.9966350927948951,0.0745982435941696,0.0180299219164209,0.2330579107473874,0.0431343129277229,0.2366177029948662,0.2051063120521746,0.02,0.5320980527085167,0.0,0.0,0.0,0.0,0.0,0.0,0.0,0.0,0.0,0.0,0.0,0.0,9897561.146541178,438.33800726438506,0.137147545661907,10656094.32671887,112.11198447338782,0.8272332859007644,0.0,0.0,0.0,0.0,0.0,0.0,5599.19,3681.0,1000000000000.0,0.0,8324.97,21003.04,0.0,0.0,5588.14,0.0
144,Steel,6,3,1.2091634154319764,0.1104067512750625,0.0294747174374797,0.2813334870171174,0.0760831895470619,0.1513153648220751,0.2233642001388066,0.0813669121265411,0.2995732222940757,0.342138373844112,0.0970437324047088,0.5510211904983155,0.2429814424377335,0.0559026288986206,0.740739140699449,0.1371239958369074,0.0747565123438835,0.8572324462881924,0.360542175983262,0.0343662117421627,0.952814844351216,28872188.056967124,611.7324477979269,0.1655545595272445,37381586.56050524,634.3256623428937,0.6948827077863122,35582908.892002136,871.8522876452183,1.078270092646487,0.0,0.0,0.0,5212.07,3681.0,1000000000000.0,0.0,7778.22,16844.93,0.0,0.0,5184.22,0.0
145,Steel,1,3,0.9690705358982088,0.0497507345080375,0.0237757886617647,0.2475439916679927,0.0720221695303917,0.505206047904796,0.0,0.0,0.0,0.0,0.0,0.0,0.0,0.0,0.0,0.0,0.0,0.0,0.0,0.0,0.0,3325901.673270477,908.3657195232598,0.1262930169349073,3467076.633856625,1099.9999999999995,0.3604331209324475,2986668.014678576,731.4595199864268,0.7207512153393001,0.0,0.0,0.0,4075.09,3681.0,1000000000000.0,0.0,8208.54,13134.22,0.0,0.0,4068.85,0.0
146,Steel,1,2,0.8529434278607368,0.0724487195014953,0.0102033467525255,0.2185989317091793,0.0873776358366012,0.2868972764716687,0.0,0.0,0.0,0.0,0.0,0.0,0.0,0.0,0.0,0.0,0.0,0.0,0.0,0.0,0.0,23208427.67667532,510.3658225554528,0.1194989026856682,26276781.034260742,477.8369695754829,0.6095727008463163,0.0,0.0,0.0,0.0,0.0,0.0,8622.95,3681.0,1000000000000.0,0.0,11521.68,28638.05,0.0,0.0,8556.16,0.0
147,Steel,1,3,0.25,0.0652652514576912,0.0242700217789899,0.3675682090399475,0.0970331013202667,0.0757800332105159,0.0,0.0,0.0,0.0,0.0,0.0,0.0,0.0,0.0,0.0,0.0,0.0,0.0,0.0,0.0,5985106.437207098,154.71331733973432,0.0298174209651229,5625388.661160385,334.43186314467204,0.0998759795210896,8137480.386713358,329.549667035,0.1960354898664677,0.0,0.0,0.0,4218.88,3681.0,1000000000000.0,0.0,94764.73,375455.02,0.0,0.0,4262.79,0.0
148,Steel,3,2,1.739062997698784,0.1106687839031219,0.0258883493396576,0.2855642665306583,0.1419439160823822,0.2723610016121253,0.2277479986460932,0.0967793655395507,0.6883681799860463,0.3437903296680287,0.02,1.3404887919582575,0.0,0.0,0.0,0.0,0.0,0.0,0.0,0.0,0.0,252877977.43316853,199.33205589263088,0.2279313992340649,199426898.49788937,327.0107022381489,1.3957441917457964,0.0,0.0,0.0,0.0,0.0,0.0,7128.34,3681.0,1000000000000.0,0.0,14800.43,16347.19,0.0,0.0,6991.76,0.0
149,Steel,3,2,0.8663314133882523,0.0924459165334701,0.0234716632999987,0.2603121825483421,0.1033678096532821,0.2476522891893023,0.1980674884401326,0.097060717344284,0.4192567931821145,0.3215676591850308,0.02,0.6136305946637051,0.0,0.0,0.0,0.0,0.0,0.0,0.0,0.0,0.0,20140927.04444635,101.08545716821348,0.1115422853504566,20022161.248404533,647.2140436108605,0.6857329488075313,0.0,0.0,0.0,0.0,0.0,0.0,5246.73,3681.0,1000000000000.0,0.0,8741.66,32653.46,0.0,0.0,5280.22,0.0
150,Steel,2,3,1.5328097850084306,0.1151524965763092,0.0154624089098131,0.253584757921535,0.1066561776399612,0.5550586666557479,0.2506102072016066,0.0550143250823021,0.819446964911305,0.0,0.0,0.0,0.0,0.0,0.0,0.0,0.0,0.0,0.0,0.0,0.0,20062924.82070859,322.0400174871598,0.3036619934997431,18236575.35569958,454.8441845036035,0.8998684568480534,20883130.2990964,632.8597319227866,1.3052911660365334,0.0,0.0,0.0,4832.27,3681.0,1000000000000.0,0.0,6638.53,12593.43,0.0,0.0,4842.47,0.0
151,Steel,2,3,1.105700986087322,0.0783991597890853,0.016414814002697,0.1978827890230064,0.0823553550243377,0.3918346684737434,0.3473898047807772,0.111142441034317,0.7747193425312079,0.0,0.0,0.0,0.0,0.0,0.0,0.0,0.0,0.0,0.0,0.0,0.0,10393562.37085619,264.1840417577568,0.1377119786054683,10620492.480263457,442.4060318795063,0.3264522500823576,14268162.935450835,600.4924864247068,0.9348172765415628,0.0,0.0,0.0,3915.03,3681.0,1000000000000.0,0.0,8602.62,20572.1,0.0,0.0,3979.07,0.0
152,Steel,5,4,1.4676447957754135,0.0862180520892143,0.0214747022267161,0.272255430902717,0.1057763081789016,0.3202236610353637,0.3400713925898756,0.1087421947717666,0.659056341428227,0.2924043206396653,0.1142615097761154,0.905100073775484,0.4492819945825942,0.089344425201416,1.13665517842553,0.2265027236357992,0.0938667738437652,1.275708548511537,0.0,0.0,0.0,29468382.66340265,361.5310168732792,0.1706590371864002,29477025.894060016,161.18733655020338,0.453749049753793,25013975.73567035,768.0718823314,0.70053566539213,23405763.64399008,408.8943572128885,1.3082307901357122,3753.2,3681.0,1000000000000.0,0.0,7446.56,10865.74,0.0,0.0,3763.17,0.0
153,Steel,3,3,1.243592357635498,0.0562697387933731,0.0095162315285304,0.3195957416943059,0.15,0.3949957613612098,0.4063704693179419,0.0501025296747684,0.6969277074071034,0.4210453858113842,0.0743731501698494,0.8783422430920182,0.0,0.0,0.0,0.0,0.0,0.0,0.0,0.0,0.0,71306830.39850529,280.07090309502473,0.1864299652667014,60108420.01523518,503.796287628036,0.7189082852529146,60224579.82339398,854.6823408958343,1.0671182921293592,0.0,0.0,0.0,5019.56,3681.0,1000000000000.0,0.0,7387.61,21996.23,0.0,0.0,5280.64,0.0
154,Steel,2,2,1.0331881389021875,0.0979266210794449,0.0354403136995281,0.3337782645113226,0.0678375244140625,0.426203615056469,0.2639250428228922,0.0711204916238784,0.8058712301664868,0.0,0.0,0.0,0.0,0.0,0.0,0.0,0.0,0.0,0.0,0.0,0.0,46893754.2122388,476.7440390171045,0.1603315358524898,37337822.36960103,201.06640219741985,0.8229625132739065,0.0,0.0,0.0,0.0,0.0,0.0,6854.82,3681.0,1000000000000.0,0.0,11076.28,24702.76,0.0,0.0,6867.87,0.0
155,Steel,3,4,1.750075301527977,0.0822990142703056,0.0138793976326228,0.2201131543081956,0.0526436126232147,0.678503070084355,0.1474830991333281,0.1197531855106353,0.9434987263207544,0.2844946417827179,0.1307922261953354,1.5259424726025697,0.0,0.0,0.0,0.0,0.0,0.0,0.0,0.0,0.0,25395585.470334116,154.41287999708103,0.2773420526727544,30319926.321255334,352.56511764517955,0.9255304835045408,31044504.88368325,996.5941946960642,1.1405968754184888,30393396.23811604,326.1764199707043,1.575067769625104,6986.24,3681.0,1000000000000.0,0.0,8241.76,10400.04,0.0,0.0,6626.08,0.0
156,Steel,5,4,1.0905803501605988,0.0717520973086357,0.0361564558788204,0.3364388321572673,0.090135588645935,0.1823921766792512,0.3483639075735701,0.0883515578508377,0.3013594056789933,0.2977726607616162,0.1198080998659134,0.453533460879636,0.4187436907364322,0.0988440585136413,0.7499858596246309,0.2511554366891331,0.0761619269847869,0.8950159668851307,0.0,0.0,0.0,67688950.70307177,525.1981225713022,0.1703416884383953,56701135.16708933,144.82011522421087,0.693708401959285,73523520.25048293,692.8226372531873,0.8276703940777214,64898288.38279226,635.0014640176294,0.9529675637729702,5920.72,3681.0,1000000000000.0,0.0,10276.08,17514.98,0.0,0.0,5797.2,0.0
157,Steel,1,3,0.8709989726543427,0.1228613290786743,0.0251053287398195,0.3072270426282947,0.0887719506025314,0.3928551312162661,0.0,0.0,0.0,0.0,0.0,0.0,0.0,0.0,0.0,0.0,0.0,0.0,0.0,0.0,0.0,10921761.440320889,684.6307546882941,0.1455574121535821,14106724.665251328,743.6759200631473,0.4644415915527437,11772656.034582471,323.334815621541,0.6893354680339492,0.0,0.0,0.0,4981.46,3681.0,1000000000000.0,0.0,5877.28,36919.4,0.0,0.0,4983.8,0.0
158,Steel,5,3,1.3481365770101548,0.1042380788326263,0.0201796085943189,0.2863576403816272,0.1331251990795135,0.189998188876129,0.3237323955430823,0.1243111002445221,0.4060903487927828,0.2080974305377667,0.0657287263870239,0.6047294670183482,0.1956090457341602,0.0883370447158813,0.8429724835331972,0.4059446588991834,0.0645054039359092,0.9990784942799996,0.0,0.0,0.0,39909571.688080646,465.44696929792246,0.1746445410031856,46241367.45242737,858.5216193222105,1.047010272006883,49892511.76981389,695.8741098107939,1.2133229179610028,0.0,0.0,0.0,4479.67,3681.0,1000000000000.0,0.0,8548.61,16286.38,0.0,0.0,4419.36,0.0
159,Steel,4,3,0.9997572377324104,0.063199312210083,0.0035959616713184,0.3584570278237264,0.0725481060147285,0.099985723773241,0.4308484046013157,0.053819211423397,0.1973901866873139,0.4403444771480504,0.0931392496824264,0.500749566443054,0.480503489296871,0.0376768240332603,0.7743720590757721,0.0,0.0,0.0,0.0,0.0,0.0,231364435.75200915,660.020411176516,0.1376253340029055,180590679.1533076,364.1155995969546,0.6921754722820155,271750934.4011945,326.1013595230372,0.8997815129594121,0.0,0.0,0.0,7677.81,3681.0,1000000000000.0,0.0,15165.42,21732.39,0.0,0.0,7306.79,0.0
160,Steel,5,4,1.5850665122270584,0.094182209610939,0.0572763957828643,0.4037831307550296,0.0749622571468353,0.4057145768628584,0.3477999785635562,0.02,0.7603643834764766,0.353274080724423,0.0547440615296363,0.836533773153526,0.3517008044892022,0.1089078831672668,1.191303608324482,0.405194018657678,0.0818240410089492,1.3422014421565225,0.0,0.0,0.0,27285502.127220035,217.6878271168856,0.1921976518746289,35636360.5894945,431.68810049749766,0.7306462039963058,34574098.81848008,578.6576623226445,0.9785986663754846,37892745.43136047,1079.4292828713053,1.41713528060205,5591.85,3681.0,1000000000000.0,0.0,6393.13,13519.53,0.0,0.0,5509.73,0.0
161,Steel,3,4,0.9181038960814476,0.1019982961416244,0.0063240507825469,0.4699739213663824,0.0710832130908966,0.2762654415731516,0.211279957727706,0.1421673393249511,0.4827099824504648,0.3093855224994676,0.0375331203639507,0.6409950761732847,0.0,0.0,0.0,0.0,0.0,0.0,0.0,0.0,0.0,14318186.757991558,310.74642764139725,0.1435796198224866,16944024.22584822,756.9960575366133,0.3712130477622963,14156695.43701769,708.1013910683034,0.5626609345221407,12596535.181947906,1087.425353746607,0.800825572945155,4723.74,3681.0,1000000000000.0,0.0,7510.58,37107.44,0.0,0.0,4699.24,0.0
162,Steel,2,2,1.6324232339859008,0.1237527512311935,0.0472218624335104,0.2955240763644192,0.0609012377262115,0.3476289765861522,0.3075870549659563,0.0503286223113536,0.917051664439128,0.0,0.0,0.0,0.0,0.0,0.0,0.0,0.0,0.0,0.0,0.0,0.0,47326996.55972556,461.8526452553796,0.1632423250310133,51696460.35031865,314.9119546275778,1.2994087858175412,0.0,0.0,0.0,0.0,0.0,0.0,6014.68,3681.0,1000000000000.0,0.0,8809.09,14209.56,0.0,0.0,5932.78,0.0
163,Steel,1,3,1.089993004500866,0.0705716004967689,0.0281780467688088,0.3005729304078415,0.0512626622617244,0.9723105887615168,0.0,0.0,0.0,0.0,0.0,0.0,0.0,0.0,0.0,0.0,0.0,0.0,0.0,0.0,0.0,21822385.144529544,308.41895629592625,0.193488753043321,19007238.65100346,326.4390810404098,0.4103438007665498,18386539.104820967,1099.9999999999995,0.782286604192248,0.0,0.0,0.0,4146.86,3681.0,1000000000000.0,0.0,14517.41,22214.38,0.0,0.0,4328.77,0.0
164,Steel,2,2,1.0525043293833731,0.1065971680879593,0.0123103223899263,0.1957586399362662,0.1187445497512817,0.134899253884397,0.2802964822828281,0.0290188556909561,0.6893835659577642,0.0,0.0,0.0,0.0,0.0,0.0,0.0,0.0,0.0,0.0,0.0,0.0,17221069.290216826,801.1559335493291,0.15973034569364,14606722.305361625,316.73379866145217,0.8372441666180198,0.0,0.0,0.0,0.0,0.0,0.0,4935.46,3681.0,1000000000000.0,0.0,5748.59,25085.26,0.0,0.0,4979.53,0.0
165,Steel,3,4,1.1500119239091875,0.0993429210186004,0.0247205590252423,0.3599127144785132,0.0826750895380974,0.1406129842085793,0.1966101782681131,0.0539443668723106,0.5238692144017405,0.2051205579805669,0.0739906015992164,0.840160615124792,0.0,0.0,0.0,0.0,0.0,0.0,0.0,0.0,0.0,23579951.74813257,286.7138341580843,0.1618161562823045,20804211.27955057,358.5143036650812,0.7160508743163114,17437439.34657631,1099.9999999999995,0.9036995193820346,18563136.353937674,233.00982471634063,1.035010730368257,4812.15,3681.0,1000000000000.0,0.0,9862.7,20581.62,0.0,0.0,4860.36,0.0
166,Steel,5,2,1.3823021978139878,0.1120823330879211,0.0438183242939973,0.2084761204953635,0.1088335043191909,0.1382402197813988,0.4184908860094432,0.0581388953328132,0.2863205109784218,0.3345477368284422,0.0761510440707206,0.4608086760375199,0.1545321595144396,0.107706229686737,0.6421589502444278,0.2767078984046837,0.0838071605563163,0.9942499407343806,0.0,0.0,0.0,25539977.061410543,501.49364262628194,0.2154009745263219,26221794.053694867,268.90969904200034,1.0568357111085855,0.0,0.0,0.0,0.0,0.0,0.0,3728.37,3681.0,1000000000000.0,0.0,5269.08,14530.38,0.0,0.0,3738.04,0.0
167,Steel,3,3,1.3715018302202224,0.0794501764774322,0.0110273254900217,0.344196930450512,0.0884917068481445,0.3730132558979317,0.251006769874638,0.0960587376356125,0.7202989419634475,0.3379010649102009,0.0578596317768096,1.0726602971872228,0.0,0.0,0.0,0.0,0.0,0.0,0.0,0.0,0.0,151796858.48817337,252.27146311118904,0.4025359420938822,165272208.47611642,311.36109401201674,0.7925847306543318,170742551.06376106,169.05724659025313,1.151378637323445,0.0,0.0,0.0,10206.17,3681.0,1000000000000.0,0.0,14774.23,18989.56,0.0,0.0,9866.68,0.0
168,Steel,1,2,1.1831059545278548,0.099670167684555,0.0522222157431844,0.3199650632491501,0.0247031657025218,0.8036676845379529,0.0,0.0,0.0,0.0,0.0,0.0,0.0,0.0,0.0,0.0,0.0,0.0,0.0,0.0,0.0,14915714.868403412,566.6535416573879,0.2610131191493826,11154184.260859825,445.5091158684141,0.95477028930757,0.0,0.0,0.0,0.0,0.0,0.0,5386.72,3681.0,1000000000000.0,0.0,7077.88,22005.66,0.0,0.0,5394.07,0.0
169,Steel,1,4,1.4346096485853197,0.1045364383459091,0.0327753120709143,0.2302717993829555,0.0685669896006584,0.7851435837033276,0.0,0.0,0.0,0.0,0.0,0.0,0.0,0.0,0.0,0.0,0.0,0.0,0.0,0.0,0.0,18799691.60131012,159.17761269401356,0.1974311806883169,19644725.82011397,380.21572397593343,0.7547351878125413,17749361.433057923,1099.9999999999995,0.9530114008450922,19847897.6663108,287.4837107379545,1.281122022805228,7573.02,3681.0,1000000000000.0,0.0,8882.25,15157.25,0.0,0.0,7446.09,0.0
170,Steel,3,2,1.0357617527246474,0.081773874104023,0.0346263604398956,0.3403855149643766,0.0787873670458793,0.2530369899899825,0.4503254356576353,0.085772698521614,0.673696351407902,0.2496854915670361,0.1107969772815704,0.821667765650715,0.0,0.0,0.0,0.0,0.0,0.0,0.0,0.0,0.0,27548600.760929167,606.1980834090033,0.1436197374801452,30975472.841547538,302.70829544082744,0.9127250785951162,0.0,0.0,0.0,0.0,0.0,0.0,3873.34,3681.0,1000000000000.0,0.0,8094.3,25744.97,0.0,0.0,3862.91,0.0
171,Steel,2,3,1.5855989992618562,0.0910091425180435,0.0226831195292081,0.429880955503802,0.1257458937168121,0.7056134368140308,0.4013344552931976,0.0654032734036445,1.0912533980112515,0.0,0.0,0.0,0.0,0.0,0.0,0.0,0.0,0.0,0.0,0.0,0.0,221061377.02830312,655.8886381193344,0.2832559640018156,258051363.1468672,365.83652824273264,0.8114562975362741,219838470.1680027,663.9927312913138,1.4270390977500715,0.0,0.0,0.0,9906.17,3681.0,1000000000000.0,0.0,14754.49,20423.88,0.0,0.0,10438.38,0.0
172,Steel,2,3,0.9646309018135072,0.0469400771856308,0.0243711806261818,0.3275398783142543,0.0502833414077758,0.4529001409752365,0.4434326417082662,0.0951934820413589,0.7234426291313115,0.0,0.0,0.0,0.0,0.0,0.0,0.0,0.0,0.0,0.0,0.0,0.0,21854431.74332277,800.157702049934,0.1347846456929323,28494970.67275229,403.1788350355793,0.3584532941310274,24037085.156618744,1099.9999999999995,0.8281115381467972,0.0,0.0,0.0,4020.79,3681.0,1000000000000.0,0.0,10636.84,27915.85,0.0,0.0,3978.63,0.0
173,Steel,2,2,1.4250962257385251,0.0458215294778347,0.0129575571583552,0.2588633069737442,0.0683197626471519,0.1993926697387794,0.1750991179950214,0.0508834901452064,0.9191999433720288,0.0,0.0,0.0,0.0,0.0,0.0,0.0,0.0,0.0,0.0,0.0,0.0,80640369.37712038,544.3247171354324,0.1599075248469151,69207327.1244533,355.5771575860941,1.1004461125235718,0.0,0.0,0.0,0.0,0.0,0.0,4755.78,3681.0,1000000000000.0,0.0,11591.62,13850.08,0.0,0.0,4731.47,0.0
174,Steel,2,2,1.5626878321170807,0.1365369540452957,0.0133093690269549,0.341362611213799,0.1447975176572799,0.8158263954472682,0.2281057918690713,0.0653236719965934,1.3429962481978786,0.0,0.0,0.0,0.0,0.0,0.0,0.0,0.0,0.0,0.0,0.0,0.0,97905562.5424214,262.40481790373514,0.442694417309519,114964904.12445238,340.254328366997,1.221355291761199,0.0,0.0,0.0,0.0,0.0,0.0,7359.37,3681.0,1000000000000.0,0.0,8160.83,12720.33,0.0,0.0,7534.5,0.0
175,Steel,6,3,1.0617641344666482,0.0718141458630561,0.0067705529135517,0.2712532864578421,0.0296192669123411,0.2244179029922508,0.3049447620139003,0.1115202242136001,0.3023773970962146,0.2627616235852812,0.0671686145663261,0.5183444303420746,0.2777025568403763,0.0663624110817909,0.5920315345963214,0.2706295554364487,0.06072289198637,0.7424258563018471,0.3534885485125106,0.0531328827142715,0.8800868696481476,57566168.092595,543.592430642751,0.1197955779806201,51906331.44087988,383.1750084965545,0.3635247508726322,72987790.36122167,500.4853223882471,0.9301140417567556,0.0,0.0,0.0,6157.35,3681.0,1000000000000.0,0.0,11086.54,18889.16,0.0,0.0,6204.27,0.0
176,Steel,2,3,1.5259735733270643,0.0738330345153808,0.0041685850030963,0.2785937497686191,0.0899848318099975,0.6723906774939505,0.3680584323422324,0.0370507329702377,0.9375540002802122,0.0,0.0,0.0,0.0,0.0,0.0,0.0,0.0,0.0,0.0,0.0,0.0,60142524.87038189,461.47443296523386,0.378803632006087,51519639.58526673,889.0039552958953,1.0070680969569883,49084760.661403485,604.5776898453261,1.3298456806524377,0.0,0.0,0.0,6863.85,3681.0,1000000000000.0,0.0,10105.21,17188.3,0.0,0.0,6983.12,0.0
177,Steel,5,2,0.5099306680262089,0.0992411600351333,0.0099422751961382,0.3309634784103496,0.0626756525039672,0.0590056614880921,0.3065550134459327,0.0761322227120399,0.1440843832023704,0.202075465457003,0.103565034866333,0.2377951749312617,0.3651920728276437,0.0944173198938369,0.3460677455484217,0.234022336858766,0.104220163822174,0.4528160497820722,0.0,0.0,0.0,33685367.80701918,495.23056338865314,0.0785324907719584,34215098.96915575,637.8358174358164,0.4247884483778318,0.0,0.0,0.0,0.0,0.0,0.0,4920.58,3681.0,1000000000000.0,0.0,7103.6,67102.46,0.0,0.0,4903.54,0.0
178,Steel,3,3,1.005462920665741,0.1405177611112594,0.0130009928938045,0.4066066785360241,0.0746672058105468,0.3496860296923404,0.2281070487052551,0.0983247470855712,0.5005812660906086,0.1712465160429633,0.06961713463068,0.8285724132395271,0.0,0.0,0.0,0.0,0.0,0.0,0.0,0.0,0.0,12645931.308046771,265.6455973716716,0.1301225870334076,14001614.982785763,151.49350627252926,0.4053706968268452,14479818.766332896,870.2717313463763,0.8777156705590244,0.0,0.0,0.0,3901.76,3681.0,1000000000000.0,0.0,5474.25,34798.81,0.0,0.0,3924.15,0.0
179,Steel,3,2,1.1412439167499544,0.0896760507822036,0.0239767950789622,0.3755495587818393,0.0441389968991279,0.1172311477309703,0.3022773700507076,0.02,0.3924461074611342,0.2634277866093197,0.1010755401849746,0.8320461865267461,0.0,0.0,0.0,0.0,0.0,0.0,0.0,0.0,0.0,34144270.03407654,687.1619709805935,0.1467669929932792,38359085.67811132,166.08801331692746,0.9152716638113728,0.0,0.0,0.0,0.0,0.0,0.0,6351.48,3681.0,1000000000000.0,0.0,7846.38,19578.18,0.0,0.0,6452.57,0.0
180,Steel,2,4,0.916122369468212,0.1031666642427444,0.0170209123620755,0.2377683381530711,0.04363684669137,0.3635253866264232,0.259099706748069,0.1342313975095748,0.7645843884848209,0.0,0.0,0.0,0.0,0.0,0.0,0.0,0.0,0.0,0.0,0.0,0.0,13016627.745081857,530.1304313899318,0.1135736810595282,13287256.204373289,190.63689575270527,0.4024239182828776,17103250.36124212,203.8977326026115,0.6657480154137163,17705021.55421656,404.9013670590244,0.8245101316052685,6415.32,3681.0,1000000000000.0,0.0,7737.18,32745.55,0.0,0.0,6290.41,0.0
181,Steel,1,4,1.411759239435196,0.0768246703147888,0.0425105190617724,0.2494177230837617,0.1428397631645202,0.9557144371292948,0.0,0.0,0.0,0.0,0.0,0.0,0.0,0.0,0.0,0.0,0.0,0.0,0.0,0.0,0.0,30482109.41302868,87.90488059195448,0.4217222784810238,30917867.806077518,315.6284748031389,0.813675451802778,32867051.88830404,547.1788761307057,0.9854333135016202,47496950.88521367,244.41144459414025,1.203890121113939,8738.76,3681.0,1000000000000.0,0.0,10838.52,19299.26,0.0,0.0,8502.43,0.0
182,Steel,5,4,1.9340685933828357,0.115237312912941,0.0565633049106693,0.2501704966268837,0.0952014631032943,0.3452746430674821,0.344285283676398,0.1195278173685073,0.4889266990288687,0.2190933115972569,0.0846208840608596,0.8040220780521692,0.1228264772526524,0.0547722432017326,1.163646265793662,0.2456030451625521,0.0856851780414581,1.4897732978619789,0.0,0.0,0.0,36792743.695838764,235.0129250271169,0.2616840716653604,35053562.56003156,213.01415660432204,1.3404168652631543,46945784.44212831,480.5250167298513,1.4629327408617532,30975039.852684487,233.12847338363304,1.7087858730515526,4257.23,3681.0,1000000000000.0,0.0,9181.64,12140.11,0.0,0.0,4361.14,0.0
183,Steel,4,2,0.6012792102992535,0.0824951557517051,0.0150990574052069,0.3883692750929557,0.0588797277212142,0.1383618914960698,0.4047377772994091,0.0930627012252807,0.2467742451783339,0.5493183031502703,0.0821370381116867,0.3673164394244401,0.1987817463086594,0.0781616905331611,0.5110479230855549,0.0,0.0,0.0,0.0,0.0,0.0,32757835.03089019,476.75975277875233,0.102953977346896,43726052.083481744,105.36673262568668,0.5411512886680488,0.0,0.0,0.0,0.0,0.0,0.0,4115.55,3681.0,1000000000000.0,0.0,17914.14,46729.83,0.0,0.0,4095.96,0.0
184,Steel,4,2,1.5667301684617996,0.0978464937210083,0.0109656720370885,0.1475414942067476,0.1036511993408203,0.2987814683286089,0.3136813685637062,0.15,0.6482431530828021,0.2812207315478353,0.094543753862381,1.01402626204651,0.2808174745931906,0.0762620893120765,1.3214123085896137,0.0,0.0,0.0,0.0,0.0,0.0,93350487.28484128,581.4604907235141,0.217117499912409,88928695.73720418,555.9861993166396,1.4100571500488897,0.0,0.0,0.0,0.0,0.0,0.0,3722.0,3681.0,1000000000000.0,0.0,11792.98,16162.02,0.0,0.0,3710.38,0.0
185,Steel,2,4,1.2523429423570631,0.0963638286590576,0.0349494634488308,0.3474760484584328,0.1310196012258529,0.3900943675291292,0.2953753869972096,0.0989416134357452,0.6586113496051555,0.0,0.0,0.0,0.0,0.0,0.0,0.0,0.0,0.0,0.0,0.0,0.0,40399121.355928905,492.9623727854593,0.1974281148029847,38116953.31465222,475.2336713279025,0.5514947026875291,45065076.147866346,432.3311624323701,0.773995800286744,45091047.32086057,279.1570728195749,1.0199975740626026,7197.68,3681.0,1000000000000.0,0.0,12953.6,18531.11,0.0,0.0,7108.11,0.0
186,Steel,2,4,1.500414416193962,0.0559450693726539,0.0333355367103032,0.201721112641884,0.0791741231083869,0.3656290380421618,0.4028134678440166,0.0386728082597255,1.0427804649607848,0.0,0.0,0.0,0.0,0.0,0.0,0.0,0.0,0.0,0.0,0.0,0.0,52512644.34900884,253.23889656359168,0.1738198046420543,49757088.87912187,543.5195254328909,0.4401092620877281,57169688.72363216,813.5278128537861,0.6705908302664401,64172100.64319091,1089.4478273495938,1.2515981271297285,7585.11,3681.0,1000000000000.0,0.0,17017.13,20826.64,0.0,0.0,7203.39,0.0
187,Steel,3,3,0.89919553399086,0.0815208470225334,0.0211440168327667,0.2906657314911289,0.0682476812601089,0.2655060310541041,0.2081211730399911,0.1199199974536895,0.6521605206983303,0.2750796822637283,0.0547208002209663,0.7469104546553115,0.0,0.0,0.0,0.0,0.0,0.0,0.0,0.0,0.0,10900788.82837168,262.15357100693865,0.1396955632016898,8548145.149198487,434.4268884814887,0.5475485518997193,10436308.79058919,1099.9999999999995,0.7713110658563634,0.0,0.0,0.0,4512.93,3681.0,1000000000000.0,0.0,5675.42,34139.31,0.0,0.0,4529.3,0.0
188,Steel,2,2,1.0247953206300735,0.0412783031761646,0.0113734528574758,0.1684366291036117,0.10872587621212,0.676183107897002,0.3344308991079482,0.02,0.764515338864501,0.0,0.0,0.0,0.0,0.0,0.0,0.0,0.0,0.0,0.0,0.0,0.0,18149161.40396048,464.4731612659876,0.2490615984972505,18096312.534279782,408.4266631176758,0.860347051039751,0.0,0.0,0.0,0.0,0.0,0.0,4653.32,3681.0,1000000000000.0,0.0,13052.97,19745.58,0.0,0.0,4618.67,0.0
189,Steel,2,4,0.8047842815518379,0.0878620764017105,0.0463518600910718,0.3662179338995804,0.0566376110911369,0.421897449313915,0.3655815124208577,0.0822356933355331,0.5987157642966716,0.0,0.0,0.0,0.0,0.0,0.0,0.0,0.0,0.0,0.0,0.0,0.0,11554189.296814311,297.2252667241562,0.1212513714935394,11667671.187621212,280.9038497067502,0.3319916633763656,9406191.254904298,887.6332575422248,0.4692239663637559,9527682.048183637,752.5079194144955,0.694169000454514,4360.02,3681.0,1000000000000.0,0.0,11230.94,33134.51,0.0,0.0,4385.77,0.0
190,Steel,2,2,1.534472966194153,0.0986722024679184,0.013456249382652,0.2252048726083121,0.1464123886823654,0.7121211096083997,0.2118979946862459,0.1209779453277588,0.944621812089066,0.0,0.0,0.0,0.0,0.0,0.0,0.0,0.0,0.0,0.0,0.0,0.0,189754407.55529237,285.56465146759325,0.2978369751221622,233665517.76379764,891.974126872232,1.2356442906038017,0.0,0.0,0.0,0.0,0.0,0.0,6694.76,3681.0,1000000000000.0,0.0,18015.59,19145.55,0.0,0.0,6651.13,0.0
191,Steel,1,4,1.2801471680402756,0.1348192476034164,0.0543175935023293,0.2388312019319101,0.0635484707355499,0.4678678796055482,0.0,0.0,0.0,0.0,0.0,0.0,0.0,0.0,0.0,0.0,0.0,0.0,0.0,0.0,0.0,9935641.026611917,383.9096808487405,0.2026211055321722,9987112.204281796,424.527822917905,0.4390426001231604,10625984.423786614,385.6596453829993,0.8871012103036269,10198896.919977453,216.41940538558487,1.0664911739501477,4720.64,3681.0,1000000000000.0,0.0,5506.49,23243.44,0.0,0.0,4811.84,0.0
192,Steel,6,4,1.097978986799717,0.1265937134027481,0.0162617071692695,0.2550129663862938,0.0896111243963241,0.1822377806131221,0.3260204615069456,0.0877139097452163,0.3398916746027183,0.2158822114767105,0.109667083621025,0.4626373138672346,0.1802374039624905,0.0932956397533416,0.6138556246737219,0.2861393473474388,0.1030026334524154,0.7975431755903089,0.1917779754579498,0.1028774857521057,0.9278891041758732,14071907.152645633,622.0430921896874,0.125132566260194,12618075.468760837,725.8693228427718,0.4763377759937809,11578283.30330408,1099.9999999999995,0.6536094933949775,15403328.14485264,369.8616222561614,0.98774288758408,3862.0,3681.0,1000000000000.0,0.0,4690.35,23835.32,0.0,0.0,3806.29,0.0
193,Steel,1,3,1.001856641471386,0.0907665767669677,0.0096627324691702,0.1598659575774016,0.0395713421702385,0.823840065182881,0.0,0.0,0.0,0.0,0.0,0.0,0.0,0.0,0.0,0.0,0.0,0.0,0.0,0.0,0.0,17037080.366666786,298.0975884437888,0.2177637915455904,13557492.003132597,809.3088576173412,0.3930703335579279,11212020.420978531,342.2117004443507,0.6861825460209564,0.0,0.0,0.0,4661.52,3681.0,1000000000000.0,0.0,9290.83,26186.17,0.0,0.0,4572.13,0.0
194,Steel,1,3,0.8784974575042724,0.0872590856552124,0.0139151822902389,0.2954270624751097,0.0386816300451755,0.3872912050868415,0.0,0.0,0.0,0.0,0.0,0.0,0.0,0.0,0.0,0.0,0.0,0.0,0.0,0.0,0.0,10899012.867718156,460.5240271767441,0.1141719189078092,13044837.796882086,939.0607074867778,0.318818456461382,12116683.823775614,298.0891263039809,0.671472450502755,0.0,0.0,0.0,6863.26,3681.0,1000000000000.0,0.0,8738.13,27288.87,0.0,0.0,6875.41,0.0
195,Steel,2,3,1.1939321249723434,0.0342952815443277,0.0138601163732374,0.2906430582764192,0.0536650878190994,0.1868861097723367,0.1130899356804062,0.1047732901573181,0.7291327833523048,0.0,0.0,0.0,0.0,0.0,0.0,0.0,0.0,0.0,0.0,0.0,0.0,26946288.69272855,265.9337296681541,0.2038398232772346,26725184.265775345,48.87639940017007,0.6992816016032279,29050584.542361755,219.44368339962983,1.002984461155734,0.0,0.0,0.0,6679.21,3681.0,1000000000000.0,0.0,11638.91,20331.14,0.0,0.0,8682.03,0.0
196,Steel,5,3,1.2232342392206192,0.089782365322113,0.0190965955728949,0.1837435685759954,0.1274038237333297,0.2533726545366535,0.3223909450717959,0.0845286640524864,0.4477455553546327,0.4321207546139411,0.0524542309343814,0.645498432851324,0.2165972756973236,0.093166811466217,0.785866136414507,0.4502960494667938,0.1349486857652664,1.0746608715837282,0.0,0.0,0.0,49571341.81005633,906.0311727082164,0.1390707972190156,56845146.48070984,536.2573221288778,0.5309424636750111,55015005.82804463,191.9027722480306,1.0267148142091842,0.0,0.0,0.0,4628.67,3681.0,1000000000000.0,0.0,7663.69,15277.61,0.0,0.0,4820.55,0.0
197,Steel,6,3,1.7114701569080353,0.1103705005645752,0.0053489531714445,0.2651780887403962,0.0696600037813186,0.2289319911656031,0.233024321988445,0.1416305005550384,0.5084999409204859,0.4000011429413025,0.1138834011554718,0.969642648733292,0.2590157858003545,0.0579420420527458,1.1217523868941734,0.489889665113323,0.0559512281417846,1.4565897463369373,0.4831766851120833,0.1054755616188049,1.5403131412172322,100139608.08271527,763.1597333249194,0.2540613439715529,60582438.48461234,350.7990658995292,1.184187910111845,88605770.23869568,336.33978427854225,1.5098905507061762,0.0,0.0,0.0,5763.53,3681.0,1000000000000.0,0.0,6592.8,10197.57,0.0,0.0,5368.75,0.0
198,Steel,5,4,1.639527288079262,0.1108589837551117,0.0268696985093388,0.2776624073589844,0.1075464689731598,0.1639627288079262,0.3050973153824398,0.0600872430205345,0.3625432801926206,0.2582788523707441,0.047919740229845,0.5285900315820847,0.2854004656068021,0.0501913383603096,0.9589685945112602,0.4029303773665174,0.02,1.1980207777146783,0.0,0.0,0.0,28584031.066590123,309.364030125028,0.1925780515665403,33391707.422763176,259.8571495966486,0.993485681204989,35519766.91434272,954.4051584877536,1.1610218669456445,32458096.81302584,446.03040547766375,1.4457624284278117,4725.25,3681.0,1000000000000.0,0.0,8539.9,12468.88,0.0,0.0,4659.45,0.0
199,Steel,6,2,0.6680311024188996,0.0929913868904113,0.0315655060388127,0.2084217042736971,0.1163880056142807,0.0948138367715383,0.4561367270413571,0.0924654000997543,0.2210730370999099,0.3094736449521171,0.0954376095533371,0.3315164020093595,0.2819744445151718,0.0691328972578048,0.4212505608541579,0.4493120939066252,0.0848275354504585,0.5058771552981538,0.2447482008106083,0.0708544394373893,0.5893790263621924,57018280.2040991,672.8074754639063,0.1300658640133218,55903239.98225408,229.9821229367999,0.6012279915089785,0.0,0.0,0.0,0.0,0.0,0.0,4774.13,3681.0,1000000000000.0,0.0,9335.31,42255.81,0.0,0.0,4809.33,0.0
