rank,material,n_disks,n_bearings,L,OD,ID,d0_OD,d0_W,d0_pos,d1_OD,d1_W,d1_pos,d2_OD,d2_W,d2_pos,d3_OD,d3_W,d3_pos,d4_OD,d4_W,d4_pos,d5_OD,d5_W,d5_pos,b0_K,b0_C,b0_pos,b1_K,b1_C,b1_pos,b2_K,b2_C,b2_pos,b3_K,b3_C,b3_pos,cs1_pred,cs1_lo,cs1_hi,cs1_dev_pct,cs2_pred,cs2_lo,cs2_hi,cs2_dev_pct,cs3_pred,cs3_lo,cs3_hi,cs3_dev_pct,joint_err,joint_err_truth,cs1_ross,cs1_relerr_truth_pct,cs2_ross,cs2_relerr_truth_pct,cs3_ross,cs3_relerr_truth_pct
0,Steel,2,3,1.950554519891739,0.0608518142104148,0.0339925112747368,0.2309364863917391,0.0468259453773498,0.359251896761549,0.425122939857277,0.0933214581012725,0.8307738669951614,0.0,0.0,0.0,0.0,0.0,0.0,0.0,0.0,0.0,0.0,0.0,0.0,41249663.06004699,978.666255009604,0.2256137131431917,32042125.458138365,418.02044287968505,0.6656232436278461,29318092.504338164,609.0091007670937,1.4760933951111015,0.0,0.0,0.0,3739.37,3000.0,4500.0,0.0,6895.9,6000.0,9000.0,0.0,14197.23,14000.0,22000.0,0.0,0.0,0.0,3916.21,0.0,7275.12,0.0,14031.51,0.0
2,Steel,5,4,1.3547482818365095,0.0989136255979538,0.0495934777114793,0.1881741504498796,0.129175061583519,0.1935827041040625,0.3878795522785632,0.0576768499612808,0.4032707832502375,0.3165179701652055,0.073831278681755,0.6869705278109361,0.3909400802927743,0.0873553121089935,0.8715122295687094,0.1710564867412611,0.0700467094779014,1.0639113033918266,0.0,0.0,0.0,17045333.329500046,83.51925438182815,0.2208121628785489,17997322.06370967,184.16272809080223,0.9573765702038384,17459418.792713832,432.4375949011739,1.161963478416062,17256093.399613436,219.83674235160845,1.2192734522981103,3600.94,3000.0,4500.0,0.0,6707.46,6000.0,9000.0,0.0,15092.86,14000.0,22000.0,0.0,0.0,0.0,3587.19,0.0,6704.7,0.0,15875.84,0.0
3,Steel,1,4,1.7175430893898012,0.0805509395003318,0.0265750772472521,0.3151737148167447,0.0761368563771247,1.0336747749938833,0.0,0.0,0.0,0.0,0.0,0.0,0.0,0.0,0.0,0.0,0.0,0.0,0.0,0.0,0.0,34563972.35836806,423.0892855926057,0.6760481778767896,35402907.90309891,721.7641322324655,1.253082933482503,28307449.652791224,377.6566341173025,1.3070082740353124,30180679.67338011,950.869602635598,1.5009489998281071,4374.34,3000.0,4500.0,0.0,8123.97,6000.0,9000.0,0.0,15112.69,14000.0,22000.0,0.0,0.0,0.0,4325.83,0.0,8257.05,0.0,14834.12,0.0
4,Steel,2,4,1.4395307153463364,0.0403317008912563,0.032265360713005,0.2810894321047674,0.09639404296875,0.1460924697868615,0.1448656724701171,0.0696530726552009,1.0219758842473283,0.0,0.0,0.0,0.0,0.0,0.0,0.0,0.0,0.0,0.0,0.0,0.0,14090991.225034373,349.4247757535415,0.1889546366954523,15795636.147536436,394.7156288920945,0.5269696893732778,12772025.34926013,352.75989978222685,0.6763956147804691,9425062.489916662,439.4708941806562,1.1941488005833194,3648.92,3000.0,4500.0,0.0,6995.65,6000.0,9000.0,0.0,19183.96,14000.0,22000.0,0.0,0.0,0.0,4475.82,0.0,7251.97,0.0,15661.02,0.0
5,Steel,2,4,1.3433568745851516,0.1179238942861557,0.0058446118104409,0.2055319123295578,0.1033895134925842,0.4008033265400276,0.2730005110213941,0.0784107345342636,0.8183166435816679,0.0,0.0,0.0,0.0,0.0,0.0,0.0,0.0,0.0,0.0,0.0,0.0,10494955.11867896,233.1040015927497,0.1443274232831509,15530421.567566134,338.2518233537688,0.3018638660236136,12168661.260818196,282.4764175886564,0.4291719887595289,13290565.10988303,110.1062542899914,1.0877648470776502,4142.28,3000.0,4500.0,0.0,6619.98,6000.0,9000.0,0.0,16939.06,14000.0,22000.0,0.0,0.0,0.0,4216.16,0.0,6663.16,0.0,16765.36,0.0
7,Steel,1,3,1.3086565613746644,0.1288852187395096,0.006369838153572,0.2795794564369586,0.15,0.7410033314033161,0.0,0.0,0.0,0.0,0.0,0.0,0.0,0.0,0.0,0.0,0.0,0.0,0.0,0.0,0.0,22229674.371656336,485.5482476288269,0.2040201704776762,15430230.993879993,387.9119187153156,0.6155321727636145,18949121.90277777,443.13267966605184,0.9788848939866928,0.0,0.0,0.0,4331.43,3000.0,4500.0,0.0,6065.12,6000.0,9000.0,0.0,17793.67,14000.0,22000.0,0.0,0.0,0.0,4372.05,0.0,6181.87,0.0,17679.27,0.0
9,Steel,4,2,1.426815643906593,0.0828702147603035,0.0235503812970806,0.3733317527047981,0.1354715770483017,0.3076824397336268,0.3080573389662742,0.0752954664826393,0.5797734279888156,0.2474611596376416,0.0328475076705217,0.8806233078844576,0.3888636217175807,0.1227457737922668,1.0204027549434362,0.0,0.0,0.0,0.0,0.0,0.0,74077037.82851774,266.80498451955333,0.1715008926863472,62037783.79984658,530.4879933812549,1.266884510568005,0.0,0.0,0.0,0.0,0.0,0.0,3173.29,3000.0,4500.0,0.0,7486.91,6000.0,9000.0,0.0,18176.69,14000.0,22000.0,0.0,0.0,0.0,3120.99,0.0,7414.52,0.0,17833.95,0.0
10,Steel,2,3,1.7403510451316837,0.0513005581796169,0.0198263063981317,0.2682158104371994,0.0400664682686328,0.2399151632755192,0.2393652512102773,0.02,0.6997094611226904,0.0,0.0,0.0,0.0,0.0,0.0,0.0,0.0,0.0,0.0,0.0,0.0,28439380.244227737,1064.0823144336132,0.1740351062535194,25913113.011609256,751.5294949007414,0.2699021460776493,25080185.255135745,1048.6386323421236,1.3039923911325564,0.0,0.0,0.0,4201.93,3000.0,4500.0,0.0,7467.51,6000.0,9000.0,0.0,14154.36,14000.0,22000.0,0.0,0.0,0.0,4103.1,0.0,7668.26,0.0,14686.46,0.0
11,Steel,5,2,1.4040835529565812,0.1206746571063995,0.0413151705695844,0.4071578314605515,0.0511151559650897,0.3302800836048036,0.3013116954692265,0.0510524348914623,0.4782767323799886,0.3086698380383322,0.1115937972068786,0.8012496023707448,0.1745802386185716,0.0742523339390754,1.080474559218069,0.249630619065276,0.1174219793081283,1.1831660051265214,0.0,0.0,0.0,34631478.20608797,620.3289314755824,0.1707123144597991,28372404.402675148,463.37512954060907,1.251431405333856,0.0,0.0,0.0,0.0,0.0,0.0,3802.27,3000.0,4500.0,0.0,6592.19,6000.0,9000.0,0.0,15458.8,14000.0,22000.0,0.0,0.0,0.0,3785.02,0.0,6514.74,0.0,15433.18,0.0
13,Steel,6,2,1.0108913332223892,0.0840724129080772,0.0156490754838578,0.2118092059504402,0.0454371282458305,0.1205462851824249,0.2953039989727558,0.0365302534401416,0.2219389605803803,0.4332026758960067,0.090267299413681,0.3999585150792772,0.4040853055285057,0.0984765267372131,0.5803534472735948,0.1807092408450307,0.1367721492052078,0.7793431762160544,0.3550970947561311,0.0559508058428764,0.8937268286267571,41366053.21806162,784.548244388658,0.1043579559491891,38665251.98734081,728.8502468689226,0.8716532402592869,0.0,0.0,0.0,0.0,0.0,0.0,3487.32,3000.0,4500.0,0.0,7970.83,6000.0,9000.0,0.0,15862.26,14000.0,22000.0,0.0,0.0,0.0,3514.53,0.0,7865.86,0.0,15810.03,0.0
15,Steel,4,3,1.112961621582508,0.108925423502922,0.0105701475973534,0.208223337602841,0.15,0.1724809268657153,0.3614550381863609,0.0825695148110389,0.4999745150950164,0.4311261006629179,0.102660447359085,0.7396074247590879,0.3345015213650296,0.0584000930190086,0.8728641322307134,0.0,0.0,0.0,0.0,0.0,0.0,21291813.53263187,851.2999774308371,0.1188989779651643,19002999.28353163,495.6917797295779,0.3522671671206393,17998329.693427984,370.3157736972738,0.9230146654223582,0.0,0.0,0.0,3336.83,3000.0,4500.0,0.0,6385.76,6000.0,9000.0,0.0,19369.72,14000.0,22000.0,0.0,0.0,0.0,3308.76,0.0,6406.71,0.0,19576.14,0.0
16,Steel,5,4,1.0357968732714653,0.0690042756795883,0.0293665076201974,0.3403866456432393,0.1211164903640747,0.2695489118304757,0.3361090520250376,0.0669479963183403,0.4295821253799614,0.3327174330031803,0.0495272617042064,0.5867492723342661,0.3239861578924367,0.0547266271710395,0.7591827980278932,0.2954819678604434,0.0266240436211228,0.9322071859443188,0.0,0.0,0.0,15275278.131996969,925.2414943948378,0.1854113588453664,13679572.499915777,460.75088900051406,0.6518266503787096,12491539.272318603,510.94012442758986,0.6509197224086473,15235301.586786833,354.2917946752318,0.9199923445696638,3808.11,3000.0,4500.0,0.0,6684.18,6000.0,9000.0,0.0,14272.14,14000.0,22000.0,0.0,0.0,0.0,3836.94,0.0,6815.72,0.0,14644.34,0.0
18,Steel,2,4,1.2999289125204088,0.09302454829216,0.0473435749983733,0.2541835504713851,0.043100623935461,0.4352302366697533,0.1778346857696715,0.0666878795623779,0.9638208411305608,0.0,0.0,0.0,0.0,0.0,0.0,0.0,0.0,0.0,0.0,0.0,0.0,5483505.497322389,688.6643287267995,0.2341790151922325,6171688.784520835,824.9591202947689,0.8096570785905908,6269152.119484723,423.10911542032864,1.0191306599594845,5152783.726686848,698.475904546222,1.169936019968439,4000.27,3000.0,4500.0,0.0,6352.81,6000.0,9000.0,0.0,16916.67,14000.0,22000.0,0.0,0.0,0.0,4102.49,0.0,6450.79,0.0,16888.75,0.0
19,Steel,1,3,1.498584619164467,0.0777806801795959,0.0101607050605139,0.5056562476115316,0.0783318498730659,0.5190001122632841,0.0,0.0,0.0,0.0,0.0,0.0,0.0,0.0,0.0,0.0,0.0,0.0,0.0,0.0,0.0,28377855.956192527,955.5095275826296,0.1498584634150313,23085275.847690105,311.990766132696,0.3183818667818943,22052766.413007848,1099.9999999999995,1.106438763261188,0.0,0.0,0.0,4004.45,3000.0,4500.0,0.0,7284.61,6000.0,9000.0,0.0,18514.68,14000.0,22000.0,0.0,0.0,0.0,4018.51,0.0,7187.37,0.0,18411.17,0.0
21,Steel,5,2,1.460775724053383,0.0975854005813598,0.0176862109445312,0.2686511193159495,0.0502371326088905,0.2896182972620744,0.2590930666806319,0.1349216121435165,0.5249103685228287,0.2517729076027001,0.1318842446804046,0.8195872449669093,0.2489135375810327,0.1413483428955078,0.9746663396719408,0.3350742753093992,0.0957862502336502,1.1685083271850794,0.0,0.0,0.0,64144048.27985055,649.9069946634525,0.1778451830603387,66557701.37715887,441.5573984160426,1.2394015927348094,0.0,0.0,0.0,0.0,0.0,0.0,3845.74,3000.0,4500.0,0.0,8950.4,6000.0,9000.0,0.0,14567.3,14000.0,22000.0,0.0,0.0,0.0,3894.77,0.0,8882.71,0.0,14655.98,0.0
22,Steel,4,2,1.216290184855461,0.102923345208168,0.0506492058625042,0.4362924857690461,0.0883969801664352,0.2556553557593124,0.2346004669085159,0.0443038891255855,0.5744451779359907,0.3986306296983067,0.1296380716562271,0.6774829781055652,0.2767524350436826,0.0984962391853332,0.8772084005877309,0.0,0.0,0.0,0.0,0.0,0.0,59297749.62605608,284.8176034747559,0.1839756086182359,60565419.11749442,620.8428960176203,1.0430235782343464,0.0,0.0,0.0,0.0,0.0,0.0,4384.86,3000.0,4500.0,0.0,8975.16,6000.0,9000.0,0.0,19828.76,14000.0,22000.0,0.0,0.0,0.0,4387.53,0.0,8877.66,0.0,19909.87,0.0
23,Steel,3,2,1.081175597012043,0.0906327039003372,0.0130985500403826,0.2623188308723846,0.0566807824373245,0.2324455008073185,0.365165572825464,0.1328142863512039,0.5038578199397906,0.4492381376400052,0.0641983887553215,0.8793609021861379,0.0,0.0,0.0,0.0,0.0,0.0,0.0,0.0,0.0,41236146.11778864,1042.4114505637774,0.129380306120288,37731808.967356496,547.9922034328863,0.8386481382237885,0.0,0.0,0.0,0.0,0.0,0.0,4483.16,3000.0,4500.0,0.0,7537.57,6000.0,9000.0,0.0,17676.19,14000.0,22000.0,0.0,0.0,0.0,4478.59,0.0,7253.66,0.0,17679.54,0.0
24,Steel,4,4,0.9634608417749404,0.0688635343909263,0.0173744408716733,0.1986270163275048,0.02,0.2056806557074097,0.2250908751027474,0.0849586573243141,0.3901939367876635,0.2903513166350365,0.0417070433497428,0.5157512537258631,0.267408194253137,0.0901702481508255,0.797353675730278,0.0,0.0,0.0,0.0,0.0,0.0,9031366.266349943,117.99009493646582,0.1176579241735712,9113332.1093063,943.4966767217404,0.4386009605621874,7678155.494358919,1095.3268474231493,0.5047608797281384,6985255.380180085,1099.9999999999995,0.8423787877325747,4202.3,3000.0,4500.0,0.0,6672.08,6000.0,9000.0,0.0,16077.45,14000.0,22000.0,0.0,0.0,0.0,4233.15,0.0,6677.25,0.0,16491.26,0.0
25,Steel,2,4,1.4793055891990663,0.0650581111907959,0.0289932373020784,0.228277581887687,0.0744381144642829,0.3992473727996741,0.3869862937272768,0.1255689001083374,1.0525879444315658,0.0,0.0,0.0,0.0,0.0,0.0,0.0,0.0,0.0,0.0,0.0,0.0,8106421.699089599,662.647332431382,0.1716759238190414,9303514.456762107,335.2882829534372,0.5574119910000742,10163528.23433549,533.6510362507421,0.9129623806957508,8468510.727367718,1099.9999999999995,1.3273455243036818,3543.44,3000.0,4500.0,0.0,6669.96,6000.0,9000.0,0.0,15130.18,14000.0,22000.0,0.0,0.0,0.0,3556.44,0.0,6584.46,0.0,15407.83,0.0
26,Steel,4,2,1.4472712397575378,0.1215757703781128,0.0178199001876722,0.1749327768476376,0.0747383767366409,0.2301257002871923,0.3177307906006201,0.0882806503772735,0.4852898504449273,0.3631314238962524,0.0338251015543937,0.6698755642690639,0.560702220160539,0.1216202890872955,0.890966247272667,0.0,0.0,0.0,0.0,0.0,0.0,60262552.06064688,388.0777234107195,0.2644353164387498,48599356.82835908,747.2693582897903,1.200144338589568,0.0,0.0,0.0,0.0,0.0,0.0,3901.45,3000.0,4500.0,0.0,8294.13,6000.0,9000.0,0.0,15669.78,14000.0,22000.0,0.0,0.0,0.0,3856.59,0.0,8456.25,0.0,15627.04,0.0
27,Steel,1,2,0.9479425221681596,0.0692275311350822,0.0256805210676999,0.2028446439141266,0.1424577105045318,0.6350198152774676,0.0,0.0,0.0,0.0,0.0,0.0,0.0,0.0,0.0,0.0,0.0,0.0,0.0,0.0,0.0,5256334.937624688,512.5901447862146,0.2048059897903069,4733412.450029189,190.6197896920145,0.7205077166577446,0.0,0.0,0.0,0.0,0.0,0.0,3327.81,3000.0,4500.0,0.0,6154.0,6000.0,9000.0,0.0,20605.96,14000.0,22000.0,0.0,0.0,0.0,3313.94,0.0,6179.66,0.0,20535.93,0.0
28,Steel,5,3,0.9718230053782464,0.0891568268537521,0.0119748389070515,0.2808998578438184,0.0570805794000625,0.110899907050421,0.3409390606086709,0.0855507630109787,0.2646431433928823,0.5275683887676588,0.1435601663589477,0.4132125772288132,0.239747540746717,0.1190020900964737,0.6164196050671668,0.2838172544266567,0.0730387011170387,0.7753645772871501,0.0,0.0,0.0,24434898.758695424,471.0576905294905,0.1265486234196571,18410788.79998468,469.8848249853899,0.3462496851570875,16310363.560768802,344.6139145221316,0.8406901255742639,0.0,0.0,0.0,3153.45,3000.0,4500.0,0.0,6885.62,6000.0,9000.0,0.0,14764.96,14000.0,22000.0,0.0,0.0,0.0,3174.95,0.0,6845.08,0.0,14955.09,0.0
29,Steel,6,2,0.5402088798582554,0.0431280564069747,0.0127335753857564,0.2148014370263103,0.0663072720170021,0.0667194015131617,0.319958205531752,0.02,0.1421722755224457,0.2109186990669657,0.1012671554088592,0.2129455028797607,0.2680169363165404,0.0528879803419113,0.3065540320954256,0.1383120760189777,0.0817655777931213,0.387267470903135,0.1686993981004008,0.0503070482611656,0.4613319865816609,10753578.066320738,657.5785239286815,0.0818046024310189,10854624.005311258,478.80413037475023,0.4498232365904104,0.0,0.0,0.0,0.0,0.0,0.0,3843.18,3000.0,4500.0,0.0,7160.94,6000.0,9000.0,0.0,19310.51,14000.0,22000.0,0.0,0.0,0.0,3894.5,0.0,7200.3,0.0,17765.11,0.0
30,Steel,5,2,1.0449829638004302,0.1049862755537033,0.0455458991809257,0.2211568675197866,0.0720061182975769,0.1347492957493842,0.3314018417016831,0.1105498975515365,0.3163919578427701,0.2439581066179694,0.1113367992639541,0.5266010085412499,0.1102466128903216,0.0539429488778114,0.7332487083075195,0.1675353262879294,0.08726067841053,0.8753607228264412,0.0,0.0,0.0,19326616.140485164,228.9563990867482,0.1476279708451466,16354900.607610373,278.04003254011786,0.8939456323037689,0.0,0.0,0.0,0.0,0.0,0.0,3718.83,3000.0,4500.0,0.0,6273.42,6000.0,9000.0,0.0,20588.04,14000.0,22000.0,0.0,0.0,0.0,3713.08,0.0,6299.77,0.0,20416.22,0.0
31,Steel,2,4,1.4989600837230683,0.1128135766983032,0.0129378737693879,0.2125770536427703,0.0708966422080993,0.6687142291638031,0.3399324981137092,0.0996309524774551,1.0770822897446288,0.0,0.0,0.0,0.0,0.0,0.0,0.0,0.0,0.0,0.0,0.0,0.0,13738152.192817628,436.33944979543344,0.1724388205485057,12310169.55438608,875.7830437607709,0.4184901950455027,11227016.24312826,303.1287863227598,0.7790598999395134,12172747.292634455,490.9673458144501,1.327258494279097,3912.82,3000.0,4500.0,0.0,6699.81,6000.0,9000.0,0.0,14229.05,14000.0,22000.0,0.0,0.0,0.0,3900.01,0.0,6741.86,0.0,14351.09,0.0
32,Steel,2,3,1.3136292338371278,0.1011062391996383,0.0161150883465232,0.2229842523241727,0.1245272940397262,0.5324784656303609,0.2319792223369904,0.0797988697886467,0.891982620627034,0.0,0.0,0.0,0.0,0.0,0.0,0.0,0.0,0.0,0.0,0.0,0.0,10442972.2249052,409.36289883793575,0.1812322647205398,11072877.844871784,549.5055331633968,0.3238541628641773,8428098.755650103,803.6398155630441,1.0214594222238456,0.0,0.0,0.0,3456.47,3000.0,4500.0,0.0,6110.24,6000.0,9000.0,0.0,14515.94,14000.0,22000.0,0.0,0.0,0.0,3411.02,0.0,6131.91,0.0,14617.36,0.0
33,Steel,3,4,1.2478666990995406,0.0981361185312271,0.0319720448810343,0.2841610605502359,0.0727897229790687,0.1337263868399164,0.2999398651071819,0.0666957366466522,0.4530037065048656,0.2665495905852866,0.0910102200508117,0.7839422233677594,0.0,0.0,0.0,0.0,0.0,0.0,0.0,0.0,0.0,10829543.537353547,548.6805515655273,0.1548268380545621,11238271.270498704,441.8383835604258,0.4974528489119658,10984365.30962935,318.2926335945408,0.7109855853101557,15970334.6504149,358.16632557542107,1.0654661465435429,4338.03,3000.0,4500.0,0.0,6070.3,6000.0,9000.0,0.0,14708.54,14000.0,22000.0,0.0,0.0,0.0,4281.28,0.0,6267.75,0.0,14777.97,0.0
34,Steel,6,2,1.1969647318124772,0.1075114849805832,0.0135094214845931,0.3290046237246544,0.0818365433812141,0.139397387350686,0.33058590034279,0.1221625286340713,0.3599817239173568,0.281345534535009,0.0572682777047157,0.543524759802584,0.3391151577244004,0.0612508818507194,0.731840347130457,0.3071639489271269,0.0941369289159774,0.9029837990591562,0.2503493571432165,0.1064518547058105,1.023311894129602,47122547.88749775,109.6251720993018,0.1718458779276125,41829430.43675356,701.0417471331164,1.0129377817172318,0.0,0.0,0.0,0.0,0.0,0.0,4287.16,3000.0,4500.0,0.0,6176.31,6000.0,9000.0,0.0,14672.32,14000.0,22000.0,0.0,0.0,0.0,4255.21,0.0,6143.89,0.0,14441.37,0.0
35,Steel,1,3,1.3193425804376602,0.0270865330100059,0.0216692264080047,0.3766509333515454,0.02,0.8911094378115139,0.0,0.0,0.0,0.0,0.0,0.0,0.0,0.0,0.0,0.0,0.0,0.0,0.0,0.0,0.0,3322680.420721358,680.0092871674782,0.3357795660916288,4579375.987699702,260.57958406721804,0.7615325875428609,3705336.10700862,183.0801100774019,1.1147852887628698,0.0,0.0,0.0,3691.43,3000.0,4500.0,0.0,7559.15,6000.0,9000.0,0.0,16059.88,14000.0,22000.0,0.0,0.0,0.0,3955.92,0.0,7410.57,0.0,15859.01,0.0
36,Steel,4,2,1.065058794617653,0.0728836857080459,0.0278911671238585,0.2191115553247036,0.0781657856702804,0.2366990928582779,0.3201653414129222,0.0510484462976455,0.4228395768047613,0.3272156190934236,0.1412172597646713,0.5878890536460195,0.2395118783006847,0.0273688215017318,0.7392828761631652,0.0,0.0,0.0,0.0,0.0,0.0,16127402.598039305,548.4550116773346,0.1998533654973741,15226988.740581868,473.6145615657974,0.9368625694458438,0.0,0.0,0.0,0.0,0.0,0.0,3094.05,3000.0,4500.0,0.0,8329.59,6000.0,9000.0,0.0,16798.28,14000.0,22000.0,0.0,0.0,0.0,3123.97,0.0,7978.83,0.0,17133.55,0.0
37,Steel,3,4,1.0492737352848054,0.0950807921886444,0.0182581364369241,0.4466352337900287,0.065841619670391,0.424705319688708,0.2895830369045607,0.0843632662296295,0.5156173339913023,0.3291506691696106,0.0702130642533302,0.7658673420691392,0.0,0.0,0.0,0.0,0.0,0.0,0.0,0.0,0.0,11592459.554061882,78.97724508197685,0.2081681667412341,12131518.88027195,345.9825984467561,0.5908753326082131,12704130.958760422,393.6195139555478,0.6895312145655195,14890401.432073358,424.7301550941198,0.9243676242976888,4152.2,3000.0,4500.0,0.0,7111.9,6000.0,9000.0,0.0,19987.98,14000.0,22000.0,0.0,0.0,0.0,4088.65,0.0,7169.73,0.0,20140.87,0.0
38,Steel,4,4,1.3793543875217438,0.0788567245006561,0.01334028767166,0.325309343780339,0.0828644150495529,0.2196095398791414,0.1650681578500237,0.1018379408121109,0.6527344169942952,0.4510845483851225,0.1250404918193817,0.8988007895828312,0.3260371420295829,0.0289862263202667,1.091767963305728,0.0,0.0,0.0,0.0,0.0,0.0,23551022.798816487,256.6070901806395,0.1479822957256311,28763644.335976526,412.74243978729146,0.3625178376935414,28234498.6601044,650.1794570402085,0.5556794849736888,32106568.932644483,529.0952772141616,1.225815066392489,3986.17,3000.0,4500.0,0.0,8271.68,6000.0,9000.0,0.0,16823.65,14000.0,22000.0,0.0,0.0,0.0,3883.51,0.0,8005.79,0.0,17500.55,0.0
39,Steel,1,4,1.3638953924179078,0.1024392801523208,0.0055296673530153,0.3057675597525904,0.0933416974544525,0.4602442280092378,0.0,0.0,0.0,0.0,0.0,0.0,0.0,0.0,0.0,0.0,0.0,0.0,0.0,0.0,0.0,6838418.312994279,724.0787051514409,0.2136661527157937,7746133.132916262,315.3648386336208,0.8904083668044068,8044761.436797151,298.21392461728897,0.9799901924613283,7197052.571383568,394.46333364403614,1.1735746236606066,3229.95,3000.0,4500.0,0.0,6421.53,6000.0,9000.0,0.0,14876.37,14000.0,22000.0,0.0,0.0,0.0,3216.22,0.0,6336.23,0.0,14673.41,0.0
40,Steel,4,3,1.1885789155960085,0.1001826628446579,0.0199844593587116,0.392783107658206,0.0480368080735206,0.2288262696161972,0.345843894894188,0.1104456090927124,0.4162876985816127,0.2738338641675572,0.0856744927167892,0.6502494325116974,0.1562892368439087,0.1074859756231308,0.978130363086607,0.0,0.0,0.0,0.0,0.0,0.0,11358573.010153566,79.46184783962104,0.1520710121839286,10520323.412567072,316.53243352434134,0.6694135485020676,13910216.641700242,219.56966769330853,1.0697210228478289,0.0,0.0,0.0,3187.29,3000.0,4500.0,0.0,6027.39,6000.0,9000.0,0.0,16635.0,14000.0,22000.0,0.0,0.0,0.0,3139.07,0.0,6027.21,0.0,16327.23,0.0
41,Steel,2,4,1.475681832432747,0.0456305086314678,0.0076091112397776,0.3417167083435534,0.1245601326227188,0.5385204434631025,0.2991265591345742,0.0974624747037887,0.9220717285619776,0.0,0.0,0.0,0.0,0.0,0.0,0.0,0.0,0.0,0.0,0.0,0.0,19156573.78228681,789.175153778712,0.210531795826384,20724047.5854154,966.9936146395746,0.6565561570897391,22089534.49826738,273.85597887518566,0.971807467945761,20637770.504492737,952.6302954739956,1.2872196674821297,4403.81,3000.0,4500.0,0.0,6582.95,6000.0,9000.0,0.0,14923.22,14000.0,22000.0,0.0,0.0,0.0,4298.37,0.0,7066.68,0.0,15392.13,0.0
42,Steel,4,2,1.2366261392831803,0.0929280433654785,0.016841718772422,0.4296653311302495,0.1141356027126312,0.1490468330501691,0.49060688558635,0.1116756224632263,0.2807965462393925,0.3722082337848494,0.1332764363288879,0.628259071237821,0.3860605435133778,0.0335273188352584,0.9303950942919114,0.0,0.0,0.0,0.0,0.0,0.0,117578188.19223508,274.3104882878398,0.1668843564272299,104132419.67996022,219.3543150029495,1.1029946208099335,0.0,0.0,0.0,0.0,0.0,0.0,4272.4,3000.0,4500.0,0.0,8425.32,6000.0,9000.0,0.0,21239.68,14000.0,22000.0,0.0,0.0,0.0,4273.41,0.0,8238.23,0.0,21334.54,0.0
43,Steel,2,4,1.768653243780136,0.0640068998336792,0.0371972401391168,0.1761623102145057,0.02493427362293,0.727799063647352,0.1984349426178743,0.0903202378749847,1.1068431925444642,0.0,0.0,0.0,0.0,0.0,0.0,0.0,0.0,0.0,0.0,0.0,0.0,22057539.33300521,474.653472158023,0.4299504295083552,23414356.440337747,301.666400179848,1.45597612875423,21537354.538555264,1002.1237289652552,1.5434272751177582,17250670.01261247,271.66860412754573,1.5917879176334693,4399.91,3000.0,4500.0,0.0,7979.96,6000.0,9000.0,0.0,15831.75,14000.0,22000.0,0.0,0.0,0.0,4144.52,0.0,8170.41,0.0,15696.1,0.0
44,Steel,2,2,1.272184231877327,0.0973668298721313,0.0120439904343005,0.2826539357383361,0.0253700817376375,0.4016108735561234,0.417387797279995,0.0881244230270385,0.9916959220239968,0.0,0.0,0.0,0.0,0.0,0.0,0.0,0.0,0.0,0.0,0.0,0.0,18164030.89090802,1099.9999999999995,0.1694516962611592,13232962.69483034,233.02824859770405,1.0047548380920197,0.0,0.0,0.0,0.0,0.0,0.0,3006.36,3000.0,4500.0,0.0,6942.75,6000.0,9000.0,0.0,20493.94,14000.0,22000.0,0.0,0.0,0.0,3062.31,0.0,6937.15,0.0,20482.61,0.0
45,Steel,2,2,0.9633136332035064,0.0498472817540168,0.0166740087242383,0.2741397162544617,0.0225762555561959,0.2590180400087068,0.2142358790907653,0.1019505047798156,0.663571758151824,0.0,0.0,0.0,0.0,0.0,0.0,0.0,0.0,0.0,0.0,0.0,0.0,7332699.168530445,834.2524514740196,0.0963313642836642,6490754.932020625,340.7462547304522,0.6772079713222784,0.0,0.0,0.0,0.0,0.0,0.0,3954.12,3000.0,4500.0,0.0,7266.44,6000.0,9000.0,0.0,17423.72,14000.0,22000.0,0.0,0.0,0.0,3987.37,0.0,7025.35,0.0,17942.53,0.0
46,Steel,4,2,1.6868885308504105,0.0862831434011459,0.0191671451783156,0.3072052684408178,0.1084861886501312,0.5299089978454254,0.2272192843756253,0.0337351644784212,1.0445785713883646,0.2255725877161567,0.0943569815158844,1.200052180064484,0.4050974218616119,0.0601585185527801,1.4202535627136643,0.0,0.0,0.0,0.0,0.0,0.0,68837312.24766149,484.182826948204,0.2722201984463067,72032370.56604324,162.25404380542807,1.5076250451166593,0.0,0.0,0.0,0.0,0.0,0.0,3780.18,3000.0,4500.0,0.0,8751.97,6000.0,9000.0,0.0,14205.13,14000.0,22000.0,0.0,0.0,0.0,3779.15,0.0,8668.08,0.0,14305.21,0.0
47,Steel,6,3,1.2815440505743028,0.0933517357110977,0.011541193713593,0.2400741626660329,0.0882108509540557,0.2086279710183261,0.4988666079004035,0.1080506163835525,0.4191209780100788,0.4009471817250503,0.074237522482872,0.644865608701007,0.4086692654834039,0.1376573574542999,0.8995699147751963,0.2408121826996609,0.0499872982501983,1.0437229418594007,0.267750630227174,0.0555927661061286,1.1124574870659434,40094937.68125879,214.14070109439652,0.1304586336861043,34001222.78003624,1099.9999999999995,0.2806734708402632,44349969.95298171,123.06381412742356,1.124255656921011,0.0,0.0,0.0,3169.3,3000.0,4500.0,0.0,7303.36,6000.0,9000.0,0.0,16163.0,14000.0,22000.0,0.0,0.0,0.0,3269.93,0.0,7133.24,0.0,16347.56,0.0
48,Steel,3,3,1.3260466903448105,0.0687196741700172,0.0141310628351687,0.2409040750534927,0.1039884650707245,0.3236427747637513,0.4489746430941048,0.131248037815094,0.8752276776997376,0.2667377284399466,0.0735501283407211,1.0485669373540192,0.0,0.0,0.0,0.0,0.0,0.0,0.0,0.0,0.0,29342339.794149272,290.57220862153474,0.1894412072816243,28219500.202121053,323.57176169995984,0.9126784794513094,32747999.856268283,394.1756013536136,1.1522963646603783,0.0,0.0,0.0,4185.65,3000.0,4500.0,0.0,8458.22,6000.0,9000.0,0.0,15968.75,14000.0,22000.0,0.0,0.0,0.0,4181.53,0.0,8380.94,0.0,16824.23,0.0
49,Steel,3,2,1.018047158420086,0.0829897583127022,0.0250717646232409,0.259862291827052,0.0382873384654521,0.181910003597258,0.2090124161212789,0.0687528786063194,0.2565705997350303,0.2989101462459644,0.0977027821540832,0.5388478465008306,0.0,0.0,0.0,0.0,0.0,0.0,0.0,0.0,0.0,16336293.899016704,285.3908774804933,0.1255184921932437,15170969.319510063,486.5629041782417,0.8182301149838264,0.0,0.0,0.0,0.0,0.0,0.0,4354.31,3000.0,4500.0,0.0,7990.26,6000.0,9000.0,0.0,17313.19,14000.0,22000.0,0.0,0.0,0.0,4368.05,0.0,7927.41,0.0,17612.59,0.0
50,Steel,2,3,1.2168488055467606,0.0842531840205192,0.0159677779590496,0.1602322377095556,0.1032365328073501,0.6262346891863042,0.5139157261906173,0.0752276894450187,0.9206648186942964,0.0,0.0,0.0,0.0,0.0,0.0,0.0,0.0,0.0,0.0,0.0,0.0,15497769.474238686,276.22305912722044,0.2309075132954388,18847174.71886937,175.81391252535946,0.6808521965067655,14330204.68770075,286.72699904979044,1.055936609296503,0.0,0.0,0.0,4029.5,3000.0,4500.0,0.0,8431.77,6000.0,9000.0,0.0,20417.09,14000.0,22000.0,0.0,0.0,0.0,4051.42,0.0,8333.13,0.0,20393.2,0.0
51,Steel,1,4,1.1868613719940186,0.0452288371324539,0.0236161750145313,0.2697389707182581,0.1256212186813354,0.1353533767273619,0.0,0.0,0.0,0.0,0.0,0.0,0.0,0.0,0.0,0.0,0.0,0.0,0.0,0.0,0.0,10039251.810339805,546.5530119560672,0.1247310949965721,5754998.215983957,201.40434525891027,0.3448185504160418,7383489.097869099,608.5180333572491,0.5581865848255207,8007500.573582541,561.3293390258128,0.8649744252389131,4423.23,3000.0,4500.0,0.0,8193.83,6000.0,9000.0,0.0,18494.28,14000.0,22000.0,0.0,0.0,0.0,4405.45,0.0,8444.61,0.0,19118.03,0.0
52,Steel,1,4,1.2125441402196886,0.0883085111379623,0.0225771833880158,0.4135365054553201,0.0902721732854843,0.7295697956541793,0.0,0.0,0.0,0.0,0.0,0.0,0.0,0.0,0.0,0.0,0.0,0.0,0.0,0.0,0.0,11822360.585852347,280.9506818004195,0.190925055895617,11141167.856615009,519.0957109963173,0.5028135426916714,9433137.013533607,355.15332840022177,0.5458805288732085,12515303.715778869,274.88267110005705,0.8902439011048318,4060.39,3000.0,4500.0,0.0,8181.8,6000.0,9000.0,0.0,14507.72,14000.0,22000.0,0.0,0.0,0.0,4188.5,0.0,8073.34,0.0,14514.98,0.0
53,Steel,6,2,1.088377624750137,0.0727388944625854,0.0439766474109657,0.2742753991679902,0.0207421314297243,0.2193448868737312,0.2295560186182043,0.0532885211706161,0.3076502367523958,0.2493461728233463,0.1221299612522125,0.4758151377883041,0.1704373087226815,0.1249707001447677,0.6253446154257115,0.206743784780724,0.0982159489393234,0.7564977258469989,0.2929474170975318,0.0858034294843673,0.8923248695676773,23442767.610638294,261.2927263233148,0.1298412419150184,21032409.62218235,706.3171935085389,0.9391474894451972,0.0,0.0,0.0,0.0,0.0,0.0,3333.86,3000.0,4500.0,0.0,7226.39,6000.0,9000.0,0.0,16482.84,14000.0,22000.0,0.0,0.0,0.0,3394.83,0.0,7242.22,0.0,15876.22,0.0
54,Steel,5,3,0.9607100263237952,0.065923659324646,0.0140808586688588,0.1895016206707131,0.0423325358331203,0.2238396480761281,0.4472514326184261,0.0878587466478347,0.3958983073889771,0.3159845629344281,0.0934092885255813,0.5005676427940768,0.5217880789683498,0.0516027387976646,0.6739818449625647,0.2742923333816776,0.0868149089813232,0.8435573023547751,0.0,0.0,0.0,27061432.21363644,388.4749669203824,0.1581824174674562,28617756.10135307,687.3269479873526,0.5860964508389992,31471318.679329965,480.68836941961,0.7898437307698034,0.0,0.0,0.0,4424.07,3000.0,4500.0,0.0,7374.38,6000.0,9000.0,0.0,18132.5,14000.0,22000.0,0.0,0.0,0.0,4349.55,0.0,7092.11,0.0,18671.44,0.0
55,Steel,5,2,1.1008767902851109,0.1117663856744766,0.0186948260604313,0.2921394693450335,0.02,0.2635662103221424,0.1552074928986006,0.0982646876573562,0.4020679073043748,0.2746148295828877,0.0934902226924896,0.5522263349869734,0.3174375542777551,0.0849775484204292,0.8023370982371602,0.3250081752852101,0.0606499931216239,0.979576449133887,0.0,0.0,0.0,29295076.34070308,424.1609424836033,0.1439032920695922,25670009.73114815,257.0955145521497,0.9439668680221877,0.0,0.0,0.0,0.0,0.0,0.0,4117.96,3000.0,4500.0,0.0,7311.88,6000.0,9000.0,0.0,19973.35,14000.0,22000.0,0.0,0.0,0.0,4066.02,0.0,7246.05,0.0,20282.93,0.0
56,Steel,4,2,1.2902349799871444,0.08938651907444,0.0186740672229172,0.2751500420161629,0.090306778550148,0.2769898218793743,0.1453487692261519,0.0602448225021362,0.5471646158526994,0.2449458987009744,0.1153774869441986,0.8839764006960644,0.3908817770538802,0.0896912294626236,1.0319632253862543,0.0,0.0,0.0,0.0,0.0,0.0,22049941.691040583,511.1597809332591,0.1739570721746234,27468156.73725812,440.9328705158505,1.0999472563308068,0.0,0.0,0.0,0.0,0.0,0.0,3866.16,3000.0,4500.0,0.0,6022.82,6000.0,9000.0,0.0,17502.54,14000.0,22000.0,0.0,0.0,0.0,3911.34,0.0,6148.34,0.0,17236.23,0.0
57,Steel,6,4,1.076741310954094,0.0827949033379554,0.0219818733574157,0.2125390171921252,0.0857101672887802,0.1878372831262138,0.2630222297923648,0.0628889986872673,0.3639599820869492,0.2557226617475943,0.1075734883546829,0.5259814877361635,0.3442763296039758,0.0695378237962722,0.6439230441931649,0.3374459122017273,0.147779141664505,0.775520978454924,0.2093592192279785,0.0805850237607956,0.8949074112785912,20822926.305807017,374.0730846735155,0.1187143724212319,12489597.767852612,650.500613830005,0.3098000690023077,14673934.376836425,461.404981136932,0.4242412220244826,16505526.286824074,415.1058191855488,0.9267731877752418,3390.78,3000.0,4500.0,0.0,7616.9,6000.0,9000.0,0.0,15849.39,14000.0,22000.0,0.0,0.0,0.0,3354.86,0.0,7690.43,0.0,15282.48,0.0
58,Steel,6,3,1.3103311002254487,0.1119851510524749,0.0427990210180179,0.2401207328427539,0.1104947352409362,0.2786083470259541,0.3915432211407672,0.1008619499206543,0.4524061350076748,0.2310577414574553,0.05661291629076,0.5845456263488629,0.2103677475787166,0.1159298151731491,0.7967385889624026,0.2258013323275988,0.0246309792250394,0.9168669657136126,0.2077452688327623,0.11366295337677,1.0701270285984616,16735027.776122233,670.1882842148302,0.1887370855694992,17675795.145063348,592.4481603790894,0.8722027673542926,23914849.053274043,393.5979916757293,1.1792979888925728,0.0,0.0,0.0,3470.59,3000.0,4500.0,0.0,6648.83,6000.0,9000.0,0.0,16085.77,14000.0,22000.0,0.0,0.0,0.0,3411.18,0.0,6749.01,0.0,16312.97,0.0
59,Steel,5,3,1.4630404204130174,0.0868579833507537,0.0400863977840965,0.2266618171308372,0.0249240788817405,0.2709277253535673,0.1784989194677147,0.1336077278852462,0.4848476069221041,0.240232585982847,0.1091419607400894,0.7972096485248253,0.2408376922486401,0.0974056386947632,0.9327086442839708,0.6410127197254516,0.0808159205317497,1.168845831958928,0.0,0.0,0.0,31872748.45391253,338.52259602909794,0.1746904762434028,24925296.070268262,618.4131565967696,0.6823480400838798,30312483.813869715,456.5791543971651,1.286024290469095,0.0,0.0,0.0,3633.19,3000.0,4500.0,0.0,8173.43,6000.0,9000.0,0.0,14898.26,14000.0,22000.0,0.0,0.0,0.0,3607.86,0.0,8304.57,0.0,14444.07,0.0
60,Steel,3,2,1.1232447743415834,0.0678982015848159,0.0055203436392244,0.2403621177230301,0.15,0.2683719044426722,0.3836417399319688,0.02,0.7298193063995262,0.2150609934415217,0.0851218622922897,0.8155774939437956,0.0,0.0,0.0,0.0,0.0,0.0,0.0,0.0,0.0,17038876.92719242,778.2468152287773,0.1728915465892969,17783279.708057553,1082.35640144875,1.0109202957841803,0.0,0.0,0.0,0.0,0.0,0.0,3944.18,3000.0,4500.0,0.0,6910.29,6000.0,9000.0,0.0,20013.77,14000.0,22000.0,0.0,0.0,0.0,3989.94,0.0,6879.06,0.0,20415.81,0.0
61,Steel,6,2,1.27677680850029,0.1178908513784408,0.0073889963256653,0.3390046714744241,0.056178049147129,0.3141711321825769,0.2796547363055823,0.1240413248538971,0.5333717068872101,0.24611636336816,0.0278161832690238,0.6810993394247719,0.4152215486339593,0.0797563725709915,0.7560051876102913,0.4099113415015346,0.0704745912551879,0.9065480832133476,0.2727889067990835,0.090739220380783,1.0862498001464156,34673616.96924752,473.265307198089,0.1708232554527987,27894527.912867814,393.581569543002,1.1419834313850128,0.0,0.0,0.0,0.0,0.0,0.0,3267.77,3000.0,4500.0,0.0,6686.02,6000.0,9000.0,0.0,16292.1,14000.0,22000.0,0.0,0.0,0.0,3217.3,0.0,6757.38,0.0,16302.93,0.0
62,Steel,3,4,1.038991244137287,0.0863361652493477,0.011027010678083,0.1976378920724175,0.1381185698509216,0.2423234523128161,0.5761750245058502,0.0516211611032486,0.4870202817969503,0.4223205978512389,0.0698187765479087,0.7357619547976098,0.0,0.0,0.0,0.0,0.0,0.0,0.0,0.0,0.0,13085918.631927216,497.641339049922,0.1865004242000584,13145804.65909166,200.5860483552817,0.725513744686497,14835402.089162698,218.33393264138456,0.791473947798849,12437872.707520308,426.0615066844007,0.8962373537156945,3636.74,3000.0,4500.0,0.0,7494.93,6000.0,9000.0,0.0,17652.62,14000.0,22000.0,0.0,0.0,0.0,3663.68,0.0,7581.11,0.0,17270.02,0.0
63,Steel,4,4,1.485751450061798,0.0646780458092689,0.0149545818559057,0.2707311623116815,0.0754640102386474,0.223233328005038,0.205498656185262,0.1061873948574066,0.4497446712241246,0.4158659727245476,0.0719142547249794,0.8386707885737124,0.5905058489362462,0.0891118276119232,0.9938956192152594,0.0,0.0,0.0,0.0,0.0,0.0,24916122.79511775,430.3206380147988,0.1709528506769598,30388752.382462468,702.4756726422775,0.7329946192785178,29303250.90277492,448.80785293220526,1.122308218810012,29893662.7707301,417.74083566653326,1.3359339752625825,4207.27,3000.0,4500.0,0.0,6732.88,6000.0,9000.0,0.0,15422.21,14000.0,22000.0,0.0,0.0,0.0,3938.84,0.0,6641.48,0.0,14564.75,0.0
64,Steel,3,3,1.1894553303718567,0.0957124415636062,0.0127781044281637,0.2654135076681371,0.0990739673376083,0.4647403057244343,0.2496809303038986,0.0757962045073509,0.7135196892286684,0.2142623011399191,0.15,0.9300300454080572,0.0,0.0,0.0,0.0,0.0,0.0,0.0,0.0,0.0,14461264.3934995,329.9917252403768,0.1607173023576326,12831004.312375937,346.1958389514536,0.6370990178444013,11439863.588330254,967.881467874499,1.0705097961452157,0.0,0.0,0.0,4225.47,3000.0,4500.0,0.0,6314.22,6000.0,9000.0,0.0,16521.89,14000.0,22000.0,0.0,0.0,0.0,4175.81,0.0,6340.3,0.0,16536.47,0.0
65,Steel,4,2,1.4474219769239427,0.1346933561563492,0.0141314550586568,0.3479113448212084,0.0638194161653518,0.3316316661004247,0.1609591283809732,0.0830379411578178,0.5282507641832827,0.2972281249268221,0.144661653637886,0.8131495786359585,0.2109040169296938,0.030505046620965,1.0798525531228351,0.0,0.0,0.0,0.0,0.0,0.0,24075725.94149357,449.7482174904007,0.1583074905594932,30801427.477494717,526.8150906862235,1.2163657618762538,0.0,0.0,0.0,0.0,0.0,0.0,3729.45,3000.0,4500.0,0.0,6172.65,6000.0,9000.0,0.0,15737.45,14000.0,22000.0,0.0,0.0,0.0,3745.87,0.0,6236.09,0.0,15869.23,0.0
66,Steel,5,2,1.669333440065384,0.1484479404687881,0.0057548991076058,0.290789222652694,0.0569943451881408,0.2921580497816858,0.22037722339672,0.0989000731706619,0.6732003253382587,0.2499977133195086,0.0250146624818444,0.7414262019815426,0.2620157096195466,0.1013539707660675,1.0150718967569263,0.3154990686489722,0.0619072622060775,1.3348965827603485,0.0,0.0,0.0,43202583.11642569,1091.46720023046,0.1996291385542612,41495828.06271007,557.693281959875,1.4803516010817372,0.0,0.0,0.0,0.0,0.0,0.0,4105.19,3000.0,4500.0,0.0,6665.29,6000.0,9000.0,0.0,14209.36,14000.0,22000.0,0.0,0.0,0.0,4107.74,0.0,6615.19,0.0,14128.4,0.0
67,Steel,3,3,1.1143668293952942,0.0967950369119644,0.0146229916734571,0.2217815402296333,0.1426687514781952,0.2445342637305689,0.3904233291050838,0.1097046720981598,0.5373054689888426,0.3202718863632214,0.0999712246656417,0.7246052274683218,0.0,0.0,0.0,0.0,0.0,0.0,0.0,0.0,0.0,11426814.495344771,780.1263522905667,0.1313619978008652,13819315.922955224,255.384951683752,0.2865430717573423,12015510.582171824,744.5490731261505,0.9079285445598504,0.0,0.0,0.0,3196.39,3000.0,4500.0,0.0,6107.79,6000.0,9000.0,0.0,16056.28,14000.0,22000.0,0.0,0.0,0.0,3168.29,0.0,6134.15,0.0,16117.57,0.0
69,Steel,4,2,1.5168436646461487,0.0949187008142471,0.0296785866798815,0.4120344397840466,0.1168750441074371,0.1681809712415328,0.2388630229181619,0.0346209645271301,0.3125515976536384,0.3879362880722764,0.0461430144309997,0.8004545895816536,0.3539865103389989,0.093564748764038,0.8975967201277573,0.0,0.0,0.0,0.0,0.0,0.0,78094751.83702193,506.7795182678084,0.2410217915598959,99585127.85840072,322.42254883476244,1.3027702671771937,0.0,0.0,0.0,0.0,0.0,0.0,4368.36,3000.0,4500.0,0.0,6276.42,6000.0,9000.0,0.0,20102.23,14000.0,22000.0,0.0,0.0,0.0,4371.4,0.0,6198.45,0.0,19879.96,0.0
71,Steel,2,4,1.2146980166435242,0.0773678554296493,0.0077262707341716,0.5082829760169884,0.0736957672238349,0.4213783507596297,0.4630528188056849,0.1034687972068786,0.6835943405896716,0.0,0.0,0.0,0.0,0.0,0.0,0.0,0.0,0.0,0.0,0.0,0.0,13524959.41536132,419.56283024661866,0.1764673957093193,16638492.780384498,919.4028240756448,0.5034695018960085,15875358.055838004,368.2965764372602,0.6699890585449704,16112557.659624953,333.28909634664217,1.0004040670996528,4060.76,3000.0,4500.0,0.0,8214.8,6000.0,9000.0,0.0,14599.53,14000.0,22000.0,0.0,0.0,0.0,4075.48,0.0,8208.12,0.0,14271.37,0.0
73,Steel,6,3,1.162484349310398,0.0880698599219322,0.0239649332141532,0.2418989800906994,0.0547255384922027,0.2213197310261814,0.3252741732424025,0.15,0.4270731311234229,0.2646525762291614,0.056590735912323,0.5764781044712068,0.3291216907732406,0.1001084446907043,0.6601999061756278,0.3021519233737582,0.1300083309412002,0.8288677413755761,0.2705031206111292,0.0665066087245941,0.958354632077388,27776598.39656986,189.50258893659984,0.1342607002263139,22758553.184168037,1099.9999999999995,0.4144399948803641,29390453.78639712,425.55033974730526,1.046235913216874,0.0,0.0,0.0,3656.9,3000.0,4500.0,0.0,7545.31,6000.0,9000.0,0.0,16039.56,14000.0,22000.0,0.0,0.0,0.0,3668.81,0.0,7706.32,0.0,15793.35,0.0
74,Steel,4,3,1.456177082657814,0.122746279835701,0.06,0.3038164882174743,0.0522669200599193,0.2713514780959655,0.5844122065190668,0.0491752426326274,0.4652368498054237,0.3148839409181386,0.1115889853239059,0.7591263183343918,0.2680529496104757,0.0813518178462982,1.1579455760544035,0.0,0.0,0.0,0.0,0.0,0.0,18351819.74999885,230.1772320062548,0.2103002063250448,33168309.434892524,452.3826146273759,0.9844572768278712,23192866.468244094,254.3451533579272,1.27132291143473,0.0,0.0,0.0,3444.17,3000.0,4500.0,0.0,7101.41,6000.0,9000.0,0.0,15589.34,14000.0,22000.0,0.0,0.0,0.0,3519.56,0.0,7035.13,0.0,15548.05,0.0
75,Steel,2,4,1.4055920273065567,0.1083045063018798,0.0207889750925228,0.333054652384934,0.1161414062976837,0.294218244158653,0.2752029984087422,0.0494315664470195,0.6506745107030887,0.0,0.0,0.0,0.0,0.0,0.0,0.0,0.0,0.0,0.0,0.0,0.0,13395636.481272656,655.9062577452318,0.1849767457426842,12341399.037990384,436.87006860820713,0.7522572861708694,10388751.111987269,281.71168487154233,0.9140461010245018,13678633.80549026,733.0680839249397,1.1778611932521084,3740.62,3000.0,4500.0,0.0,6491.51,6000.0,9000.0,0.0,15017.14,14000.0,22000.0,0.0,0.0,0.0,3690.75,0.0,6746.18,0.0,15133.66,0.0
76,Steel,5,2,1.4605760276317596,0.1300176492929458,0.0136042759883772,0.2423823195454179,0.0820308628678321,0.2984238222726649,0.2565263573437956,0.1126997166872024,0.5894334790486391,0.2868022453909404,0.0484564724564552,0.7513534706893292,0.2896119414025405,0.1051393806934356,0.9804670829697586,0.2889025309512287,0.0962620609998703,1.2271726246862569,0.0,0.0,0.0,40504083.40140767,886.5499093479903,0.1979438975554702,34769976.92053936,537.4868910502324,1.1793531147362062,0.0,0.0,0.0,0.0,0.0,0.0,4035.47,3000.0,4500.0,0.0,6056.16,6000.0,9000.0,0.0,14236.03,14000.0,22000.0,0.0,0.0,0.0,3998.64,0.0,6075.92,0.0,14252.66,0.0
77,Steel,2,2,1.4473467737436294,0.1049498047828674,0.054457422301921,0.1327218269587034,0.0872921919822693,0.7920398201637229,0.3211533889455423,0.0537128967046737,1.1511301096792683,0.0,0.0,0.0,0.0,0.0,0.0,0.0,0.0,0.0,0.0,0.0,0.0,16289059.233782563,432.9457341468155,0.3225438290623192,13804202.09970686,241.88316677317863,1.2419052097973662,0.0,0.0,0.0,0.0,0.0,0.0,4447.96,3000.0,4500.0,0.0,6161.52,6000.0,9000.0,0.0,15027.92,14000.0,22000.0,0.0,0.0,0.0,4453.22,0.0,6274.36,0.0,15156.97,0.0
79,Steel,5,3,1.2798922270536424,0.1046764051914215,0.0141198050609062,0.2963494696689709,0.0945354861021041,0.4041328733096275,0.2051297877455369,0.0660252034664154,0.5961555680809297,0.3671261145852147,0.103823869228363,0.8090391581985077,0.2687277043856536,0.0663603383302688,0.946951409148774,0.334082486692689,0.075232648551464,1.069689592820475,0.0,0.0,0.0,19911930.583217166,507.3946370235561,0.1764002068459784,17661553.551841147,672.6289394124615,0.4726576913469356,17835097.359019395,923.9606684927484,1.097609325389704,0.0,0.0,0.0,3465.41,3000.0,4500.0,0.0,6262.81,6000.0,9000.0,0.0,14714.33,14000.0,22000.0,0.0,0.0,0.0,3352.43,0.0,6286.36,0.0,14978.19,0.0
81,Steel,6,4,1.2709706157445908,0.0852803326249122,0.0080126346428763,0.3966764952910501,0.1139392375946045,0.1997859192772651,0.3189980940454596,0.0383874949812889,0.3225164109880613,0.3735700262847064,0.1251939064264297,0.4785542519230232,0.257696316783895,0.1185295414924621,0.6746834351217016,0.3829738483547729,0.0502587395906448,0.8328070004115363,0.1777559624956559,0.0275565483793616,0.954915795299746,30440531.485183585,228.34077795264145,0.1462286769445339,35978530.120447405,241.7033689764212,0.6427109017460926,30858386.654382613,734.668847668395,0.8895733058536265,32375772.57640917,373.41443087974216,1.125850699562628,4237.29,3000.0,4500.0,0.0,8103.18,6000.0,9000.0,0.0,14400.99,14000.0,22000.0,0.0,0.0,0.0,4199.01,0.0,8060.21,0.0,14825.56,0.0
82,Steel,2,2,1.406176120042801,0.0799160696268081,0.0361051679244538,0.4363116362050549,0.1153773862123489,0.4299302565677703,0.3399694735394115,0.05840824842453,0.9823859025512032,0.0,0.0,0.0,0.0,0.0,0.0,0.0,0.0,0.0,0.0,0.0,0.0,25568074.74036381,192.42735804168407,0.1845778636466808,23357307.1512944,498.0949311711332,1.0390995891212298,0.0,0.0,0.0,0.0,0.0,0.0,3471.69,3000.0,4500.0,0.0,6729.4,6000.0,9000.0,0.0,16366.55,14000.0,22000.0,0.0,0.0,0.0,3516.9,0.0,6369.88,0.0,16575.17,0.0
83,Steel,4,2,1.3448784708976746,0.1074245357513427,0.0411000484892635,0.3196261300046468,0.1034994196891784,0.5099956322401913,0.2273184745599789,0.0614900037646293,0.8047177141088683,0.2392084074268451,0.071092015504837,0.8881934788054031,0.334478622999637,0.1041633200645446,1.0610178980083145,0.0,0.0,0.0,0.0,0.0,0.0,31363878.833226837,874.6446679585978,0.215600887219361,39701531.349405415,88.37438248811335,1.1214152723220314,0.0,0.0,0.0,0.0,0.0,0.0,4384.57,3000.0,4500.0,0.0,7319.57,6000.0,9000.0,0.0,16183.64,14000.0,22000.0,0.0,0.0,0.0,4463.51,0.0,7367.55,0.0,16261.48,0.0
84,Steel,4,2,1.499084135890007,0.0881877403259277,0.0271046630131905,0.2574563020904162,0.0928044402599334,0.2771050482579523,0.3124466543329118,0.0644543212652206,0.5082724954378286,0.2735539814868163,0.0994978934526443,0.8991723981650016,0.5843656938919324,0.088831940293312,1.1365428895894991,0.0,0.0,0.0,0.0,0.0,0.0,41023830.03228762,500.6877971062415,0.1947805192209786,47969205.03686428,787.6257750352197,1.210925138812312,0.0,0.0,0.0,0.0,0.0,0.0,3589.18,3000.0,4500.0,0.0,6529.22,6000.0,9000.0,0.0,14310.22,14000.0,22000.0,0.0,0.0,0.0,3705.33,0.0,6767.0,0.0,14126.84,0.0
85,Steel,3,3,1.122996945679188,0.0647258581519126,0.0059600002674711,0.5186657721714392,0.0271648438647389,0.2863379167189697,0.4131409963327012,0.1342158848047256,0.4821906668160549,0.3781165780276923,0.0681877845525741,0.857263730626234,0.0,0.0,0.0,0.0,0.0,0.0,0.0,0.0,0.0,27761017.061574373,208.75228523847363,0.1494561185160465,24561969.49829216,539.4370873263865,0.5608744430095846,22491497.252303977,453.2144908366181,0.959910761404325,0.0,0.0,0.0,4275.9,3000.0,4500.0,0.0,7388.74,6000.0,9000.0,0.0,16523.59,14000.0,22000.0,0.0,0.0,0.0,4202.04,0.0,7266.19,0.0,17412.4,0.0
86,Steel,6,2,1.212910121679306,0.0939412604570388,0.0140088969621464,0.2763586429897656,0.1172596615552902,0.1810463407496337,0.2224766244193586,0.0797133445739746,0.3441609607495926,0.2522817576056111,0.0596778494119644,0.5491927173189362,0.344272880988933,0.0895034420490265,0.747222706056775,0.1869413435128015,0.0768372023105621,0.8871248845670644,0.223703695391789,0.023290578033775,0.992095721727574,38451818.277894095,455.2253755247204,0.1484313835796376,47713221.11350109,397.1553014025383,1.0639935069028643,0.0,0.0,0.0,0.0,0.0,0.0,4307.5,3000.0,4500.0,0.0,7906.13,6000.0,9000.0,0.0,17225.6,14000.0,22000.0,0.0,0.0,0.0,4333.52,0.0,7932.32,0.0,17420.97,0.0
87,Steel,4,2,1.2350763142108918,0.1177315192222595,0.024237574410991,0.4055552406524462,0.1308854186534881,0.1959515765464922,0.2498746916980195,0.0947843557596206,0.3480222266921851,0.2638190851597511,0.1135677307844162,0.5224959377626481,0.1792514079862024,0.0701037934422493,0.7919073414074516,0.0,0.0,0.0,0.0,0.0,0.0,34477475.85049621,153.19608337367364,0.205993323731023,37246869.23128776,357.01937895197835,1.0790697482056566,0.0,0.0,0.0,0.0,0.0,0.0,3638.27,3000.0,4500.0,0.0,7970.78,6000.0,9000.0,0.0,18433.94,14000.0,22000.0,0.0,0.0,0.0,3663.3,0.0,7985.69,0.0,18822.44,0.0
88,Steel,5,4,1.303429388999939,0.1069470978975296,0.0319214266945313,0.1906913966688232,0.1020815646648407,0.2322195301985246,0.2524822705450473,0.066140801012516,0.4769850552912191,0.5102262976795024,0.046744472682476,0.5550356094049622,0.220907447615514,0.0569818311929702,0.7785942911893802,0.4809643491771529,0.085553513765335,1.0693888828346934,0.0,0.0,0.0,17173570.00762993,609.5880108499764,0.1303429402034233,13604364.385321366,195.07347381178903,0.216893239288746,14623878.067818826,615.8038894855101,0.4280236311244205,17380191.249128114,228.5317079855471,1.1050563300172176,3035.76,3000.0,4500.0,0.0,6385.91,6000.0,9000.0,0.0,14503.84,14000.0,22000.0,0.0,0.0,0.0,3131.59,0.0,6215.93,0.0,14947.13,0.0
89,Steel,4,2,1.2694118589162826,0.0855249508619308,0.0260529668435703,0.1639915777831414,0.0597999286651611,0.4172365455119694,0.4105926125208855,0.0650633382797241,0.513748684368928,0.4121772634115552,0.0240406121313571,0.6542735705097806,0.2273454738856644,0.0650388991832733,1.1204731377735269,0.0,0.0,0.0,0.0,0.0,0.0,25976867.331261363,128.85502192349034,0.1814049003977271,27748847.73895256,235.53661128898275,1.0615440459678172,0.0,0.0,0.0,0.0,0.0,0.0,4045.87,3000.0,4500.0,0.0,8160.68,6000.0,9000.0,0.0,15142.16,14000.0,22000.0,0.0,0.0,0.0,4073.9,0.0,7992.41,0.0,15282.27,0.0
90,Steel,3,4,1.251020932197571,0.0348081025630235,0.0278464820504188,0.2606417393983564,0.0616825023293495,0.2597163143909528,0.1223162026030253,0.0918413585424423,0.5782828904050392,0.166557687506512,0.1042966502904892,0.7293973477554354,0.0,0.0,0.0,0.0,0.0,0.0,0.0,0.0,0.0,16704886.681294585,1099.9999999999995,0.1277034511069115,14123151.969656194,665.7917767870567,0.3902893126003362,18036474.6758112,651.2287596155574,0.4649126382777288,14584508.288931925,254.3924042539953,0.9961170148439968,4380.01,3000.0,4500.0,0.0,7792.5,6000.0,9000.0,0.0,14089.65,14000.0,22000.0,0.0,0.0,0.0,3806.88,0.0,7098.35,0.0,15852.89,0.0
91,Steel,5,2,1.194743701815605,0.0890185866355896,0.0175139104634515,0.2807835199601839,0.0795787319540977,0.1764551314355134,0.232973334908366,0.0248610454425215,0.3732737826789863,0.387066937840483,0.0561754146218299,0.6603971599317751,0.3908919112326086,0.0296462824195623,0.8595341996676259,0.3770818240675461,0.0898226302862167,0.9530890478933818,0.0,0.0,0.0,44688520.32590816,612.21712786765,0.1568610720470284,42045301.82253685,253.1100128749209,1.0752693304393008,0.0,0.0,0.0,0.0,0.0,0.0,4361.16,3000.0,4500.0,0.0,8330.74,6000.0,9000.0,0.0,15883.16,14000.0,22000.0,0.0,0.0,0.0,4185.05,0.0,8544.32,0.0,15847.83,0.0
92,Steel,6,2,1.2526976764202118,0.0915050992965698,0.0276151127290888,0.327189321524296,0.0833164569735527,0.1427542471784489,0.3539872511187568,0.1052607548236847,0.2995248006303961,0.3130812326029883,0.0456337238848209,0.4231781503550849,0.3460102946197975,0.0785800841450691,0.746772231779308,0.29871982855746,0.0464152170717716,0.8630897315647386,0.2734308282986908,0.0941247403621673,1.0342079893226044,76221659.1018153,441.4389652876927,0.1629227638680843,71246939.28859033,131.37612783334083,1.1142531765372523,0.0,0.0,0.0,0.0,0.0,0.0,4471.39,3000.0,4500.0,0.0,8370.47,6000.0,9000.0,0.0,15770.53,14000.0,22000.0,0.0,0.0,0.0,4400.49,0.0,8212.27,0.0,16067.02,0.0
93,Steel,4,2,1.2512935161590577,0.0960182831287384,0.0281866512088643,0.2243604371925933,0.0496056678891181,0.2161420024406452,0.2236604423301196,0.0749855223298072,0.4599229865063758,0.2259555713693829,0.0586229079961776,0.7068101832056475,0.3438917918894812,0.1459718960523605,1.0818764499041664,0.0,0.0,0.0,0.0,0.0,0.0,23184485.831645843,155.38397632331157,0.1497435739275026,29644342.013683647,544.2783629754357,1.055271345627991,0.0,0.0,0.0,0.0,0.0,0.0,4126.66,3000.0,4500.0,0.0,6169.07,6000.0,9000.0,0.0,14805.06,14000.0,22000.0,0.0,0.0,0.0,4163.15,0.0,6054.16,0.0,14775.59,0.0
95,Steel,6,2,1.7479112803936006,0.1272524132728576,0.0210931380258949,0.3849101826545749,0.15,0.4090756219991793,0.3824596327159471,0.094696564078331,0.6485839361922525,0.291434285421405,0.0904545986652374,0.9881828159150534,0.2260596585938227,0.0242023143544793,1.1484041511462513,0.3637442000400149,0.060405296087265,1.3194882916999169,0.6667465950147929,0.110619665980339,1.4891171069596223,184466299.5025578,449.42478260676927,0.2160605407370856,163144204.38256106,653.7589076378033,1.573120150606329,0.0,0.0,0.0,0.0,0.0,0.0,3918.23,3000.0,4500.0,0.0,7433.43,6000.0,9000.0,0.0,15743.62,14000.0,22000.0,0.0,0.0,0.0,4004.9,0.0,7519.35,0.0,16267.05,0.0
96,Steel,3,2,1.4079664409160615,0.1260038501024246,0.0197031104991644,0.3388154762788368,0.047678977549076,0.5531376471796672,0.1658137849286482,0.0938512688875198,0.6557314480274282,0.3082473712662827,0.072585183084011,0.8994412150255446,0.0,0.0,0.0,0.0,0.0,0.0,0.0,0.0,0.0,25569689.75608895,273.2009737557198,0.2067292013365733,23542108.84119431,406.3874509882032,1.1507203211729564,0.0,0.0,0.0,0.0,0.0,0.0,4220.74,3000.0,4500.0,0.0,6385.81,6000.0,9000.0,0.0,16087.38,14000.0,22000.0,0.0,0.0,0.0,4206.25,0.0,6483.41,0.0,15952.92,0.0
98,Steel,1,4,2.0548606693744658,0.1134405624866485,0.0104317635624383,0.2950649695356221,0.0638069796562194,1.5123585484620077,0.0,0.0,0.0,0.0,0.0,0.0,0.0,0.0,0.0,0.0,0.0,0.0,0.0,0.0,0.0,72159612.59385613,436.0823164365715,0.8423180329865989,63647502.05908517,443.80090698739343,1.8493746003821585,62515907.17160788,418.0840812406487,1.8493746003821585,82670767.7489485,399.3973155455266,1.8493746003821585,3667.98,3000.0,4500.0,0.0,7657.6,6000.0,9000.0,0.0,19358.53,14000.0,22000.0,0.0,0.0,0.0,3677.91,0.0,8366.9,0.0,17967.19,0.0
99,Steel,5,2,1.0138161525130274,0.0897068338394165,0.0094757324892154,0.2567935004530161,0.1313883650302887,0.2149451795208908,0.2074392898503509,0.0811728289723396,0.4153747826161714,0.291246855394917,0.094996171593666,0.5712471402253692,0.4215440493998125,0.0574003216624259,0.6608047822116081,0.2577148595494173,0.1043918651342392,0.8741531945211385,0.0,0.0,0.0,37088777.91439499,703.372142296562,0.1730119223482272,41895572.44623337,113.85545711503993,0.9070053524010344,0.0,0.0,0.0,0.0,0.0,0.0,4388.2,3000.0,4500.0,0.0,7981.32,6000.0,9000.0,0.0,16639.6,14000.0,22000.0,0.0,0.0,0.0,4382.31,0.0,7937.37,0.0,16438.52,0.0
100,Steel,1,2,1.3444783061742782,0.0840245540142059,0.018278041543486,0.4593333360681854,0.0479494793713092,0.3927133516141012,0.0,0.0,0.0,0.0,0.0,0.0,0.0,0.0,0.0,0.0,0.0,0.0,0.0,0.0,0.0,14252148.095534263,230.61126384726396,0.247578957893257,16522233.047428492,336.1057188608945,0.9651383912208312,0.0,0.0,0.0,0.0,0.0,0.0,4294.59,3000.0,4500.0,0.0,6266.57,6000.0,9000.0,0.0,16106.82,14000.0,22000.0,0.0,0.0,0.0,4270.14,0.0,6242.45,0.0,15970.71,0.0
101,Steel,3,2,1.6055382072925568,0.1209290891885757,0.0262107521530965,0.403607558724908,0.1186705350875854,0.4918247430835114,0.2538435925439527,0.0894553387165069,1.0961777615015953,0.3312026600674135,0.1230921363830566,1.3791980233014254,0.0,0.0,0.0,0.0,0.0,0.0,0.0,0.0,0.0,45643944.96419829,446.6493888578178,0.238579576917984,41126022.809253074,188.4213880806163,1.424095986724673,0.0,0.0,0.0,0.0,0.0,0.0,4019.51,3000.0,4500.0,0.0,6125.52,6000.0,9000.0,0.0,14010.49,14000.0,22000.0,0.0,0.0,0.0,4010.05,0.0,6141.47,0.0,14128.59,0.0
102,Steel,2,4,1.2081105709075928,0.0678280742764473,0.0080105825030865,0.3710927237240839,0.1373238343000412,0.2930615126831917,0.2721271789906407,0.0559967046976089,0.7682820251959998,0.0,0.0,0.0,0.0,0.0,0.0,0.0,0.0,0.0,0.0,0.0,0.0,14106619.301045751,511.8303361839589,0.1545832351249385,12562768.072044078,951.4900972431034,0.5069525436995709,10211389.63431218,625.9914704332996,0.6685264437952442,8578603.368985347,181.72678514004377,1.0118201984157844,4124.95,3000.0,4500.0,0.0,7316.79,6000.0,9000.0,0.0,14958.91,14000.0,22000.0,0.0,0.0,0.0,4183.43,0.0,6922.7,0.0,15222.48,0.0
103,Steel,6,2,1.4391755402088169,0.1218926826715469,0.0132685642585465,0.1998740003843988,0.0875347620248794,0.2640115843916822,0.3336833825609953,0.0812411096692085,0.4271782174848997,0.418989653347841,0.0717369356751441,0.6980471537178421,0.3020833083120751,0.0562369036674499,0.8274084831559474,0.4209625778166256,0.0893873912096023,0.9440300109457084,0.3346410467480151,0.0863212919235229,1.1577191171356684,49666881.60852202,342.60330992819365,0.1700470482662752,48337804.68385634,269.1677799574788,1.181041991329071,0.0,0.0,0.0,0.0,0.0,0.0,3751.67,3000.0,4500.0,0.0,7162.13,6000.0,9000.0,0.0,14356.21,14000.0,22000.0,0.0,0.0,0.0,3713.92,0.0,7054.9,0.0,14148.5,0.0
104,Steel,5,3,1.1386892691254618,0.0739078973531723,0.0310089507235657,0.1769682110896211,0.0232941024377942,0.2921321398012343,0.2146590978015578,0.0711637365818023,0.4281801438047264,0.3277569332994497,0.0650980713963508,0.5828507177458535,0.3228060822245462,0.0816311705112457,0.7143387647478541,0.2347735009958929,0.1334258913993835,0.941322626879426,0.0,0.0,0.0,16444946.306259949,449.13443772997,0.145302470413942,13944395.860805592,454.7234005114931,0.6987466900728669,17311224.685283247,1099.9999999999995,1.0048222379768017,0.0,0.0,0.0,4101.61,3000.0,4500.0,0.0,7416.66,6000.0,9000.0,0.0,14194.0,14000.0,22000.0,0.0,0.0,0.0,4107.68,0.0,7424.2,0.0,14288.66,0.0
105,Steel,2,3,1.1880591094493866,0.1014331219196319,0.023934146394585,0.5153621039831409,0.0933916372060775,0.4521142172425534,0.2859987061849762,0.1188019669055938,0.6913951214476768,0.0,0.0,0.0,0.0,0.0,0.0,0.0,0.0,0.0,0.0,0.0,0.0,14684471.800662346,283.5202490148586,0.194143444294814,17558898.671934187,922.453996039053,0.7990881593644105,16852383.658627745,390.408303778988,0.9620756613166448,0.0,0.0,0.0,3399.22,3000.0,4500.0,0.0,7974.41,6000.0,9000.0,0.0,18161.46,14000.0,22000.0,0.0,0.0,0.0,3376.45,0.0,8081.91,0.0,18502.39,0.0
106,Steel,5,3,1.14217915982008,0.0903146489858627,0.0191418995036313,0.3279034113046766,0.0693133428692817,0.1261555424585844,0.5262098056602477,0.15,0.2468232753419228,0.2573570713040037,0.0851668351888656,0.5537182802365676,0.368224686237176,0.0817416927218437,0.7437957297118849,0.2498724492479395,0.1163405454158783,0.9307598201964812,0.0,0.0,0.0,37385755.84787016,973.744859845694,0.1611591854043977,27578799.99177936,1075.353748555704,0.7144563050598769,33442032.975184515,770.6362567127464,1.0098533222912818,0.0,0.0,0.0,3394.82,3000.0,4500.0,0.0,6760.15,6000.0,9000.0,0.0,19093.23,14000.0,22000.0,0.0,0.0,0.0,3479.65,0.0,6771.27,0.0,18104.23,0.0
108,Steel,1,3,1.342763078212738,0.0820750986337661,0.0118987881631049,0.3771795299497528,0.0991976970434189,1.0020573107423545,0.0,0.0,0.0,0.0,0.0,0.0,0.0,0.0,0.0,0.0,0.0,0.0,0.0,0.0,0.0,13998206.373066667,153.55120381216773,0.3059013469613699,14363321.173784249,807.2198182808092,0.6254262745293752,16301154.209099565,746.4241582120355,1.1063314650371754,0.0,0.0,0.0,4237.04,3000.0,4500.0,0.0,7497.67,6000.0,9000.0,0.0,17608.02,14000.0,22000.0,0.0,0.0,0.0,4289.56,0.0,7344.05,0.0,17704.39,0.0
109,Steel,4,2,1.3459111362695697,0.1163217025995254,0.0253326178354367,0.2185537413605643,0.0882059305906295,0.2833918424310598,0.4653013205967576,0.1359203451871872,0.630911962786608,0.2600383786073229,0.0845344716310501,0.92726208901027,0.2299339301506469,0.0296004581451416,1.1753766413207083,0.0,0.0,0.0,0.0,0.0,0.0,64924610.95076804,557.8777659083967,0.2155400982792543,35293892.95917307,325.0832292212755,1.0477162681871253,0.0,0.0,0.0,0.0,0.0,0.0,4272.64,3000.0,4500.0,0.0,7893.93,6000.0,9000.0,0.0,14458.11,14000.0,22000.0,0.0,0.0,0.0,4172.25,0.0,7951.08,0.0,14496.17,0.0
110,Steel,4,2,1.179468634724617,0.0901720244884491,0.0355389302688459,0.1923058380091536,0.0658354595303535,0.1850134305001951,0.2317425951434586,0.0650781652331352,0.4223762869642233,0.2511797582450846,0.0943472957611084,0.7675770266984661,0.256349474688015,0.1171505224704742,0.9318508536732408,0.0,0.0,0.0,0.0,0.0,0.0,17314281.811098937,993.5434600483218,0.1372249404925888,17101876.641432103,442.88360902532486,0.9065478362095214,0.0,0.0,0.0,0.0,0.0,0.0,3751.83,3000.0,4500.0,0.0,6016.74,6000.0,9000.0,0.0,15997.62,14000.0,22000.0,0.0,0.0,0.0,3787.6,0.0,6113.23,0.0,16149.89,0.0
111,Steel,2,4,1.5313055008649827,0.1000491877794265,0.0056490113329624,0.4095661116602093,0.0827196246385574,0.373739318834313,0.3643993011284417,0.0671963235735893,0.4949663757375544,0.0,0.0,0.0,0.0,0.0,0.0,0.0,0.0,0.0,0.0,0.0,0.0,11725968.012322884,359.18006845050155,0.1913218098414074,11529045.146154452,360.3879201417431,0.7986581927340693,11772775.83677964,373.5774552760336,0.9261105949187488,10746672.568883313,831.9260858312797,1.276571750095473,3253.05,3000.0,4500.0,0.0,6465.12,6000.0,9000.0,0.0,14212.84,14000.0,22000.0,0.0,0.0,0.0,3250.65,0.0,6278.59,0.0,14594.22,0.0
112,Steel,5,2,1.4779073834419252,0.1192630546092987,0.0206344019761999,0.364207388693071,0.0893958991765976,0.2449215551663167,0.2527231749831416,0.0533848285675048,0.6028997305680808,0.412598256553513,0.0597378739714622,0.8250927925677406,0.2580541597884849,0.0759585145115852,1.073622825148514,0.1476425139612346,0.0637828233838081,1.322392638850086,0.0,0.0,0.0,62139802.82648559,338.4187742270803,0.1477907398220999,44859608.11316189,763.5519712707608,1.312391638850086,0.0,0.0,0.0,0.0,0.0,0.0,4351.54,3000.0,4500.0,0.0,8348.09,6000.0,9000.0,0.0,14451.01,14000.0,22000.0,0.0,0.0,0.0,4355.26,0.0,8312.79,0.0,14311.99,0.0
113,Steel,5,2,1.095629107952118,0.0876397731304168,0.0383370864286046,0.2592579116799954,0.0698374700546264,0.1553483246723335,0.3133303375755746,0.1164683043956756,0.2760475530933281,0.3489447565873471,0.0705073368549347,0.4349333484435805,0.1866895178518473,0.1146067875623703,0.7168386449362788,0.3295772109591109,0.0379338723421096,0.8328855499071641,0.0,0.0,0.0,19746759.15276665,475.1805262987132,0.1922993704367974,24059705.738066584,166.15718385435477,0.9661212830760636,0.0,0.0,0.0,0.0,0.0,0.0,3413.63,3000.0,4500.0,0.0,6897.29,6000.0,9000.0,0.0,18006.6,14000.0,22000.0,0.0,0.0,0.0,3406.33,0.0,6781.31,0.0,17824.01,0.0
116,Steel,6,4,1.1090939506888389,0.1020843482017517,0.05493241038141,0.2817520063514326,0.0931897783279419,0.1655836994058029,0.318376091004398,0.0813112887740135,0.3261818375319408,0.4140028758859835,0.0874544012546539,0.5202041353492755,0.1813990377271026,0.0899209368228912,0.6667357194713378,0.2773926921925989,0.0510987405478954,0.81137027104,0.238444678120831,0.1132341456413269,0.9442998817868866,18871107.892329585,338.4120688205311,0.1220885377999802,15354593.887637705,425.3160944627644,0.266539243754187,16068048.090423891,241.67422143985837,0.4500267845977822,18028097.90921833,365.3523687549214,0.9770511225701208,3995.72,3000.0,4500.0,0.0,6039.74,6000.0,9000.0,0.0,14219.82,14000.0,22000.0,0.0,0.0,0.0,4088.33,0.0,6000.45,0.0,14362.69,0.0
117,Steel,4,2,1.2801039427518843,0.0793369046449661,0.0066563472145935,0.5098301624216873,0.054583483338356,0.280709717531885,0.3571683435287686,0.0526852303743362,0.3641952745779992,0.325314512817041,0.0632282751798629,0.8061318738812558,0.2610244478250649,0.078752269744873,1.059676637254884,0.0,0.0,0.0,0.0,0.0,0.0,39357012.17153303,608.7908898919385,0.1318098516305006,41167933.68512464,476.9480857171344,1.1059942739925934,0.0,0.0,0.0,0.0,0.0,0.0,3758.05,3000.0,4500.0,0.0,7923.5,6000.0,9000.0,0.0,16077.67,14000.0,22000.0,0.0,0.0,0.0,3712.86,0.0,7799.88,0.0,15416.13,0.0
118,Steel,6,2,1.2729574352502824,0.0920266761779785,0.021503041617003,0.3272894038486827,0.0311536744982004,0.269676988493905,0.384086656209225,0.087724951505661,0.345948646726963,0.3063804732819136,0.0566510394215583,0.4972141391262287,0.2670966031895493,0.1013242781162262,0.7015593382940805,0.2591775539603709,0.090306561589241,0.8038774279100224,0.3127306071118888,0.085299956202507,1.0429571665537167,44402969.33432158,115.70460331293695,0.1520023626996582,47104896.20251231,111.65373429998785,1.092697014462007,0.0,0.0,0.0,0.0,0.0,0.0,3751.51,3000.0,4500.0,0.0,7845.77,6000.0,9000.0,0.0,15159.79,14000.0,22000.0,0.0,0.0,0.0,3719.18,0.0,7879.96,0.0,15074.0,0.0
120,Steel,6,2,1.0148486524820328,0.0922080397605896,0.0255724875801121,0.2274551647283691,0.0665020215511322,0.1859176170552733,0.3675083051968129,0.0953239375352859,0.3218577483882472,0.2799627003387838,0.1482636386156082,0.4820068131647322,0.2834128249488163,0.0877087181806564,0.623992889879687,0.2003945443396637,0.0875453931093216,0.7561754189167944,0.3286572238029558,0.0422404378652572,0.8742680901536335,23256007.927348275,182.270063614581,0.1219014584967336,30804595.54552411,450.4963658149012,0.8554299106271388,0.0,0.0,0.0,0.0,0.0,0.0,3489.89,3000.0,4500.0,0.0,6927.78,6000.0,9000.0,0.0,17510.7,14000.0,22000.0,0.0,0.0,0.0,3501.2,0.0,6909.04,0.0,17988.28,0.0
121,Steel,4,4,1.0263128921389582,0.0498552695214748,0.0094404653143439,0.3626216324748762,0.0878278297185898,0.1391931380639058,0.2098588710062575,0.0659790489077568,0.255513614503874,0.2944459768735425,0.0566002705693245,0.4465409933593981,0.2388892244871924,0.0286298196017742,0.6892522871758798,0.0,0.0,0.0,0.0,0.0,0.0,11608344.791547658,446.8355322560341,0.1816367223592978,12222591.84325816,464.186448382719,0.6001937141988858,10083684.894675922,190.3758595401603,0.657960883400156,14928986.407263951,305.4223872300293,0.8723783206070359,3419.88,3000.0,4500.0,0.0,8654.96,6000.0,9000.0,0.0,15085.71,14000.0,22000.0,0.0,0.0,0.0,3265.66,0.0,8270.37,0.0,15639.64,0.0
122,Steel,5,2,1.4188407987356186,0.072642292201519,0.0267004709481626,0.240831983442389,0.0740605637431144,0.2605128395943758,0.3727871416584755,0.0320583472400903,0.4722526638984774,0.1793034948982655,0.15,0.7590768980198723,0.3230173041176852,0.1031679189205169,1.0070706596138217,0.2495977002520101,0.088772702217102,1.17584135393669,0.0,0.0,0.0,77744709.17312741,305.0815305847389,0.1671283277043485,59812257.11627741,485.9660032836626,1.2447027467076004,0.0,0.0,0.0,0.0,0.0,0.0,3122.57,3000.0,4500.0,0.0,8819.16,6000.0,9000.0,0.0,15871.06,14000.0,22000.0,0.0,0.0,0.0,3092.26,0.0,8942.28,0.0,16410.9,0.0
123,Steel,3,4,1.261445724964142,0.0903890293836593,0.0254309040547262,0.3937874053255483,0.0775365602970123,0.3845568406122727,0.4521363576016181,0.0564501026272773,0.5078631342537198,0.3453700531236138,0.0695170846581459,0.6375505010804616,0.0,0.0,0.0,0.0,0.0,0.0,0.0,0.0,0.0,11472660.73359002,630.4027801977084,0.1261445737578599,8546618.737560753,207.09917746597156,0.176677713512354,9330761.37659434,641.4371280415619,0.3302409909197006,10409201.545596996,683.9300191358591,1.0542915077481576,3150.06,3000.0,4500.0,0.0,7730.15,6000.0,9000.0,0.0,16371.66,14000.0,22000.0,0.0,0.0,0.0,3156.84,0.0,7654.83,0.0,16545.61,0.0
124,Steel,3,3,1.0690263137221336,0.0774335519075393,0.0208165746325914,0.2956817895871907,0.1285601866245269,0.4350327951210682,0.3087867223981483,0.0819566854834556,0.7427260687663615,0.2363046024404571,0.0831592145562172,0.8704257208034637,0.0,0.0,0.0,0.0,0.0,0.0,0.0,0.0,0.0,14853227.154707216,1099.9999999999995,0.2148632476849607,14445404.71510523,567.1179559746282,0.7603387364326145,15828489.47164334,682.607164443748,0.962123681280894,0.0,0.0,0.0,4312.92,3000.0,4500.0,0.0,7021.86,6000.0,9000.0,0.0,16194.88,14000.0,22000.0,0.0,0.0,0.0,4290.66,0.0,7202.45,0.0,16508.21,0.0
125,Steel,6,4,0.9975305289030076,0.0834233152866363,0.0096399244349301,0.273523283594325,0.1356426739692688,0.1256466751272365,0.2754340109745399,0.0343564349412918,0.2422605888316516,0.2450321087821769,0.1058230167627334,0.3213726578764095,0.2605607271456282,0.15,0.5691698487220318,0.3629593465513515,0.02,0.7342485182063148,0.1984995612743245,0.083299750983715,0.8641863367385864,17516477.32756531,289.1751372831157,0.15151326924647,21673786.34244997,143.4713625729821,0.6177992019361153,19576343.271095254,278.69341798888183,0.7145384258844624,20064643.50035686,318.1166406901442,0.8977774750151762,3808.78,3000.0,4500.0,0.0,7324.83,6000.0,9000.0,0.0,14659.05,14000.0,22000.0,0.0,0.0,0.0,3816.8,0.0,7406.54,0.0,14233.04,0.0
126,Steel,6,2,1.2540089905261993,0.0757939414978027,0.0336005191687838,0.1910896228625365,0.0518319986760616,0.2933194544381925,0.2957225799722662,0.0919845449924469,0.4854243314939043,0.2164838572974517,0.0597700849175453,0.5937577828764983,0.3124816800689043,0.065501018166542,0.7474927202746953,0.3471396023029506,0.0794091266393661,0.8290851246983673,0.4137195226907882,0.1082473844289779,1.0587273950829497,46274219.10290003,478.5381097720017,0.1730131310596926,48554191.167748734,612.0437089160566,1.1087660593375674,0.0,0.0,0.0,0.0,0.0,0.0,3017.21,3000.0,4500.0,0.0,7230.25,6000.0,9000.0,0.0,16200.45,14000.0,22000.0,0.0,0.0,0.0,3031.98,0.0,7387.86,0.0,15231.52,0.0
127,Steel,4,2,1.0892511174082755,0.1035979232788086,0.0152153742849546,0.2105915248469096,0.1024606496095657,0.1601149007295801,0.2345590339325605,0.0395008066296577,0.3225604168893018,0.366556205668506,0.1358326309919357,0.4467313299491461,0.3009934289371313,0.1064852356910705,0.807991751442986,0.0,0.0,0.0,0.0,0.0,0.0,18677788.96966307,499.5584000730652,0.149343714270365,24073401.941469423,529.7534289091919,0.9152842740203716,0.0,0.0,0.0,0.0,0.0,0.0,3441.68,3000.0,4500.0,0.0,6117.38,6000.0,9000.0,0.0,17466.35,14000.0,22000.0,0.0,0.0,0.0,3429.84,0.0,6156.04,0.0,17215.15,0.0
128,Steel,1,2,1.450051772594452,0.0766804546117782,0.0209628350285318,0.7239112679875687,0.0711963000893592,0.2647846625879115,0.0,0.0,0.0,0.0,0.0,0.0,0.0,0.0,0.0,0.0,0.0,0.0,0.0,0.0,0.0,26178989.855755184,715.810675447202,0.147535630717369,18933937.56189228,349.73920624326485,1.0766761415403303,0.0,0.0,0.0,0.0,0.0,0.0,3037.08,3000.0,4500.0,0.0,7227.27,6000.0,9000.0,0.0,16650.21,14000.0,22000.0,0.0,0.0,0.0,3040.27,0.0,7368.8,0.0,15969.53,0.0
129,Steel,2,3,1.3331286907196045,0.0997186994552612,0.0030492087121896,0.2982553290922764,0.0500400371849536,0.5477834987617359,0.468746359433619,0.0816275635361671,0.9444241903048064,0.0,0.0,0.0,0.0,0.0,0.0,0.0,0.0,0.0,0.0,0.0,0.0,14669166.969179036,109.75399848749817,0.3039816106050083,16520151.869998991,245.6005343093364,1.0434469931453638,19452768.46549106,705.0771637503141,1.199815820314515,0.0,0.0,0.0,4118.1,3000.0,4500.0,0.0,6517.04,6000.0,9000.0,0.0,17679.5,14000.0,22000.0,0.0,0.0,0.0,4135.52,0.0,6292.44,0.0,17549.03,0.0
130,Steel,1,3,1.9838862895965577,0.0945506583452224,0.0171711013009834,0.3413249999826971,0.0689671352505684,0.4577164808857874,0.0,0.0,0.0,0.0,0.0,0.0,0.0,0.0,0.0,0.0,0.0,0.0,0.0,0.0,0.0,56978734.60708856,656.9845790153913,0.198388630943542,56057075.26338876,134.96276947683765,0.3129734214655922,52167903.66239773,403.5416362086586,1.3110954855576762,0.0,0.0,0.0,4441.19,3000.0,4500.0,0.0,7401.26,6000.0,9000.0,0.0,14773.47,14000.0,22000.0,0.0,0.0,0.0,4430.63,0.0,7511.73,0.0,15225.75,0.0
131,Steel,2,2,1.2638314962387085,0.09042809009552,0.02305882236407,0.4190841973543492,0.1001605463027954,0.381488684214738,0.3167886484985336,0.1263065516948699,0.6892610280446341,0.0,0.0,0.0,0.0,0.0,0.0,0.0,0.0,0.0,0.0,0.0,0.0,33697460.32264176,201.235120675623,0.1382587432714123,35490725.3143285,318.95461397140485,0.9503707639374932,0.0,0.0,0.0,0.0,0.0,0.0,3991.16,3000.0,4500.0,0.0,8907.64,6000.0,9000.0,0.0,15737.18,14000.0,22000.0,0.0,0.0,0.0,4017.27,0.0,8879.92,0.0,15397.45,0.0
132,Steel,3,2,1.6925777286291124,0.0756810378432274,0.026262642930238,0.3525401430771959,0.0390920948982238,0.5029863883456925,0.1616701839387883,0.0762375921010971,0.7538882701037375,0.3957037879514971,0.0739787229895591,1.523309955766201,0.0,0.0,0.0,0.0,0.0,0.0,0.0,0.0,0.0,85084510.23241037,294.0749615568675,0.2245060579767804,88880200.89799497,695.7483044173888,1.340588342239395,0.0,0.0,0.0,0.0,0.0,0.0,4158.94,3000.0,4500.0,0.0,6504.67,6000.0,9000.0,0.0,16841.03,14000.0,22000.0,0.0,0.0,0.0,3859.57,0.0,6204.09,0.0,18666.11,0.0
133,Steel,3,2,1.394398993253708,0.0761619924306869,0.0295367472780701,0.2547317498642463,0.1163525867462158,0.3295143880555989,0.3451359522584641,0.1041712081432342,0.8641250706167993,0.1728374903561533,0.0491113612055778,0.9516577705980862,0.0,0.0,0.0,0.0,0.0,0.0,0.0,0.0,0.0,35053922.32013015,612.1403836299087,0.1951878836798885,44702013.89683525,519.3806164165845,1.1465492237967054,0.0,0.0,0.0,0.0,0.0,0.0,3870.59,3000.0,4500.0,0.0,8946.68,6000.0,9000.0,0.0,16102.8,14000.0,22000.0,0.0,0.0,0.0,3925.07,0.0,8934.5,0.0,15754.04,0.0
135,Steel,3,2,0.9674027785658836,0.0781504915952682,0.0164218057774132,0.2977368071269905,0.0955886143445968,0.1033825491667849,0.3519046994847564,0.0695495668053627,0.205597993221967,0.3467476737741723,0.0696826258301735,0.4860057666518459,0.0,0.0,0.0,0.0,0.0,0.0,0.0,0.0,0.0,15620188.255356755,482.50381013815627,0.1264971438020844,13830126.025967374,405.1661277721594,0.7555968344528338,0.0,0.0,0.0,0.0,0.0,0.0,3314.6,3000.0,4500.0,0.0,6454.37,6000.0,9000.0,0.0,15783.82,14000.0,22000.0,0.0,0.0,0.0,3349.08,0.0,6367.04,0.0,16049.23,0.0
136,Steel,5,2,1.1502392426133157,0.0778321954607963,0.0197356842303737,0.2945498960234649,0.049799045920372,0.2121807741384381,0.2805377484444742,0.0468039529025554,0.3815836323166593,0.1982445495171713,0.1114758944511413,0.6026671039034639,0.3265537614426371,0.1141075682640075,0.7635706580064763,0.3698022490519181,0.1008920532464981,0.8808862976359312,0.0,0.0,0.0,33511677.41053689,737.3198816980474,0.1442322101437552,44349145.71193642,844.3382077403179,1.0352153172017449,0.0,0.0,0.0,0.0,0.0,0.0,3328.23,3000.0,4500.0,0.0,8656.29,6000.0,9000.0,0.0,19020.25,14000.0,22000.0,0.0,0.0,0.0,3334.1,0.0,8564.55,0.0,19195.14,0.0
139,Steel,6,3,1.185310223698616,0.0748520324230194,0.0341657712238946,0.1813219490088519,0.0867678052186966,0.1497578139044711,0.3964373291014999,0.148829185962677,0.3764107677512108,0.1862948826778723,0.0665297499299049,0.6361189794023686,0.3038748316141339,0.063615747988224,0.7803463271923471,0.2583529386068128,0.110974234342575,0.9008199197550656,0.2361146646700312,0.0862065351009369,1.0142377311679531,53654643.03514584,621.9660641994259,0.1206001955174329,49233695.39298502,766.2929217314644,0.2257734691562714,52106238.83889926,157.6440626086314,1.04153249470078,0.0,0.0,0.0,3800.74,3000.0,4500.0,0.0,8087.56,6000.0,9000.0,0.0,17582.18,14000.0,22000.0,0.0,0.0,0.0,3776.32,0.0,8151.42,0.0,18500.16,0.0
140,Steel,3,4,1.0511085495352746,0.0706071994900703,0.0050036842858749,0.2717804599818629,0.0906311506032943,0.4065505536479913,0.263860975627872,0.0399448868632316,0.5733415608905351,0.3902394875648513,0.1020438522100448,0.8598513972264846,0.0,0.0,0.0,0.0,0.0,0.0,0.0,0.0,0.0,11302953.63068467,525.6556004236558,0.2001516290934804,13900172.621890156,1099.9999999999995,0.5410334226885019,11198205.411032042,445.36662748462106,0.7152571227738108,8458459.956849106,561.0357456148045,0.9324954649512108,3959.65,3000.0,4500.0,0.0,6345.97,6000.0,9000.0,0.0,15787.44,14000.0,22000.0,0.0,0.0,0.0,3971.33,0.0,6148.91,0.0,15693.93,0.0
141,Steel,6,2,1.3230610579252244,0.0976269496679306,0.0463744349982488,0.3783927492203727,0.02,0.2416040377635359,0.3288905968392324,0.0991171580553055,0.3925168343005973,0.4301100451384054,0.1003095364570617,0.6351669652568332,0.3796647548442777,0.0853858262300491,0.8547963943836895,0.3560785241502569,0.060545088648796,0.9773433925156908,0.3917159174211613,0.0564942386746406,1.1244691612995883,71594726.97391708,314.4094596700853,0.1568780933697009,59316103.76805759,533.6621185530768,1.1531536015389572,0.0,0.0,0.0,0.0,0.0,0.0,3342.45,3000.0,4500.0,0.0,8820.58,6000.0,9000.0,0.0,16048.6,14000.0,22000.0,0.0,0.0,0.0,3339.85,0.0,8607.76,0.0,15982.56,0.0
143,Steel,5,2,1.4358466416597366,0.0948968725204467,0.0440256034316354,0.3518765825158069,0.0891257363557815,0.2078416233285517,0.2807704991497088,0.0542868706583976,0.5619597415605792,0.283927619044323,0.0914574694633484,0.7453425527013845,0.4517221352933137,0.0372912980616092,0.8163566628593073,0.1962684440345143,0.1040617978572845,1.0349166915556507,0.0,0.0,0.0,43980353.98918749,935.5158670503968,0.1827969499098934,43581326.629712485,411.8093019442372,1.2922619760579164,0.0,0.0,0.0,0.0,0.0,0.0,3500.22,3000.0,4500.0,0.0,7552.14,6000.0,9000.0,0.0,16733.98,14000.0,22000.0,0.0,0.0,0.0,3473.87,0.0,7695.25,0.0,16181.56,0.0
146,Steel,4,4,1.2336733669042588,0.106558098912239,0.0287416276393441,0.2121458668119035,0.1422682726383209,0.2856610925030862,0.4342510708801027,0.0433046078681945,0.4709159493359389,0.4418360744151693,0.1299339443445205,0.6624324992183841,0.227006845306868,0.0591877424716949,0.9565416453473092,0.0,0.0,0.0,0.0,0.0,0.0,15023132.628743775,605.137168925425,0.1417083025603721,15041052.481882624,835.9924550237214,0.4911464755837911,15698141.474839631,1099.9999999999995,0.5982456256640087,18620712.119234893,564.7740747528082,1.0744304353694298,4071.03,3000.0,4500.0,0.0,6544.2,6000.0,9000.0,0.0,15280.91,14000.0,22000.0,0.0,0.0,0.0,4001.69,0.0,6598.3,0.0,15057.7,0.0
147,Steel,5,3,1.0408074781298635,0.0791505939364433,0.0265599710578131,0.5154202394174857,0.1101524871587753,0.1895084890344075,0.1853925897158255,0.1186059892177581,0.3539081447030396,0.3701219128074662,0.0772551038861274,0.4766411667671825,0.3959619391117917,0.0931276655197143,0.6510063851876786,0.1971032855749996,0.0807296204566955,0.8266558003334276,0.0,0.0,0.0,25125435.37626665,581.322142812159,0.1129157522128899,30869985.93761067,943.5899743994588,0.5087951968050324,25965140.41272357,225.31243764092125,0.8916480745470406,0.0,0.0,0.0,3710.47,3000.0,4500.0,0.0,6125.26,6000.0,9000.0,0.0,17202.4,14000.0,22000.0,0.0,0.0,0.0,3783.32,0.0,6292.4,0.0,17401.42,0.0
149,Steel,3,3,1.83826856315136,0.0704580916762352,0.027022785156279,0.3903127641639308,0.1060622006654739,0.6220160687446499,0.2383582949106662,0.066926431953907,1.1485353340033493,0.2210964330326653,0.1065161526203155,1.4064840722393033,0.0,0.0,0.0,0.0,0.0,0.0,0.0,0.0,0.0,41113994.34263431,588.6531442185014,0.2246801017437006,43710915.032757856,589.4375982307428,0.4682286722383982,45493423.87796467,516.3516373494914,1.637561545040144,0.0,0.0,0.0,3157.45,3000.0,4500.0,0.0,7348.24,6000.0,9000.0,0.0,15769.51,14000.0,22000.0,0.0,0.0,0.0,3257.43,0.0,7089.62,0.0,16634.84,0.0
150,Steel,2,2,1.2298532217741012,0.0830374987125396,0.0119294473793704,0.2139466386033381,0.0702870789170265,0.2807670079641202,0.3934433072312154,0.0760403048992157,0.4216199771105405,0.0,0.0,0.0,0.0,0.0,0.0,0.0,0.0,0.0,0.0,0.0,0.0,12179586.340028,374.1825692275,0.1742228155189604,13428782.62184766,200.0363052366044,0.9065115554784312,0.0,0.0,0.0,0.0,0.0,0.0,3600.89,3000.0,4500.0,0.0,6482.83,6000.0,9000.0,0.0,15435.16,14000.0,22000.0,0.0,0.0,0.0,3587.97,0.0,6410.13,0.0,15637.18,0.0
151,Steel,2,4,1.4537373900413513,0.0882359927892685,0.0247345798047137,0.2814155311526113,0.0649839422106742,0.2646992593646331,0.2519012951869156,0.1360479879379272,1.1190561189077608,0.0,0.0,0.0,0.0,0.0,0.0,0.0,0.0,0.0,0.0,0.0,0.0,14166652.491431862,44.99999999999999,0.1453737404578725,15541971.676640922,728.6575334398638,0.2125848746008616,16161047.024451774,476.1943835257095,0.4390481022748409,15947378.646558655,276.9561124214924,1.1770602620424897,4482.12,3000.0,4500.0,0.0,8083.53,6000.0,9000.0,0.0,14006.48,14000.0,22000.0,0.0,0.0,0.0,4455.41,0.0,8196.71,0.0,14025.09,0.0
152,Steel,6,2,1.5853236585855484,0.0997860125303268,0.0135854631161729,0.3371711381797794,0.0842709028720855,0.2913215286403173,0.2691795882483592,0.1472484785318374,0.4851990556174926,0.28769909745075,0.0996596765518188,0.844613284145419,0.3566918456371484,0.11641665995121,1.155127959818718,0.4989882387639665,0.1131759148836135,1.295581924816658,0.1923320799026264,0.029958685785532,1.3780431639240889,92752111.4909842,306.0087401790781,0.1908085027684245,94629709.72667064,460.2388751894669,1.4267912911416698,0.0,0.0,0.0,0.0,0.0,0.0,3102.4,3000.0,4500.0,0.0,7222.76,6000.0,9000.0,0.0,15873.91,14000.0,22000.0,0.0,0.0,0.0,3214.55,0.0,7298.7,0.0,14144.83,0.0
153,Steel,1,4,1.2435948938131332,0.1124503163099289,0.0149327056086738,0.3031364791175744,0.1158265572786331,0.5792869832384507,0.0,0.0,0.0,0.0,0.0,0.0,0.0,0.0,0.0,0.0,0.0,0.0,0.0,0.0,0.0,12696203.986393742,464.30028077926767,0.1506554684894128,9966547.696478471,584.8451090537918,0.2490765722558548,8729760.75506633,194.3879928668788,0.5315845018189188,8274737.544443364,1089.516324997524,0.9834321198607604,3830.16,3000.0,4500.0,0.0,6699.01,6000.0,9000.0,0.0,16699.97,14000.0,22000.0,0.0,0.0,0.0,3784.97,0.0,6679.28,0.0,16890.45,0.0
154,Steel,5,3,1.4557430654764176,0.0739041901826858,0.0256070875480503,0.3810930200060264,0.125188141465187,0.299720726586998,0.3603606134211846,0.1161023145914077,0.5420825684213749,0.2502968038666008,0.02,0.82599750164662,0.2537090282474562,0.0927959787845611,0.9645698553239104,0.1902222395760871,0.1302618652582168,1.0852936726875722,0.0,0.0,0.0,64023804.85335654,396.72038332638414,0.1570159186115585,55491635.771476686,708.9075189957194,0.3420683206110656,58926594.63794335,397.6466788452148,1.2376747874728222,0.0,0.0,0.0,3922.33,3000.0,4500.0,0.0,8329.73,6000.0,9000.0,0.0,14382.38,14000.0,22000.0,0.0,0.0,0.0,3914.92,0.0,8608.54,0.0,14388.31,0.0
155,Steel,3,3,0.9849698334932327,0.0882130599617958,0.0252223673041337,0.2171230203136107,0.1144196355342865,0.1930153815893825,0.363073016367307,0.1004388374090194,0.3803415340964202,0.2615899447249377,0.0493779189884662,0.5848263009278575,0.0,0.0,0.0,0.0,0.0,0.0,0.0,0.0,0.0,10532458.33428546,428.220815975603,0.2384169023411306,9241331.326086745,247.4554104407976,0.6129445922812589,8783644.794898562,287.3906689681356,0.8367001958758766,0.0,0.0,0.0,3172.06,3000.0,4500.0,0.0,6656.64,6000.0,9000.0,0.0,18642.46,14000.0,22000.0,0.0,0.0,0.0,3106.16,0.0,6720.87,0.0,18923.68,0.0
156,Steel,6,2,1.3980871468782423,0.1218194364309311,0.0070880470650647,0.3202416792270482,0.0583888652920722,0.1783509158841313,0.3452422190636184,0.0923111253976822,0.2983513033300033,0.3964565507971459,0.1254381889104843,0.4693097908409676,0.439437308019024,0.0654165622591972,0.6660736419357464,0.3942647386562289,0.15,0.8951298560805415,0.2025464680045656,0.1029341125488281,1.1435886857932258,49318910.55101365,636.0502646493042,0.157297061878536,42478924.21092106,528.0194888280292,1.2181553076782778,0.0,0.0,0.0,0.0,0.0,0.0,3139.96,3000.0,4500.0,0.0,6515.24,6000.0,9000.0,0.0,14125.99,14000.0,22000.0,0.0,0.0,0.0,3118.24,0.0,6497.78,0.0,14285.48,0.0
158,Steel,1,3,0.868872994184494,0.0643484631180763,0.0135281934245944,0.2531503103973088,0.0896774446964264,0.5162701629995836,0.0,0.0,0.0,0.0,0.0,0.0,0.0,0.0,0.0,0.0,0.0,0.0,0.0,0.0,0.0,2868924.345035629,193.97066939389572,0.1108254033882994,2330843.76683776,285.32416984949424,0.347328312263081,2596251.392170095,1099.9999999999995,0.7431798461794669,0.0,0.0,0.0,3235.8,3000.0,4500.0,0.0,6707.7,6000.0,9000.0,0.0,19621.37,14000.0,22000.0,0.0,0.0,0.0,3204.13,0.0,6730.33,0.0,19732.81,0.0
160,Steel,5,4,1.1610156819224358,0.0772035253643989,0.0290584245169308,0.4355914786260279,0.0576597294211387,0.3513457250732557,0.5738871539730883,0.0898439079523086,0.5049707251487972,0.2605205491741359,0.1219651019573211,0.6277993135113095,0.3958663646275877,0.1120995485782623,0.7698906669897315,0.2481388550533436,0.0939269262552261,0.8786963944106341,0.0,0.0,0.0,29608487.582037557,306.6962963626468,0.165314338933357,34680430.91894376,370.2834619553808,0.5677567443717032,42411649.925620764,52.03155861066039,0.7395611169683258,30248760.59544765,571.9180730031243,1.0111315811183172,4444.67,3000.0,4500.0,0.0,8684.71,6000.0,9000.0,0.0,19819.56,14000.0,22000.0,0.0,0.0,0.0,4454.51,0.0,8721.18,0.0,20372.81,0.0
161,Steel,4,3,1.4183580428361893,0.092675397157669,0.0414712894205904,0.3628541215709767,0.094809980392456,0.5142958994159605,0.2942198818987991,0.0964911639690399,0.7838559946274635,0.2899994498389421,0.0864944732189178,0.9314864916513989,0.2796967801178806,0.105893126130104,1.0525278870143135,0.0,0.0,0.0,0.0,0.0,0.0,19039283.490284625,468.966325997961,0.1828990967082935,20102825.215936337,516.0757676428273,0.6698104011273174,22077636.226780884,334.6018371993896,1.259117526198906,0.0,0.0,0.0,3875.83,3000.0,4500.0,0.0,7017.31,6000.0,9000.0,0.0,14599.42,14000.0,22000.0,0.0,0.0,0.0,3899.05,0.0,7093.88,0.0,14755.6,0.0
162,Steel,1,3,1.339059376716614,0.0859738189578056,0.0061101514519965,0.2680184299967668,0.1227926063537597,0.2663683890136916,0.0,0.0,0.0,0.0,0.0,0.0,0.0,0.0,0.0,0.0,0.0,0.0,0.0,0.0,0.0,14620503.011305677,436.15934081299787,0.2151211408777205,14380438.2340408,465.1857996488452,0.8291776710704686,12651517.646161322,568.4792578841548,1.0469378699880256,0.0,0.0,0.0,4399.62,3000.0,4500.0,0.0,7550.14,6000.0,9000.0,0.0,15176.25,14000.0,22000.0,0.0,0.0,0.0,4366.74,0.0,7411.08,0.0,15132.64,0.0
164,Steel,6,2,1.3477078527212143,0.1303388527631759,0.0584718364085216,0.2152869896525081,0.1478236883878707,0.275337729848408,0.227835245193209,0.1260420298576355,0.4162570827735123,0.2504935613645959,0.1043369042873382,0.5760832918444789,0.2865804099281698,0.1094759488105774,0.7430401053724097,0.2304075572372525,0.0761506721377372,0.9593649874836716,0.1548958160735556,0.0819317156076431,1.1587673094299835,28347552.420069143,82.21379082179743,0.1435308426881275,31944850.831617795,250.7665073554625,1.212937066101385,0.0,0.0,0.0,0.0,0.0,0.0,3658.12,3000.0,4500.0,0.0,7061.31,6000.0,9000.0,0.0,17353.16,14000.0,22000.0,0.0,0.0,0.0,3645.64,0.0,7157.82,0.0,17513.66,0.0
165,Steel,2,3,1.3072316706180571,0.1045244450569153,0.0226184723294517,0.2294658436015483,0.15,0.4201877410697767,0.2560288509776522,0.0941235548257827,0.6413455808750257,0.0,0.0,0.0,0.0,0.0,0.0,0.0,0.0,0.0,0.0,0.0,0.0,13181402.762701826,500.8344349589862,0.1691433534877872,14237233.71300193,252.8412662268559,0.6067858812774609,10324911.596569331,448.0112926360764,1.130177807466457,0.0,0.0,0.0,4356.49,3000.0,4500.0,0.0,6141.62,6000.0,9000.0,0.0,15406.02,14000.0,22000.0,0.0,0.0,0.0,4410.6,0.0,6009.22,0.0,15412.91,0.0
166,Steel,6,4,0.9607614114880564,0.0818901379108429,0.0167314549103253,0.2900333454887827,0.0480428132414817,0.1688130602639613,0.3894359988133118,0.0363301496207714,0.2566144051367613,0.3648862154658442,0.0748941972851753,0.3300112420533441,0.2513150174123152,0.0613292860984802,0.4373851815430338,0.3599185014888562,0.1172194075584411,0.5956392763861326,0.3487926490063298,0.0649086683988571,0.8004473294971993,21993281.76774237,401.6744846367784,0.1061061886107904,20879307.004787505,401.67356631132,0.3890981780650228,17483494.09615681,250.922497209844,0.5174186830638017,17483494.09615681,901.4341603734654,0.8308297547239605,4407.68,3000.0,4500.0,0.0,6188.2,6000.0,9000.0,0.0,19202.8,14000.0,22000.0,0.0,0.0,0.0,4484.75,0.0,6154.23,0.0,18901.8,0.0
167,Steel,1,4,1.3333110749721528,0.0719046160578727,0.0281005689204405,0.2802378881725498,0.1496753257513046,0.962949992393006,0.0,0.0,0.0,0.0,0.0,0.0,0.0,0.0,0.0,0.0,0.0,0.0,0.0,0.0,0.0,7794190.200905903,469.8586850915027,0.3206656009858653,7499829.641324095,691.1311852704188,0.5601484811478527,7740336.637159592,333.7770573655153,0.7479275453596884,7365886.71339034,155.095902414066,1.1057950716218885,3827.7,3000.0,4500.0,0.0,6865.07,6000.0,9000.0,0.0,14650.38,14000.0,22000.0,0.0,0.0,0.0,3743.01,0.0,6829.96,0.0,14638.58,0.0
168,Steel,4,2,1.1765673577785494,0.0862747387886047,0.0190680099699085,0.3402729394048454,0.0708300778269767,0.2026382710644641,0.2421193588236925,0.0988732475042343,0.40613754545121,0.2639249976105878,0.1038537400960922,0.7889060394826206,0.3814654967739813,0.1171877855062484,1.0170398175229876,0.0,0.0,0.0,0.0,0.0,0.0,40740346.77120723,289.5294418891617,0.1749333035498119,40118401.08198069,333.48676193818847,1.0589106208241272,0.0,0.0,0.0,0.0,0.0,0.0,4387.49,3000.0,4500.0,0.0,6664.35,6000.0,9000.0,0.0,14658.86,14000.0,22000.0,0.0,0.0,0.0,4365.59,0.0,6741.81,0.0,14633.23,0.0
169,Steel,5,4,1.283806210756302,0.0851799385547638,0.0271973768279001,0.2948458109651183,0.0576072984933853,0.3016785393584729,0.1987470558783533,0.1084631752967834,0.6486923553421998,0.277943043741516,0.02,0.8473344750039026,0.4069261974450649,0.0801640459895134,0.9904805206271646,0.3103120386817914,0.02,1.1175269866251751,0.0,0.0,0.0,12244608.882941702,521.8227517587342,0.1489823024453419,12100137.326059116,259.4583216309252,0.4151983497929447,10470192.389553094,359.32147504094155,0.5971972240649939,11203771.968807466,388.9045503773269,1.141947886327518,3575.46,3000.0,4500.0,0.0,6598.43,6000.0,9000.0,0.0,14369.77,14000.0,22000.0,0.0,0.0,0.0,3487.53,0.0,6637.51,0.0,15328.34,0.0
170,Steel,6,3,1.161784529685974,0.1092384001016616,0.0117826916816225,0.3198063925400476,0.0658120819926262,0.2631157623328152,0.1893042886965313,0.058758620917797,0.3940484663100019,0.2669230045773354,0.0751396730542183,0.494988297357694,0.4360360235872845,0.1244001704454422,0.6160768028715633,0.212332330568926,0.0693809339404106,0.7349125507211731,0.2949254686733266,0.1030484586954116,0.9419600108851486,25051211.93522265,487.9986266841955,0.170382105550041,20893471.952168155,289.34151325213026,0.7132601854253655,23217866.33487767,289.7926808066886,1.006390953207398,0.0,0.0,0.0,3812.87,3000.0,4500.0,0.0,6399.71,6000.0,9000.0,0.0,15292.34,14000.0,22000.0,0.0,0.0,0.0,3838.23,0.0,6338.01,0.0,15180.78,0.0
171,Steel,2,2,1.2827974736690522,0.110071210026741,0.0303992234434162,0.212208621092492,0.1314624106884002,0.2770164548473462,0.4353273498936567,0.0683327066898346,0.7738681788897386,0.0,0.0,0.0,0.0,0.0,0.0,0.0,0.0,0.0,0.0,0.0,0.0,14701653.234602123,459.1710612509143,0.1373805097032417,19898699.25362893,282.19294149820433,1.0999701262581034,0.0,0.0,0.0,0.0,0.0,0.0,3633.9,3000.0,4500.0,0.0,6447.4,6000.0,9000.0,0.0,17284.86,14000.0,22000.0,0.0,0.0,0.0,3612.98,0.0,6397.37,0.0,17352.39,0.0
172,Steel,5,3,1.1871010959148407,0.0920182038545608,0.012806082669634,0.1595303098017444,0.1045507889986038,0.1891877594649043,0.3110184588992638,0.0898786371946334,0.3883367307278799,0.3127786283119306,0.0829290384054184,0.599271842552906,0.2879141456850853,0.0617089521884918,0.8112927759508823,0.4191230854642861,0.1028954237699508,0.9435170363196382,0.0,0.0,0.0,26521765.213971466,344.3656273496553,0.1339560648424639,23537013.18293191,568.7065312458103,0.5859252885698456,25154049.70984396,458.17817167473146,1.0225200011721645,0.0,0.0,0.0,4143.53,3000.0,4500.0,0.0,6492.61,6000.0,9000.0,0.0,16327.56,14000.0,22000.0,0.0,0.0,0.0,4185.58,0.0,6504.61,0.0,16268.24,0.0
173,Steel,3,2,1.393386286497116,0.0741347414851188,0.0149229746982039,0.3223280439525737,0.0694789576530456,0.4369253678265701,0.2803045056004578,0.0520659658312797,0.8646769922382023,0.3139077327895326,0.1204240673780441,1.1461548346134711,0.0,0.0,0.0,0.0,0.0,0.0,0.0,0.0,0.0,31532302.45618746,492.32160171714656,0.1662920332340293,35341551.9175458,694.6406355659318,1.2175673395978115,0.0,0.0,0.0,0.0,0.0,0.0,3613.05,3000.0,4500.0,0.0,7088.62,6000.0,9000.0,0.0,15213.14,14000.0,22000.0,0.0,0.0,0.0,3648.67,0.0,7209.29,0.0,15110.79,0.0
175,Steel,6,2,0.905575729906559,0.0507967003881931,0.0406373603105545,0.4556626961227609,0.0281006737425923,0.1736024397908278,0.3064067922224548,0.02,0.2557205046010087,0.2311945767059784,0.0347495894134044,0.2935682041715915,0.1666425382028907,0.0732648673653602,0.4045506735626704,0.1198769284687272,0.1168493342399597,0.594913234138683,0.1780752387344835,0.1184069508314132,0.7448075934602705,18903517.97670769,378.410788353491,0.1060455847755777,19915525.178096477,1099.9999999999995,0.8150181560103273,0.0,0.0,0.0,0.0,0.0,0.0,3348.37,3000.0,4500.0,0.0,8175.21,6000.0,9000.0,0.0,14527.39,14000.0,22000.0,0.0,0.0,0.0,3314.46,0.0,7520.81,0.0,15322.33,0.0
176,Steel,6,2,1.587838885188103,0.1445728470087051,0.0241150443664666,0.2515468151804473,0.0803554636240005,0.347854192649372,0.1724047538298115,0.1044913959503174,0.5577415933197991,0.3664242100411795,0.0355145887285471,0.9021461119636904,0.2303073954358551,0.0611954018473625,0.9746077196878388,0.2210707387719961,0.0752909877896308,1.1533701838730424,0.2025894554815753,0.1343102550506592,1.324308959453783,43126811.92245189,489.5765189619427,0.2011587754919123,43707966.26094121,334.76156529706213,1.427305168462951,0.0,0.0,0.0,0.0,0.0,0.0,4316.88,3000.0,4500.0,0.0,6961.54,6000.0,9000.0,0.0,14950.39,14000.0,22000.0,0.0,0.0,0.0,4274.95,0.0,6946.21,0.0,15374.18,0.0
177,Steel,4,2,0.9009856343269348,0.076197329044342,0.01905519139039,0.245082112160069,0.1234487038850784,0.1719833135682279,0.2345655320680755,0.0737009161710739,0.4741290103806036,0.3402920376040305,0.0292258867621421,0.5725258466421589,0.3263827663934363,0.0737210509181022,0.7265727909933343,0.0,0.0,0.0,0.0,0.0,0.0,21214082.10579625,548.3357993738404,0.1368226339025927,22143216.0667871,278.6528018974433,0.80670834398608,0.0,0.0,0.0,0.0,0.0,0.0,4373.16,3000.0,4500.0,0.0,6819.87,6000.0,9000.0,0.0,21849.21,14000.0,22000.0,0.0,0.0,0.0,4420.86,0.0,6898.02,0.0,21183.67,0.0
180,Steel,3,4,1.4204442143440248,0.0828483441472053,0.021795828017794,0.265416277564465,0.0708304497599601,0.3718877149928076,0.4490137552655392,0.0881960433721542,0.905432934748868,0.2014805027930178,0.0907378178834915,1.0111386116498118,0.0,0.0,0.0,0.0,0.0,0.0,0.0,0.0,0.0,15207651.76997492,567.5093312311718,0.1744810857070926,15899219.206253173,740.5563330199259,0.4285050753934931,17106807.01153215,403.6406735857534,0.7319958984774255,19995292.18198523,432.9793893438036,1.261582637035178,4379.61,3000.0,4500.0,0.0,8095.44,6000.0,9000.0,0.0,14916.77,14000.0,22000.0,0.0,0.0,0.0,4334.78,0.0,8159.18,0.0,15698.67,0.0
181,Steel,4,2,1.129045122861862,0.1041340156793594,0.0444416276614246,0.1882191451169939,0.1328046083450317,0.3735299852375943,0.3288062897972429,0.02,0.6061195719000212,0.2551193554712239,0.0845846515893936,0.7967186621581661,0.4193951614096732,0.0338850980252027,1.0161306105756758,0.0,0.0,0.0,0.0,0.0,0.0,21082023.48571209,541.6615755053414,0.2228639983991955,19907011.85718533,341.6135076000508,0.9768262318363417,0.0,0.0,0.0,0.0,0.0,0.0,4302.47,3000.0,4500.0,0.0,6277.06,6000.0,9000.0,0.0,19281.17,14000.0,22000.0,0.0,0.0,0.0,4321.79,0.0,6395.43,0.0,19377.71,0.0
182,Steel,4,4,1.68560511469841,0.0651551366448402,0.0254662616184894,0.2573460404276867,0.0968221068382263,0.3383821096847232,0.335970346559643,0.0514437781274318,0.5080853685867134,0.2217904652971872,0.0790253654122352,0.9536186082202298,0.4951910238351122,0.0947857582569122,1.3132488087982324,0.0,0.0,0.0,0.0,0.0,0.0,36952110.98574909,482.5222877887133,0.2194588167896674,63630739.3228199,618.2785025858556,0.7376342789334706,37672606.80300229,304.9843622748879,0.8216445801822949,40770808.09079027,447.38914332524496,1.4970557816248358,4418.45,3000.0,4500.0,0.0,7556.05,6000.0,9000.0,0.0,14574.2,14000.0,22000.0,0.0,0.0,0.0,4197.49,0.0,7363.11,0.0,16079.69,0.0
183,Steel,1,3,1.2246305704116822,0.0336606772243976,0.0113560857715317,0.2268937836817749,0.0357432597130537,0.7801671680669429,0.0,0.0,0.0,0.0,0.0,0.0,0.0,0.0,0.0,0.0,0.0,0.0,0.0,0.0,0.0,5940057.524452398,663.410814091919,0.4553092411957943,5147471.746862841,521.775530387009,0.8576689466184738,4827056.432971739,940.4753420782424,1.1021675121458834,0.0,0.0,0.0,4304.45,3000.0,4500.0,0.0,6501.61,6000.0,9000.0,0.0,17559.08,14000.0,22000.0,0.0,0.0,0.0,4190.33,0.0,6742.18,0.0,16756.78,0.0
184,Steel,4,2,1.4280525267124176,0.1164447247982025,0.0048237326132763,0.1822702570643337,0.1071734744310379,0.4005968490969021,0.2560414577428065,0.1181664961576461,0.7091111515659665,0.3722340998492187,0.0773059889674186,0.9100891531880004,0.1989837700621528,0.1102576822042465,1.102279386764515,0.0,0.0,0.0,0.0,0.0,0.0,33405828.96634752,406.73097653188,0.1982821271947667,28856269.242500693,878.1003773945387,1.2230064626629844,0.0,0.0,0.0,0.0,0.0,0.0,3892.72,3000.0,4500.0,0.0,7442.43,6000.0,9000.0,0.0,14565.82,14000.0,22000.0,0.0,0.0,0.0,3876.93,0.0,7504.56,0.0,14494.49,0.0
185,Steel,6,2,1.2953433930873872,0.0981373796463012,0.052442792038844,0.2399407925216788,0.0480968190729618,0.3252375979159276,0.2292242346454269,0.0844166967272758,0.4750900244628664,0.4108594525555391,0.0665873065590858,0.695314505399597,0.2908782423869369,0.0355496734380722,0.8300040033336433,0.382139366646536,0.02789714358747,0.940235778379092,0.2912600867811012,0.089290417432785,1.0463520666456163,21488160.22319568,176.24849182873726,0.1879935339060949,21144266.695585616,189.7059280491592,1.1068680661090973,0.0,0.0,0.0,0.0,0.0,0.0,3340.3,3000.0,4500.0,0.0,6925.05,6000.0,9000.0,0.0,14345.27,14000.0,22000.0,0.0,0.0,0.0,3327.55,0.0,6815.43,0.0,14378.89,0.0
186,Steel,2,3,1.437931489944458,0.1126029620170593,0.06,0.2059830771585152,0.0962974488735199,0.8875523190761795,0.2889265526311612,0.0653947228193283,0.987340143450214,0.0,0.0,0.0,0.0,0.0,0.0,0.0,0.0,0.0,0.0,0.0,0.0,12024748.283119164,430.5603465803412,0.2749519138097897,12022171.972345902,416.5687167012405,0.6301319139098112,12273641.961341852,705.0100011352977,1.2058362258573398,0.0,0.0,0.0,4380.59,3000.0,4500.0,0.0,6067.58,6000.0,9000.0,0.0,16168.98,14000.0,22000.0,0.0,0.0,0.0,4383.64,0.0,6147.71,0.0,16128.43,0.0
187,Steel,6,3,1.414264541864395,0.0994534420967102,0.0080655867276567,0.5240638105622476,0.0689897069334983,0.2324358222321123,0.2414241907218957,0.0506574091315269,0.4172194041887682,0.328802525214404,0.0658618474006652,0.4816715461130281,0.1720483506167142,0.0436556215584278,0.7557416697607893,0.339177240907,0.0888387358188629,0.962227343797875,0.192182068611543,0.0655189135670662,1.1872661774578328,22700069.800753128,297.95768163150416,0.1678581230897343,25404289.562301066,379.0007686002944,0.8741695659093347,26213544.705656204,402.4710799387893,1.251378434699407,0.0,0.0,0.0,3558.14,3000.0,4500.0,0.0,6420.76,6000.0,9000.0,0.0,14111.66,14000.0,22000.0,0.0,0.0,0.0,3580.12,0.0,6434.06,0.0,14366.66,0.0
188,Steel,4,2,1.4225287318229676,0.1057524156570434,0.0270297935561195,0.2008195758323716,0.0607904055714607,0.3623744459584177,0.4111604215171963,0.0827190163731575,0.529728875598448,0.1884840824511214,0.15,0.9099191247445776,0.3623196274775448,0.0614890080690384,1.146588768506884,0.0,0.0,0.0,0.0,0.0,0.0,27475392.584972568,903.7971541825048,0.1768971119185455,23222435.78168986,961.1269267551348,1.2754867204897586,0.0,0.0,0.0,0.0,0.0,0.0,3407.97,3000.0,4500.0,0.0,6590.12,6000.0,9000.0,0.0,15272.07,14000.0,22000.0,0.0,0.0,0.0,3413.22,0.0,6622.54,0.0,15214.71,0.0
189,Steel,5,3,1.136043870449066,0.0899014856815338,0.0204396681404642,0.2421233631720428,0.0801555263996124,0.1918404289911864,0.4098590037622069,0.1001469784975052,0.3550318035649938,0.1756188209404361,0.0708027988672256,0.6390706917871433,0.2395309046726451,0.111236617565155,0.8065772114627471,0.1939604557722054,0.0904056739807128,0.9334381530500148,0.0,0.0,0.0,17416035.727604307,247.1782569953145,0.1461921386148046,18404831.106664743,350.5616168382608,0.7298223267756874,21756611.370474767,587.6467820690857,1.0214696833007149,0.0,0.0,0.0,3808.29,3000.0,4500.0,0.0,6880.32,6000.0,9000.0,0.0,19766.66,14000.0,22000.0,0.0,0.0,0.0,3759.27,0.0,6985.66,0.0,19254.36,0.0
190,Steel,4,2,1.310961726307869,0.0956891151666641,0.0321758573937475,0.4012081292349959,0.0869281548261642,0.2856802873822239,0.2482193755273657,0.082316298186779,0.6177731184767234,0.1915861504023797,0.1123800712823867,0.9105123431238088,0.2397070568904265,0.0864173823595047,1.1273705907673224,0.0,0.0,0.0,0.0,0.0,0.0,29759517.700110164,460.0120901845914,0.1707696044273692,26042961.893059224,579.9900852306723,1.1622561421747228,0.0,0.0,0.0,0.0,0.0,0.0,4001.6,3000.0,4500.0,0.0,6477.17,6000.0,9000.0,0.0,14571.47,14000.0,22000.0,0.0,0.0,0.0,4014.32,0.0,6568.33,0.0,14478.15,0.0
191,Steel,3,3,1.370179709792137,0.1077622183561325,0.0215823616814637,0.1772289967559067,0.1105139827728271,0.2407144087474989,0.2934916588679955,0.0336254771798849,0.686423539247494,0.463368012301158,0.0931608372926712,1.0853317379333869,0.0,0.0,0.0,0.0,0.0,0.0,0.0,0.0,0.0,31312586.659327835,253.90137532843335,0.2011458657999485,28918658.551255837,531.4037589150003,0.6233500333379355,22954974.86273436,308.4238921857135,1.2331617374427437,0.0,0.0,0.0,4425.45,3000.0,4500.0,0.0,7927.93,6000.0,9000.0,0.0,18015.54,14000.0,22000.0,0.0,0.0,0.0,4351.8,0.0,7857.71,0.0,18891.81,0.0
192,Steel,5,2,1.2461481630802154,0.1077271779775619,0.0130073454426437,0.1478240708940535,0.0792107856273651,0.2249848984325189,0.2305052901395395,0.082510187625885,0.4750581286432295,0.34979176234684,0.1072669380903244,0.6250116493847093,0.2423972759642287,0.1124289572238922,0.76133994073015,0.3064923124721682,0.0410715319216251,1.0051596486669707,0.0,0.0,0.0,19510355.13669411,476.5891998777552,0.1676339054298082,21720123.598790728,934.5216666383866,1.1215333455260457,0.0,0.0,0.0,0.0,0.0,0.0,3277.62,3000.0,4500.0,0.0,7071.22,6000.0,9000.0,0.0,15086.06,14000.0,22000.0,0.0,0.0,0.0,3293.19,0.0,7098.32,0.0,15136.75,0.0
193,Steel,3,2,1.3201976031064988,0.0644207233190536,0.0235699805168445,0.3503400400383757,0.0711403512954712,0.4577801973784546,0.3215383071972237,0.0577859115600585,0.7703892672476873,0.5039646766250506,0.0931904911994934,1.028049780438446,0.0,0.0,0.0,0.0,0.0,0.0,0.0,0.0,0.0,72842610.4417507,806.5325074960331,0.2717646996166309,59169929.444469474,706.6783314210966,1.099381440408629,0.0,0.0,0.0,0.0,0.0,0.0,3838.25,3000.0,4500.0,0.0,7930.93,6000.0,9000.0,0.0,16349.96,14000.0,22000.0,0.0,0.0,0.0,3966.23,0.0,7919.25,0.0,16859.54,0.0
194,Steel,1,4,1.5979201912879943,0.0626959072351455,0.0251841726840549,0.2894451993187339,0.1052305740118026,0.7714441175380797,0.0,0.0,0.0,0.0,0.0,0.0,0.0,0.0,0.0,0.0,0.0,0.0,0.0,0.0,0.0,13126296.51749462,455.0319225700783,0.4150220504626916,16330951.135145323,1099.9999999999995,1.1407092462686783,11406481.96615461,468.23255205490943,1.23726747048708,12691253.627306148,582.3690429086719,1.429256253641827,4352.53,3000.0,4500.0,0.0,6372.43,6000.0,9000.0,0.0,14585.79,14000.0,22000.0,0.0,0.0,0.0,4196.14,0.0,6550.53,0.0,14513.76,0.0
195,Steel,6,2,1.1901420831680298,0.1139458295106888,0.0181291511760872,0.3556449943426538,0.1030614221096039,0.2055586297945748,0.3290948886958333,0.0898492699861526,0.3058046018093304,0.4752875615713912,0.0413534241914749,0.4142799036124607,0.1981785138346125,0.0603456047177314,0.5768643744978277,0.1741673038491158,0.136672385931015,0.7716465717139572,0.2341204739254859,0.1230464816093444,0.9966713284177534,43440555.72536109,521.0733810321663,0.139502723563879,46191176.64667919,153.92548973977247,0.9797003884633444,0.0,0.0,0.0,0.0,0.0,0.0,4211.4,3000.0,4500.0,0.0,6876.06,6000.0,9000.0,0.0,19324.94,14000.0,22000.0,0.0,0.0,0.0,4245.21,0.0,6943.0,0.0,19545.09,0.0
196,Steel,3,3,1.340337499976158,0.0749168952107429,0.0118225641020291,0.4878770058482021,0.1465095716714859,0.2047830297953698,0.3207667062853144,0.0929169499874115,0.5836843305923789,0.1848181351987856,0.061956969499588,0.9846862841547162,0.0,0.0,0.0,0.0,0.0,0.0,0.0,0.0,0.0,40060214.24167221,250.1122557309462,0.2235477772371745,42916598.04947455,317.59584098893407,0.9630851290458942,42239580.93610584,356.1743540616894,1.166288615998826,0.0,0.0,0.0,3795.36,3000.0,4500.0,0.0,8483.67,6000.0,9000.0,0.0,16895.31,14000.0,22000.0,0.0,0.0,0.0,3783.34,0.0,7775.06,0.0,17175.29,0.0
197,Steel,6,2,1.4159751385450363,0.1069795821905136,0.0488713634566316,0.3843846796080796,0.0327016934752464,0.3729158669560332,0.2873105133276059,0.0669958555698394,0.4518016860741801,0.4431024791682795,0.0756977817416191,0.6644432416760898,0.2463394406525246,0.0755062207579612,0.8308240887768799,0.2882913239601369,0.0606585669517517,0.9562785501052476,0.3027526407234865,0.0687804713845253,1.0265364545022937,33788731.947630405,384.9691484975397,0.2010975088810222,41350652.66022195,727.7885961806985,1.1841345056203665,0.0,0.0,0.0,0.0,0.0,0.0,3595.91,3000.0,4500.0,0.0,7994.65,6000.0,9000.0,0.0,15092.01,14000.0,22000.0,0.0,0.0,0.0,3615.97,0.0,8237.3,0.0,15237.54,0.0
199,Steel,4,3,1.222472283244133,0.0830768725872039,0.0217513312157383,0.3084918363634798,0.0822190687060356,0.2220757262569292,0.5228896965036806,0.0649167385697364,0.4623129295581242,0.3333759461330242,0.111732582449913,0.7386172766424212,0.3322327746906517,0.0521669456362724,0.8378194260423105,0.0,0.0,0.0,0.0,0.0,0.0,25686353.309303656,386.39687309856896,0.1524745766373895,31220967.447227743,852.0463787589186,0.6700448230184683,34857850.14633485,348.9915904827873,1.0865292082390443,0.0,0.0,0.0,4221.9,3000.0,4500.0,0.0,8218.54,6000.0,9000.0,0.0,16283.0,14000.0,22000.0,0.0,0.0,0.0,4282.58,0.0,8107.62,0.0,16213.9,0.0
