rank,material,n_disks,n_bearings,L,OD,ID,d0_OD,d0_W,d0_pos,d1_OD,d1_W,d1_pos,d2_OD,d2_W,d2_pos,d3_OD,d3_W,d3_pos,d4_OD,d4_W,d4_pos,d5_OD,d5_W,d5_pos,b0_K,b0_C,b0_pos,b1_K,b1_C,b1_pos,b2_K,b2_C,b2_pos,b3_K,b3_C,b3_pos,cs1_pred,cs1_lo,cs1_hi,cs1_dev_pct,cs2_pred,cs3_pred,joint_err,joint_err_truth,cs1_ross,cs1_relerr_truth_pct
0,Steel,1,3,0.5799843326210976,0.0619406135678291,0.0116142588956497,0.3318590622966463,0.15,0.253743588009782,0.0,0.0,0.0,0.0,0.0,0.0,0.0,0.0,0.0,0.0,0.0,0.0,0.0,0.0,0.0,4592556.319921676,86.72347529878374,0.1263334029327781,6107447.926850662,347.29339118578866,0.3861879267793868,5940813.100209281,557.1095205489945,0.4851311794363038,0.0,0.0,0.0,3039.06,1800.0,7500.0,0.0,21483.91,40166.15,0.0,0.0,3029.7,0.0
1,Steel,5,4,1.6859546661376954,0.1117428138256073,0.06,0.2581909145341612,0.1021648931503296,0.2394658469817565,0.3379135083620446,0.106468738913536,0.5459256746748173,0.2096058846776994,0.0967940723896026,0.9549987337665772,0.2632006565890241,0.0548879414796829,1.281879309887459,0.2273715796779978,0.15,1.4220729428227867,0.0,0.0,0.0,31436541.21997093,189.95822827519396,0.1812630891565485,25757041.648428693,273.76703466067147,0.6526941451339485,22556103.98507412,703.1514677432965,0.9733453823775192,18061032.137627963,175.30442210370768,1.5003802639888653,4914.67,1800.0,7500.0,0.0,5778.81,11195.64,0.0,0.0,4934.3,0.0
2,Steel,2,2,1.053139366209507,0.0706013763546943,0.0168739504986885,0.2373442530760365,0.0435883946716785,0.2499503393576042,0.2089125878917121,0.0205274098692461,0.5649201873167129,0.0,0.0,0.0,0.0,0.0,0.0,0.0,0.0,0.0,0.0,0.0,0.0,6785080.439557039,419.4726729107662,0.1480629452836787,7266390.237636713,110.28702924527144,0.8746584843504401,0.0,0.0,0.0,0.0,0.0,0.0,4661.02,1800.0,7500.0,0.0,6983.12,17627.86,0.0,0.0,4634.17,0.0
3,Steel,2,4,1.57490790784359,0.0784288679361343,0.0266623425873116,0.2995905429502929,0.0640233400464058,0.5843063358719767,0.5808460497504401,0.1042168086767196,1.1667066148051974,0.0,0.0,0.0,0.0,0.0,0.0,0.0,0.0,0.0,0.0,0.0,0.0,24459881.95142566,384.3051472769834,0.1986376214363423,19908432.70771746,887.0748553330538,0.756260686018621,18013861.022380233,756.8812645424006,1.0407455579497524,25357432.18066896,868.7296244801532,1.351432145117747,4163.73,1800.0,7500.0,0.0,8475.89,14915.2,0.0,0.0,4217.38,0.0
4,Steel,2,3,1.1878715425729751,0.0761288860440254,0.0222448102140652,0.4882278920284518,0.1095997792482376,0.1900069373220247,0.2491311651775682,0.1057448410987854,0.5643782427760056,0.0,0.0,0.0,0.0,0.0,0.0,0.0,0.0,0.0,0.0,0.0,0.0,35361585.08211696,336.88400367923225,0.1213309734060504,25762537.1320345,863.173232697923,0.6246895328419092,34611725.69597884,141.3028197809726,0.8912429641421407,0.0,0.0,0.0,4607.94,1800.0,7500.0,0.0,10793.12,13271.2,0.0,0.0,4577.1,0.0
5,Steel,3,4,1.5685521364212036,0.0455356964766979,0.0151668615572613,0.2548451544292825,0.0524178357422351,0.3010240364468596,0.2272996424168654,0.1058104175329208,0.6492917017133313,0.1715053416722957,0.1191732567548752,1.1570135298969024,0.0,0.0,0.0,0.0,0.0,0.0,0.0,0.0,0.0,28614229.120314155,270.37246588338286,0.1568552152106725,36296492.342943616,579.3718360936375,0.4377974821846288,38085703.96544683,1036.1894636114964,0.7453296023063716,26068976.45082844,833.9444784204023,1.345891453753823,7021.21,1800.0,7500.0,0.0,9356.74,13062.52,0.0,0.0,6672.79,0.0
6,Steel,3,3,1.058078296482563,0.0757258412837982,0.0189881856716809,0.317045666362665,0.0840639996528625,0.3064019592063507,0.2579286910011477,0.1105188411474228,0.6318838336361948,0.3094926097552669,0.0507462061941623,0.9522604668343068,0.0,0.0,0.0,0.0,0.0,0.0,0.0,0.0,0.0,17457160.242663294,674.4594795036794,0.1435180862536197,17447302.883582696,962.8071861141412,0.5718999703989791,15204360.14740906,270.5400846889095,0.9422594668343068,0.0,0.0,0.0,5069.84,1800.0,7500.0,0.0,6408.96,14742.18,0.0,0.0,5141.84,0.0
7,Steel,2,2,1.1898797541856765,0.0706940006017685,0.011383965298853,0.4131397624338471,0.0713916733860969,0.7084032943671114,0.5621026036132132,0.072760262787342,1.040874586235456,0.0,0.0,0.0,0.0,0.0,0.0,0.0,0.0,0.0,0.0,0.0,0.0,199426241.27440387,175.74792075362038,0.473491083637417,192427536.5363685,375.51290815140686,1.0224974035865686,0.0,0.0,0.0,0.0,0.0,0.0,7162.2,1800.0,7500.0,0.0,10003.25,13504.27,0.0,0.0,7263.11,0.0
8,Steel,2,2,1.2398276776075363,0.0488095596730709,0.0119279149088019,0.2244819676304448,0.0872980266809463,0.1239927677607536,0.220536836822638,0.1343643867969512,0.7115916218635703,0.0,0.0,0.0,0.0,0.0,0.0,0.0,0.0,0.0,0.0,0.0,0.0,93820518.61549129,471.2686411541366,0.208688092688736,82238295.3034019,214.38056547199665,1.0306268348628098,0.0,0.0,0.0,0.0,0.0,0.0,3135.57,1800.0,7500.0,0.0,9038.85,21595.3,0.0,0.0,3181.13,0.0
9,Steel,2,2,0.5382422670722008,0.1069112619161606,0.0165356404444894,0.3558788870697268,0.0896686577796936,0.1620212943847064,0.4082062525295912,0.0887031817436218,0.3908742289433357,0.0,0.0,0.0,0.0,0.0,0.0,0.0,0.0,0.0,0.0,0.0,0.0,10808734.20957523,639.2796577167649,0.1824117854739397,9336116.402899478,314.8643204763319,0.4844180398267384,0.0,0.0,0.0,0.0,0.0,0.0,2982.28,1800.0,7500.0,0.0,5315.17,151735.34,0.0,0.0,2935.55,0.0
10,Steel,1,4,1.458502647280693,0.130345056772232,0.0230972002821159,0.3291240553739351,0.1479269540309906,0.9232055418141,0.0,0.0,0.0,0.0,0.0,0.0,0.0,0.0,0.0,0.0,0.0,0.0,0.0,0.0,0.0,21776248.34329113,285.7627032203263,0.3544161917588908,19305861.86296458,738.8508150378168,0.8629499237215618,15718147.596663374,666.1287675625501,0.9024111792563444,16658681.617278935,715.3570943289485,1.256087677765395,4854.56,1800.0,7500.0,0.0,5325.0,15984.79,0.0,0.0,5075.83,0.0
11,Steel,3,4,1.2339381217956542,0.1218046585321426,0.0219427905378208,0.2916569084638796,0.15,0.5078651984219775,0.3442065374682757,0.0734866905212402,0.7549287501603242,0.3971231706914706,0.0932091498374939,0.9201989024595618,0.0,0.0,0.0,0.0,0.0,0.0,0.0,0.0,0.0,20523169.505970757,244.2246956642528,0.2157685717809204,16517468.138077443,555.0089316107941,0.7833929252230789,20472026.92978029,631.7390372801214,0.974577175812902,21098794.896270078,436.9852778368965,1.110544308382151,4366.56,1800.0,7500.0,0.0,6871.97,19738.53,0.0,0.0,4339.15,0.0
12,Steel,3,3,1.2095936834812164,0.0786829572319984,0.0257946765657145,0.2557392407201843,0.0841676294803619,0.3442683074551497,0.5460511280241397,0.094524165391922,0.6691228599951659,0.312842979357517,0.0303586522489786,0.8157751117445957,0.0,0.0,0.0,0.0,0.0,0.0,0.0,0.0,0.0,25742631.72923528,352.2819718463276,0.1610755685005571,23784577.35575632,369.6265512541083,0.5057910374523478,28768807.086542822,540.0610793908853,1.0275703850045868,0.0,0.0,0.0,4124.19,1800.0,7500.0,0.0,11400.59,16552.5,0.0,0.0,3990.27,0.0
13,Steel,1,3,0.9845686212182044,0.0415819356739521,0.0149440663575888,0.1754061950297742,0.1202171486616134,0.3033405866633745,0.0,0.0,0.0,0.0,0.0,0.0,0.0,0.0,0.0,0.0,0.0,0.0,0.0,0.0,0.0,4653531.194853531,307.45831722515254,0.098456863106389,5785374.110358476,394.766543526468,0.1061125808431917,5692421.204770919,875.8579646767901,0.6652296730264273,0.0,0.0,0.0,4658.09,1800.0,7500.0,0.0,7255.15,21412.47,0.0,0.0,4543.97,0.0
14,Steel,6,4,1.662136870622635,0.0413508448004722,0.0173457231041415,0.2297781914131846,0.0830719846487045,0.2532290997796143,0.296511514091356,0.0743070274591446,0.5466070905249827,0.2610756871268612,0.0921443676948547,0.8066376170045259,0.1671250336072941,0.110179181098938,0.9821568502422452,0.2219442303036621,0.113305270075798,1.2223889814268731,0.1789753688808805,0.0699886918067932,1.4129086358071734,24648402.30938911,341.68868831175433,0.1662136887244003,31622662.73286962,360.4499952785355,0.4783018995955709,24526749.870924085,171.55699908974017,0.7539617539463538,24828581.948972125,456.7412411941602,1.4374391641063806,3258.83,1800.0,7500.0,0.0,6647.0,8402.81,0.0,0.0,3276.5,0.0
15,Steel,5,3,2.1,0.0573511195778846,0.0101381284640044,0.1546475579149752,0.15,0.4782011620455736,0.4870210753314754,0.101859210729599,0.7850209097075238,0.3814830955166426,0.0616918045282363,1.025576305750454,0.3011805098577034,0.0697912690043449,1.2998832187033205,0.3670202510249339,0.058905464708805,1.6976659749498049,0.0,0.0,0.0,223417243.29886463,382.2288956867318,0.2722752987566483,277868093.351654,299.9895721188656,0.9434932568254456,213684067.51089743,514.0734796119937,1.715821955951201,0.0,0.0,0.0,4129.88,1800.0,7500.0,0.0,6920.19,10685.78,0.0,0.0,4599.91,0.0
16,Steel,2,2,1.4797724664211274,0.0873858869671821,0.0157104390564945,0.2123481538142918,0.1093370550870895,0.3165167720136282,0.3101539232147878,0.0857991522550583,1.0725528068925847,0.0,0.0,0.0,0.0,0.0,0.0,0.0,0.0,0.0,0.0,0.0,0.0,153993142.15955466,330.46025173990506,0.168076269069264,138030179.84070045,208.2768610314533,1.331795218299242,0.0,0.0,0.0,0.0,0.0,0.0,5403.35,1800.0,7500.0,0.0,14312.03,27263.36,0.0,0.0,5290.72,0.0
17,Steel,1,3,1.1577477619051932,0.1036239242553711,0.0275484659173441,0.2859675964693096,0.1187763267755508,0.3191694460942458,0.0,0.0,0.0,0.0,0.0,0.0,0.0,0.0,0.0,0.0,0.0,0.0,0.0,0.0,0.0,11930673.916226134,539.1364549795853,0.1611405924828854,16554558.043356266,904.2327323061686,0.245866424464656,15948693.25922126,485.76124516476216,0.7723840822295711,0.0,0.0,0.0,4806.85,1800.0,7500.0,0.0,5863.94,23596.29,0.0,0.0,4985.39,0.0
18,Steel,6,3,1.0756057098507883,0.0473188856840133,0.024281745812005,0.1780686667793419,0.0974379426240921,0.1988944193468972,0.2326696184058546,0.054556715786457,0.2840254765207793,0.2141768142097268,0.1381850296258926,0.4786564204632073,0.1627961167773552,0.0532230880856514,0.6295579067620508,0.2906990890679628,0.1153543651103973,0.7960503086934445,0.2723774607350799,0.0739596420526504,0.9273104950704693,13272655.675905896,280.542568606499,0.1177764280185678,12084814.190092469,364.69371430887264,0.6072852944914274,11282825.57607458,539.7521810251812,0.9649438551639788,0.0,0.0,0.0,3526.44,1800.0,7500.0,0.0,4619.79,10515.28,0.0,0.0,3600.31,0.0
19,Steel,5,4,1.4275236785411836,0.0770406680107116,0.0175064259465198,0.2493706556511205,0.02,0.346012662293011,0.5985488306388377,0.1262166059017181,0.4711150024133735,0.2514259657841589,0.0525998175144195,0.6262110245452432,0.4506867960953944,0.1067104721069336,0.9181067939187464,0.2890130929600377,0.0937175589799881,1.060928518395817,0.0,0.0,0.0,30619901.744406503,243.9801179817763,0.1918661688214253,29782691.7062929,725.1681015808391,0.8517295209947495,35800903.89562848,1099.9999999999995,1.0064692759353746,27323239.757769763,264.5223413517139,1.2601571972406584,3108.95,1800.0,7500.0,0.0,7083.5,17851.8,0.0,0.0,3017.05,0.0
20,Steel,3,3,1.4587393939495088,0.0831078757047653,0.0122310740398197,0.4997680917990367,0.095518125295639,0.3526568724409178,0.366933106633846,0.0265062280371785,0.5791842899762182,0.2616678076579119,0.0841681253910064,0.9856890493039724,0.0,0.0,0.0,0.0,0.0,0.0,0.0,0.0,0.0,135365986.85843825,380.9543027931208,0.3082983085400509,160237301.30387953,273.7063813679714,1.161932531428614,110373330.95044938,736.0084553926914,1.264210909208039,0.0,0.0,0.0,6910.47,1800.0,7500.0,0.0,12985.71,22682.79,0.0,0.0,7127.85,0.0
21,Steel,2,3,1.041576546430588,0.0814209480881691,0.005964387986078,0.5773585007537998,0.0865460324287414,0.2323579181668025,0.5708289299165089,0.15,0.8178780051638558,0.0,0.0,0.0,0.0,0.0,0.0,0.0,0.0,0.0,0.0,0.0,0.0,40442301.26556216,696.6750779458906,0.1373598351459888,33529471.13447735,833.0363185983897,0.3682026778197157,28729424.68987242,314.3545947422785,0.915007338934534,0.0,0.0,0.0,3435.64,1800.0,7500.0,0.0,5711.38,57739.3,0.0,0.0,3314.43,0.0
22,Steel,6,3,1.2392482161521912,0.1091990685462951,0.0294424555154048,0.2875069451532092,0.0742825147509574,0.1610292880913801,0.2178859738301532,0.0829235678911209,0.3167681042231883,0.3446652154055251,0.0975131738185882,0.5711345315434002,0.2450543157953318,0.0560941162705421,0.7570155499532731,0.1358032389876959,0.0749711874127388,0.883906876038913,0.3552993674785303,0.0324553653597831,0.9837367924382008,18738817.03333576,626.2432877637168,0.17987572540162,23918623.972461477,673.3609433707252,0.7297050485361642,22983511.32463392,866.5492781284956,1.1050438584410047,0.0,0.0,0.0,4170.55,1800.0,7500.0,0.0,6412.12,15168.37,0.0,0.0,4128.8,0.0
23,Steel,3,3,1.296928283572197,0.1278327378034591,0.0084486252816747,0.3913041704502809,0.10773706138134,0.4194431378346882,0.3052459866938609,0.1111164367198944,0.8526152177886996,0.3618583143654417,0.0788695448637008,1.0361596227104126,0.0,0.0,0.0,0.0,0.0,0.0,0.0,0.0,0.0,23177300.14996633,790.6096304001746,0.1492643333864695,24728619.26869672,400.8009594305178,0.5727566375285117,14898134.580459593,535.482529481332,1.0619741663256712,0.0,0.0,0.0,3379.57,1800.0,7500.0,0.0,5403.29,21091.03,0.0,0.0,3338.94,0.0
24,Steel,4,2,1.7282798320055008,0.1210794242620468,0.0131807324045617,0.174625105165418,0.0854566484689712,0.4915770483392951,0.13690141153246,0.1297955930233001,0.6647122195350894,0.1804144235838148,0.1159436774253845,0.8542834859505548,0.2782564637486183,0.1074599248170852,1.2068846073778898,0.0,0.0,0.0,0.0,0.0,0.0,21507161.78715056,335.3345347413322,0.3196547455253932,21453715.77859197,638.996666800271,1.5154479812539887,0.0,0.0,0.0,0.0,0.0,0.0,3544.89,1800.0,7500.0,0.0,5541.93,10919.66,0.0,0.0,3554.03,0.0
25,Steel,6,3,0.9346838817000388,0.1113177757263183,0.0066188535758022,0.2671886922260719,0.0756428828835487,0.1538297709916395,0.3291753735684609,0.148830177783966,0.2814946226076991,0.2744851433603004,0.0567642465233802,0.4304670369497213,0.2709298174566043,0.0730733683705329,0.6158285575200347,0.1494732682496818,0.02,0.74803567970954,0.2521311486476281,0.0823256236314773,0.8395047513418783,10426215.458936684,607.7982702898918,0.105413033839497,10283229.031932076,773.8212223679993,0.6701472518994311,12579230.188541189,416.43469100941866,0.8295037513418783,0.0,0.0,0.0,2775.66,1800.0,7500.0,0.0,5004.95,26731.23,0.0,0.0,2777.01,0.0
26,Steel,1,2,1.1106286138296126,0.0625119029283523,0.0108023117316378,0.5206823695881924,0.0907671076059341,0.4856814093831422,0.0,0.0,0.0,0.0,0.0,0.0,0.0,0.0,0.0,0.0,0.0,0.0,0.0,0.0,0.0,19706799.117298614,364.7924610507211,0.1960584580111856,20637646.29624254,796.2070815259107,0.8787709115994262,0.0,0.0,0.0,0.0,0.0,0.0,2896.93,1800.0,7500.0,0.0,13102.63,15932.36,0.0,0.0,2919.89,0.0
27,Steel,1,4,1.8371906876564024,0.0641320168375969,0.0180755906184815,0.3457684490393836,0.0950736653804779,0.2321456839707037,0.0,0.0,0.0,0.0,0.0,0.0,0.0,0.0,0.0,0.0,0.0,0.0,0.0,0.0,0.0,6202462.2623463385,140.82351057097924,0.1838633117000316,5765605.036131092,347.16531646739406,0.6174612128004389,6809925.398465338,625.2566383682524,0.8838346698185897,6977331.436504201,504.0979580753445,1.2309769776642423,2831.77,1800.0,7500.0,0.0,3729.49,10123.83,0.0,0.0,2981.48,0.0
28,Steel,2,3,1.1837193787097933,0.0962604595422744,0.0158907341088441,0.4436413503963644,0.1083657211065292,0.2674391617473808,0.4521553048059616,0.0975132513046264,0.8133105771234477,0.0,0.0,0.0,0.0,0.0,0.0,0.0,0.0,0.0,0.0,0.0,0.0,36146676.19959293,374.2324038618969,0.1670060259233375,54568722.83634999,663.9980444890953,0.5504339802082732,37480004.56697321,639.720101395079,0.9966184271218286,0.0,0.0,0.0,5729.01,1800.0,7500.0,0.0,6871.3,28294.13,0.0,0.0,5858.52,0.0
29,Steel,2,3,1.113169477880001,0.1080726981163025,0.0173967622603707,0.2953995452910459,0.0291230773180723,0.3875671307099629,0.2430876093450899,0.1233874589204788,0.8064060595172902,0.0,0.0,0.0,0.0,0.0,0.0,0.0,0.0,0.0,0.0,0.0,0.0,2936058.785705489,613.6290464008479,0.1363115231494257,3983655.237898458,596.4265920548611,0.6144312119848749,2259855.8147341413,468.39440312099686,0.8754523614293181,0.0,0.0,0.0,2104.12,1800.0,7500.0,0.0,2991.09,23708.2,0.0,0.0,2124.78,0.0
30,Steel,1,4,1.6229324162006378,0.1174488855600357,0.0143327097284589,0.3121994987968283,0.0983319920301437,0.51668868711328,0.0,0.0,0.0,0.0,0.0,0.0,0.0,0.0,0.0,0.0,0.0,0.0,0.0,0.0,0.0,12233933.970450187,345.6629180827125,0.1868913182776426,13153083.444532124,679.2118216767645,0.6350474525089509,11022229.033257408,391.3643728659696,1.0037469844478135,12843166.368019603,686.8159098544985,1.3629065912518372,4445.33,1800.0,7500.0,0.0,5335.59,13006.16,0.0,0.0,4491.28,0.0
31,Steel,2,3,0.7559427380561828,0.0776247166395187,0.0184396594518058,0.3059768928952329,0.0780654916167259,0.1545081136519136,0.2707352473843282,0.1301865643262863,0.5376420681335023,0.0,0.0,0.0,0.0,0.0,0.0,0.0,0.0,0.0,0.0,0.0,0.0,4930846.933630438,1099.9999999999995,0.1217940909673287,6457417.505345777,484.7888980263673,0.3775786852841974,5145254.641863734,455.1015422883555,0.6641436571045749,0.0,0.0,0.0,3306.32,1800.0,7500.0,0.0,3909.59,57077.72,0.0,0.0,3356.56,0.0
32,Steel,4,3,1.1462605863809587,0.0891907161474228,0.0160628534880778,0.3517548362308289,0.1106479716300964,0.1863685004857037,0.1438284329693082,0.0653057494759559,0.3707859736016025,0.2841965639824672,0.0518059304356574,0.6622718948834937,0.2361285476514505,0.0868897372484207,0.9406446973425906,0.0,0.0,0.0,0.0,0.0,0.0,34747780.76013063,540.1845647308526,0.1455130431557699,35749618.58984676,609.3327907913168,0.4984456233495793,45586358.74395052,782.8898087203571,0.973115431692317,0.0,0.0,0.0,6398.03,1800.0,7500.0,0.0,8558.79,18314.99,0.0,0.0,6334.68,0.0
33,Steel,2,3,1.880456665158272,0.0859067217111587,0.0184426135419897,0.3943040356139269,0.1328258782625198,0.8834363315812879,0.2514920662893141,0.1012245845794677,1.3297137813757516,0.0,0.0,0.0,0.0,0.0,0.0,0.0,0.0,0.0,0.0,0.0,0.0,91891007.08332472,395.7468568713048,0.4888210771609431,72422531.50327933,762.468971592816,0.98535930416056,84224548.69875209,1099.9999999999995,1.588916518141119,0.0,0.0,0.0,6741.54,1800.0,7500.0,0.0,8386.42,12354.73,0.0,0.0,6652.92,0.0
34,Steel,4,4,0.93428206294775,0.0910021852254867,0.0081970779518011,0.3564655830763275,0.0588031017780304,0.2150978426866215,0.3254679800505156,0.02,0.3971276970899113,0.3544065347301391,0.1097950983047485,0.60778538503693,0.242986457229728,0.079378345310688,0.8408438566529752,0.0,0.0,0.0,0.0,0.0,0.0,26849443.74139085,360.09224872964694,0.1178711448635035,30602290.176972724,368.4027559761829,0.4470411274872374,23842916.44007092,490.7916168766279,0.538428276342395,34406748.94542771,209.0424414233977,0.8064261168644478,6699.31,1800.0,7500.0,0.0,7998.07,20883.59,0.0,0.0,6831.4,0.0
35,Steel,4,2,1.468919390439987,0.10401276242733,0.0108690527596332,0.3642929729209979,0.0894178122282028,0.2407121354076562,0.2271057714742227,0.0530689218640327,0.5037238901610667,0.2667535064897411,0.075552197098732,0.7207012194400478,0.220266458630441,0.1146368288993835,1.0253250756595984,0.0,0.0,0.0,0.0,0.0,0.0,17393108.82656794,156.68386999138608,0.1683588548646793,19056858.605746143,469.2108449793199,1.2542585798546866,0.0,0.0,0.0,0.0,0.0,0.0,3197.0,1800.0,7500.0,0.0,5334.61,12005.21,0.0,0.0,3211.76,0.0
36,Steel,6,2,1.4496102571487428,0.0988698843717575,0.0105075248942758,0.3072382004119615,0.0296187177300453,0.276265627697159,0.3754387888249538,0.1044008767604827,0.5101561114110134,0.205976056251241,0.0637762525677681,0.6407579781910191,0.2955732907529132,0.0812906929850578,0.7848230006551875,0.2180099123141,0.0868528693914413,1.0337576954009462,0.2267291018158592,0.0965417855978012,1.24045529496686,118164013.49964269,208.0547064497666,0.171861888783491,129046124.02001016,993.05275136326,1.3046492299842585,0.0,0.0,0.0,0.0,0.0,0.0,3880.99,1800.0,7500.0,0.0,12699.78,19408.68,0.0,0.0,3882.55,0.0
37,Steel,5,3,1.454151999950409,0.1088823932409286,0.0423680901326295,0.3135644017507505,0.02,0.3664086494139756,0.3585005047878637,0.086512496471405,0.5272030197822737,0.4010016803321165,0.0562163892388343,0.7493630158372928,0.2653167429005983,0.0476682379841804,0.9066547716424368,0.179933698200445,0.1004066032171249,1.1707259398571188,0.0,0.0,0.0,17914901.899199814,285.4349228488151,0.1683834179413014,22624361.378945705,679.0158032844377,0.582687684429817,25234890.757858608,376.617865153252,1.2596383007857754,0.0,0.0,0.0,4435.76,1800.0,7500.0,0.0,7005.61,13704.52,0.0,0.0,4423.14,0.0
38,Steel,1,3,1.10239474773407,0.055491626560688,0.0096044345982425,0.1640435000025679,0.0436053021252155,0.5090676140463636,0.0,0.0,0.0,0.0,0.0,0.0,0.0,0.0,0.0,0.0,0.0,0.0,0.0,0.0,0.0,4310933.723828454,120.92059555222323,0.2825367143168495,3700160.35714028,275.0008449605865,0.8267167824957018,5242324.650786762,188.9632402723476,0.9408669332753126,0.0,0.0,0.0,5088.48,1800.0,7500.0,0.0,8103.21,12046.01,0.0,0.0,5128.69,0.0
39,Steel,2,2,1.636615976691246,0.0606303827166557,0.0119715061699736,0.3352653498664161,0.0719341531395912,0.3915737755506657,0.1628164099459796,0.0652345049381256,0.9957831705616568,0.0,0.0,0.0,0.0,0.0,0.0,0.0,0.0,0.0,0.0,0.0,0.0,120279027.7995492,455.96065640808297,0.2640212622089384,114543731.68117534,648.8444929705497,1.177043196203138,0.0,0.0,0.0,0.0,0.0,0.0,4783.66,1800.0,7500.0,0.0,8729.49,14232.15,0.0,0.0,4830.41,0.0
40,Steel,2,2,1.4556795507669449,0.0863253695964813,0.0236825657161209,0.3068498690889448,0.0878560811281204,0.4876021534542901,0.3129965223716618,0.0373628544807434,0.810361232076598,0.0,0.0,0.0,0.0,0.0,0.0,0.0,0.0,0.0,0.0,0.0,0.0,73369472.62476344,229.27037916358003,0.1646527117668343,62693893.332119495,404.9321478854104,1.2002262537593005,0.0,0.0,0.0,0.0,0.0,0.0,4802.38,1800.0,7500.0,0.0,14498.59,17768.8,0.0,0.0,4823.86,0.0
41,Steel,2,3,1.1841227412223816,0.083410374045372,0.0176650450588117,0.4070021294045223,0.080860227048397,0.2295438697129398,0.2411254936803769,0.0883976775407791,0.7509385704624254,0.0,0.0,0.0,0.0,0.0,0.0,0.0,0.0,0.0,0.0,0.0,0.0,14424441.84947454,333.76370344712353,0.125309096608379,15094978.299818369,922.4728010915608,0.3926662729915425,10307408.977349106,502.02725740227686,1.0647315244845927,0.0,0.0,0.0,4526.4,1800.0,7500.0,0.0,6165.79,18245.09,0.0,0.0,4590.82,0.0
42,Steel,3,2,1.2496410310268402,0.0421246193051338,0.0080191376143307,0.2915263202082072,0.072876708805561,0.3329593720735391,0.2526078068434881,0.0735668808221817,0.682831664176841,0.3278562387258006,0.0586547470092773,0.9684964433315728,0.0,0.0,0.0,0.0,0.0,0.0,0.0,0.0,0.0,50889742.67813891,751.6711149911843,0.1839643166032898,60072057.59879033,541.8427176006408,1.0892059548959636,0.0,0.0,0.0,0.0,0.0,0.0,1944.98,1800.0,7500.0,0.0,6661.97,11400.01,0.0,0.0,2032.65,0.0
43,Steel,1,4,1.058189502358437,0.0796096990704536,0.0170899590212564,0.4272589253365844,0.06372523188591,0.8119683959335273,0.0,0.0,0.0,0.0,0.0,0.0,0.0,0.0,0.0,0.0,0.0,0.0,0.0,0.0,0.0,28206040.90891837,911.945973125034,0.348323023785303,29912373.8243982,470.3504839541817,0.6334631008986551,25145343.583160345,729.4452307675716,0.7078350365939071,30619014.09410113,419.0200212822432,0.8666162246013538,7366.17,1800.0,7500.0,0.0,9461.35,33461.58,0.0,0.0,7474.52,0.0
44,Steel,5,3,1.2887823015451432,0.1054632732868194,0.02093308263408,0.2528715657693417,0.1228346580266952,0.1526453477212752,0.2963058783925253,0.0816553074121475,0.279227901013022,0.250645649847094,0.15,0.5179500101069561,0.4020791265413628,0.1171849882602691,0.761551592403875,0.2353001513156429,0.0605314511060714,1.0228004838931375,0.0,0.0,0.0,37653873.25536631,665.7174486189733,0.1673866405971744,45902056.39602954,221.68927953638348,0.6782788674538708,34622593.00574635,381.3652521887431,1.101467010386793,0.0,0.0,0.0,5036.2,1800.0,7500.0,0.0,6722.66,14219.26,0.0,0.0,5108.54,0.0
45,Steel,3,2,1.0414680421352387,0.0960045547485351,0.0186085049883672,0.2110701617960715,0.15,0.1115958354122966,0.2277014293053706,0.0545082792639732,0.4861169864679987,0.3144026207049853,0.0521880082786083,0.7179424768373575,0.0,0.0,0.0,0.0,0.0,0.0,0.0,0.0,0.0,48611048.08588721,431.91639187254447,0.1989010411030962,51183668.30729407,799.3650686417892,0.8925621754297873,0.0,0.0,0.0,0.0,0.0,0.0,6819.52,1800.0,7500.0,0.0,9595.19,23145.42,0.0,0.0,6991.28,0.0
46,Steel,3,3,1.596035921573639,0.0319207216235446,0.0090636413383678,0.2518005348316175,0.0588376063108444,0.1596135921573639,0.1529842674657076,0.0527188631892204,0.8743647331513194,0.1288214337586631,0.0556054157018661,1.1636131914247632,0.0,0.0,0.0,0.0,0.0,0.0,0.0,0.0,0.0,18121810.25599628,477.38117915019217,0.1884781884456212,20947269.303138457,176.59927029793758,0.6407644572849789,20260464.610049784,128.38796887605432,1.2910173869961552,0.0,0.0,0.0,4228.72,1800.0,7500.0,0.0,7108.11,9701.27,0.0,0.0,4560.67,0.0
47,Steel,1,4,1.288765871524811,0.0838259029984474,0.0146073681596528,0.3286030775104228,0.0810284298658371,0.943115937375814,0.0,0.0,0.0,0.0,0.0,0.0,0.0,0.0,0.0,0.0,0.0,0.0,0.0,0.0,0.0,9256073.33981477,268.2886560259832,0.4229446794536727,9503763.827801874,584.9123021650644,0.6955873750672903,10488256.888024433,731.5202826010375,0.9247652800190878,11643930.239475792,249.541803997847,1.0982870605709447,4689.2,1800.0,7500.0,0.0,5826.21,17126.87,0.0,0.0,4614.3,0.0
48,Steel,1,3,1.1230558291077617,0.0678544942140579,0.0274887804552624,0.3103561932917554,0.0474766363203525,0.748095386612411,0.0,0.0,0.0,0.0,0.0,0.0,0.0,0.0,0.0,0.0,0.0,0.0,0.0,0.0,0.0,6608843.827410704,352.4942594991623,0.3356203378185561,7114027.149011789,335.4983199037705,0.4731753195285886,7740626.484057525,631.5729633973934,0.8982370017237854,0.0,0.0,0.0,4972.9,1800.0,7500.0,0.0,6584.25,16008.55,0.0,0.0,5028.73,0.0
49,Steel,5,3,0.9183026552200316,0.0183660549410059,0.0146928439528047,0.2312602261597957,0.0421271610260009,0.0918402655220031,0.0832391612075356,0.0555075120925903,0.1960289626958359,0.0664592895918224,0.0538898167014122,0.3040946219819807,0.0809953945543629,0.0644318541884422,0.445869174913775,0.1572085483946492,0.0744974067807197,0.5710234024181767,0.0,0.0,0.0,19243786.27307872,144.77785168092015,0.1165410648933698,13752448.504646184,288.6133414814531,0.3824104799928337,17801706.00942429,435.7008019337419,0.717196451308616,0.0,0.0,0.0,5391.76,1800.0,7500.0,0.0,6643.04,10261.09,0.0,0.0,2991.17,0.0
50,Steel,5,4,1.1886546701192855,0.0412568536400795,0.0277467560030098,0.2369020879737263,0.128028849363327,0.1727467648970652,0.1030461673169174,0.0932891154289245,0.3402550968878857,0.3075691191461904,0.1078403270244598,0.5299460081616768,0.2098577742958868,0.0457592318952083,0.6936826445367611,0.279860585206078,0.0985590726137161,0.9462647840428065,0.0,0.0,0.0,11832928.834012516,701.2402495498811,0.1283778147708425,17480330.169956993,488.30516431624864,0.4215168884650241,14970302.603044346,610.3666389342031,0.644923893264913,16914748.125734054,670.1263600533041,1.0681090840968213,4985.99,1800.0,7500.0,0.0,5379.99,6490.41,0.0,0.0,4705.86,0.0
51,Steel,5,3,1.67447350025177,0.0668711926341056,0.0099399180300769,0.2755120807674207,0.1400701409578323,0.253497973272879,0.2645413125853694,0.0658156734704971,0.6430880769510919,0.1996944541410627,0.1439649224281311,1.044294524565284,0.1924048749324898,0.0445758844912052,1.1440771244247248,0.2619447222817227,0.064718587398529,1.4574483709263024,0.0,0.0,0.0,20005012.575185757,209.45519580401805,0.2263918820564407,17959409.642017182,546.0288671154624,0.8941486136602351,19767920.00999516,175.80388071521554,1.4171059974513076,0.0,0.0,0.0,4483.58,1800.0,7500.0,0.0,5313.06,6988.84,0.0,0.0,4572.85,0.0
52,Steel,4,2,1.1096440806984902,0.0599404173493385,0.0421120044761529,0.2254996955611401,0.1221550047397613,0.2197600289585386,0.4675379111209218,0.0952608329057693,0.3804613341852383,0.2723781141015129,0.079852215051651,0.6356534102027152,0.4618198734186753,0.0382078106701374,0.8277541274154618,0.0,0.0,0.0,0.0,0.0,0.0,63599376.91880241,278.2715649367436,0.1628681245287128,62395997.413861886,200.8356568203945,0.9898153309008793,0.0,0.0,0.0,0.0,0.0,0.0,2416.68,1800.0,7500.0,0.0,7675.69,17551.09,0.0,0.0,2422.04,0.0
53,Steel,6,3,1.4919151335954666,0.0898771520853042,0.0311133663158334,0.3369144381745478,0.1000948071479797,0.2488155825227903,0.345122445509067,0.0305020885914564,0.3842052653763841,0.2616282052538504,0.0369783842563629,0.6256758817813952,0.5449598041433583,0.0448292095959186,0.7010551494649632,0.497804710649581,0.0418117134273052,0.9471837934086887,0.2955783445936341,0.0682252219319343,1.1923847700419177,16248315.37621834,257.1128547495288,0.1491915148514618,16254136.298237652,416.1780280639646,0.5381707959249165,13998869.373389104,201.1965740926773,1.2360195359442832,0.0,0.0,0.0,3110.85,1800.0,7500.0,0.0,4921.64,8687.96,0.0,0.0,3127.09,0.0
54,Steel,2,2,0.9474423989653588,0.1122720758914947,0.0162378415373836,0.2494809119830323,0.0596040052175521,0.3497961348880106,0.3131712660060693,0.0928299564123153,0.7004606471961399,0.0,0.0,0.0,0.0,0.0,0.0,0.0,0.0,0.0,0.0,0.0,0.0,5201342.406022721,450.7954925371738,0.2393164714009024,5090238.561918186,656.6068024401162,0.8146831224372545,0.0,0.0,0.0,0.0,0.0,0.0,2497.0,1800.0,7500.0,0.0,3182.98,35188.59,0.0,0.0,2483.62,0.0
55,Steel,2,3,1.4233916938304902,0.1290532686710357,0.0332711221544046,0.1874470346501084,0.1277890533208847,0.7388078999112271,0.436206188053067,0.0974583214521408,1.0627501841272755,0.0,0.0,0.0,0.0,0.0,0.0,0.0,0.0,0.0,0.0,0.0,0.0,14781266.463422429,361.2202304691341,0.2886287239283135,11987008.763543377,669.9005449525489,0.8433273727784956,10659197.616564808,651.9864138986825,1.2810525230240497,0.0,0.0,0.0,3262.94,1800.0,7500.0,0.0,4682.79,18395.67,0.0,0.0,3232.75,0.0
56,Steel,4,3,1.2531501084566117,0.0706521552801132,0.0103075267286665,0.5778061769427647,0.0875588524341583,0.1319753121943932,0.2055650999998242,0.1317827457189559,0.2657390957349113,0.2517725278716318,0.0676593026518821,0.4793900033847745,0.1982042509289826,0.0600290781259536,0.8873994890388659,0.0,0.0,0.0,0.0,0.0,0.0,46764220.90277106,648.6767648190117,0.1659290509271024,66950144.86048368,169.97427942210862,0.6747992684009853,53220531.815202445,577.909354899447,0.954783551491429,0.0,0.0,0.0,4580.04,1800.0,7500.0,0.0,12993.45,14746.97,0.0,0.0,4402.74,0.0
57,Steel,3,3,1.7640957325696949,0.0999498897790908,0.0326241830500592,0.2120869856852226,0.0532115426659584,0.5456944597295765,0.3172068743730671,0.0869720429182052,0.7565677178830946,0.3732956591905223,0.086594089269638,1.2725363324178536,0.0,0.0,0.0,0.0,0.0,0.0,0.0,0.0,0.0,42474681.16465302,326.3061387891933,0.1955424014778595,34558643.42989158,752.924232292791,0.4210131403163019,44384759.94172145,300.2656965214515,1.4162321710159729,0.0,0.0,0.0,4770.23,1800.0,7500.0,0.0,8057.24,13905.46,0.0,0.0,4725.61,0.0
58,Steel,6,3,1.3695772022008896,0.0906971054077148,0.0286694654746674,0.2134240766961188,0.0922144150733947,0.2614721831535894,0.2671560068485692,0.0637979137897491,0.4725115360856053,0.3061089087353986,0.063144861459732,0.5800749104728959,0.2539641112504008,0.0876221895217895,0.802036895066861,0.2612121451168077,0.0520811472833156,0.9948312266600868,0.2502705895396267,0.0284638406336307,1.180269427121926,15663511.810589893,834.8997560177627,0.1844896239132575,11420570.80390072,392.8581766748703,0.6926584037460752,13774010.053247431,332.9583069845614,1.200095243141666,0.0,0.0,0.0,3813.35,1800.0,7500.0,0.0,5630.67,11362.06,0.0,0.0,3872.77,0.0
59,Steel,2,3,1.0186689630150796,0.0942049773931503,0.06,0.2322115374873529,0.06644849807024,0.4158081177814647,0.3194200574616285,0.0803405088186264,0.6741750457808089,0.0,0.0,0.0,0.0,0.0,0.0,0.0,0.0,0.0,0.0,0.0,0.0,3259589.2484575463,329.7772819059396,0.1511845034855758,4103670.302321194,576.8058509041012,0.5132560824254365,4192464.816255087,518.6404837946096,0.9168020656949027,0.0,0.0,0.0,3099.91,1800.0,7500.0,0.0,5054.35,26402.79,0.0,0.0,3121.95,0.0
60,Steel,3,3,2.093844696879387,0.0786016914844513,0.0098374405987861,0.2067745660336146,0.0817097762227058,0.4957186184363661,0.3534058818232714,0.0625537863373756,0.7062595561236589,0.2326233888684118,0.1003693479299545,1.237253366222683,0.0,0.0,0.0,0.0,0.0,0.0,0.0,0.0,0.0,18751485.151576515,1099.9999999999995,0.2272368932455756,15143133.7360216,613.2231561237029,0.791388810710944,16857677.932814114,280.7008225618395,1.7407482508152008,0.0,0.0,0.0,3866.11,1800.0,7500.0,0.0,6428.95,7923.36,0.0,0.0,3900.97,0.0
61,Steel,4,4,1.8007951050996782,0.070348133444786,0.0083430032554704,0.4029503874277562,0.0343441747128963,0.5615590880887814,0.3814682074993507,0.1149114626646042,1.007311895007991,0.2981938826367442,0.1169654083251953,1.2717843964801383,0.3668098489152623,0.087825311422348,1.4116846046501814,0.0,0.0,0.0,0.0,0.0,0.0,55584617.73258029,807.2244320508129,0.2197209551100106,46102745.68984233,1040.6525394651394,0.4380394751652249,44315465.228165016,653.7252788012219,0.4492517847472381,47379584.34412901,280.3972781383346,1.614521887104838,2209.35,1800.0,7500.0,0.0,8180.14,14211.93,0.0,0.0,2176.92,0.0
62,Steel,3,3,1.3998229950666428,0.0960819905996322,0.0186479181726455,0.2428823930820349,0.0810338306427002,0.2841292747361109,0.4089469328323392,0.0986480188369751,0.6341253592371034,0.2401545638168266,0.1065366864204406,1.080825506314214,0.0,0.0,0.0,0.0,0.0,0.0,0.0,0.0,0.0,12252714.357812596,500.35318099961694,0.1840776495536799,9239901.426311493,458.9860751861069,0.6459974642990306,11381182.2118615,1042.1350350265727,1.2368773702293858,0.0,0.0,0.0,3313.28,1800.0,7500.0,0.0,5182.89,10771.84,0.0,0.0,3318.94,0.0
63,Steel,1,4,1.473263642191887,0.029465275790365,0.023572220632292,0.2724648508781232,0.0887142544984817,0.9003722190263359,0.0,0.0,0.0,0.0,0.0,0.0,0.0,0.0,0.0,0.0,0.0,0.0,0.0,0.0,0.0,5743884.983499,362.6937703186395,0.2619356765681925,5495593.255990872,354.2023686790858,0.523066981427868,4956591.915011972,713.1967565873518,0.6495025588798368,4867945.461088934,872.3703590870304,1.1807995965168556,1982.18,1800.0,7500.0,0.0,10162.75,12744.97,0.0,0.0,1904.38,0.0
64,Steel,6,4,0.8037480875849724,0.0642503669857978,0.0514002935886383,0.3711304152883032,0.0545727980136871,0.1109959582286684,0.1847451172374211,0.0803848695755004,0.2160239397280918,0.3045053892616694,0.15,0.3416984843963953,0.1743566915572781,0.0339068096131086,0.4659945308383615,0.2048881872799874,0.0554695516824722,0.5431300981267846,0.2493625274984835,0.1341095352172851,0.6788238698716983,29963851.34563495,660.6986636367152,0.0806385344004662,36721544.83724506,341.98670979665746,0.1820405908963858,29123769.226105265,594.2251915292705,0.3838249216231856,30822099.012902368,264.15439759854246,0.7015526425877476,6123.64,1800.0,7500.0,0.0,8477.41,12406.22,0.0,0.0,6367.72,0.0
65,Steel,1,4,1.7620508015155794,0.1007424286603927,0.0263670256132941,0.3172236465747139,0.0320839166641235,0.6872835326049291,0.0,0.0,0.0,0.0,0.0,0.0,0.0,0.0,0.0,0.0,0.0,0.0,0.0,0.0,0.0,5531598.559127823,807.3543974052353,0.1794175507699567,5765111.065182012,268.1438366922304,0.3844629775714094,5369916.026701568,220.9641297055574,0.7825188244559825,4278386.870037952,694.1417483829086,1.343612864771079,2991.07,1800.0,7500.0,0.0,4667.95,9317.86,0.0,0.0,2884.72,0.0
66,Steel,5,2,1.3318853020668031,0.1021869640350341,0.0167000913195036,0.2813222338182722,0.0745251390337944,0.1517294421007486,0.2554503645878467,0.0653415441513061,0.2740505583729444,0.2428463977539564,0.0889930725097656,0.5064485797324354,0.2986522492912316,0.15,0.7706774440393678,0.2056875876352087,0.0614156907796859,0.9726535845826808,0.0,0.0,0.0,49280734.58946238,579.2990987962095,0.1331885315385656,44295627.60565216,465.52944637479175,1.1577940933590678,0.0,0.0,0.0,0.0,0.0,0.0,4155.76,1800.0,7500.0,0.0,8726.15,15413.31,0.0,0.0,4174.74,0.0
67,Steel,5,3,1.1887081503868102,0.0847867753505706,0.0214988300955812,0.2489230629773147,0.0952562999725341,0.3245551023271079,0.1969721980902129,0.0399112792313098,0.4063200182623817,0.2798141137173052,0.0876068472862243,0.4967353857471345,0.3474073941616115,0.0644672459363937,0.777796329392426,0.2117490866829277,0.0417256961762905,1.0163381113359655,0.0,0.0,0.0,5822476.507352745,1099.9999999999995,0.1308970495608122,6630237.6246151645,528.9231328848233,0.5783193339959956,6689569.837987899,533.4679573937584,1.069837334159421,0.0,0.0,0.0,2837.47,1800.0,7500.0,0.0,4434.3,13837.73,0.0,0.0,2875.14,0.0
68,Steel,4,4,1.6304590195417406,0.0757408180832863,0.0164594979901564,0.3673289931991617,0.1021594613790512,0.3525467786839514,0.2733941528672205,0.0511453542113304,0.5906694593088766,0.4870184590173746,0.0891225904226303,0.7458975337750955,0.2807320594131863,0.0409525211155414,1.1079532150792253,0.0,0.0,0.0,0.0,0.0,0.0,75241794.1283052,364.7383242341775,0.1746601620849012,58468411.86613928,606.4035805279883,0.3875278662302043,55331071.98043019,304.0984346256218,0.6592760563222708,59887785.22823712,671.8398730588906,1.357793413907959,5799.08,1800.0,7500.0,0.0,11386.33,14685.86,0.0,0.0,5610.66,0.0
69,Steel,4,2,1.0641229450702667,0.053037574917078,0.0107996992772101,0.2923207566490397,0.0550267073512077,0.2533834308258915,0.2514731934538881,0.02,0.3563841316491239,0.1856085770370764,0.0201140950585249,0.4428375443154914,0.2567125707575747,0.0378783226013183,0.7091009973788154,0.0,0.0,0.0,0.0,0.0,0.0,7345520.951307591,378.5952523061501,0.140398852516751,7967581.578572885,475.1064772086227,0.944455816348742,0.0,0.0,0.0,0.0,0.0,0.0,3294.45,1800.0,7500.0,0.0,7175.91,17280.64,0.0,0.0,3245.51,0.0
70,Steel,6,2,0.6989075489342214,0.1215378776788711,0.0105666611151981,0.2002451977486573,0.1101846748590469,0.0938780761211118,0.3526822193996369,0.0961593145132064,0.221195237566986,0.3515419484490961,0.0376806111633777,0.3244985050607022,0.2088610926465506,0.0956775373220443,0.4071080847676391,0.282657352528722,0.0803319272398948,0.5191194950594125,0.2219098902411336,0.0957283371686935,0.6161825833378077,6312143.474950447,648.5546731467499,0.1096738673320667,5453905.021167764,378.2188480668291,0.6290167933418916,0.0,0.0,0.0,0.0,0.0,0.0,1938.82,1800.0,7500.0,0.0,3064.09,47503.21,0.0,0.0,1932.67,0.0
71,Steel,5,3,1.3356344342231752,0.0831871736049652,0.0205887819118235,0.2981594039473572,0.0761566579341888,0.2305633973805079,0.2763870335113482,0.077882581949234,0.4729385745199626,0.324467735437237,0.0769748717546463,0.6037307049112023,0.2155827216392372,0.1137032616138458,0.7702589737714461,0.3533239354582699,0.0502631969749927,0.9391701940910104,0.0,0.0,0.0,51052291.79796352,600.3505252291181,0.1395117616762778,54860856.49866982,398.0677474763287,0.5214975953217962,69413050.60113727,660.5744350976338,1.124961532459505,0.0,0.0,0.0,6535.89,1800.0,7500.0,0.0,10346.36,16280.22,0.0,0.0,6289.45,0.0
72,Steel,3,4,0.8109239265322685,0.108942165017128,0.0070108338611916,0.4445953634642985,0.0958795046806335,0.3923496091049616,0.1567516005004452,0.0539984714984893,0.4711681436816334,0.2817169638283542,0.0719672009348869,0.7298215338790418,0.0,0.0,0.0,0.0,0.0,0.0,0.0,0.0,0.0,9040822.853693226,309.6556266457323,0.1631682799576446,6863069.870601299,235.20826894570172,0.4235022251568343,6189391.398139711,813.7701040740012,0.5907322754628642,8514147.717788134,339.1148595706251,0.7023358489408194,3504.42,1800.0,7500.0,0.0,4866.34,29098.21,0.0,0.0,3561.91,0.0
73,Steel,3,3,1.5261362195014954,0.0935706703662872,0.0127453955202041,0.3382548923526254,0.0751316919922828,0.358084905207585,0.2188993345549189,0.15,0.9665414691650582,0.169163618471432,0.0472476457059383,1.2734819901924164,0.0,0.0,0.0,0.0,0.0,0.0,0.0,0.0,0.0,12004795.22398052,883.7173317367422,0.1776714811601654,17863223.407665428,311.5091935900432,0.5225460539483475,15800481.93292754,479.7924445200397,1.3623035035862023,0.0,0.0,0.0,4408.16,1800.0,7500.0,0.0,5778.66,12164.81,0.0,0.0,4423.02,0.0
74,Steel,2,2,0.7320397049188614,0.0229075917527079,0.0087982399633432,0.2523756174957931,0.0562735545635223,0.4562833514687654,0.2131328342825204,0.0395144248008728,0.6136879852872387,0.0,0.0,0.0,0.0,0.0,0.0,0.0,0.0,0.0,0.0,0.0,0.0,96865728.36244129,781.2121063986345,0.2189164933900755,103074393.61958356,735.0877556462179,0.6363528853814664,0.0,0.0,0.0,0.0,0.0,0.0,2839.19,1800.0,7500.0,0.0,15491.23,20402.09,0.0,0.0,2808.66,0.0
75,Steel,4,4,1.0001634672284123,0.1028436241149902,0.021313728983563,0.3030454888647069,0.0590543502569198,0.1695909608692735,0.2014266472589814,0.0629007881879806,0.3388286212166071,0.3473027542918971,0.0682925030589103,0.5009487031957621,0.2153666845126024,0.1139525419473648,0.755816025903613,0.0,0.0,0.0,0.0,0.0,0.0,2996284.168701572,1099.9999999999995,0.1000163477230047,4661630.987676703,638.9443199098333,0.4749928799595337,4871708.207605364,608.1633752272237,0.6211265367658687,4025449.81966259,810.8607230153593,0.8794556341174475,2493.61,1800.0,7500.0,0.0,3568.01,21544.37,0.0,0.0,2493.43,0.0
76,Steel,2,3,1.5637305319309236,0.1405505162477493,0.011853252509197,0.1696811879096382,0.1216769468784332,0.7821954677691868,0.5613387742230522,0.06785674482584,1.1472498053106386,0.0,0.0,0.0,0.0,0.0,0.0,0.0,0.0,0.0,0.0,0.0,0.0,30499022.755058,443.831347166912,0.2139034892692053,27949241.156504277,343.08529768486403,0.6952885064933321,26631771.84923536,409.0361647884553,1.360329704347765,0.0,0.0,0.0,4155.81,1800.0,7500.0,0.0,7000.49,17969.17,0.0,0.0,4089.0,0.0
77,Steel,5,2,1.6678010374307632,0.1079293203353882,0.0192231169562816,0.3846332786103266,0.0759846040606498,0.2509617279026326,0.2241921555003792,0.1072698438167572,0.462536126171569,0.2794335682017109,0.080142485499382,0.8369747856746507,0.1937952437118665,0.0813350847363472,0.959985905362472,0.1678363909770431,0.1127104175090789,1.2468529538901982,0.0,0.0,0.0,70547843.38616948,258.3416870597649,0.1928344121058526,62123514.51746608,622.4689327671844,1.3078263645746016,0.0,0.0,0.0,0.0,0.0,0.0,4820.59,1800.0,7500.0,0.0,8297.49,11161.17,0.0,0.0,4897.81,0.0
78,Steel,4,2,0.9988936692476272,0.0758514407277107,0.0111934494785292,0.2778001844973047,0.1137252521514892,0.1381600265935605,0.2239891150471282,0.0288587046414613,0.3026588832356817,0.4855977591769739,0.1188412755727768,0.4684649160322611,0.2540783918434589,0.15,0.7330358958363725,0.0,0.0,0.0,0.0,0.0,0.0,71231778.80402122,571.8316725876741,0.1219781295941803,66047357.86694431,623.0382024651013,0.8018236222997437,0.0,0.0,0.0,0.0,0.0,0.0,4016.59,1800.0,7500.0,0.0,11086.05,14351.73,0.0,0.0,4010.53,0.0
79,Steel,2,4,1.1990464925765991,0.1231865020990371,0.0164171312443124,0.4712445100796293,0.0869626516103744,0.2798205365680993,0.2554311284140481,0.1047004300355911,0.6796083189209604,0.0,0.0,0.0,0.0,0.0,0.0,0.0,0.0,0.0,0.0,0.0,0.0,15159893.726554217,672.1307502917099,0.1296373887897871,17410233.248708997,493.83471593802346,0.4538073435627889,18680709.81891597,537.5878691545644,0.5464489811846274,18138840.971708275,388.5702325978656,1.000925664950734,4367.61,1800.0,7500.0,0.0,6041.3,24450.54,0.0,0.0,4428.71,0.0
80,Steel,2,3,1.6929228693246845,0.1077290738821029,0.01873928087491,0.3404575794685466,0.0806159484386444,0.6593730474772506,0.2757638104294438,0.0340053079277277,1.294431533253194,0.0,0.0,0.0,0.0,0.0,0.0,0.0,0.0,0.0,0.0,0.0,0.0,11913507.17094544,712.1078425307148,0.2091764329123498,10429418.563174907,451.00286846090495,0.7840527524178376,13185360.876229646,289.0970248532049,1.3434018440027815,0.0,0.0,0.0,4070.42,1800.0,7500.0,0.0,4615.55,10248.01,0.0,0.0,4050.05,0.0
81,Steel,6,4,1.0945119217038155,0.0591001761555671,0.011325570792853,0.2224976681308259,0.0712371158599853,0.1692706356747308,0.2540979932149971,0.0585006234049797,0.2687427679991114,0.2878003631650757,0.0378158785402774,0.4038339644297938,0.2575296457599231,0.0594153615832328,0.5320035658521458,0.2933145562179478,0.0966229057312011,0.6594001481733356,0.2906913891104885,0.0863833117485046,0.8949775955547572,16517438.738958884,197.0551379180716,0.1180545406263047,15992847.051380295,1056.3349671625135,0.5617886150349567,14300279.486040188,1099.9999999999995,0.7222085994936492,13827652.270668674,462.8364785377427,0.9529661796360116,4931.46,1800.0,7500.0,0.0,5795.74,10201.93,0.0,0.0,4848.66,0.0
82,Steel,1,4,1.0352706164121628,0.0819065620303154,0.01662621068623,0.2284113346973975,0.0963321936130523,0.4502706569624367,0.0,0.0,0.0,0.0,0.0,0.0,0.0,0.0,0.0,0.0,0.0,0.0,0.0,0.0,0.0,8173665.782171136,545.4433901396486,0.1508428965078838,8444588.569818716,884.0182534228853,0.5023914774336463,8570906.501855398,465.6866367010339,0.5675361781795054,8671334.552756213,819.759053401701,0.8614274083101124,6246.33,1800.0,7500.0,0.0,7547.67,18496.61,0.0,0.0,6254.25,0.0
83,Steel,3,3,0.5550943404436112,0.1119948929548263,0.0274464790277982,0.3383161261419619,0.1007118052244186,0.072017527754988,0.3300332134778341,0.1279877895116806,0.2953706415357409,0.3106447701120649,0.1059321790933609,0.4494160653142023,0.0,0.0,0.0,0.0,0.0,0.0,0.0,0.0,0.0,3807413.9448734047,775.7150472579448,0.0902089888415868,4220322.013900493,230.71796553292603,0.1825290488164887,4329331.062720569,890.2268249951264,0.4749049234495088,0.0,0.0,0.0,2059.13,1800.0,7500.0,0.0,2539.72,55974.34,0.0,0.0,2067.76,0.0
85,Steel,4,4,1.59460551738739,0.065941357254982,0.03811935905528,0.3995623090119616,0.1070064687728881,0.5658453675116448,0.1812534781103071,0.0795643815398216,0.8655092340081132,0.3787530065787912,0.0743680438399315,1.14079836865275,0.3501063153333654,0.15,1.4351349656486514,0.0,0.0,0.0,0.0,0.0,0.0,69500332.99866524,467.4004475117271,0.2464660320475447,68382641.2738308,958.4160866918454,1.0090284106062877,63583893.481797606,145.9842339212494,1.1132575749124611,84552499.24508208,1099.9999999999995,1.4251339656486517,4531.65,1800.0,7500.0,0.0,7573.51,13399.92,0.0,0.0,4096.24,0.0
87,Steel,1,4,1.4199880331754684,0.0550852893590927,0.0151044466081964,0.2685472102165454,0.0852796548604965,1.0380776470414306,0.0,0.0,0.0,0.0,0.0,0.0,0.0,0.0,0.0,0.0,0.0,0.0,0.0,0.0,0.0,18167734.12579096,355.0787028751969,0.3172026885499288,25020302.98133233,514.0677990353572,0.628586083248174,20643880.970787976,392.71150291907503,0.7538846779243237,21384417.487022243,427.34540934720974,1.2268413125687947,7249.91,1800.0,7500.0,0.0,9572.17,17501.62,0.0,0.0,6960.58,0.0
88,Steel,5,4,1.2057445377111435,0.1238483420610428,0.0166065899051608,0.2988636378068151,0.0730114221572876,0.1920924790508168,0.2964496812609699,0.0806763836741447,0.3405724708189154,0.4049568358086517,0.1082730168104171,0.618915849574611,0.2624027362937658,0.04373763859272,0.7710872123744682,0.2854793493036145,0.1051420617103576,1.0324314771163343,0.0,0.0,0.0,11043916.20221546,561.675625872556,0.1347712257006631,9946223.98684515,245.5628229112048,0.5473203074050784,12113711.265143463,296.99731525574,0.6978321637767001,11987109.428149218,409.123689271409,1.0654035795927903,3293.12,1800.0,7500.0,0.0,3932.98,15466.08,0.0,0.0,3275.98,0.0
89,Steel,1,2,1.4603616654872895,0.0652124031186103,0.0293705367651763,0.3850789926286045,0.1283740884065628,0.8690572792392359,0.0,0.0,0.0,0.0,0.0,0.0,0.0,0.0,0.0,0.0,0.0,0.0,0.0,0.0,0.0,50796141.24730452,325.758587814902,0.4515757214072009,40979687.9995984,826.8307964387488,1.2537266207306703,0.0,0.0,0.0,0.0,0.0,0.0,3066.71,1800.0,7500.0,0.0,8463.5,20142.54,0.0,0.0,3103.19,0.0
90,Steel,5,3,1.509751409292221,0.1021154782772064,0.0159740219318319,0.2495627492774768,0.1180646330118179,0.2485624670198506,0.5436756334458313,0.1232008880376815,0.4168888205269835,0.3875038493783983,0.0650965604186058,0.6563798809011216,0.2803875088444262,0.0771934249997139,0.8520211686122341,0.2079796714348824,0.1055784165859222,1.1724023432073567,0.0,0.0,0.0,47092739.96559908,366.3758407119889,0.1709010620244138,46810878.19680727,485.4859944916117,0.4903835125743968,41196408.685472175,419.3269275705474,1.3587762668532477,0.0,0.0,0.0,4151.77,1800.0,7500.0,0.0,8049.45,15010.4,0.0,0.0,4281.79,0.0
91,Steel,6,4,1.262476846575737,0.0800923887491226,0.0076501392640216,0.3541904576857492,0.0988368368148803,0.2128330088259063,0.2957731032250871,0.1050575864315033,0.3230923333107712,0.3049404799589592,0.1216470372676849,0.5061103249476467,0.2694457482331755,0.1027531439065933,0.6760982152767534,0.218661250310081,0.051585164964199,0.7935264478548362,0.2237241301803741,0.095482148528099,1.0141412981050066,24666168.18721363,242.29402886086467,0.1426241311776852,26745341.119198028,791.1835780659098,0.8845137407938988,21928128.219795268,766.7117483233553,0.9821015497636938,25828723.817957856,566.9457542879842,1.1276814805787263,3397.35,1800.0,7500.0,0.0,7846.36,12182.45,0.0,0.0,3299.45,0.0
92,Steel,4,2,1.2869607746601106,0.1102475714683532,0.0217937021218578,0.1963300056033871,0.0752830880880355,0.24112523075036,0.2646134795602476,0.1194806981086731,0.4409171303992036,0.3834084346301266,0.0658329799771308,0.7137943067198556,0.3329690839691507,0.1074838370084762,1.033361243717293,0.0,0.0,0.0,0.0,0.0,0.0,80185171.93063407,331.53229738488835,0.1880402863005932,113602074.62005176,510.84239984685286,1.0758387637577769,0.0,0.0,0.0,0.0,0.0,0.0,6261.84,1800.0,7500.0,0.0,11002.3,17725.08,0.0,0.0,6212.37,0.0
93,Steel,4,2,1.274228060245514,0.090018989443779,0.0342223093067244,0.2389262542290466,0.0981332635879516,0.2374533480393669,0.3826230175092223,0.0990881937742233,0.4326632081979231,0.1814446232427613,0.065764222741127,0.6011883782835087,0.232481532667392,0.1164489948749542,0.8239265323631081,0.0,0.0,0.0,0.0,0.0,0.0,112947078.31437355,648.7053138589495,0.188052620872841,127987115.86147246,360.9154871731092,1.1400835225227124,0.0,0.0,0.0,0.0,0.0,0.0,4851.5,1800.0,7500.0,0.0,14022.03,24687.17,0.0,0.0,4897.42,0.0
94,Steel,4,2,1.200316235423088,0.123798709988594,0.0050383614410508,0.1768577934719591,0.1092976146936416,0.3052245960952588,0.2461811675155301,0.1187924981117248,0.5835225954616671,0.3713525038672464,0.0753741651773452,0.7642738688856872,0.1934779461586099,0.1098119437694549,0.9410943465191376,0.0,0.0,0.0,0.0,0.0,0.0,23106289.43345558,398.7303060705453,0.152015766866483,20004344.98465305,863.5245740057009,1.0257589473291582,0.0,0.0,0.0,0.0,0.0,0.0,3601.02,1800.0,7500.0,0.0,6366.13,19836.34,0.0,0.0,3576.12,0.0
95,Steel,6,2,1.2532149463891984,0.1003854061365127,0.054320436526292,0.2467757452820052,0.0489842163026332,0.3091879548722357,0.2270333562975073,0.0859080123901367,0.4549530190741177,0.4458026059157489,0.0682686257362365,0.6645659829174566,0.2821021827514637,0.034480999559164,0.7904002491102624,0.4004590037981949,0.0275662399455904,0.9130117698022424,0.2989473189190355,0.0858212822675705,1.0201160594699623,17895593.733251825,186.59411667315567,0.1779948531840136,17641671.75231653,181.85496883356464,1.074271305717886,0.0,0.0,0.0,0.0,0.0,0.0,3055.18,1800.0,7500.0,0.0,6401.24,14581.17,0.0,0.0,3043.92,0.0
96,Steel,3,2,0.8786282911896706,0.0469110757708549,0.0024854802071554,0.5694942305788153,0.0439993748068809,0.2817914436577283,0.2854190299088713,0.0523084351420402,0.4265741849287152,0.3130858050894792,0.0687252935767173,0.6586697868463711,0.0,0.0,0.0,0.0,0.0,0.0,0.0,0.0,0.0,4874748.0532129975,388.2518835194497,0.1230041751587786,6281559.617513767,787.8291309943875,0.7339186095142328,0.0,0.0,0.0,0.0,0.0,0.0,2018.72,1800.0,7500.0,0.0,5037.28,23712.55,0.0,0.0,1997.62,0.0
97,Steel,2,2,1.119760286808014,0.0816021000742912,0.0071918091226609,0.332470217235512,0.0634301534295082,0.2027377159452338,0.1805551553424657,0.0680880019068718,0.7327659560204416,0.0,0.0,0.0,0.0,0.0,0.0,0.0,0.0,0.0,0.0,0.0,0.0,15478118.866610635,408.5705658778032,0.1119760298005617,15525525.62311943,593.4445415528733,0.9154769100522208,0.0,0.0,0.0,0.0,0.0,0.0,4823.57,1800.0,7500.0,0.0,7312.63,19065.58,0.0,0.0,4785.86,0.0
98,Steel,5,4,1.2054718434810638,0.0813530002236366,0.0218565986344315,0.421483335927793,0.0618400159478187,0.2194587448778525,0.3143647561294978,0.1057511639595031,0.3908442350607106,0.3833970352578128,0.0749806329607963,0.5716422744319205,0.3117379943860857,0.109022763967514,0.7642461348788624,0.2181080751480948,0.1276846641302108,0.9785622461382883,0.0,0.0,0.0,42942851.96692048,119.45838043573502,0.1342505422854845,41969085.46193985,620.5230221869809,0.6297884678208072,44825621.709406175,180.4712751634517,0.7231279770638965,48367757.85338013,721.0207192336694,1.043550119619282,5976.41,1800.0,7500.0,0.0,9122.95,14474.02,0.0,0.0,5764.11,0.0
99,Steel,4,2,1.037704133987427,0.100262434720993,0.033117890763913,0.4165771974314372,0.0885816293954849,0.2064980653053681,0.2461226478023147,0.0832843545079231,0.468443538564947,0.1820392976978579,0.1101990097761154,0.718035884941222,0.2308408331330576,0.0857396507263183,0.9083790547450328,0.0,0.0,0.0,0.0,0.0,0.0,27570983.075638782,466.3907405294261,0.1316631817182415,24137715.49993317,573.3328404604692,0.9257700697582372,0.0,0.0,0.0,0.0,0.0,0.0,4228.02,1800.0,7500.0,0.0,6562.61,22466.03,0.0,0.0,4222.16,0.0
100,Steel,2,3,1.5044958978891374,0.0817866164445877,0.0046138466774322,0.2480127581513142,0.0881419271230697,0.5357082134148486,0.3827801011660434,0.1302498161792755,1.3118279197735807,0.0,0.0,0.0,0.0,0.0,0.0,0.0,0.0,0.0,0.0,0.0,0.0,30938447.696787763,242.3160029552878,0.1722934876307341,27794709.45824938,849.963932029238,0.5689210241189924,31133432.673134603,1067.2742019480534,1.2208604660185562,0.0,0.0,0.0,3699.04,1800.0,7500.0,0.0,8529.85,14912.74,0.0,0.0,3929.3,0.0
101,Steel,5,2,0.8248552054166794,0.1171152402162552,0.0220280470882546,0.3258760884548402,0.0976977920532226,0.1588284476219448,0.3164424357931877,0.1105771571397781,0.3025648387877483,0.2898254986333022,0.0760423001646995,0.4424268997987318,0.3158198831545428,0.0984864062070846,0.578152792798385,0.2272267687772936,0.0686913043260574,0.7161277422470332,0.0,0.0,0.0,32372584.28293578,636.9572202994999,0.1112565395862053,38351038.88890959,818.8025354811972,0.7423696840501564,0.0,0.0,0.0,0.0,0.0,0.0,4264.76,1800.0,7500.0,0.0,7634.28,36985.06,0.0,0.0,4245.82,0.0
102,Steel,2,4,1.4701484441757202,0.1213549736738205,0.0214815322986351,0.1689167986329821,0.1143787461519241,0.411016741978048,0.2667643876124231,0.1181959795951843,0.8012863638444114,0.0,0.0,0.0,0.0,0.0,0.0,0.0,0.0,0.0,0.0,0.0,0.0,7407856.112239213,667.979032097714,0.1635565445109535,5125735.434184892,612.238706627765,0.4998762896825136,6698503.162260225,177.59441211814126,0.6746031720642203,6680087.143100386,600.5502642881111,1.158885189056437,3072.03,1800.0,7500.0,0.0,3987.94,13652.56,0.0,0.0,3051.36,0.0
103,Steel,5,3,1.675435483455658,0.1082065879106521,0.0157989574452803,0.3713809924008412,0.1286840713024139,0.2503884837129864,0.2250145771474292,0.0220116971246898,0.5150745717349114,0.2197066066805245,0.0700711020827293,0.6369240263098628,0.3757308180241424,0.0762265968322754,0.8955105269333477,0.2516016178781709,0.0922353208065033,1.2271482402151332,0.0,0.0,0.0,43200658.69169895,604.1112577719055,0.2785957651855761,35474412.58908323,856.5488307388788,1.113604457018948,42470903.21037913,767.695166212134,1.4344610311300938,0.0,0.0,0.0,4463.14,1800.0,7500.0,0.0,6882.07,10874.96,0.0,0.0,4555.05,0.0
104,Steel,5,3,1.215899834036827,0.0788800762891769,0.0237931224467575,0.1553005363737636,0.0708514136075973,0.1506431866979822,0.4121091203894301,0.0959135288000107,0.3507507293760535,0.3202321602414497,0.0414948168396949,0.5772514244920905,0.2790968231492538,0.0643135407567024,0.6655448400288649,0.3757240704848399,0.1014972192049026,0.950438669886232,0.0,0.0,0.0,20988028.23858617,355.4134562801848,0.1616542235204399,26271838.93410837,191.061551989534,0.4548531934790638,21658095.694160912,219.43785118967037,1.024218711308067,0.0,0.0,0.0,4138.46,1800.0,7500.0,0.0,5696.1,14777.59,0.0,0.0,4232.27,0.0
105,Steel,2,3,1.0510899141430854,0.0762443500161171,0.0306932010701141,0.245742638331116,0.1076785904169082,0.2162151174943268,0.188674332525583,0.105025987625122,0.8244032868492979,0.0,0.0,0.0,0.0,0.0,0.0,0.0,0.0,0.0,0.0,0.0,0.0,7748739.008076874,602.0865594853734,0.1051089924653984,6377282.667681668,379.3841670762196,0.2992210317308865,8064599.8277487485,609.1005382432637,0.7788370512935343,0.0,0.0,0.0,4188.55,1800.0,7500.0,0.0,5230.35,23889.94,0.0,0.0,4106.35,0.0
106,Steel,5,4,1.3309804379940031,0.1248301328420639,0.0135187237913217,0.3136910785527698,0.082526014149189,0.2592985076948079,0.1457580953390728,0.0747406354546547,0.3504457282261311,0.5932259559076687,0.0248021826893091,0.4727980242245397,0.2458139419867442,0.1085715240240097,0.6056890291024963,0.2930340876741995,0.0740232464671135,0.9184867939395908,0.0,0.0,0.0,13821992.279097049,319.43053420780814,0.1746575208660314,11874877.818486843,931.0454002387568,0.806621685927726,13512675.677099518,108.32985981523296,0.964987128368707,15162559.21758506,238.8238727121426,1.1756668185265988,3123.6,1800.0,7500.0,0.0,5939.92,17966.22,0.0,0.0,3191.7,0.0
107,Steel,6,3,1.3323304563760758,0.1021018429994583,0.0076502970004,0.5638967971539962,0.0689637839794159,0.2144978305601916,0.234508688852989,0.0509996455907821,0.3722460764429465,0.3321745955622328,0.0631094580888748,0.4461523389065547,0.1673106655033672,0.0418436647951602,0.7030319151014914,0.3468366891101743,0.0861222147941589,0.9191913301205462,0.2021543431439738,0.0604350662231445,1.1208297765204878,22277694.093352094,304.6972806926824,0.155712082213675,24780328.2225809,359.31305479404244,0.8291393807340117,25619784.45590884,401.17614273556296,1.1750419702979449,0.0,0.0,0.0,3435.43,1800.0,7500.0,0.0,6419.46,16530.38,0.0,0.0,3425.59,0.0
108,Steel,6,4,1.5228713870048525,0.0869597358703613,0.0168159750584543,0.2740145737491475,0.1306977319717407,0.167935402040329,0.2346148343247205,0.0501440311968326,0.3968309355543891,0.3515932542847585,0.0837619629502296,0.6177970035083471,0.3279926791752253,0.0831657117605209,1.0510721855587075,0.1542884377921175,0.086608013510704,1.2018467671491724,0.3258436683549136,0.0824932530522346,1.3001286318623873,39244953.55025056,161.28244116512488,0.1522871402233566,44468341.26574694,476.0139661351856,0.6477531614233074,36930964.23491868,148.91046823041074,0.9325569779794824,38936515.338348016,405.3359095072792,1.3705842467814957,6167.24,1800.0,7500.0,0.0,6847.83,10068.45,0.0,0.0,6525.6,0.0
109,Steel,5,4,1.1758565664291385,0.110160351395607,0.0160319295150448,0.2698738710709998,0.0273376813158392,0.1298914970147053,0.3601634044860715,0.15,0.281363555024029,0.1943419392903564,0.0824487373232841,0.504378748211975,0.3333324015048909,0.15,0.7387030424095143,0.3101090094984753,0.0505871312320232,1.008119584433918,0.0,0.0,0.0,19851385.536232408,473.2635940334018,0.1423866272484688,24675545.426708236,443.7597315113767,0.6420925783398712,20064404.872685365,588.8038937496393,0.7084030349505088,26479855.657714237,998.5801390200564,1.0253678525679923,4190.28,1800.0,7500.0,0.0,5827.73,17922.73,0.0,0.0,4065.69,0.0
110,Steel,5,4,1.3540750920772553,0.0514986400008201,0.0124775346047104,0.176709051557798,0.0490270254015922,0.2824542137684983,0.1418704133103094,0.1024215811491012,0.5032917208255006,0.2791703602000216,0.0908239513635635,0.7118601083716593,0.2416911984413237,0.0866232550144195,0.8149496732228468,0.2666983215934483,0.0380595856904983,1.079103029860329,0.0,0.0,0.0,10538605.346167536,411.2842814748024,0.1571754563426338,11878561.37805662,476.86721972364825,0.6883880277781734,9356279.06376318,44.99999999999999,0.7669177683918891,11980293.347647903,852.8512774348117,1.1609880507249497,5098.66,1800.0,7500.0,0.0,7145.87,9661.63,0.0,0.0,4776.37,0.0
111,Steel,4,3,1.5194186568260193,0.087937607884407,0.0073792230733307,0.3716845624286266,0.1242925500869751,0.2906479168560688,0.2157005347368957,0.0697919160127639,0.4406694123389271,0.3367978403372104,0.1011942100524902,0.7553233173143363,0.1811643722546391,0.0654621124267578,1.0543783758408682,0.0,0.0,0.0,0.0,0.0,0.0,75245885.04693763,728.7655466498468,0.1694425558822049,92258152.8426,541.5793332508198,0.2613333039232158,111241291.50909445,537.3608486594674,1.2101378186016891,0.0,0.0,0.0,4923.01,1800.0,7500.0,0.0,12395.0,15230.83,0.0,0.0,4873.1,0.0
112,Steel,3,3,0.6449093222618103,0.0858080585002899,0.0164729869823247,0.2301844264900625,0.0684524884819984,0.1505674091055192,0.3105080854535194,0.0762156790494918,0.3271638342364188,0.1948513609345916,0.0858200579881668,0.4651767991757466,0.0,0.0,0.0,0.0,0.0,0.0,0.0,0.0,0.0,16009771.434047936,803.3512553517444,0.0708348884980882,15914928.718814408,942.1758604674578,0.3606105162634492,16832378.39026076,320.90706632238505,0.5388518033798847,0.0,0.0,0.0,6135.21,1800.0,7500.0,0.0,10050.3,43193.35,0.0,0.0,6111.39,0.0
113,Steel,2,2,1.305199420452118,0.0770164867639541,0.0171497358447156,0.1658591292335374,0.1206427329778671,0.3217429927803109,0.3208912630089988,0.0972985994815826,0.750735505256974,0.0,0.0,0.0,0.0,0.0,0.0,0.0,0.0,0.0,0.0,0.0,0.0,33738626.370417066,337.5025918747753,0.1506122648346054,32116526.003080044,152.71391583683055,0.9135685604372064,0.0,0.0,0.0,0.0,0.0,0.0,5480.02,1800.0,7500.0,0.0,8048.23,13718.95,0.0,0.0,5516.82,0.0
114,Steel,1,3,1.1412919387221336,0.1127785447835922,0.0492094724924083,0.3502762874209234,0.0547405669093132,1.0271527448499205,0.0,0.0,0.0,0.0,0.0,0.0,0.0,0.0,0.0,0.0,0.0,0.0,0.0,0.0,0.0,12596927.415505895,978.2675069907368,0.2834668060888302,10591270.94819077,538.8989239926128,0.4605415936273812,8784690.751426663,274.3961586898937,0.9528324816965094,0.0,0.0,0.0,3206.8,1800.0,7500.0,0.0,6413.12,25256.25,0.0,0.0,3194.26,0.0
115,Steel,1,3,1.071393118798733,0.0827095326185226,0.0115834910963464,0.1906553715238308,0.0559383925795555,0.8354283059781912,0.0,0.0,0.0,0.0,0.0,0.0,0.0,0.0,0.0,0.0,0.0,0.0,0.0,0.0,0.0,7139030.402329177,402.2709209191817,0.2299770358019497,6203105.145443474,727.5258855213757,0.6195414892042919,6508554.944078461,150.2299327256752,0.958051394716296,0.0,0.0,0.0,5525.0,1800.0,7500.0,0.0,5814.61,21433.4,0.0,0.0,5556.35,0.0
116,Steel,6,2,1.4504159897565845,0.1165063840150833,0.0176941371485166,0.363517052615966,0.1306052678823471,0.2926954059370499,0.3046461762596477,0.0512029030919075,0.6073446358705631,0.1700773461150272,0.0476201617717742,0.8925131067471815,0.393837221851322,0.0393901778757572,1.043537569903061,0.3673350547348751,0.1029082477092743,1.1780201214417008,0.2535560687421604,0.0643749096989631,1.3053643907809265,131700523.35314648,529.3949499825598,0.1906376655528338,146625178.84341052,335.5011323645573,1.2953633907809263,0.0,0.0,0.0,0.0,0.0,0.0,5818.54,1800.0,7500.0,0.0,9888.02,18341.39,0.0,0.0,5793.57,0.0
117,Steel,2,3,1.1812466055154802,0.061724332332611,0.0121584280021904,0.2290440435010582,0.0900518572330475,0.3612015459662568,0.2488403753354373,0.0842946097254753,0.4778468031567476,0.0,0.0,0.0,0.0,0.0,0.0,0.0,0.0,0.0,0.0,0.0,0.0,4062762.282166133,506.5863548008202,0.1932924245970448,4398401.786912229,420.6152973516367,0.7087449011800953,4993743.7259067325,283.2642728421537,1.0377890349399042,0.0,0.0,0.0,2969.62,1800.0,7500.0,0.0,7551.88,11820.67,0.0,0.0,2942.72,0.0
118,Steel,6,2,0.9442568495869637,0.1170999714136123,0.0163412364365312,0.2643269803733304,0.0251627353951334,0.0944356849586963,0.2898043801601855,0.1071294546127319,0.1761590034781509,0.336355816543363,0.08588512301445,0.2871208848129292,0.2387030755579228,0.0474387902021408,0.3840160556104931,0.2594920929318156,0.0793722122907638,0.5294844784774545,0.2024160822426353,0.1111184978485107,0.743094215857195,14623332.933068208,616.505647380144,0.1264028747473488,17372514.735691123,802.4132710066733,0.8299962313348367,0.0,0.0,0.0,0.0,0.0,0.0,2929.58,1800.0,7500.0,0.0,5554.48,29461.03,0.0,0.0,2937.83,0.0
119,Steel,4,4,1.0786010459065438,0.0836753647923469,0.0160939264498376,0.292315719162892,0.1269505769014358,0.3469381290098362,0.2236492598728734,0.0872306525707244,0.6319441289662715,0.2378957916222883,0.0826797425746917,0.8617406571812936,0.2306777413030031,0.086794809103012,0.9707309413158894,0.0,0.0,0.0,0.0,0.0,0.0,11827779.580590436,284.19192718847665,0.1183252747776871,13340453.96340619,681.8486107348814,0.2466208407199434,14454248.17809818,572.5346947913214,0.4215257200357765,14308570.264936714,232.9888277073092,0.9607299413158894,4179.52,1800.0,7500.0,0.0,6776.75,17738.31,0.0,0.0,4204.27,0.0
120,Steel,3,3,1.990246692299843,0.0667947978377342,0.0207806677612948,0.316710042150217,0.0935537844896316,0.5016331573963411,0.3128836146662884,0.0911881357431411,1.088690882282095,0.1766021069746476,0.0912547582387924,1.458350787278177,0.0,0.0,0.0,0.0,0.0,0.0,0.0,0.0,0.0,120369366.33280183,651.3996297300647,0.2207916085189978,97065764.02703914,1099.9999999999995,1.0258386125627972,134172312.80823228,756.3284542698161,1.7467477732648036,0.0,0.0,0.0,5753.75,1800.0,7500.0,0.0,7981.29,16743.09,0.0,0.0,5742.83,0.0
121,Steel,2,2,1.341228139400482,0.063754325568676,0.0161884564253396,0.2419248367182518,0.0775938960909843,0.675383479332435,0.3092587099651478,0.041824002712965,1.0577579950793154,0.0,0.0,0.0,0.0,0.0,0.0,0.0,0.0,0.0,0.0,0.0,0.0,5462281.860788637,371.65870478571486,0.2583444202603528,6154237.740540897,428.4209087083605,1.1132259890462366,0.0,0.0,0.0,0.0,0.0,0.0,3153.8,1800.0,7500.0,0.0,5215.46,8263.45,0.0,0.0,3133.55,0.0
122,Steel,1,4,1.868686375021935,0.1073407350778579,0.0264455743120524,0.2137860734246832,0.1391998797655105,0.5509960901901056,0.0,0.0,0.0,0.0,0.0,0.0,0.0,0.0,0.0,0.0,0.0,0.0,0.0,0.0,0.0,8695149.718668854,528.6645177931977,0.2269850547288487,9403655.695567084,479.70853722179896,0.6929371001575435,9029947.11196442,645.07806725406,0.9137657509684056,8817289.653804678,274.28681473153205,1.361374861954253,3483.96,1800.0,7500.0,0.0,4554.6,9602.03,0.0,0.0,3404.0,0.0
123,Steel,5,4,1.5568785518407822,0.0996963633298874,0.0055561686793689,0.1867404220301288,0.0906216275691986,0.5456240430896542,0.3099624163765024,0.1082905209064483,0.739325124764293,0.2135475753053511,0.0824304738640785,0.8526118379268353,0.3971924391823934,0.1007901978492736,1.0033172736158942,0.3659714978521213,0.0821012589335441,1.206343498975686,0.0,0.0,0.0,24601905.49660562,517.7299443944135,0.1942348547110351,24752549.17078052,382.8451784192912,0.5972225580669478,30583204.832822405,1099.9999999999995,0.9060764716149664,28608943.46293217,615.4517858127383,1.378519767250154,4628.65,1800.0,7500.0,0.0,8081.62,12276.97,0.0,0.0,4626.05,0.0
124,Steel,3,3,0.8678524032235145,0.0509315846860408,0.0058201953170087,0.2030619840310976,0.0981537663936615,0.2860908875829063,0.4741895547411128,0.15,0.5749827269131864,0.2701159481149976,0.1147748857736587,0.7810571629011631,0.0,0.0,0.0,0.0,0.0,0.0,0.0,0.0,0.0,23177415.354218677,520.1948425475557,0.1255783613253781,19870247.222144824,577.1082466613186,0.5217358700236996,20587464.216489933,495.97886425193417,0.7710561629011631,0.0,0.0,0.0,3425.62,1800.0,7500.0,0.0,8346.64,12063.4,0.0,0.0,3534.08,0.0
125,Steel,4,4,0.8880740091204643,0.0610624161958694,0.0135145755432702,0.3150351299071928,0.0801176047325134,0.1056896276423228,0.2242205656879987,0.0945668292045593,0.3629538123891993,0.2889619668029968,0.07584726780653,0.5320629782445413,0.2892833535911017,0.097755069732666,0.7012052191321834,0.0,0.0,0.0,0.0,0.0,0.0,21718867.673162118,777.7231467134242,0.131226623179172,17666958.32663218,566.7237194146652,0.4491415276885181,17757362.149875883,551.1309732971109,0.5531694932879385,19894922.299911067,1099.9999999999995,0.7800202812639546,5724.07,1800.0,7500.0,0.0,6618.33,13785.9,0.0,0.0,5735.71,0.0
127,Steel,1,4,1.669417354464531,0.0851327652335167,0.010879331926879,0.2740699427560611,0.1077057492733001,0.7458962767232918,0.0,0.0,0.0,0.0,0.0,0.0,0.0,0.0,0.0,0.0,0.0,0.0,0.0,0.0,0.0,21156181.177494027,690.0505871537144,0.3722165825101559,19395118.318961862,1099.9999999999995,1.1748294875398866,20099274.375900745,708.8065002748851,1.1596530937974792,23826456.80574946,288.3162910826997,1.3508575261136828,5424.98,1800.0,7500.0,0.0,8027.12,9078.41,0.0,0.0,5372.66,0.0
128,Steel,1,3,0.8972519397735595,0.0257493823245167,0.0077055094444576,0.3369410710735563,0.0793524494767189,0.4810153544914708,0.0,0.0,0.0,0.0,0.0,0.0,0.0,0.0,0.0,0.0,0.0,0.0,0.0,0.0,0.0,25917515.97547082,515.0789498301023,0.1847992968318871,22406613.451500207,239.1430466536942,0.3689568494575395,21282075.306031484,451.6763375546297,0.7046650832523678,0.0,0.0,0.0,3927.04,1800.0,7500.0,0.0,16834.05,19763.65,0.0,0.0,3691.04,0.0
129,Steel,1,2,1.0784423142671584,0.0888021911382675,0.0230258395094558,0.4749703259995005,0.1162157386541366,0.7523822217011721,0.0,0.0,0.0,0.0,0.0,0.0,0.0,0.0,0.0,0.0,0.0,0.0,0.0,0.0,0.0,64318673.647391096,619.8724313134067,0.3047542461282536,60499743.47695729,535.3570591162144,0.8051233313922825,0.0,0.0,0.0,0.0,0.0,0.0,5845.23,1800.0,7500.0,0.0,13162.96,31550.81,0.0,0.0,5854.71,0.0
130,Steel,4,2,1.2078862845897675,0.1347567335367203,0.0301845627850363,0.2722215043431836,0.11136698782444,0.3696130524040241,0.3776716818487349,0.0502535073459148,0.5724948226059102,0.2813929239843616,0.1278025203943252,0.6729956139674654,0.2283815288165142,0.1185476887226104,0.9008637918223736,0.0,0.0,0.0,0.0,0.0,0.0,18016927.2036354,334.2611475472257,0.1901041411395317,12531889.471261818,766.1825578508216,1.0870976549229046,0.0,0.0,0.0,0.0,0.0,0.0,2828.12,1800.0,7500.0,0.0,5095.41,20956.43,0.0,0.0,2826.68,0.0
131,Steel,6,2,1.0419978827238083,0.0830281630754471,0.0128276405948263,0.2859310509908009,0.0396629074215889,0.1324892052623562,0.1085361343481968,0.0803175497055053,0.2343666933871805,0.323336348494996,0.0535948622226715,0.3397825157570217,0.2038342197429268,0.119108749628067,0.5480078616546166,0.4074212332072797,0.0876913380622863,0.722599154568794,0.2039282259110907,0.056876206099987,0.8427906210764852,9613339.967988595,618.9881514658196,0.1166370700647266,8480853.456712201,649.8005176862785,0.9140375366269448,0.0,0.0,0.0,0.0,0.0,0.0,2394.54,1800.0,7500.0,0.0,4706.3,18716.91,0.0,0.0,2416.29,0.0
132,Steel,1,2,1.3843227595090866,0.1006930166482925,0.0080933426271408,0.2117715009312819,0.0524303729832172,0.8977143015610655,0.0,0.0,0.0,0.0,0.0,0.0,0.0,0.0,0.0,0.0,0.0,0.0,0.0,0.0,0.0,11745427.478176124,287.71400767150794,0.3811454388149287,13631643.769083794,618.8525469257742,1.0144348831294288,0.0,0.0,0.0,0.0,0.0,0.0,4025.14,1800.0,7500.0,0.0,4805.91,14128.26,0.0,0.0,3992.51,0.0
133,Steel,6,2,1.2930720806121827,0.1504053349494934,0.0134574979579411,0.1579413942571377,0.129583289027214,0.1921493471765111,0.2048298981737346,0.0917426800727844,0.3331033215606189,0.1657330473280581,0.02,0.4780484787385577,0.1663974531877849,0.1168745791912078,0.5992417785069102,0.2698367443157727,0.0739574685692787,0.8595928465486785,0.2442505615067507,0.15,1.0361280868369582,14100684.59922081,379.9810220478652,0.1603007392375825,13725185.547422364,664.9508056372093,1.0955013248796348,0.0,0.0,0.0,0.0,0.0,0.0,2706.65,1800.0,7500.0,0.0,3743.23,22342.09,0.0,0.0,2699.02,0.0
134,Steel,3,3,1.1214432612061502,0.0423011606037616,0.0338409284830093,0.2683635300905116,0.0355548582226038,0.2111629130028495,0.3140852970819236,0.1096342915296554,0.5324791513927029,0.4157862536884585,0.0651719853281974,0.6938059679503529,0.0,0.0,0.0,0.0,0.0,0.0,0.0,0.0,0.0,15226734.379686365,278.8173734760572,0.1494585308025258,19041808.600990508,532.4631095340333,0.5923465072397347,15226734.379686365,297.74244204559017,0.9541184465557508,0.0,0.0,0.0,3988.34,1800.0,7500.0,0.0,7350.91,11466.06,0.0,0.0,3763.17,0.0
135,Steel,5,3,1.2551727652549745,0.1006410146951675,0.0306695513623777,0.2830480480151826,0.0517523159086704,0.1826623654884135,0.3072716528012268,0.0594291347265243,0.2562289042216891,0.2811938025674866,0.1059175187349319,0.3922761150258897,0.1652390887121526,0.1085904616117477,0.66039674300204,0.3267412844004786,0.0542649188637733,0.9400658654397828,0.0,0.0,0.0,19602594.29123151,673.8841809695401,0.1531748029703341,19203411.03735919,638.240974805669,0.7525563720610119,19396835.615485422,695.9785893206295,1.0991793031102646,0.0,0.0,0.0,4149.51,1800.0,7500.0,0.0,6863.13,17411.02,0.0,0.0,4133.3,0.0
136,Steel,1,3,1.0125310271978378,0.0482245165407657,0.023996235368488,0.2631356378197116,0.0725243178009986,0.5319325881234722,0.0,0.0,0.0,0.0,0.0,0.0,0.0,0.0,0.0,0.0,0.0,0.0,0.0,0.0,0.0,1911139.3266231772,908.6724376157692,0.1235257207337724,1971819.968382236,1024.901596494312,0.375208212027362,1684765.933573619,713.2948676674122,0.7535233890297313,0.0,0.0,0.0,2954.83,1800.0,7500.0,0.0,6605.9,11238.72,0.0,0.0,2946.49,0.0
137,Steel,6,3,1.3161853700876236,0.10473868227005,0.0234467716152336,0.3044472147499254,0.1043713390827179,0.1849668554749874,0.2916915105426576,0.0894736176729202,0.3249217608514699,0.2711165423464812,0.1359984743595123,0.5413654524514695,0.2736037491799328,0.1069089913368225,0.7238521137285892,0.2625695541020987,0.0699095669388771,0.8703157447628823,0.4165153187243656,0.0997909146547317,1.0116185188276432,40792384.25781453,425.7969634458449,0.1418573273864563,34053649.14410184,518.1299779174612,0.6028903775683248,29587427.072354008,190.4932852034688,1.1229776893219214,0.0,0.0,0.0,4299.26,1800.0,7500.0,0.0,6033.04,13798.8,0.0,0.0,4328.2,0.0
138,Steel,1,4,1.182064136862755,0.1118665215969085,0.0113015888954362,0.3686544997111345,0.1010273206233978,0.6348196396848538,0.0,0.0,0.0,0.0,0.0,0.0,0.0,0.0,0.0,0.0,0.0,0.0,0.0,0.0,0.0,6597846.0264949445,389.560169869335,0.2074312905730437,5750388.721607903,426.9778022363215,0.4551381044418232,6551415.449280795,540.0698253401121,0.5399093371478707,6700066.407938396,466.25134476328566,0.887491335082593,3184.13,1800.0,7500.0,0.0,4467.09,17276.23,0.0,0.0,3128.21,0.0
139,Steel,5,4,1.0968353360891343,0.0655107626318931,0.005003854913937,0.1408411170222364,0.0503563642501831,0.1918091842448269,0.1897698389612678,0.1042598521709442,0.3413293629410123,0.3605735714182017,0.02,0.5111733426232645,0.2100529254735938,0.02,0.5494193970599279,0.223050488688018,0.02,0.9389813588420092,0.0,0.0,0.0,15475580.920758368,315.7985185146658,0.1210541882728354,16170544.227039782,154.64200173326856,0.5926671613570318,17134069.506684568,675.449385402223,0.7036350198582516,14505254.49595235,203.73584505032025,0.9661861938824094,6766.07,1800.0,7500.0,0.0,10904.8,15134.17,0.0,0.0,6603.65,0.0
140,Steel,1,4,1.076252269744873,0.0784601757526397,0.0295956686256072,0.3292298619445714,0.1149729478359222,0.5570335180972407,0.0,0.0,0.0,0.0,0.0,0.0,0.0,0.0,0.0,0.0,0.0,0.0,0.0,0.0,0.0,11779320.730360769,1084.0823190105464,0.1163206060596097,10444536.32829254,506.4628305771931,0.3778571566754287,10587160.482781662,320.3087646948636,0.4965804512000447,12626942.811513187,277.2428318299389,0.8872544842864069,5444.83,1800.0,7500.0,0.0,10721.13,16585.31,0.0,0.0,5458.64,0.0
141,Steel,1,4,1.2997942745685578,0.1100287806987762,0.0274290502903812,0.2280594922677598,0.0651363185048103,0.787874596717178,0.0,0.0,0.0,0.0,0.0,0.0,0.0,0.0,0.0,0.0,0.0,0.0,0.0,0.0,0.0,9184371.761924127,472.57891531161465,0.2384270690768921,7183595.442971011,369.9457684786596,0.4045332227260234,7873090.629707072,255.9774903262236,0.728727263153664,7420691.441405467,690.0132510366184,1.0288553095792907,4170.33,1800.0,7500.0,0.0,5583.3,17357.28,0.0,0.0,4131.11,0.0
142,Steel,4,3,1.2883350521326065,0.1277610996961593,0.0132328682762502,0.2247325645086089,0.102286205291748,0.3622751626538912,0.2138193224715192,0.0915255796909332,0.6972574910140376,0.2011166381968818,0.15,0.8361183777306127,0.1921101198112306,0.0288120783865451,0.953034883476327,0.0,0.0,0.0,0.0,0.0,0.0,9289971.843682138,291.523073489634,0.1606703222682058,8339724.48390713,544.8207566095958,0.5748229823009483,9605719.37135298,766.2456209790078,1.0999101540261842,0.0,0.0,0.0,3273.2,1800.0,7500.0,0.0,4145.02,19347.25,0.0,0.0,3246.67,0.0
143,Steel,5,3,1.3250500828027725,0.093594022154808,0.0149420636797654,0.3588644629772891,0.15,0.1365078621316668,0.2294941842951622,0.1166362941265106,0.3111760783741703,0.1796538164756332,0.15,0.561744516443015,0.2131159388349576,0.1291142040491104,0.7751716606137423,0.4321155925373643,0.1133640974760055,1.0328015847972043,0.0,0.0,0.0,78436470.5813046,792.5184208243825,0.1478150226582831,96490353.37161112,295.4677825908024,0.4329397921777881,77310420.86595072,884.6311907541327,1.1221621906807169,0.0,0.0,0.0,6618.09,1800.0,7500.0,0.0,7609.16,14225.93,0.0,0.0,6329.75,0.0
144,Steel,4,2,0.8596287921071053,0.1081134177446365,0.0393655537036514,0.1905453269286929,0.1332402348518371,0.2626533001775091,0.3131995349478821,0.02,0.4556502143954925,0.2540067804823883,0.0835551798343658,0.6042985572586258,0.4160880464005388,0.0324289426207542,0.7736559128963948,0.0,0.0,0.0,0.0,0.0,0.0,18874103.47198215,511.47151242444806,0.1604955251841081,17738987.235838864,319.50965947561707,0.7447103550507013,0.0,0.0,0.0,0.0,0.0,0.0,4308.68,1800.0,7500.0,0.0,6366.89,35167.96,0.0,0.0,4287.27,0.0
145,Steel,4,4,1.7155863732099534,0.0648313474655151,0.0252005147349982,0.2583937173868187,0.0941744399070739,0.3246665568209821,0.3393172647535899,0.0527936565876007,0.4824376890106993,0.2249765834984002,0.0768144640326499,0.958627847265664,0.5118347852987128,0.0927059787511825,1.3538566122545874,0.0,0.0,0.0,0.0,0.0,0.0,46555515.15178258,475.8852031835821,0.2237892421739899,82742545.18524848,637.7377577084492,0.7682995015099685,47300174.71519084,305.8032401430348,0.8227957434870614,51788282.79426573,453.2536075501896,1.530487759740656,4543.8,1800.0,7500.0,0.0,7837.42,14987.4,0.0,0.0,4288.1,0.0
146,Steel,1,3,0.9610135406255722,0.0290334291309118,0.0103671979533523,0.2263944635602197,0.0366449928283691,0.6159616452546225,0.0,0.0,0.0,0.0,0.0,0.0,0.0,0.0,0.0,0.0,0.0,0.0,0.0,0.0,0.0,4690830.58741763,661.6788359267382,0.357019382290362,4156924.933611687,544.0827234796818,0.6504903739411735,3844682.628914477,998.483116258775,0.8649121856020014,0.0,0.0,0.0,5582.0,1800.0,7500.0,0.0,6754.31,21708.67,0.0,0.0,5437.24,0.0
147,Steel,2,4,0.958565191924572,0.0733977170586586,0.0338612432764374,0.1770591189903118,0.0737030974030494,0.391255622966255,0.3455868368583341,0.0703123471140861,0.5817993216520602,0.0,0.0,0.0,0.0,0.0,0.0,0.0,0.0,0.0,0.0,0.0,0.0,2329828.8882043106,406.6661995706812,0.1392751932816201,2547884.340626483,1099.9999999999995,0.2954601931725653,2721744.9245167994,248.60118745201876,0.4360144810358424,1906363.5143836483,371.6693262257909,0.830711472410894,2735.94,1800.0,7500.0,0.0,5778.18,20556.74,0.0,0.0,2628.95,0.0
148,Steel,4,2,1.2870192170143129,0.1088499681949615,0.0272940871435288,0.2080839726639471,0.0609102067351341,0.3082516312837974,0.4113475521140325,0.0843223613500595,0.459239551967992,0.1870455504514916,0.15,0.8063777487858523,0.3577868465610746,0.0594552707672119,1.041427550636156,0.0,0.0,0.0,0.0,0.0,0.0,31727069.33002483,971.264120409305,0.1503395747627251,27068865.8534915,920.862405641989,1.1583172940258624,0.0,0.0,0.0,0.0,0.0,0.0,3832.2,1800.0,7500.0,0.0,7240.6,18910.74,0.0,0.0,3832.04,0.0
149,Steel,6,2,1.4194751739501954,0.1399808138608932,0.0190074395895677,0.216136174771672,0.0713180229067802,0.1998450210849253,0.287761933328572,0.02,0.3261362076277621,0.2734375734056938,0.0736468812823295,0.5162939004634193,0.3266799285450386,0.0399880582094192,0.7176457701696876,0.3228433620534913,0.0872343796491623,0.9880672916675052,0.2597027773221822,0.0875095480680465,1.2457620250942207,20863128.16107575,514.7282435165821,0.1582255739983891,26369864.340574168,534.4618713508321,1.2137793966259904,0.0,0.0,0.0,0.0,0.0,0.0,3377.85,1800.0,7500.0,0.0,4865.7,15928.54,0.0,0.0,3395.54,0.0
150,Steel,2,2,1.2308537989854813,0.1098047846555709,0.0585032833117863,0.2371694765541186,0.052964571416378,0.4052553574853425,0.304483558582917,0.15,0.6922853992462584,0.0,0.0,0.0,0.0,0.0,0.0,0.0,0.0,0.0,0.0,0.0,0.0,40018649.625937805,639.6219957034085,0.2031048728320925,34034314.82554362,216.440187475358,1.0882137251271673,0.0,0.0,0.0,0.0,0.0,0.0,5245.9,1800.0,7500.0,0.0,11826.65,20694.56,0.0,0.0,5228.09,0.0
151,Steel,1,2,1.2485091239213943,0.0597091000676155,0.0243491965825346,0.3094960705980143,0.055941267311573,0.6050843376546687,0.0,0.0,0.0,0.0,0.0,0.0,0.0,0.0,0.0,0.0,0.0,0.0,0.0,0.0,0.0,24315111.403206848,712.3598283667981,0.3675180793406325,18743811.952483084,327.59849069426014,0.9137586429577812,0.0,0.0,0.0,0.0,0.0,0.0,6565.74,1800.0,7500.0,0.0,8679.62,9873.95,0.0,0.0,6683.43,0.0
152,Steel,6,2,1.2075860232114792,0.0822384934425354,0.0198654472825817,0.3705050604845794,0.0758897224068641,0.1839956364953788,0.3588086777885537,0.1119747728109359,0.2911048537667549,0.4078055570746499,0.1243066990375518,0.4251645422677854,0.3663357941216848,0.1103462564945221,0.6314734590935218,0.2503243860647497,0.081197674870491,0.7808167004441153,0.3298112671784576,0.1162054562568664,0.9668101530372978,42917806.93622404,736.384353471513,0.1444252058319003,56559028.854534365,235.65910576207972,0.999493737304584,0.0,0.0,0.0,0.0,0.0,0.0,2864.43,1800.0,7500.0,0.0,6778.1,11533.28,0.0,0.0,2847.37,0.0
153,Steel,3,4,1.360145378112793,0.1324834254980087,0.009726836178285,0.2419787363703878,0.0796247741580009,0.347927875152534,0.3225702591957669,0.1164137077331543,0.725200659838853,0.4415745240203165,0.0821392890810966,1.0176508278863512,0.0,0.0,0.0,0.0,0.0,0.0,0.0,0.0,0.0,52429720.30064838,635.6856156366562,0.1910205119319164,50122139.849372,902.1406387535808,0.8091524184147273,53709719.787559934,601.9513318071503,0.9008526301239907,51189847.95562764,1036.2113769411617,1.2032316123291495,7288.64,1800.0,7500.0,0.0,8796.31,19526.43,0.0,0.0,7225.71,0.0
154,Steel,4,3,1.19161571264267,0.1030273406505584,0.0200717665022353,0.1335174651535647,0.0476827530562877,0.3002845502840877,0.2982737415452625,0.111234626173973,0.4288497136546952,0.2800755458187313,0.0990891933441162,0.7717481576149574,0.2156634837797195,0.1325832307338714,1.0444794027830968,0.0,0.0,0.0,0.0,0.0,0.0,36061253.181782246,277.6375226821338,0.1792186625978759,36685675.58991495,198.6014515591456,1.0027743904301092,38569703.02581502,96.67524576490602,1.072454140186787,0.0,0.0,0.0,5480.13,1800.0,7500.0,0.0,9855.0,18084.88,0.0,0.0,5417.71,0.0
155,Steel,1,2,1.2386326968669892,0.089805674791336,0.0376306851802233,0.2917678330075358,0.0623131030797958,0.2659709500207409,0.0,0.0,0.0,0.0,0.0,0.0,0.0,0.0,0.0,0.0,0.0,0.0,0.0,0.0,0.0,11855630.542652434,485.1131977897905,0.1302495672503466,13252292.463397216,223.2826637433913,0.7830764588642966,0.0,0.0,0.0,0.0,0.0,0.0,4900.41,1800.0,7500.0,0.0,5212.56,20250.37,0.0,0.0,4884.61,0.0
156,Steel,5,2,1.624822199344635,0.0995107001066208,0.021735140186966,0.2433152096767336,0.0952897506952285,0.3048805215520567,0.2243035628655711,0.0927144712209701,0.6386642541434021,0.3485642434764216,0.0773441857099533,0.7505863503580202,0.2242488225003546,0.0969593733549118,0.9439175942251214,0.3570076175493309,0.1187983095645904,1.350601317626456,0.0,0.0,0.0,33274925.777469996,504.60425206091776,0.2311330234643376,36569155.30380461,550.216118376863,1.441150106089713,0.0,0.0,0.0,0.0,0.0,0.0,3153.85,1800.0,7500.0,0.0,6170.14,9397.02,0.0,0.0,3172.39,0.0
157,Steel,1,3,0.5230709075927735,0.0591669221520423,0.0130398682788116,0.2529221630487585,0.0917068970203399,0.3228497489472601,0.0,0.0,0.0,0.0,0.0,0.0,0.0,0.0,0.0,0.0,0.0,0.0,0.0,0.0,0.0,2054070.592972387,207.5720320679013,0.0611885279364096,1656085.8794703432,287.72244936788803,0.1896241580060018,1836275.551186883,1099.9999999999995,0.4415604517508658,0.0,0.0,0.0,2864.16,1800.0,7500.0,0.0,10328.3,57786.56,0.0,0.0,2864.66,0.0
158,Steel,5,3,0.9895212799310684,0.0966987520456314,0.0133899218371437,0.1607960104256366,0.1060679346323013,0.1505434461656686,0.3104798018857089,0.0895470124483108,0.3190683711116486,0.3170515342549077,0.0835094165802002,0.5006482128629902,0.290739445564826,0.0585838627815246,0.6776915738396576,0.4372206628479759,0.1011348092555999,0.8031624632590318,0.0,0.0,0.0,24173962.57389732,357.4228944148331,0.1131093586424291,21449340.336588223,579.4607005715576,0.4771193122242302,22929078.271874003,464.6495585960102,0.8489233520563724,0.0,0.0,0.0,3934.83,1800.0,7500.0,0.0,6427.83,22081.75,0.0,0.0,3945.83,0.0
159,Steel,3,4,0.9644486278295518,0.1114389189481735,0.022814832238808,0.2554235462393942,0.1198335230350494,0.3192721746883544,0.2779243952700429,0.0864789527654647,0.6274217535903899,0.1897181650431379,0.15,0.7662401470261176,0.0,0.0,0.0,0.0,0.0,0.0,0.0,0.0,0.0,23680926.85845169,461.5868088182377,0.1248439268452801,26525119.157268703,1015.0841452118732,0.3801973980854014,20233563.30638268,202.93761233567025,0.5169928248620416,23562155.368554927,427.28133814894585,0.8409127493760538,6119.3,1800.0,7500.0,0.0,8322.11,30955.93,0.0,0.0,6185.1,0.0
160,Steel,3,2,1.6334145486354827,0.0556450001597404,0.0190683275205394,0.3343210240879732,0.0891372120380401,0.3581128684771664,0.1595806582190485,0.0436359710991382,1.01576739747451,0.319258119937999,0.0360978009551763,1.3275500947642194,0.0,0.0,0.0,0.0,0.0,0.0,0.0,0.0,0.0,27932020.585082084,692.0196378922063,0.2246750962022969,37015932.7691464,405.5392161121304,1.47007309213852,0.0,0.0,0.0,0.0,0.0,0.0,2864.42,1800.0,7500.0,0.0,6452.92,13884.2,0.0,0.0,2843.45,0.0
161,Steel,5,4,1.3720043241977693,0.0965432286262512,0.0108686907513953,0.2556645862815316,0.1414826261997223,0.4952940580959228,0.1993978146094719,0.0307984891533851,0.5902383958882291,0.2937251102783282,0.1082695996761322,0.7138751334879515,0.4005289442440042,0.1141113805770874,0.9053445767652886,0.2206108405605083,0.0631468838453292,1.150781610661619,0.0,0.0,0.0,8065248.600582303,237.1401623366514,0.1742824323926702,9746339.090457836,340.8598821568997,0.6123850826878792,6648570.472175477,119.60097261519796,0.8412585383174974,10355110.073076757,368.8308721942034,1.234803890405988,2961.39,1800.0,7500.0,0.0,4624.7,11935.29,0.0,0.0,2983.66,0.0
162,Steel,4,2,1.5917815387248992,0.0952631291151046,0.0124064251198309,0.1708405215771276,0.056260292828083,0.3795162114131585,0.2361345990921415,0.0905994820594787,0.8080518847425637,0.3182668127069734,0.0808001714944839,1.121462000754658,0.2698886366923867,0.1122020548582077,1.3476345340563434,0.0,0.0,0.0,0.0,0.0,0.0,37426587.0180758,322.7754619501044,0.2016560366452433,49460305.43600305,180.31900347057615,1.4074120282946412,0.0,0.0,0.0,0.0,0.0,0.0,3900.34,1800.0,7500.0,0.0,8586.6,12536.94,0.0,0.0,3930.41,0.0
163,Steel,6,3,1.032827119529247,0.1161027340888977,0.0119682882531431,0.3248937245096923,0.0662894231081008,0.22228524906938,0.1784203470169868,0.0552779790759086,0.3358440065602561,0.2692899077610692,0.0731457132101058,0.4254225356347526,0.4686156717172927,0.1256699573993683,0.5482382390285377,0.2085111458796937,0.0681378835439682,0.655326414859706,0.3280594157395078,0.102539809346199,0.838888388330465,21472025.130760677,467.8626639334591,0.1503089772612132,18197876.255364563,255.59800807800252,0.6173346920769687,20368400.37030495,285.1725998226617,0.8940862068888427,0.0,0.0,0.0,3484.52,1800.0,7500.0,0.0,5776.79,18740.3,0.0,0.0,3512.33,0.0
164,Steel,5,4,1.0840310022234916,0.0866419771909713,0.0266754549653688,0.3231994188040786,0.0614566266536712,0.242434074904402,0.2073145736298798,0.1108702635765075,0.5465879703452936,0.2956775505584025,0.02,0.7146412933648523,0.4142038262711088,0.0813124820590019,0.8424568057889856,0.341450187993229,0.02,0.9543203558474456,0.0,0.0,0.0,11689411.357189689,558.9427152501358,0.1268976105313087,11559082.908475569,249.92834093037752,0.3494436560795461,9903296.103184676,329.4497269512411,0.4987525423857985,10774959.477364348,412.5814249180244,0.9696545357428924,3446.89,1800.0,7500.0,0.0,6177.94,20663.57,0.0,0.0,3379.64,0.0
165,Steel,6,3,1.2210445255041122,0.0753802280426025,0.0284962914734452,0.4736223482619118,0.1092059874534607,0.1434878866472978,0.4157076555220338,0.0235380161367356,0.3228562863066007,0.3807538819517214,0.1111194741725921,0.5230831507350587,0.26106622419627,0.0935449123382568,0.6820497102641031,0.2831312282295407,0.0571175828576088,0.8862611255671187,0.3192075142043604,0.0770229479670524,1.0590470346358127,55697868.57000296,621.5065831226378,0.130544336504559,49915982.42669658,556.6677256744406,0.571893886243168,52738071.10052943,377.50937848780654,1.0949242778443316,0.0,0.0,0.0,5114.2,1800.0,7500.0,0.0,6955.02,10514.16,0.0,0.0,5290.5,0.0
166,Steel,3,3,1.3888567835092545,0.0901861168146133,0.0207659732395272,0.2531231469565461,0.15,0.39047812219017,0.4439873922681449,0.1055708771944046,0.759151389468786,0.4193890967695973,0.0435248735547065,0.9158104601464404,0.0,0.0,0.0,0.0,0.0,0.0,0.0,0.0,0.0,73093010.37245277,542.9876342277556,0.1908652436946597,92959265.21408832,464.6310571872648,0.6835433412322243,88329664.19689585,1099.9999999999995,1.1597427497156456,0.0,0.0,0.0,7098.25,1800.0,7500.0,0.0,12613.94,18270.38,0.0,0.0,7190.72,0.0
167,Steel,4,4,1.1724798664450646,0.135440156340599,0.0092986098771827,0.2158770894110304,0.0397732804715633,0.2735162247490745,0.2103460631699421,0.1346853882074356,0.4507369676002619,0.2779198730694986,0.15,0.7655690395466024,0.2097087901612504,0.0771924912929535,0.9695765213261354,0.0,0.0,0.0,0.0,0.0,0.0,6476852.717959896,333.0648320093497,0.1587346882443712,5616531.26583007,244.26690184142092,0.6481876488801902,5629475.468603434,354.3110326510512,0.7527672614409108,7993547.573076209,543.2213786520476,1.0289076536914137,2876.91,1800.0,7500.0,0.0,3421.44,23382.72,0.0,0.0,2882.33,0.0
168,Steel,3,4,1.1519914105534554,0.1047912089824676,0.0159088025896716,0.1863849918580533,0.1427721410989761,0.3986203381127049,0.4236429827071798,0.0995333588123321,0.8568960561025291,0.3471248050651658,0.0816696190834045,1.03678226949811,0.0,0.0,0.0,0.0,0.0,0.0,0.0,0.0,0.0,12611095.346144011,277.6976715274304,0.1503324300342134,14788993.57853572,205.3690900724351,0.5092324827328534,13667307.743343042,660.5699044070586,0.557692415795812,12668981.435748696,856.8018127150912,1.0236817655645032,3145.74,1800.0,7500.0,0.0,6482.59,20251.67,0.0,0.0,3097.84,0.0
169,Steel,3,4,0.7922214359045029,0.1068423491716385,0.0099749703911748,0.2325834716824574,0.0503032630681991,0.1944134665690074,0.3134765559980978,0.0817793741822242,0.3056091675962,0.2047927942228545,0.1489991670846939,0.6102896413340432,0.0,0.0,0.0,0.0,0.0,0.0,0.0,0.0,0.0,14004206.42915368,233.1925741143101,0.1235813705413015,10602601.954904186,349.1144191958125,0.4693841127437816,12312794.782404594,933.3485495808494,0.4898839414922029,9933537.710941697,501.0569065309751,0.6770184863852265,5122.26,1800.0,7500.0,0.0,6026.15,42391.41,0.0,0.0,5085.11,0.0
170,Steel,3,4,0.7346331119537354,0.0408590564727783,0.0113829000772893,0.154894952125036,0.1003596621751785,0.1209670709813574,0.1678685618616389,0.1152575230598449,0.4282710903440341,0.1975673551570778,0.02,0.661159800758362,0.0,0.0,0.0,0.0,0.0,0.0,0.0,0.0,0.0,5230444.003520905,511.83355416112073,0.0921551833473198,5809989.057788845,647.6163977538874,0.3181563045644519,5578487.000492066,414.9212731387764,0.3249966632211027,6689288.104652515,253.59042813054708,0.6264385158059773,6132.03,1800.0,7500.0,0.0,6799.9,11687.3,0.0,0.0,6488.11,0.0
171,Steel,3,3,0.7437417387962342,0.0912663168907165,0.0264697449755852,0.2269932600421332,0.1135267794132232,0.1390837379490088,0.3704358720417326,0.1007787609100341,0.2966453566628039,0.2712266340077933,0.0478800518810749,0.466426033245491,0.0,0.0,0.0,0.0,0.0,0.0,0.0,0.0,0.0,10653659.82747707,415.3507421424646,0.1719084573984958,9290558.044509798,254.4233280530821,0.4476451909471494,8883970.923808789,301.6357682944332,0.6348717289305926,0.0,0.0,0.0,3309.91,1800.0,7500.0,0.0,7309.23,32169.49,0.0,0.0,3255.8,0.0
172,Steel,6,4,1.2539946556091308,0.0660730633735656,0.0101735893515727,0.3475341964468253,0.054155706167221,0.2185029788156561,0.2477941648392188,0.0767451140284538,0.3542851972596915,0.3178925476645187,0.0568056550621986,0.4984117720374147,0.34591086014593,0.1197341781854629,0.761783062887229,0.3983211534978175,0.1232771497964859,0.9063418462392964,0.4673690810155919,0.1010769039392471,1.1285851900482178,17334801.864937667,512.9743812265149,0.1284338117244034,20586702.082482528,305.4026035377726,0.5777185118064124,17683390.355388112,617.2666503754392,0.7897755658922311,17628884.729869142,280.25985851114274,1.09775906312192,3104.83,1800.0,7500.0,0.0,4925.95,7912.5,0.0,0.0,3069.75,0.0
173,Steel,5,3,1.3461142510175703,0.0952224518060684,0.0165578821116358,0.3225272078656021,0.0869822788238525,0.2334630657356345,0.2825262524629671,0.1011491441726684,0.4166740135551516,0.2969523887132351,0.087258865237236,0.5180200684879999,0.184736913358603,0.0946899777650833,0.7220909469729946,0.2163782349472775,0.0404704378545284,1.0196647125891398,0.0,0.0,0.0,26029856.69039261,426.0822875907229,0.1408348324747864,28878942.15087996,375.4219881426483,0.5798663884076123,27396290.178641867,415.6415778847425,1.160085762460652,0.0,0.0,0.0,4804.45,1800.0,7500.0,0.0,8056.57,13772.48,0.0,0.0,4864.84,0.0
174,Steel,6,2,1.4036349803209305,0.1085764755010605,0.0205629519538795,0.4882954125032815,0.060584699511528,0.2242447347711659,0.440820119186327,0.0708568686246872,0.4897546641008563,0.2735247409353106,0.0512131041288375,0.6427169337624327,0.3564606728470292,0.0676985067129135,0.7476615187814748,0.3384367478994081,0.0972014629840851,1.0503622435990148,0.3694791251383187,0.105285604596138,1.1904548299170594,183514645.23452744,426.65562303796975,0.1744965170896381,229107317.50553215,191.82887759827832,1.2385572339921194,0.0,0.0,0.0,0.0,0.0,0.0,4864.54,1800.0,7500.0,0.0,11567.12,16839.94,0.0,0.0,4806.43,0.0
175,Steel,1,3,0.9658924847841264,0.0254382069408893,0.0203505655527114,0.4041676010041949,0.078347110748291,0.6981314936044375,0.0,0.0,0.0,0.0,0.0,0.0,0.0,0.0,0.0,0.0,0.0,0.0,0.0,0.0,0.0,7652848.980628587,678.9838505340892,0.1511479616719262,8724880.491592936,1041.8307053106575,0.3493048149625476,7302331.723712755,468.70353877255405,0.7676126472992854,0.0,0.0,0.0,2322.5,1800.0,7500.0,0.0,23383.31,25336.0,0.0,0.0,2367.99,0.0
176,Steel,5,4,1.5438076436519623,0.0763213372826576,0.0068619411013561,0.2566344455665256,0.0973022955656051,0.3999228306236337,0.2880369331378367,0.0896414369344711,0.5854252388145832,0.4747352027436668,0.0695208001136779,0.8771636245302566,0.2939734172629162,0.1096095657348632,0.994616192493962,0.2102624566060885,0.0967650151252746,1.2387397233967257,0.0,0.0,0.0,42047141.59960158,234.8908111871692,0.1827135254162326,46820397.27232484,212.67140015561185,0.6105030885532754,46958101.99479707,480.6762808834502,0.939285542590279,73238441.15644373,342.8843598827809,1.3727623394627728,6323.49,1800.0,7500.0,0.0,9198.57,15804.8,0.0,0.0,6066.86,0.0
177,Steel,2,3,0.5545560367405415,0.018,0.0096717327266141,0.1701285017282392,0.1113828414678573,0.108713630591325,0.1950950247430217,0.0708664226531982,0.3599471301735444,0.0,0.0,0.0,0.0,0.0,0.0,0.0,0.0,0.0,0.0,0.0,0.0,17049945.980238028,644.1876531984493,0.0642853692819041,23773194.192819253,470.9858093646431,0.3377335489750924,20602709.062027317,629.0087080994526,0.469875715423,0.0,0.0,0.0,5775.8,1800.0,7500.0,0.0,8233.57,55357.49,0.0,0.0,5910.9,0.0
178,Steel,5,2,0.9262509807944298,0.1213494637012481,0.0238928430220503,0.4677502167115039,0.0562629351019859,0.1375515974986286,0.1851752453405855,0.1405625879764556,0.3346249978039723,0.4064523374819493,0.0390180376172065,0.4900549747643717,0.2338298214040175,0.1068515276908874,0.5703886322211685,0.2500851971332088,0.1411118477582931,0.7664218797470013,0.0,0.0,0.0,13181339.887636794,341.8432024223416,0.1479008212029457,11552284.962726904,312.7166064597544,0.8336258817887359,0.0,0.0,0.0,0.0,0.0,0.0,2629.41,1800.0,7500.0,0.0,3848.09,27672.28,0.0,0.0,2640.31,0.0
179,Steel,1,3,0.961252437531948,0.0600923013091087,0.0480738410472869,0.2696990540721041,0.0861083525419235,0.2894549407989844,0.0,0.0,0.0,0.0,0.0,0.0,0.0,0.0,0.0,0.0,0.0,0.0,0.0,0.0,0.0,15052221.119005049,197.57737657954897,0.1534565441747566,17803803.67584094,699.9832604747762,0.5533396475963608,16978912.387499563,442.00012150208266,0.785327926708488,0.0,0.0,0.0,6614.03,1800.0,7500.0,0.0,22436.12,36373.63,0.0,0.0,6619.58,0.0
180,Steel,6,4,1.3023963928222655,0.1013147463798523,0.0311621594771827,0.4065515563651392,0.0725767293572425,0.1526308407297089,0.4656606038314381,0.11494822204113,0.412544394832716,0.3745267581920495,0.1153214800357818,0.5537237143519168,0.2896485632801162,0.045511997193098,0.7242922151639347,0.2806061281282364,0.1096118825674057,0.8806610017328355,0.2832607069897588,0.093671942949295,1.0475651028844233,32462947.3641646,520.7335737929927,0.1644979444781614,34097279.06330202,864.3072167904485,0.5785369848863476,38048747.92602558,603.9027406174264,0.8156285523626476,26142110.37163078,520.5055390231391,1.169507751461742,4199.45,1800.0,7500.0,0.0,6576.46,12081.0,0.0,0.0,4271.52,0.0
181,Steel,6,2,0.8059385180473327,0.1061230734586715,0.0166031662206678,0.2655176709454706,0.0865540289878845,0.1003940707112509,0.3530688720303774,0.1094051575660705,0.252269884730301,0.291026983153838,0.1119813591241836,0.427451302577971,0.2325794787650183,0.0536973762512207,0.5365352505513661,0.3399868835881798,0.078856953382492,0.6173189110128975,0.2708783184001619,0.1020456731319427,0.715308912151157,8103777.153491367,185.18122588104785,0.1143196819700874,7810937.046825352,956.3411026738514,0.725344665436661,0.0,0.0,0.0,0.0,0.0,0.0,2004.31,1800.0,7500.0,0.0,3131.7,27887.2,0.0,0.0,2010.55,0.0
182,Steel,4,4,0.6213452272117138,0.0848107196092605,0.0223381832953236,0.3183655050419807,0.0775561952590942,0.0829244267772987,0.2731046576075683,0.0967123246192932,0.2066029078581152,0.2536108707015063,0.02,0.3465642360275147,0.2631362525923741,0.0874803513288497,0.523606835926082,0.0,0.0,0.0,0.0,0.0,0.0,2620891.512466369,349.66438597741944,0.0680862342988805,2988903.413609556,1006.7432752151258,0.2906327054517061,2833351.339956649,606.2812441733361,0.3589216596323066,3841969.034338493,326.1447905734513,0.5382784078687932,2209.26,1800.0,7500.0,0.0,3166.58,45828.04,0.0,0.0,2142.0,0.0
183,Steel,4,2,0.4025162674486637,0.1322911266088486,0.0351285759925143,0.2446691094049687,0.0688016986846923,0.0530944980691982,0.3575160771558168,0.0896185708045959,0.1529310741449174,0.2550647625124454,0.0804717043042183,0.2525739418485565,0.3726932835842477,0.0832508650422096,0.3411298345243523,0.0,0.0,0.0,0.0,0.0,0.0,20429896.16546652,597.6383373850412,0.070211787931716,16607360.54698174,406.3560176029587,0.3102475545574006,0.0,0.0,0.0,0.0,0.0,0.0,3426.77,1800.0,7500.0,0.0,6525.74,125237.88,0.0,0.0,3455.92,0.0
184,Steel,5,3,1.4471420049667358,0.0758122911453247,0.02814430251128,0.3889229206186165,0.1237773531675338,0.3023951323893028,0.3973090394533057,0.1171034806966781,0.5232813478722329,0.2629033176798976,0.02,0.8250972550874325,0.2444852685470312,0.0894713163375854,0.9589590186767812,0.1963870701262445,0.1317010909318924,1.0813502186337487,0.0,0.0,0.0,69111802.5944377,419.0309583937288,0.1542041820952385,59343973.96060534,674.5940306773269,0.2637392971733396,63948355.681109376,415.1359521035092,1.22232731389167,0.0,0.0,0.0,3457.05,1800.0,7500.0,0.0,8557.0,15574.24,0.0,0.0,3326.21,0.0
185,Steel,4,3,0.7319663763046265,0.0573908320069313,0.045912665605545,0.3368321233533158,0.075364921092987,0.1490362028523288,0.2454910323208194,0.1300292444229126,0.3408160456879147,0.2212056710354864,0.0713733944296836,0.492637235963722,0.3209449598308632,0.043809115588665,0.5564005742081597,0.0,0.0,0.0,0.0,0.0,0.0,40248557.72388038,323.3736271470636,0.08546470611345,33784745.57364959,149.30679142685906,0.3079059659190145,36869321.14821608,344.5199079504872,0.6256366990128868,0.0,0.0,0.0,6714.63,1800.0,7500.0,0.0,10101.89,19311.8,0.0,0.0,6926.67,0.0
186,Steel,3,4,1.4160994112491607,0.1288567970991134,0.0209000739413228,0.2054296830080301,0.0643428885936737,0.141619941124916,0.3802685122078056,0.1275386649370193,0.6151190443042496,0.2543209841129831,0.063167258799076,1.142597372248379,0.0,0.0,0.0,0.0,0.0,0.0,0.0,0.0,0.0,28052377.10326717,957.6852435870394,0.1832160141531597,27833288.24538981,455.4892838912731,1.0689690756785697,27272151.501317278,450.34979411391976,1.116818099778219,25441659.29465868,93.90176987802242,1.2477546117515574,4434.59,1800.0,7500.0,0.0,8672.69,14320.86,0.0,0.0,4505.56,0.0
187,Steel,3,4,1.2304181277751924,0.069732192993164,0.0305668433613187,0.319291460320021,0.1002104938030243,0.3155816185547562,0.4126304824858434,0.0606169298291206,0.5068686242775362,0.1671269531015121,0.1035949599742889,0.90592532797592,0.0,0.0,0.0,0.0,0.0,0.0,0.0,0.0,0.0,23732897.957733143,585.9844233211982,0.1450200189893791,40405783.28975089,403.5967650416409,0.4723501829426824,28282341.72071085,1099.9999999999995,0.7807115620887091,21756960.23294276,322.99698261569745,1.0913900560681131,6617.68,1800.0,7500.0,0.0,12084.42,17073.37,0.0,0.0,6665.24,0.0
188,Steel,5,2,0.8558075442910195,0.0476732357442379,0.0063042871091483,0.34657346881759,0.0615771174430847,0.1379857866487594,0.2843451001227867,0.1406778484582901,0.2954581350283161,0.2647176867462133,0.02,0.3993830056868647,0.2828536726598194,0.1049419462680816,0.5409172798194856,0.2163559755245842,0.0693311491608619,0.7193042333112928,0.0,0.0,0.0,63113288.73043538,833.6569488850497,0.10314204416708,63171755.26516773,416.16312172992895,0.7512364047071574,0.0,0.0,0.0,0.0,0.0,0.0,2951.09,1800.0,7500.0,0.0,9357.36,16823.07,0.0,0.0,2937.97,0.0
189,Steel,6,4,0.8393370553851128,0.0837127200365066,0.0143080664143618,0.2929563712845441,0.0503683803975582,0.1416860016281355,0.4116381333194027,0.0308724088966846,0.2123350127126584,0.3737389284238902,0.0742873924970626,0.2741754936642405,0.2636953417431159,0.0610869833827018,0.362722022297506,0.3712148853214357,0.1180508017539978,0.5127999420960735,0.3871519208422671,0.0577113273739814,0.7022299094436592,24761577.43779516,413.963570607759,0.0886573876052706,23298754.40777963,413.41721481054816,0.3494317016168364,19778864.687173564,238.4924018677472,0.4468408277625669,19778864.687173564,889.5079841245433,0.7218821377502254,4651.79,1800.0,7500.0,0.0,6590.86,26168.64,0.0,0.0,4710.97,0.0
190,Steel,6,2,1.2212624162435533,0.1387220009565353,0.06,0.2017037998640577,0.1457847905158996,0.2368576455325275,0.2152119392584268,0.1285265266895294,0.3835136894710496,0.2390406132860624,0.1006105464696884,0.5301077922424026,0.266007688258738,0.1089546459913253,0.6809504881826518,0.2441674191997139,0.0768357881903648,0.8769160940913419,0.1471998138604671,0.0795043104887008,1.060906979881557,19993629.99279758,109.72625391704862,0.1336608941755579,22459665.608933933,246.64005829960468,1.0991361733979357,0.0,0.0,0.0,0.0,0.0,0.0,3337.83,1800.0,7500.0,0.0,5871.39,21494.14,0.0,0.0,3342.21,0.0
191,Steel,2,2,1.6025331676006318,0.1307981694936752,0.0146916286405525,0.3599988144658762,0.1443272703886032,0.8404757832086216,0.2382732518187967,0.0650535169243812,1.3736928510388735,0.0,0.0,0.0,0.0,0.0,0.0,0.0,0.0,0.0,0.0,0.0,0.0,67579861.22930236,267.7484605207369,0.4663080314085283,79571869.10550691,347.4066867059937,1.2539269750863382,0.0,0.0,0.0,0.0,0.0,0.0,6164.74,1800.0,7500.0,0.0,6859.03,11281.78,0.0,0.0,6270.82,0.0
192,Steel,5,3,1.3254482626914978,0.0804332326054573,0.0220082639350604,0.2753145846001393,0.0604796865582466,0.385217831117295,0.4158822186031107,0.1209241157770156,0.6652180959707693,0.3305892247709064,0.0920357710123062,0.8555213626770577,0.2283447206564801,0.0228203336708247,1.089699286439877,0.2541958196472435,0.0944123840332031,1.1928934364223482,0.0,0.0,0.0,8879001.071556991,570.9044262618978,0.1894044266661804,11468434.16983822,433.3421735872387,0.7732714901020357,7558555.579356577,408.0370027918743,1.1756369394053243,0.0,0.0,0.0,2639.04,1800.0,7500.0,0.0,4207.87,8405.6,0.0,0.0,2695.43,0.0
193,Steel,6,3,1.1037122368812562,0.0685059913396835,0.0066152118483518,0.2637046564036915,0.0280723671242594,0.2432910461093434,0.3032433144092348,0.11127739071846,0.3188548791180589,0.2732845653973684,0.0676936948299408,0.5495560327251654,0.2870339382196237,0.0649251419305801,0.6226247589589147,0.2759974624130806,0.0606160154938697,0.7687342411912006,0.3480943165682879,0.0468667359650135,0.9151073219268412,42080275.426354274,533.4741572600984,0.1228340089108147,38657520.5963252,395.51153469909735,0.3708912573029513,53963466.09319707,478.444668311034,0.9673897772664805,0.0,0.0,0.0,5164.06,1800.0,7500.0,0.0,9988.71,16592.48,0.0,0.0,5187.34,0.0
194,Steel,2,3,1.5556826889514923,0.0720626532435417,0.0043072611963084,0.2957700030997712,0.0908397275209427,0.6796205513514118,0.3795279405328869,0.0365211527049541,0.9586527579169812,0.0,0.0,0.0,0.0,0.0,0.0,0.0,0.0,0.0,0.0,0.0,0.0,43236704.44522355,445.5268558496852,0.3934822235785026,37099073.036888696,833.3582456108845,1.045341554378741,35464731.36824632,586.8206599845918,1.344430597513186,0.0,0.0,0.0,5773.4,1800.0,7500.0,0.0,8797.32,14582.58,0.0,0.0,5886.89,0.0
195,Steel,5,2,0.5526101820170879,0.0919949451684951,0.0085213021153559,0.3337406606046126,0.0635316717624664,0.0700449881057652,0.3116552372409708,0.075503462255001,0.1679192754887719,0.2044808315506694,0.1032265758514404,0.2621734855288779,0.3609530259096798,0.0923946940898895,0.3758989579355016,0.2297115874177164,0.1016774904727935,0.4849393874943698,0.0,0.0,0.0,26495841.18165609,475.0171448294007,0.0837272733685141,26727787.05928348,629.2507096435662,0.4546988439545177,0.0,0.0,0.0,0.0,0.0,0.0,4381.41,1800.0,7500.0,0.0,6360.97,55056.83,0.0,0.0,4371.18,0.0
196,Steel,3,3,1.0734221160411836,0.1356191923618316,0.013993285921075,0.4271152189657642,0.0735269057750701,0.3813289163125923,0.2249421579221251,0.0979021459817886,0.5340229528044252,0.1789480948684069,0.0721391928195953,0.8786502423435958,0.0,0.0,0.0,0.0,0.0,0.0,0.0,0.0,0.0,7135743.362211224,254.0372441977276,0.1461930591961522,7744265.125404743,161.62440196629456,0.4441303471618713,8209483.928576881,870.407204226306,0.9387246441707028,0.0,0.0,0.0,2891.64,1800.0,7500.0,0.0,4058.92,29146.94,0.0,0.0,2897.63,0.0
197,Steel,3,2,1.16845500767231,0.0815679991841316,0.0217996136629098,0.3707611426227279,0.0439480093121528,0.1330351255730003,0.3013806880685196,0.02,0.4010877746328511,0.275794669660949,0.0998769164085388,0.8538407955980756,0.0,0.0,0.0,0.0,0.0,0.0,0.0,0.0,0.0,20940949.142872967,691.171215518316,0.1578450913141676,23609593.3484555,166.7282303308465,0.9316796900066048,0.0,0.0,0.0,0.0,0.0,0.0,5139.22,1800.0,7500.0,0.0,6237.28,17348.12,0.0,0.0,5214.08,0.0
198,Steel,3,4,1.1702980920672417,0.0959988162517547,0.0242543023690636,0.3741037368649725,0.0830373793840408,0.1400818707659444,0.2058678248964095,0.0514677949249744,0.5219929387927169,0.2060324744121974,0.0784807237982749,0.8567934627170395,0.0,0.0,0.0,0.0,0.0,0.0,0.0,0.0,0.0,16598434.427530492,273.0649999715451,0.1620239451768805,14673233.310688546,369.64190344288977,0.7402369554973658,12289472.877251158,1099.9999999999995,0.9317306035530096,12996649.598325549,227.09684364828445,1.0532682816902197,3917.9,1800.0,7500.0,0.0,8450.46,18800.73,0.0,0.0,3970.13,0.0
199,Steel,2,3,1.0137572690844536,0.0436686410009861,0.0245293991595966,0.31666880684221,0.0501721896231174,0.4656963204828825,0.4496122618951932,0.0958951026201248,0.7646318447752942,0.0,0.0,0.0,0.0,0.0,0.0,0.0,0.0,0.0,0.0,0.0,0.0,13606739.819803577,829.969185568203,0.142020674979695,17411674.61172578,417.67024691758417,0.3777893111717192,14725410.12542119,1099.9999999999995,0.8694906498145738,0.0,0.0,0.0,3224.11,1800.0,7500.0,0.0,8417.36,23931.9,0.0,0.0,3143.94,0.0
