rank,material,n_disks,n_bearings,L,OD,ID,d0_OD,d0_W,d0_pos,d1_OD,d1_W,d1_pos,d2_OD,d2_W,d2_pos,d3_OD,d3_W,d3_pos,d4_OD,d4_W,d4_pos,d5_OD,d5_W,d5_pos,b0_K,b0_C,b0_pos,b1_K,b1_C,b1_pos,b2_K,b2_C,b2_pos,b3_K,b3_C,b3_pos,cs1_pred,cs1_lo,cs1_hi,cs1_dev_pct,cs2_pred,cs3_pred,joint_err,joint_err_truth,cs1_ross,cs1_relerr_truth_pct
0,Steel,1,3,0.5799207903444767,0.0619411679506301,0.0116143878412855,0.3318232161763526,0.15,0.2537157054317144,0.0,0.0,0.0,0.0,0.0,0.0,0.0,0.0,0.0,0.0,0.0,0.0,0.0,0.0,0.0,4598982.767687462,86.72391727937207,0.1263153681284912,6115984.5992738735,347.29610402279684,0.3861463396805091,5949118.395713609,557.1069731764799,0.4850812010824617,0.0,0.0,0.0,3041.49,2600.0,5200.0,0.0,21491.33,40176.42,0.0,0.0,3032.08,0.0
1,Steel,3,3,1.0733736529946327,0.1356224509477615,0.0139937298069098,0.4270857936395518,0.0735249298810959,0.3813134389481269,0.2249287786534783,0.0978989690542221,0.5340051897965299,0.1789416768266266,0.0721378794312477,0.8786123187734682,0.0,0.0,0.0,0.0,0.0,0.0,0.0,0.0,0.0,7145314.772574125,254.03995457262332,0.1461865442886117,7754664.211422206,161.62369373445893,0.4441128852338752,8220500.663498307,870.3904555186657,0.9386842594898092,0.0,0.0,0.0,2893.6,2600.0,5200.0,0.0,4061.63,29150.99,0.0,0.0,2899.69,0.0
2,Steel,5,2,0.5525191001594068,0.0920030450820923,0.0085215453914093,0.333735890045297,0.0635320669412612,0.0700229650947107,0.3116403214305414,0.0755006417632103,0.1678742073752948,0.2044731376268024,0.1032242280244827,0.262124442730193,0.3609337191586034,0.0923927569389343,0.3758371087007184,0.2297013926692545,0.1016769403219223,0.4848687062440884,0.0,0.0,0.0,26525825.59518517,475.0231178990706,0.0837169281930275,26758106.216491096,629.2540664363518,0.4546222656473752,0.0,0.0,0.0,0.0,0.0,0.0,4384.17,2600.0,5200.0,0.0,6364.44,55080.14,0.0,0.0,4373.86,0.0
4,Steel,6,3,1.1045586585998537,0.0688207072615623,0.0066310579852504,0.263892408283043,0.0280506971850991,0.2442875256685741,0.3051063438819176,0.1112853872776031,0.3192641561514593,0.2751978681665226,0.0677533823251724,0.5500682282172749,0.2906630357574154,0.0650339865684509,0.6235249653395141,0.277092020180984,0.0606656685471534,0.7692061865616784,0.3492810438534296,0.0468807628750801,0.9155888670897074,39803092.5564681,533.1601890589009,0.1227648951237612,36561061.23502132,395.5244956344967,0.3681640593230604,51028309.16235952,478.23068775790153,0.9691976715845988,0.0,0.0,0.0,5017.17,2600.0,5200.0,0.0,9795.14,16345.95,0.0,0.0,5038.57,0.0
5,Steel,5,3,1.3249839216470718,0.0803493769168853,0.0220133957199449,0.2748439657935384,0.0604729530215263,0.385048542834377,0.4141960947566439,0.1209013891220092,0.6649831571603739,0.3298304160214009,0.0920240861177444,0.8552641656370904,0.2280617038139854,0.022816634196788,1.0893157261004676,0.2538158684815252,0.0944115549325943,1.192475529482365,0.0,0.0,0.0,8959876.316424135,570.9128015344763,0.1895074918560081,11572905.339224618,433.3447329719021,0.7728052184234362,7627310.053208948,408.0325716701971,1.1752226776544368,0.0,0.0,0.0,2658.22,2600.0,5200.0,0.0,4230.27,8421.58,0.0,0.0,2714.4,0.0
6,Steel,2,4,0.9641215711832049,0.1024401180744171,0.0165638970867361,0.2427061403654632,0.0465560537576675,0.3637189040367752,0.2626550758698437,0.1335121488571167,0.7913421457473133,0.0,0.0,0.0,0.0,0.0,0.0,0.0,0.0,0.0,0.0,0.0,0.0,8224753.583490157,529.2631416274194,0.1138615426775692,8648607.838779347,181.9662720199105,0.4167925068017012,10914119.606973164,206.3177765772313,0.6954470204226777,10899788.29838302,396.9552903183366,0.8677094131007627,5034.32,2600.0,5200.0,0.0,6054.9,30054.15,0.0,0.0,4949.25,0.0
7,Steel,2,2,1.4913654446601867,0.0400699602663517,0.0122893999610518,0.2463465955874012,0.0691046574711799,0.2197168765959489,0.1669856136410452,0.0519631399214267,0.977347193756514,0.0,0.0,0.0,0.0,0.0,0.0,0.0,0.0,0.0,0.0,0.0,0.0,62885801.76709384,529.5368798284918,0.1707072531219714,53527291.13059563,361.3522510531679,1.1453494883839404,0.0,0.0,0.0,0.0,0.0,0.0,3848.24,2600.0,5200.0,0.0,9330.32,11837.58,0.0,0.0,3808.92,0.0
8,Steel,3,2,1.083717729151249,0.0787563939094543,0.0315866903091067,0.3419372036383913,0.0783160001039505,0.2654883914908892,0.4542211736411404,0.0866596812009811,0.698737425816732,0.2695530640843422,0.1133260130882263,0.8368361715014059,0.0,0.0,0.0,0.0,0.0,0.0,0.0,0.0,0.0,17192364.91587953,622.752790685433,0.145022745360507,19709378.72591216,309.64713137663915,0.9572798650772056,0.0,0.0,0.0,0.0,0.0,0.0,3039.9,2600.0,5200.0,0.0,6522.52,23196.32,0.0,0.0,3042.74,0.0
9,Steel,1,4,1.4773594588041306,0.1067657427787781,0.0287061612825845,0.2336327958308971,0.0711056220531463,0.8293738826626481,0.0,0.0,0.0,0.0,0.0,0.0,0.0,0.0,0.0,0.0,0.0,0.0,0.0,0.0,0.0,9632865.434935572,162.52111738661884,0.2214053414119285,10074939.188722216,385.12386313001855,0.7711763435834347,9069752.507724874,1099.9999999999995,0.9733868054082851,10249258.507045534,282.61126269649066,1.3087651384144348,5165.91,2600.0,5200.0,0.0,5935.21,13478.25,0.0,0.0,5082.43,0.0
10,Steel,1,2,1.26069678068161,0.0946878659725189,0.0522975179752929,0.3350837156825449,0.0262240340560674,0.8713505049872836,0.0,0.0,0.0,0.0,0.0,0.0,0.0,0.0,0.0,0.0,0.0,0.0,0.0,0.0,0.0,9915340.561552556,553.7893929490034,0.2858005040862844,7234750.479989766,451.6481989088018,1.0096791058135497,0.0,0.0,0.0,0.0,0.0,0.0,4305.56,2600.0,5200.0,0.0,5862.78,18846.29,0.0,0.0,4309.83,0.0
11,Steel,3,3,1.528662583231926,0.0706911821365356,0.0123907818480073,0.4287763400178208,0.0913339567184448,0.5287011121207401,0.2906916749034895,0.0987184381484985,0.7811185958828928,0.3176177196923448,0.056947117447853,1.2265234755907282,0.0,0.0,0.0,0.0,0.0,0.0,0.0,0.0,0.0,67505343.5808806,228.1872184309905,0.3152711612630464,73200707.01796699,310.4307962925396,0.9692770207725742,75196333.98236237,167.68063851995845,1.3069322305821949,0.0,0.0,0.0,5182.22,2600.0,5200.0,0.0,12206.78,14092.84,0.0,0.0,5175.08,0.0
12,Steel,5,2,1.4235993295907974,0.1045489310026168,0.0378492530531684,0.2067336202125352,0.1100782632827758,0.1439157180423367,0.4149267779301966,0.0602478793263435,0.2964846900845241,0.3659744614689829,0.07835165143013,0.4743785874957167,0.1582596237963327,0.1113029766082763,0.6551704944677662,0.2894283459525409,0.0839777460694313,1.0376305441816205,0.0,0.0,0.0,16492602.604046574,485.0103407932278,0.2197440437927318,16960303.432654403,279.38873696942005,1.0823486535678022,0.0,0.0,0.0,0.0,0.0,0.0,2959.8,2600.0,5200.0,0.0,4278.98,12289.76,0.0,0.0,2961.85,0.0
13,Steel,2,4,0.3807683374732733,0.0698632389307022,0.0058571022889547,0.2245000521845632,0.0968417960405349,0.1433040923896685,0.218382811711556,0.0750742477178573,0.2941577527957283,0.0,0.0,0.0,0.0,0.0,0.0,0.0,0.0,0.0,0.0,0.0,0.0,2368334.315571306,499.36970151844594,0.0641624444651509,2244915.0807648045,353.21680644105567,0.2077093691482064,1936156.924088212,395.3710262420365,0.3082091086713597,2681946.2996400413,586.684948847841,0.3426915033451776,3514.84,2600.0,5200.0,0.0,5844.06,130988.76,0.0,0.0,3483.95,0.0
14,Steel,6,2,1.2907513678073883,0.0636667881011962,0.0071689867622396,0.2714022350148272,0.0650756353139877,0.2280128638129091,0.2374757867241083,0.07056530803442,0.4209626273035877,0.1946088215737635,0.0867495959997177,0.6057210941498771,0.2116333924336635,0.0490788480639457,0.8786636339434333,0.3045849415417342,0.0888130414485931,1.0096204820913997,0.2837891705824937,0.0558126482367515,1.1616662310266497,46785110.34787172,422.6042281049389,0.1539796421174791,44922364.37249036,281.91533573831936,1.130846856548152,0.0,0.0,0.0,0.0,0.0,0.0,3423.72,2600.0,5200.0,0.0,7417.25,12753.59,0.0,0.0,3361.57,0.0
15,Steel,3,2,1.3730322480201722,0.113472098827362,0.0073954916482343,0.3718881525987247,0.0672654721140861,0.3703617739478492,0.3046673915928821,0.0548984989523887,0.60988899825041,0.1830861103855635,0.0755667141079902,0.8353723960464106,0.0,0.0,0.0,0.0,0.0,0.0,0.0,0.0,0.0,32846929.72325206,234.4478761633714,0.2228257226716918,32406829.51358277,410.5520510162278,1.0305438141674328,0.0,0.0,0.0,0.0,0.0,0.0,5020.18,2600.0,5200.0,0.0,6732.93,15705.77,0.0,0.0,5046.13,0.0
16,Steel,6,3,1.7462863624095917,0.1162944489717483,0.0063483000530618,0.3058871812566943,0.1187135863304138,0.2626493348408982,0.2383089536419119,0.0616056168079376,0.523040670863892,0.3090608674350963,0.1004889786243438,0.9094914922734196,0.3040021684098344,0.0938257449865341,1.097500510273124,0.3003917964997625,0.0906408053636551,1.2629731005212292,0.2185529205499692,0.0756825479865074,1.4050932489169146,39904307.115049735,741.5888516210294,0.1920777359262845,40099063.96963043,492.0615703890276,0.6622469170431945,40277247.52943758,561.7191809163446,1.457964779399053,0.0,0.0,0.0,4511.5,2600.0,5200.0,0.0,6340.53,9900.8,0.0,0.0,4560.22,0.0
17,Steel,2,3,1.0397039651870728,0.0400894652307033,0.0181550334936386,0.2397573218568569,0.0952621734142303,0.6233894883815396,0.2462956092386374,0.0789589405059814,0.8309937643560446,0.0,0.0,0.0,0.0,0.0,0.0,0.0,0.0,0.0,0.0,0.0,0.0,11702050.179585796,464.32407678060207,0.2248304134160078,10763588.874255097,460.86124478271023,0.5370260047700021,9347768.111408742,268.34698398619065,0.9133508426526924,0.0,0.0,0.0,4452.53,2600.0,5200.0,0.0,9716.64,13743.87,0.0,0.0,4503.18,0.0
18,Steel,4,2,0.6675716131925583,0.0323738584667444,0.0175029833100514,0.2508823914519149,0.0379259978234767,0.1239347880442081,0.1754837290807161,0.1350336414575576,0.2236350002002002,0.2010188633308215,0.1413456851243972,0.4152446843979059,0.2089811243363631,0.0529648968577385,0.5590684881755182,0.0,0.0,0.0,0.0,0.0,0.0,72392932.45771016,1099.9999999999995,0.098383853163553,81765570.70442052,272.4629092208958,0.5265747762109725,0.0,0.0,0.0,0.0,0.0,0.0,4309.13,2600.0,5200.0,0.0,11873.66,17266.27,0.0,0.0,4051.15,0.0
19,Steel,1,3,1.072488361597061,0.0834765741229057,0.0057362863287641,0.2842353983954183,0.1254474872350692,0.2178686379983711,0.0,0.0,0.0,0.0,0.0,0.0,0.0,0.0,0.0,0.0,0.0,0.0,0.0,0.0,0.0,12095731.699895063,405.4906202702648,0.1720276378058095,11965649.19295426,453.8993047794893,0.6522100030537632,10372051.239154438,561.3122281304741,0.8288074362201043,0.0,0.0,0.0,4031.25,2600.0,5200.0,0.0,7798.16,23947.55,0.0,0.0,4002.74,0.0
20,Steel,6,3,1.315140575170517,0.1025740501880645,0.0265763417530261,0.3897017472099699,0.0552383062243461,0.1478035875514539,0.2774517285724065,0.1427250295877456,0.3007387603130018,0.2198551341602165,0.1186691403388977,0.5893707798891775,0.1301098159869386,0.0639805135130882,0.7472146261122163,0.1686462256496657,0.0855771780014038,0.866648562779881,0.3106042642952094,0.0971376299858093,1.039260069454183,28164057.96921141,447.5814788479391,0.1997946172540171,30066521.79835093,452.703348172676,1.072837901624148,29128536.311150383,358.38407100306506,1.1639209004078803,0.0,0.0,0.0,3818.47,2600.0,5200.0,0.0,7138.82,14033.62,0.0,0.0,3891.0,0.0
22,Steel,4,4,0.9319842308759688,0.1368851995468139,0.0334937856276901,0.285453801399496,0.15,0.1595311857217627,0.1454517510863613,0.09354347884655,0.3535189999738602,0.2425216563051223,0.0884909242391586,0.4831923675863929,0.1906646738074709,0.0435218535363674,0.688660882998157,0.0,0.0,0.0,0.0,0.0,0.0,9264645.594524764,404.2191586157917,0.1192386248177275,11410313.341171604,530.6715661103482,0.2757555559865213,9183346.753441272,276.42790337612314,0.613942094747822,8249561.008675943,1099.9999999999995,0.8164535885940435,3494.09,2600.0,5200.0,0.0,4729.98,37002.83,0.0,0.0,3598.36,0.0
23,Steel,1,2,1.3459716737270355,0.0429923701584339,0.0184219594537942,0.4426334330883724,0.1151862359046936,0.4831787843319316,0.0,0.0,0.0,0.0,0.0,0.0,0.0,0.0,0.0,0.0,0.0,0.0,0.0,0.0,0.0,627500600.3877679,710.4049030754264,0.3856882340738077,561500682.0639743,520.9465228452497,1.0672094955167784,0.0,0.0,0.0,0.0,0.0,0.0,4429.91,2600.0,5200.0,0.0,11648.4,14979.1,0.0,0.0,4389.3,0.0
24,Steel,6,2,1.2211498320102692,0.1387278494834899,0.06,0.2016988708547113,0.1457837599515914,0.2368214217477745,0.2152044943032704,0.1285242873430252,0.3834748079768481,0.2390329677943775,0.1006088417768478,0.5300621532960403,0.2659925926623767,0.1089527010917663,0.6808995617996664,0.2441576607723588,0.0768357339501381,0.8768444207557682,0.147195282338296,0.0795051705837249,1.0608136438620268,20019434.555433344,109.72752913536092,0.1336488863988194,22488680.57578959,246.63991732971013,1.0990348475880924,0.0,0.0,0.0,0.0,0.0,0.0,3339.88,2600.0,5200.0,0.0,5875.06,21499.94,0.0,0.0,3344.34,0.0
25,Steel,6,4,0.8382494762539864,0.0837985943555832,0.0143071927530353,0.2929477891556987,0.0503464266657829,0.141426379298658,0.4115663456276526,0.0308594919741153,0.2120311225409233,0.3736378818756045,0.0742724299430847,0.2738660658344417,0.2637924212221338,0.0610934883356094,0.3623480409747696,0.3714502178236326,0.1180832296609878,0.5122579498448154,0.3873307977579122,0.0577105951309204,0.7014000423640291,24526607.444723822,413.9096280471773,0.0885361461149021,23077011.201968823,413.4249337976692,0.3488335514551702,19590119.97598968,238.46927520849587,0.4461261269780635,19590119.97598968,889.3881772758672,0.7209702169455569,4628.37,2600.0,5200.0,0.0,6566.32,26244.8,0.0,0.0,4686.37,0.0
26,Steel,3,4,0.7921744614839554,0.1068455400466919,0.009975176062686,0.2325748870443451,0.050301711410284,0.1944005803174661,0.3134544798007782,0.0817763212323188,0.3055940664251149,0.2047872891595949,0.1489977025985717,0.6102575956471316,0.0,0.0,0.0,0.0,0.0,0.0,0.0,0.0,0.0,14022987.541448122,233.19661709347275,0.1235713055684161,10616783.5516528,349.1144191958125,0.4693511808231017,12329310.263490312,933.3377025019838,0.4898521975533552,9946891.60503041,501.0582429950747,0.6769793867107793,5125.96,2600.0,5200.0,0.0,6030.35,42397.89,0.0,0.0,5088.77,0.0
27,Steel,4,4,1.172579549252987,0.135213858127594,0.0093137240852411,0.2155151261335165,0.03974449634552,0.2736090051354725,0.2091437497364102,0.1346546959877014,0.4509568985495403,0.2765775386730909,0.15,0.7658912009571509,0.2095601478152008,0.0771930646896362,0.9697779351822884,0.0,0.0,0.0,0.0,0.0,0.0,6735993.940029038,333.0706699818018,0.1587177714636847,5840744.19193948,244.2972929435745,0.6478266754918738,5853842.466428121,354.28443726939963,0.7523990794630455,8312255.220306001,543.2470459660583,1.028886494978762,2941.55,2600.0,5200.0,0.0,3494.97,23374.47,0.0,0.0,2948.7,0.0
28,Steel,6,3,1.2227897465229036,0.0759683520197868,0.0285935387184837,0.483147611271391,0.1092882931232452,0.1439552864473656,0.4193213470761333,0.0236250886507332,0.3234126906270642,0.387916182418187,0.1112057471275329,0.5241020353582966,0.2638198478815982,0.0935637646913528,0.6829440527911503,0.2853335298363543,0.0571296551823616,0.8874491141626251,0.3215756883162622,0.077005974650383,1.060137032688385,52605891.42207725,621.5036228866304,0.1302060647341864,47147110.33514392,556.7153471215821,0.5732518540669718,49821005.75212221,377.5008197166777,1.0976846835464826,0.0,0.0,0.0,4883.81,2600.0,5200.0,0.0,6738.57,10296.29,0.0,0.0,5057.52,0.0
29,Steel,5,4,1.0839974254369735,0.0866458070874214,0.0266750741925497,0.3231875756549716,0.0614554837346077,0.2424210952830334,0.2073052054303904,0.1108676600456237,0.5465675467767095,0.2956679867400384,0.02,0.7146157747367493,0.4141872496305316,0.0813108626008033,0.8424337551522588,0.3414385845653837,0.02,0.954292317032338,0.0,0.0,0.0,11705405.262882804,558.9470813582216,0.1268939540187019,11574881.196759004,249.9263886630047,0.3494360120212625,9916815.860760037,329.4546855748178,0.4987429861710567,10789740.015471622,412.5784379310725,0.9696265378261608,3449.36,2600.0,5200.0,0.0,6182.22,20666.92,0.0,0.0,3382.02,0.0
31,Steel,3,4,1.1664918959140778,0.0965749680995941,0.0242372092165289,0.3824658827954056,0.0833965465426445,0.13858082945415,0.2065407670968478,0.0514974430203437,0.5193310986067796,0.205926365565457,0.0783840909600257,0.853442965224503,0.0,0.0,0.0,0.0,0.0,0.0,0.0,0.0,0.0,15341731.541708486,273.3180080618412,0.1615220447005816,13571241.902376486,369.7219141589326,0.739519150102853,11367722.276620649,1099.9999999999995,0.930143764802642,12023298.207755314,227.32501642554735,1.0498427051561785,3683.99,2600.0,5200.0,0.0,8149.52,18911.56,0.0,0.0,3741.03,0.0
32,Steel,2,3,1.013672362267971,0.0436738801300525,0.0245295742311835,0.3166594824214146,0.0501703357696533,0.4656545983749181,0.4495932255628844,0.0958915615081787,0.7645730525252326,0.0,0.0,0.0,0.0,0.0,0.0,0.0,0.0,0.0,0.0,0.0,0.0,13623395.417679926,829.9712412102301,0.1420069578491752,17432987.031538736,417.67128139034287,0.3777589498902147,14743442.227687968,1099.9999999999995,0.8694228832152681,0.0,0.0,0.0,3226.01,2600.0,5200.0,0.0,8421.55,23942.47,0.0,0.0,3145.82,0.0
33,Steel,2,2,1.142392805218697,0.1042155311107635,0.0119353709989616,0.1912756142077867,0.1190901839733123,0.1682032384607332,0.2845048914344847,0.0322610952705144,0.7485785548108725,0.0,0.0,0.0,0.0,0.0,0.0,0.0,0.0,0.0,0.0,0.0,0.0,10766642.80648165,820.4885863325771,0.156329525827569,9177238.804894792,317.58634129543685,0.9014576443176986,0.0,0.0,0.0,0.0,0.0,0.0,3891.02,2600.0,5200.0,0.0,4563.72,21027.71,0.0,0.0,3905.97,0.0
34,Steel,6,2,0.7516456261277199,0.0782691633701324,0.0172769172519633,0.3947612885511213,0.1248909670114517,0.1163027023270032,0.3114303732404812,0.0851467430591583,0.2345670076224321,0.1809513113558331,0.1093798273801803,0.3474061672593752,0.1982553300900799,0.0544348418712616,0.4438755805815751,0.2158896125537218,0.0633390414714813,0.5225621003562969,0.3181849958975216,0.0822382116317749,0.6326185769351422,30098277.1926031,284.83589088890324,0.1263997967693648,22830284.058901463,361.1438485171828,0.6764810627633022,0.0,0.0,0.0,0.0,0.0,0.0,3679.16,2600.0,5200.0,0.0,5774.45,27155.33,0.0,0.0,3766.4,0.0
36,Steel,5,4,0.9765789449214936,0.1092083872556686,0.0095371736346847,0.3418755531504645,0.0542087724804878,0.1297073564885534,0.2289870515595999,0.0325607250630855,0.3057280446240199,0.3941765054284366,0.0883469319343566,0.4924315958670472,0.2570742247211553,0.067694853246212,0.6745131293151572,0.2238930163747211,0.0904036825895309,0.7648832690494001,0.0,0.0,0.0,9627784.699252903,1076.778996387956,0.1170046258424452,9350440.894404504,633.24628552705,0.5217271895631763,7280635.622357316,780.8970822308554,0.5741914516722263,8379759.722408399,750.6882006479776,0.8561873263443703,3424.77,2600.0,5200.0,0.0,4216.74,21376.89,0.0,0.0,3443.15,0.0
37,Steel,3,4,0.8964747115969658,0.1144622011184692,0.037361078891935,0.1808759754920994,0.0307386573404073,0.428267977039733,0.2883582859587044,0.0446976305544376,0.5553184287728696,0.2510514638596101,0.0775575977563858,0.6356536879672215,0.0,0.0,0.0,0.0,0.0,0.0,0.0,0.0,0.0,7705725.82748392,428.66331580020176,0.1502394636497898,8986036.21240295,723.5255918047084,0.3859752859499919,6859824.930909427,723.4133935100591,0.5770848887557749,8442541.613918494,294.9473092772952,0.8051222057068693,4614.25,2600.0,5200.0,0.0,6136.85,39390.18,0.0,0.0,4737.54,0.0
38,Steel,1,4,1.0793894112110138,0.0655006017684936,0.0122709553610409,0.1609599075796598,0.0882812082767486,0.684866314053494,0.0,0.0,0.0,0.0,0.0,0.0,0.0,0.0,0.0,0.0,0.0,0.0,0.0,0.0,0.0,3413114.1935272827,589.3274422992955,0.3568220921210895,2870047.184914369,275.5199754993552,0.7597882126340665,3331639.407988252,417.0086301731595,0.7816701091451381,3370028.205370401,685.2521735749199,0.9599265817025484,3723.46,2600.0,5200.0,0.0,6262.61,15085.38,0.0,0.0,3740.77,0.0
39,Steel,3,3,1.29840047955513,0.0497775501310825,0.0099439941511591,0.4012395661481837,0.1138682448863983,0.4404988368145309,0.4431741769055499,0.1202611452341079,0.6171738038483409,0.2620898090120667,0.0897090125083923,0.9021696843226904,0.0,0.0,0.0,0.0,0.0,0.0,0.0,0.0,0.0,83373076.61217232,91.12598285177594,0.1710759497954078,85877126.14770076,894.9982137343095,0.7170946814347059,80175962.33862582,288.18805769987017,1.1072242647584782,0.0,0.0,0.0,3581.77,2600.0,5200.0,0.0,9334.87,14063.74,0.0,0.0,3627.51,0.0
40,Steel,2,3,1.0108862608671187,0.0694909222126007,0.0163355614047185,0.2567705678545206,0.0847018647193908,0.3920907633155466,0.2226352511616493,0.095307068824768,0.9097876347804068,0.0,0.0,0.0,0.0,0.0,0.0,0.0,0.0,0.0,0.0,0.0,0.0,15420344.419416249,516.092286170254,0.1308979785987623,12987167.441533754,240.30320863307944,0.4364445065145757,15500436.19921994,1099.9999999999995,0.8139325910980476,0.0,0.0,0.0,5153.88,2600.0,5200.0,0.0,7184.9,19587.94,0.0,0.0,5160.49,0.0
41,Steel,2,3,1.2482931077480317,0.0467314197719097,0.0095303918753342,0.2115235149439922,0.02,0.2900136714638521,0.2737143966948386,0.0863536268472671,0.7556105927998191,0.0,0.0,0.0,0.0,0.0,0.0,0.0,0.0,0.0,0.0,0.0,0.0,6109946.593624769,722.2029251295316,0.1351805452066997,7819151.693133028,273.04221420425023,0.4376662063428638,6021013.464018759,306.3147397355062,0.991886350073626,0.0,0.0,0.0,3808.74,2600.0,5200.0,0.0,9023.59,10394.3,0.0,0.0,3743.13,0.0
42,Steel,2,4,0.808773909509182,0.0756500601172447,0.0304934113345094,0.2341824119785203,0.1307194203138351,0.2927077882614771,0.2379161246720565,0.0870473515987396,0.5683952614466544,0.0,0.0,0.0,0.0,0.0,0.0,0.0,0.0,0.0,0.0,0.0,0.0,2683892.4642829746,596.9893331473971,0.1430891405213369,3021083.4022551314,371.8126745418498,0.4761079624576227,2370354.407085133,469.8500019553728,0.5577548370616818,2328722.4023633385,423.07638864248895,0.7031384740113453,2901.54,2600.0,5200.0,0.0,4281.62,31555.0,0.0,0.0,2883.15,0.0
43,Steel,1,4,1.1246108919382096,0.1244003719091415,0.0075198681373632,0.330865793926106,0.0977490723133087,0.2918886055643119,0.0,0.0,0.0,0.0,0.0,0.0,0.0,0.0,0.0,0.0,0.0,0.0,0.0,0.0,0.0,17199181.4343691,372.9186794855481,0.1553674701576828,23036830.6060892,418.57886316576895,0.4577422396350912,26101962.535570964,591.522418728759,0.5310598655214231,19546346.46442994,373.0178765775029,0.8163370866721603,5180.09,2600.0,5200.0,0.0,6881.65,30322.35,0.0,0.0,5046.49,0.0
44,Steel,5,2,1.3084278643131255,0.1030254024267196,0.0346816254125654,0.2266821985111067,0.0392555245757103,0.3136490873408456,0.2023018821158399,0.0702094882726669,0.4341872154160462,0.2745187315809697,0.0788983270525932,0.6000671959998777,0.3365160879453985,0.1380950063467025,0.8055250823673891,0.2418010144353081,0.0756782475113868,0.980189848230541,0.0,0.0,0.0,31623762.17591666,455.0300153304336,0.1652028209667712,29268285.52330104,598.9196354211376,1.1352882996877174,0.0,0.0,0.0,0.0,0.0,0.0,3627.6,2600.0,5200.0,0.0,8699.13,16529.36,0.0,0.0,3666.29,0.0
45,Steel,4,2,0.6286273650825024,0.077127139031887,0.015552427885046,0.394436852718981,0.0589514487981796,0.1458107895415144,0.4142638222951892,0.0941499698162078,0.2622918403334932,0.5437446715297326,0.0828452062606811,0.3820431618034561,0.203544154748743,0.0767749539017677,0.5308386984055862,0.0,0.0,0.0,0.0,0.0,0.0,24943067.10620833,447.3188285021648,0.1026845993694296,33188946.601600733,103.29557447517026,0.5657646279456248,0.0,0.0,0.0,0.0,0.0,0.0,3563.37,2600.0,5200.0,0.0,15503.97,39253.31,0.0,0.0,3507.36,0.0
46,Steel,5,4,1.942827007174492,0.1107124743461609,0.0519753152784723,0.233883388556807,0.09644644677639,0.3433456646192248,0.3482676319983538,0.1188976854085922,0.5018388705243629,0.2270684179780803,0.0850328928232193,0.8380936639749894,0.1162597228732753,0.0499554340541362,1.1695227568877806,0.2406252852001313,0.0889751887321472,1.488561066701717,0.0,0.0,0.0,22502735.26673129,228.947195266217,0.2592247682598929,21082863.197537005,219.03041960458955,1.3856038074796864,28444614.99957705,472.4653035964356,1.5164189004685904,18922821.679082144,219.8430249510884,1.7142755049121277,3447.68,2600.0,5200.0,0.0,7643.06,10614.92,0.0,0.0,3475.34,0.0
47,Steel,5,2,0.8896974936127663,0.0617337610721588,0.0157747576240703,0.2826734264054198,0.0879685288667678,0.1277183918689846,0.3579714527919184,0.118371547460556,0.2615175082239488,0.2961353663402682,0.1164747822284698,0.3874879839970446,0.3839575609485038,0.0730030187964439,0.558776568616889,0.201658223885862,0.114771933555603,0.7155327950129415,0.0,0.0,0.0,38529813.40087076,656.8837005417543,0.1050411479401315,29262881.999645624,893.5008072703356,0.7945264487982381,0.0,0.0,0.0,0.0,0.0,0.0,2860.63,2600.0,5200.0,0.0,7826.68,16772.08,0.0,0.0,2875.2,0.0
48,Steel,6,3,1.032763384282589,0.1161066105365753,0.0119687058690116,0.3248840907192775,0.066288380920887,0.2222636298729813,0.1784142348385451,0.0552764990925788,0.3358157412477134,0.2692798283633438,0.0731434080004692,0.4253943249162586,0.4685919934083957,0.1256668812036514,0.5482008069444235,0.2085039601995716,0.0681380733847618,0.6552922052233926,0.3280494530764797,0.1025405532121658,0.8388421045608502,21501876.380597804,467.8708646471968,0.1502983352608455,18223132.28606102,255.5977158982637,0.6172952565634332,20396683.263123397,285.1706982364452,0.8940322048286007,0.0,0.0,0.0,3486.95,2600.0,5200.0,0.0,5780.79,18744.45,0.0,0.0,3514.84,0.0
49,Steel,1,4,1.4724559247493745,0.0808796207904815,0.0130810070495115,0.3089042488285778,0.1452462857961654,1.0013891984458378,0.0,0.0,0.0,0.0,0.0,0.0,0.0,0.0,0.0,0.0,0.0,0.0,0.0,0.0,0.0,13568698.71604435,97.19289120093504,0.4665770216960117,13670238.970224047,316.1642390552578,0.8448904533373298,14544876.583193967,522.4349283996119,1.0336625553598455,20716025.222933028,242.62916552214855,1.248326796649209,5119.47,2600.0,5200.0,0.0,6119.13,12984.23,0.0,0.0,5047.44,0.0
50,Steel,3,4,0.9093954890966416,0.1004770443439483,0.0067955657402992,0.4707795244643246,0.0709439358115196,0.2713234311381935,0.2167142929918438,0.1428732371330261,0.4700534036161495,0.323447855161258,0.0403828573226928,0.6362138332054496,0.0,0.0,0.0,0.0,0.0,0.0,0.0,0.0,0.0,9807149.261323042,303.7927969683611,0.1379370849341872,11694352.494533896,728.226056892613,0.362425469139112,9594960.317984588,697.079095053057,0.5481862313356849,8658525.476605851,1090.326999852972,0.7981670762400601,3913.67,2600.0,5200.0,0.0,6248.4,37172.14,0.0,0.0,3901.48,0.0
51,Steel,2,3,0.7548690527677536,0.0709361812472343,0.0177272410830494,0.3499520119813099,0.078037468791008,0.2662791828321383,0.3504097905327715,0.0822752305865287,0.6140517851210842,0.0,0.0,0.0,0.0,0.0,0.0,0.0,0.0,0.0,0.0,0.0,0.0,3939854.7935367194,612.8432208062844,0.1143673385804358,3787358.311766582,214.24308821153093,0.3046198902322973,4511719.541883536,758.2082137650516,0.6492659171642196,0.0,0.0,0.0,2600.68,2600.0,5200.0,0.0,4027.59,38652.48,0.0,0.0,2602.61,0.0
52,Steel,5,4,1.5964119374752046,0.0912573451995849,0.06,0.4157162866984292,0.0733828863501548,0.3976612681460335,0.3618598929519148,0.02,0.7600197217224622,0.3797205915149243,0.0570674338936805,0.8372044901973954,0.3425630799139776,0.1100195133686065,1.1960821123331822,0.4034479642190227,0.0839974042773246,1.340047668960182,0.0,0.0,0.0,18755293.09464893,221.52470338501848,0.1910892627142822,25490593.57613528,415.4805402374549,0.7359770860714839,23978547.831905607,570.6708383014089,0.983086634162161,26348084.91323683,1012.3651881815516,1.4279191955240405,4666.93,2600.0,5200.0,0.0,5346.12,11640.05,0.0,0.0,4659.72,0.0
53,Steel,4,3,1.097132620215416,0.0590255841612815,0.0031266229046133,0.3457243244831695,0.0724129277467727,0.1097232620215416,0.4121482686703745,0.0558899328112602,0.2187222161269962,0.4610643523114738,0.0945371520519256,0.5507902651148008,0.4494992142966546,0.0401072511076927,0.8375990039097743,0.0,0.0,0.0,0.0,0.0,0.0,159289827.70589402,647.1850669924363,0.1455557545095617,121930486.9864068,368.1366280609306,0.7815649424134681,184061450.0338479,315.3083051700473,0.987419357096742,0.0,0.0,0.0,5191.55,2600.0,5200.0,0.0,12343.97,18118.9,0.0,0.0,4972.12,0.0
54,Steel,5,3,1.3399929106235504,0.1005152502059936,0.0175371898271772,0.2930767124344819,0.1336956590414047,0.178900006641551,0.3238456710035688,0.1222817409038543,0.3985205229032491,0.2137915917533075,0.0658343747258186,0.5945403676657078,0.1859152084097366,0.0890496063232422,0.8261194861314314,0.4155486322789328,0.0657798594236374,0.9889991933630602,0.0,0.0,0.0,21892011.077454127,433.1524909653294,0.1968361594108174,25212683.169629894,863.5828157318596,1.0661532618677558,27426294.56496147,700.3574384324412,1.2059936182212023,0.0,0.0,0.0,3361.34,2600.0,5200.0,0.0,6566.64,14182.13,0.0,0.0,3334.01,0.0
55,Steel,1,3,0.9232213512063028,0.1206873190402984,0.0262164064671474,0.3353271492631784,0.0907495880126953,0.4146622581017966,0.0,0.0,0.0,0.0,0.0,0.0,0.0,0.0,0.0,0.0,0.0,0.0,0.0,0.0,0.0,6348890.640927217,679.9368693961386,0.1663538692695144,8126346.000881792,746.3566119570652,0.498149757864133,6856069.105778902,326.54743979303447,0.7356385878686873,0.0,0.0,0.0,3571.19,2600.0,5200.0,0.0,4471.89,31730.48,0.0,0.0,3574.33,0.0
56,Steel,5,4,1.124826301634312,0.0703033850193023,0.0394710546007951,0.3314312524165396,0.0896657598018646,0.1931331275395575,0.3503741221727561,0.087168144583702,0.3113099649901172,0.3246716216548186,0.1185010421276092,0.4591485065238157,0.4279251098891339,0.0988142108917236,0.7706474479777802,0.2655354652904783,0.0740468254685401,0.9140966340354172,0.0,0.0,0.0,50847442.38776427,509.5773691110629,0.1677452162469462,42397142.9873849,143.06729037610654,0.7238586455586413,55347266.40552909,679.1450526232358,0.8544635526378832,48741491.13251468,629.5816796317642,0.9812609089278098,4854.8,2600.0,5200.0,0.0,9143.13,15536.5,0.0,0.0,4785.8,0.0
57,Steel,2,2,1.6808632344007493,0.1171686471700668,0.0440524249583031,0.3005275254987724,0.0613608461618423,0.3616748646211875,0.3179176210291968,0.0524755182862281,0.9403938557693214,0.0,0.0,0.0,0.0,0.0,0.0,0.0,0.0,0.0,0.0,0.0,0.0,32786429.08185021,443.17565450411774,0.1680863251209381,35615021.335491866,324.12872835450787,1.3358689140006523,0.0,0.0,0.0,0.0,0.0,0.0,5074.95,2600.0,5200.0,0.0,7518.06,12367.87,0.0,0.0,5015.6,0.0
58,Steel,3,4,1.7920223563909532,0.0838440452814102,0.0144938716481966,0.222432994298545,0.0548237520456314,0.6931857934059122,0.1530990439954762,0.1206977713108062,0.9873497887843492,0.306256434933953,0.1313236021995544,1.5797588654247536,0.0,0.0,0.0,0.0,0.0,0.0,0.0,0.0,0.0,15263052.767825903,163.15011841981467,0.2892396322943317,18177219.618057333,364.2767851943507,0.9441453248305428,18613071.87949784,1021.5224605509518,1.169864408238988,18417905.29881868,335.84686098396566,1.6128201189598357,5006.81,2600.0,5200.0,0.0,6321.4,8513.85,0.0,0.0,4805.73,0.0
59,Steel,3,3,1.277043879032135,0.0552543634176254,0.0094099698067469,0.3319641852132696,0.15,0.4058617506727976,0.4173687319273942,0.0504047930240631,0.7098984785219777,0.4331083462289432,0.0740791177749633,0.9141377690390756,0.0,0.0,0.0,0.0,0.0,0.0,0.0,0.0,0.0,48187024.48886812,269.5530291409706,0.1888904934715233,40623306.00741588,515.8660873034796,0.7441362522145722,40785077.85025163,849.5086912975283,1.097097760777999,0.0,0.0,0.0,4233.24,2600.0,5200.0,0.0,6454.32,18462.97,0.0,0.0,4383.53,0.0
60,Steel,5,4,1.487078532576561,0.0822330977320671,0.0212908387554984,0.267163581997476,0.1049263018369674,0.3137079101648897,0.3515672981302592,0.1087390953302383,0.6678335025719218,0.31176809608263,0.1141879677772522,0.916278311043097,0.4629847747741281,0.091458089351654,1.1510615189730722,0.2223740654792243,0.093053953051567,1.3079411977890498,0.0,0.0,0.0,21588287.325044498,348.1192030231943,0.1590443547349969,22647676.432851832,162.0066526583107,0.4359853179582628,18877888.671499982,790.3121974187409,0.6974332595585451,17820486.6726795,425.250302039422,1.323270692843881,3147.69,2600.0,5200.0,0.0,6462.52,9500.73,0.0,0.0,3164.27,0.0
61,Steel,2,3,1.1531459778547286,0.0771665509939193,0.0170448340103981,0.2015516824407563,0.0832142955064773,0.39803327549765,0.3782721241305334,0.1120025438070297,0.8100145919657433,0.0,0.0,0.0,0.0,0.0,0.0,0.0,0.0,0.0,0.0,0.0,0.0,6683865.550241645,259.53519996446266,0.1327287786632049,6803041.000910571,452.6583283019591,0.3294394128642751,9168783.786661085,610.3700112762336,0.9697299134078754,0.0,0.0,0.0,2963.06,2600.0,5200.0,0.0,6977.9,19216.59,0.0,0.0,3010.47,0.0
62,Steel,2,3,1.5565917432308198,0.1144357515573501,0.0154125585149193,0.2684382995770918,0.1070215475559234,0.5532172062502545,0.2565133596791213,0.0555218857526779,0.8305231513609559,0.0,0.0,0.0,0.0,0.0,0.0,0.0,0.0,0.0,0.0,0.0,0.0,12991003.941300292,309.7538701234528,0.3227206005566538,11841100.964798886,462.7001726104362,0.918619357884008,13540599.23294007,609.157519551785,1.3137019119766105,0.0,0.0,0.0,3796.86,2600.0,5200.0,0.0,5261.97,11852.72,0.0,0.0,3777.3,0.0
63,Steel,3,2,0.8915557399392128,0.0877383855581283,0.0228791153231897,0.2597766719064918,0.1039690315723419,0.2647328642446558,0.2063906305427019,0.0979789888858795,0.4396158443397135,0.338372919646098,0.02,0.6352655028099987,0.0,0.0,0.0,0.0,0.0,0.0,0.0,0.0,0.0,13620527.525039336,112.26017930810256,0.113213931069042,13569234.633648556,620.0294039363646,0.7060920408135363,0.0,0.0,0.0,0.0,0.0,0.0,4302.65,2600.0,5200.0,0.0,7384.73,28916.63,0.0,0.0,4347.5,0.0
64,Steel,1,3,1.132252450287342,0.0702429022789001,0.0257018930433681,0.310543890652292,0.0518452584743499,1.017433821380757,0.0,0.0,0.0,0.0,0.0,0.0,0.0,0.0,0.0,0.0,0.0,0.0,0.0,0.0,0.0,13400067.459452774,305.077752530282,0.2014328935435607,11433748.161630508,332.41441278168395,0.4259664715239918,11225535.673387496,1099.9999999999995,0.8225492913320726,0.0,0.0,0.0,3349.29,2600.0,5200.0,0.0,11239.68,18848.7,0.0,0.0,3433.85,0.0
65,Steel,4,2,1.591697734594345,0.0952737766504287,0.0124069760911951,0.170836222515109,0.0562589755654335,0.3794998032130807,0.2361322333889349,0.0905974131822586,0.808007648424343,0.3182546674311882,0.0807990053296089,1.1213891214162892,0.2698695825557619,0.1122001874446868,1.347556654677466,0.0,0.0,0.0,0.0,0.0,0.0,37452419.14832284,322.78259548728363,0.2016419179564146,49494598.907062,180.3169765688208,1.4073559444394128,0.0,0.0,0.0,0.0,0.0,0.0,3901.37,2600.0,5200.0,0.0,8589.84,12540.61,0.0,0.0,3931.48,0.0
66,Steel,5,4,1.3712599009275437,0.0965847946405411,0.010866622364182,0.2556005489335511,0.1414665555953979,0.4949443728255597,0.1994003892694918,0.0307794924825429,0.5900001223045659,0.2937575811424037,0.1082729160785675,0.7136070887825557,0.4007718452444492,0.1141285824775695,0.9049733577179656,0.2206585883035048,0.0631609088182449,1.1502224816413025,0.0,0.0,0.0,8022062.441769514,237.0833326397542,0.17413993157551,9693932.106830744,340.83741338664896,0.6115674155214951,6612576.733497139,119.60066499875155,0.8403750715812899,10298640.010166433,368.7998845015358,1.2341339094635293,2951.92,2600.0,5200.0,0.0,4613.36,11943.48,0.0,0.0,2975.36,0.0
67,Steel,3,2,1.6332490354776383,0.0556548859477043,0.0190689475155842,0.3343182816318545,0.0891347634792328,0.3580715993213388,0.1595808352970753,0.0436329220235347,1.015668022621803,0.3192599117821335,0.0360962473601102,1.3274160440310323,0.0,0.0,0.0,0.0,0.0,0.0,0.0,0.0,0.0,27964724.166029524,692.0209563324833,0.2246495417246496,37059250.8506269,405.5408386492844,1.4699241302966253,0.0,0.0,0.0,0.0,0.0,0.0,2865.79,2600.0,5200.0,0.0,6456.06,13890.67,0.0,0.0,2844.85,0.0
68,Steel,4,4,1.3766480654478073,0.1065868929624557,0.0227047696479762,0.5927584867633554,0.0920231485366821,0.2109723398362469,0.2304592693384524,0.15,0.5600349306403891,0.5745120077559985,0.092874898314476,0.7056085940230117,0.4776980320490013,0.0214087226893752,1.1138268691486777,0.0,0.0,0.0,0.0,0.0,0.0,34762742.4659007,317.32010247445254,0.1475341540950281,30891003.82965217,455.39045216144336,0.3367199685945425,38009297.33208037,373.2236027446618,0.5358088938191015,37931442.90087116,462.8771312201952,1.175738362172118,4580.08,2600.0,5200.0,0.0,5947.86,11382.05,0.0,0.0,4549.16,0.0
69,Steel,2,2,0.997970886528492,0.0588921852707862,0.0139757193561973,0.341858896098224,0.1122927367687225,0.5779208978321211,0.1862251869149582,0.0728687277436256,0.8981637978756427,0.0,0.0,0.0,0.0,0.0,0.0,0.0,0.0,0.0,0.0,0.0,0.0,9612987.479990646,242.55281248202445,0.3624859973119862,10690882.996772666,524.0847250545336,0.8881627978756427,0.0,0.0,0.0,0.0,0.0,0.0,3527.2,2600.0,5200.0,0.0,6254.77,10068.42,0.0,0.0,3543.62,0.0
70,Steel,2,2,0.5151846356689931,0.0957193734645843,0.0173736830818748,0.3564003709204661,0.0978074425458908,0.1688212254516235,0.4148336050347045,0.1103221505880355,0.3212006782419065,0.0,0.0,0.0,0.0,0.0,0.0,0.0,0.0,0.0,0.0,0.0,0.0,11666793.72656885,97.19575678524512,0.1027978037308536,9891045.853039805,594.8433109993597,0.4318882897269495,0.0,0.0,0.0,0.0,0.0,0.0,2966.82,2600.0,5200.0,0.0,16398.53,103554.78,0.0,0.0,2966.43,0.0
71,Steel,1,3,1.544025754928589,0.100263314962387,0.0218311516613211,0.3887051958099698,0.1369344514608383,0.9272240651854062,0.0,0.0,0.0,0.0,0.0,0.0,0.0,0.0,0.0,0.0,0.0,0.0,0.0,0.0,0.0,36207318.596812055,381.2234503673601,0.1573046149660857,42754816.57388843,524.5306399814863,0.2012860916169294,36259769.74325141,722.5505723217215,1.1973730023607312,0.0,0.0,0.0,4370.5,2600.0,5200.0,0.0,9726.59,17201.15,0.0,0.0,4310.53,0.0
72,Steel,6,4,1.5046518176794053,0.0723006400465965,0.0358955329557415,0.176013627612692,0.0451153926551342,0.1504751817679405,0.2076360832341861,0.0727280092239379,0.3043985404544834,0.2627156114733688,0.0781898644566536,0.3894365229757111,0.2822557543053939,0.068169974386692,0.7309441523054228,0.1972077436217569,0.1035044407844543,0.9901538357397648,0.2547224170263979,0.1211890715360641,1.2914055929294717,11957346.758183232,271.1303845019588,0.164589890801831,9774282.3730842,1099.9999999999995,0.7956459162022499,11443130.242785163,720.8572684131485,1.091465415260496,8300296.775610207,299.1093204550363,1.354186634406813,3815.28,2600.0,5200.0,0.0,4758.52,8051.29,0.0,0.0,3940.73,0.0
73,Steel,5,3,1.0804662942886352,0.0371453963220119,0.0198154292899477,0.1472174091653301,0.0771660336852073,0.2066655204008199,0.2834602875731451,0.0488833546638488,0.3289522109727283,0.361755447441392,0.0710139831900596,0.5189730012826252,0.2181011398923998,0.0544368216395378,0.6129187166871156,0.1117155420265548,0.11561567902565,0.8480144873069929,0.0,0.0,0.0,70249076.0565399,532.2308508827703,0.1217048658032943,61111499.56571932,603.0839835793892,0.3103735059213503,64901619.25844297,119.43772818723896,0.9458506051480132,0.0,0.0,0.0,2719.74,2600.0,5200.0,0.0,12108.72,16144.34,0.0,0.0,2889.95,0.0
74,Steel,3,3,1.3069976806640626,0.0832746729850769,0.0312922436734777,0.2297549050773937,0.0514240308105945,0.2181913720024369,0.2556221254059317,0.1020294320583343,0.5100314494394644,0.2999328752970334,0.1005630320310592,0.945943833946074,0.0,0.0,0.0,0.0,0.0,0.0,0.0,0.0,0.0,20662074.7156338,431.166157887546,0.1395628714082825,22370305.1370471,194.19752321393383,0.4252064078548629,22113624.31911224,855.7414206260722,1.1228096477181309,0.0,0.0,0.0,5190.17,2600.0,5200.0,0.0,8423.66,14682.45,0.0,0.0,5094.39,0.0
75,Steel,1,3,0.2595863741356879,0.062653473675251,0.0263106092108798,0.3718587007739572,0.101952868103981,0.0781970974597252,0.0,0.0,0.0,0.0,0.0,0.0,0.0,0.0,0.0,0.0,0.0,0.0,0.0,0.0,0.0,3272733.9248269903,162.36218159140677,0.0307059328175148,3066122.531077416,332.81871500301526,0.1047341043744246,4436714.581806096,313.4249069876722,0.2014585439435163,0.0,0.0,0.0,3032.93,2600.0,5200.0,0.0,85175.47,348384.38,0.0,0.0,3045.51,0.0
76,Steel,6,2,1.169546777009964,0.1079660280942917,0.0297937108870432,0.1752868971898068,0.1357836753129959,0.1663863817567732,0.3388616911070439,0.0539707314968109,0.3817025008787619,0.338214448819906,0.077472618818283,0.4745972681576662,0.3998268376624541,0.0629625871777534,0.6898614505857993,0.3112107724941947,0.0371394641697406,0.8291984055157315,0.2482478818574643,0.0661148780584335,0.8847402302642946,29722846.97098049,449.963255655448,0.1352802674936203,23846328.258154985,745.0695675023246,0.9373682787243048,0.0,0.0,0.0,0.0,0.0,0.0,3662.1,2600.0,5200.0,0.0,6583.33,17304.42,0.0,0.0,3658.57,0.0
77,Steel,5,2,1.3501433551311492,0.0967995142936706,0.0426039356357127,0.3585630652254039,0.0916767781972885,0.1946667863813498,0.2853480275711836,0.0546242681145668,0.5413316684575613,0.2967117659761101,0.0894638079404831,0.7072425993024254,0.4637466689479572,0.0360898576676845,0.7747014754948339,0.19515747629916,0.1046924877166748,0.9963252960234228,0.0,0.0,0.0,47699509.3602514,1044.4136773868345,0.174987660311057,46035149.446596354,417.3940548171624,1.215129018267891,0.0,0.0,0.0,0.0,0.0,0.0,3782.19,2600.0,5200.0,0.0,7806.93,17540.31,0.0,0.0,3792.52,0.0
78,Steel,5,2,0.9410289570689202,0.0851872259378433,0.0059167834912617,0.3722705050488675,0.1145794659852981,0.1529609428070958,0.3263495316971518,0.0740623149275779,0.3724537290978609,0.3126483604842562,0.0744402918219566,0.5211781351170204,0.2196844574412313,0.1249450987577438,0.6666936662965668,0.3566378148746373,0.02,0.7969924347080138,0.0,0.0,0.0,13582085.722699838,584.6680815880718,0.1133339956940437,12324599.594974296,225.43296491706852,0.8469260604209993,0.0,0.0,0.0,0.0,0.0,0.0,2690.43,2600.0,5200.0,0.0,4769.77,17448.09,0.0,0.0,2680.04,0.0
79,Steel,2,2,1.456397730112076,0.1137937508821487,0.0125808276776488,0.2703129610040463,0.0630123990774154,0.766156093656134,0.2896096358276188,0.0452654986083507,1.016813014057689,0.0,0.0,0.0,0.0,0.0,0.0,0.0,0.0,0.0,0.0,0.0,0.0,25065279.717084173,945.1781675067268,0.4033531855823919,31055027.56453238,410.93346537474383,1.3067273791218166,0.0,0.0,0.0,0.0,0.0,0.0,4945.43,2600.0,5200.0,0.0,6707.28,14900.22,0.0,0.0,4990.52,0.0
80,Steel,2,3,1.4165523946285248,0.0850618550181389,0.0221163006150202,0.3217763236347439,0.0595923087000846,0.4244299565325476,0.4739513520872786,0.0840273603796959,1.134707051978897,0.0,0.0,0.0,0.0,0.0,0.0,0.0,0.0,0.0,0.0,0.0,0.0,10515882.01863732,794.1344617643563,0.202980397940249,11180608.407565214,570.3575803809717,0.8950727804983369,12416663.05613042,173.70996439378953,1.2530862907246407,0.0,0.0,0.0,3594.86,2600.0,5200.0,0.0,4801.18,15594.4,0.0,0.0,3635.62,0.0
81,Steel,5,4,1.2024844467639924,0.0922568846940994,0.0385672803396943,0.2845063111376693,0.0745189478993415,0.1537002281387491,0.301336085096095,0.075998044013977,0.3535966982582741,0.2867174954359509,0.0758676233887672,0.5302384400543885,0.5009223177184463,0.0734525540471077,0.7364752617249081,0.3190022890708761,0.0919461351633072,0.9978574250441392,0.0,0.0,0.0,26572448.388696358,247.09680036727343,0.175525854823579,20905775.367290705,101.2197226526528,0.8433024068092384,21761283.646551404,694.3040359018266,0.8568257831751828,22314113.175774917,435.7434711211861,1.051983026609514,4353.21,2600.0,5200.0,0.0,6591.92,11868.5,0.0,0.0,4398.74,0.0
82,Steel,4,3,1.1271009221673012,0.0865442661643028,0.0202782022065194,0.2800182656583965,0.0506856101751327,0.2367368718778297,0.300132612961083,0.0267658450081944,0.2895780147353772,0.3631578556748662,0.0932659316062927,0.5362384774830098,0.3729246765556325,0.0792386224865913,0.8813937183408913,0.0,0.0,0.0,0.0,0.0,0.0,6785749.550999773,173.97700031429997,0.1356790237794775,9672716.414672738,280.4253792129741,0.3824666907082986,7986067.650336031,215.66279842729708,0.9134804575326716,0.0,0.0,0.0,2759.81,2600.0,5200.0,0.0,4309.77,14412.52,0.0,0.0,2769.04,0.0
83,Steel,6,4,1.123505559563637,0.1033286032676696,0.0122611891994011,0.2318891124986389,0.1026445627212524,0.1754223565862396,0.4253169705235298,0.1017336755990982,0.3728956643524834,0.5165640480523622,0.1134166795015335,0.4880551792503331,0.2947081880471717,0.0651773822307586,0.6823936549534674,0.212379833366475,0.0673990347981453,0.7851229104851407,0.2170869063062473,0.0852948188781738,0.9851573936337018,23222568.979140814,317.10531467203685,0.124060368370116,28739080.56209779,880.8780286542415,0.5676201743177007,30671083.80433111,870.1541838429368,0.7095696227111844,26158960.259926192,198.82402367316445,1.007169071652988,3893.79,2600.0,5200.0,0.0,8071.48,15354.62,0.0,0.0,3927.55,0.0
84,Steel,6,3,1.415739494562149,0.0972398465871811,0.0117485890930107,0.34069095763063,0.1042672055959701,0.2076064088209638,0.2229468435030352,0.0612551707029342,0.3947864766459558,0.2830313232890201,0.0889394831657409,0.4989030838814045,0.246113894128795,0.0572918567061424,0.7227874496620309,0.2234419497271589,0.1039430350065231,0.8841579896487309,0.1879630233950646,0.0648544824123382,1.06416682039145,24327310.642998148,82.3972845909292,0.1415739508719544,31396153.023686096,487.0398949063559,0.4206960034673478,20555772.73672881,641.5016565297725,1.200752904288347,0.0,0.0,0.0,4466.81,2600.0,5200.0,0.0,6060.99,11692.26,0.0,0.0,4601.45,0.0
85,Steel,6,3,1.5958745986223222,0.0481153539121151,0.0160047961305202,0.1856330076075652,0.1288957864046097,0.2604894346975322,0.2313089703293918,0.0707705724239349,0.4989387393425327,0.2946889557192281,0.1183535474538803,0.62265937027358,0.1746028509503149,0.0641985669732093,0.8821915775448566,0.2588275476037229,0.15,1.0155712320606016,0.1811222830239123,0.0539809828996658,1.232477745197854,81328616.0585262,223.7001574544072,0.2416284770632921,140621011.0259726,664.230981439027,1.0556586482946742,79162681.4540223,693.7765749221272,1.3932341533203876,0.0,0.0,0.0,2734.34,2600.0,5200.0,0.0,8340.41,13490.61,0.0,0.0,2721.12,0.0
86,Steel,5,3,1.2070030331611634,0.0652828816771507,0.0080776653541147,0.4035257489912034,0.0520600846409797,0.1682091340978078,0.553119352206126,0.111131197810173,0.2943415874806588,0.2548446320005597,0.0441443705558776,0.3871726888902017,0.2340553013558304,0.0263099379837512,0.6740854364926876,0.3514599319594333,0.0978863543272018,0.9811887581759916,0.0,0.0,0.0,28432465.05968604,560.8901819692925,0.1399481308877293,25834084.632302515,185.758807281224,0.72587393846943,26645290.538090408,937.4663616694291,1.0692839565355363,0.0,0.0,0.0,3135.86,2600.0,5200.0,0.0,6696.09,23349.88,0.0,0.0,3146.28,0.0
87,Steel,1,4,1.1645755380392075,0.0753077562451362,0.0163895538764793,0.2490543836858202,0.1033464699983596,0.5791008689926462,0.0,0.0,0.0,0.0,0.0,0.0,0.0,0.0,0.0,0.0,0.0,0.0,0.0,0.0,0.0,5904790.317527672,421.54670396752056,0.2172454473605032,5891017.896836103,632.4994426303175,0.7309541700291583,7764425.251028002,467.5025982770192,0.8500154238452897,6749301.084625317,210.0194000549142,1.001450068750164,4469.62,2600.0,5200.0,0.0,8126.26,13021.1,0.0,0.0,4484.72,0.0
88,Steel,2,4,1.3583192199468612,0.1265192568302154,0.0115908789566461,0.3512222834345031,0.0902051556110382,0.3063376680863049,0.2244712897502024,0.141472607254982,0.6650834961589309,0.0,0.0,0.0,0.0,0.0,0.0,0.0,0.0,0.0,0.0,0.0,0.0,16351408.022777464,396.3428730490388,0.1878238572951165,20454020.689065225,214.6432298991916,0.5737131681197142,21202999.03353865,1099.9999999999995,0.6257457813210847,19445475.013282217,515.9035345031305,1.061395776710564,4688.96,2600.0,5200.0,0.0,5672.4,17422.97,0.0,0.0,4612.12,0.0
89,Steel,5,4,1.5512850672006608,0.0934429761171341,0.0134674159720323,0.2015613279084549,0.0723895424604415,0.294530577765063,0.2490613182841587,0.101992517709732,0.5676894523837336,0.2596693392128721,0.087631898522377,0.9520048289901324,0.2648130315820541,0.1051211714744567,1.1902139654194157,0.245423753804323,0.0892014867067337,1.311513303915106,0.0,0.0,0.0,9123204.898337452,415.5230500137199,0.1766454187586355,8794547.79470909,509.3643122716831,0.4806630769014922,9797378.519910442,943.3115468000076,0.6315331334873471,8233448.706041705,1007.9053258162896,1.3766743865989672,2948.64,2600.0,5200.0,0.0,4963.67,9463.8,0.0,0.0,2808.27,0.0
90,Steel,3,3,1.2437392354011536,0.0912282041311264,0.0309445898442584,0.3192549843738699,0.1422565025091171,0.1494267039739938,0.1847453377698455,0.1037634223699569,0.3054625459683512,0.2723399191701813,0.0945067852735519,0.7381054607874867,0.0,0.0,0.0,0.0,0.0,0.0,0.0,0.0,0.0,30504536.686708987,368.3449955635347,0.2070827659117122,33854965.9376987,360.36828355248775,0.4958243823664593,31747177.27957008,728.4536292677559,0.93979571939869,0.0,0.0,0.0,5046.12,2600.0,5200.0,0.0,7800.08,13879.02,0.0,0.0,4845.99,0.0
91,Steel,6,4,1.556648200750351,0.0913601726293563,0.0412307263846058,0.3551436835289696,0.0626798948645591,0.1792088684154508,0.4109427122113496,0.0965106904506683,0.4458899942669593,0.2412082446819761,0.02,0.7202668971493971,0.1970947621523575,0.0740634965896606,0.9289918889211332,0.469663285796056,0.0872395169734955,1.109831487169322,0.3203358989904329,0.0656411129236221,1.22544850922988,18009081.71533006,144.34351831503588,0.1556648216316833,23342883.3617566,154.9075832254272,0.4031907805318886,19041194.3449207,1012.5872131284144,0.7749289378677084,14423834.870826509,1099.9999999999995,1.3892030009624494,3478.81,2600.0,5200.0,0.0,5154.15,12240.75,0.0,0.0,3403.62,0.0
92,Steel,2,3,0.8316569030284882,0.0479279873371124,0.0055386246757457,0.2758413159444514,0.0672576808929443,0.0831756903028488,0.1839370350382896,0.0846284079551696,0.3286611094474622,0.0,0.0,0.0,0.0,0.0,0.0,0.0,0.0,0.0,0.0,0.0,0.0,9142214.378590316,340.63078316019687,0.1363991208842569,7734888.861294045,447.2808204848135,0.3480888447027147,7516198.045685567,239.32358443895768,0.6378010346721813,0.0,0.0,0.0,4445.43,2600.0,5200.0,0.0,9403.07,13015.67,0.0,0.0,4433.34,0.0
93,Steel,3,2,1.0352105751633645,0.0943038014173507,0.0075033854627114,0.2034198795935279,0.0656500896811485,0.2609840410339693,0.3483955764162516,0.1078671216964721,0.4614243091404167,0.2957564876330633,0.1140723586082458,0.7341514451834145,0.0,0.0,0.0,0.0,0.0,0.0,0.0,0.0,0.0,9308091.061043078,391.7398280322573,0.1565725905826444,9210083.829318238,313.35009445295583,0.9316895166118174,0.0,0.0,0.0,0.0,0.0,0.0,2630.42,2600.0,5200.0,0.0,5478.57,19527.22,0.0,0.0,2663.47,0.0
94,Steel,6,4,1.529230135679245,0.1254442789554596,0.0345464086427688,0.2564787730298798,0.0733643516898155,0.1661704223703632,0.3175553857010805,0.02,0.2962370773142687,0.292511548569148,0.0857172495126724,0.4989683046598658,0.1992413871516585,0.0760374417901039,0.6268382712928411,0.2441590184609604,0.1332840919494629,0.887538709444261,0.3782111359232852,0.026722450889647,1.300802927241933,22972296.752053022,913.8337457100612,0.1824157913923061,22742346.336560883,534.4166625529706,0.8152178807328085,17540368.293069232,434.7340633861816,1.0887187100692075,19684036.52785144,724.7507041567178,1.3574557857353498,4320.49,2600.0,5200.0,0.0,5885.96,12560.65,0.0,0.0,4390.6,0.0
95,Steel,2,3,1.125769428908825,0.0733011952042579,0.0043244664365474,0.336925025077907,0.082884557545185,0.3563510265827657,0.4678978904188448,0.064984472990036,0.7916475132945617,0.0,0.0,0.0,0.0,0.0,0.0,0.0,0.0,0.0,0.0,0.0,0.0,4754540.147385017,162.75712282771875,0.2661663321360876,4743569.9100341005,132.88037004126875,0.6453778352658601,4614937.967838638,390.5265127163162,0.94842067547468,0.0,0.0,0.0,2684.23,2600.0,5200.0,0.0,3334.86,20454.61,0.0,0.0,2641.15,0.0
96,Steel,3,3,1.0713847935199738,0.0900178552865982,0.0212698453135867,0.2004360920390733,0.1287174445390701,0.2342537123513668,0.3860039382604333,0.0555453214049339,0.4875751423064706,0.2342769408974523,0.0663572117686271,0.7269474130634698,0.0,0.0,0.0,0.0,0.0,0.0,0.0,0.0,0.0,16372441.791824711,600.0845384752018,0.1218322884232414,14940013.74275474,389.5608378425645,0.3260112003248981,15300450.017644225,312.9426709483119,0.8268546191489243,0.0,0.0,0.0,4849.55,2600.0,5200.0,0.0,7384.06,17475.84,0.0,0.0,4862.05,0.0
97,Steel,5,2,0.6192983113229276,0.0780328651070594,0.0369535900936457,0.2202193949443171,0.045544126778841,0.0817484195967951,0.251013182947935,0.0881911307573318,0.1595131748795167,0.3896264721085313,0.1255912083387375,0.3104407877757952,0.2099233969194863,0.0477539433538913,0.4344290792428961,0.4996359532151684,0.0471525122225284,0.5124139841987391,0.0,0.0,0.0,11254454.39335304,408.6072306590812,0.1056290799682676,11638896.33701334,520.5701998948,0.5573684795713365,0.0,0.0,0.0,0.0,0.0,0.0,2738.89,2600.0,5200.0,0.0,6264.67,25845.65,0.0,0.0,2724.51,0.0
98,Steel,2,3,1.4902723520994188,0.1006808286905288,0.0161088403317997,0.1699612145837896,0.056298214495182,0.3441460848168974,0.3314224785833947,0.15,0.9248591540784304,0.0,0.0,0.0,0.0,0.0,0.0,0.0,0.0,0.0,0.0,0.0,0.0,22282136.21677532,455.846350034749,0.1969216592614921,18828101.887775674,325.5793351876893,0.6472356941011395,23510139.571461253,315.9546278987575,1.2160782432277268,0.0,0.0,0.0,4777.69,2600.0,5200.0,0.0,7759.02,12394.29,0.0,0.0,4772.59,0.0
99,Steel,5,2,1.32517369389534,0.0672390404343605,0.0537912323474884,0.135700690827852,0.0827516689896583,0.3419590817683452,0.4151079812250903,0.0690909734368324,0.5874070752791487,0.2435921210675332,0.02,0.7474628341480718,0.2444843032917997,0.0770208790898323,0.9708637613193732,0.1903698620698843,0.0771561852097511,1.1164572966628747,0.0,0.0,0.0,32450670.162043314,1099.9999999999995,0.244518767222261,29849723.73226428,513.8669624441958,1.1398590895584553,0.0,0.0,0.0,0.0,0.0,0.0,2754.11,2600.0,5200.0,0.0,8829.71,16524.18,0.0,0.0,2724.54,0.0
100,Steel,6,4,1.4519926100969316,0.0901875641345977,0.0041201186828312,0.3071688572959898,0.1124730467796325,0.1975147143653471,0.3093269651142176,0.1398754340410232,0.3687870240659956,0.3121674914016762,0.0924628663063049,0.5386064460377639,0.2518145729162278,0.0631754800677299,0.6918735196836175,0.4197215451183875,0.1116124790906906,0.914388403111497,0.4415731045274501,0.0718816292285919,1.1611120832655255,28075911.61877156,123.29183988056198,0.1534536793067459,22442435.787415463,313.1286275180656,0.6088627448856885,25228472.260629788,361.4760555639981,0.6800784100336255,27330169.85401268,329.6459947660672,1.2791323248832898,4077.07,2600.0,5200.0,0.0,4870.73,10535.84,0.0,0.0,4066.17,0.0
101,Steel,6,3,1.2321522116661072,0.0997271548509597,0.0260990392392306,0.3203118310487872,0.0996396386623382,0.2489383187613729,0.1998845602708336,0.0691073501110076,0.3626764327341482,0.4264437359368406,0.0644577577710151,0.4734601151492642,0.2358166658155774,0.0931980925798416,0.6132935179729141,0.2400267451467917,0.1048170387744903,0.7616836291121223,0.4307121294431297,0.0937001246213913,0.9791323059646988,10415023.830715582,415.6159216913614,0.1714969272409994,11349978.767619872,330.97950801779183,0.7718977841594405,14648683.163732704,759.6877105392139,1.0768708655877934,0.0,0.0,0.0,2698.16,2600.0,5200.0,0.0,3937.43,14345.19,0.0,0.0,2667.19,0.0
102,Steel,5,3,0.9894610732793808,0.0967024676799774,0.013390176683316,0.1607943313700714,0.1060671597719192,0.1505312666448965,0.3104638665592951,0.0895443314313888,0.3190483525422166,0.317034515408257,0.0835071384906768,0.5006183709893731,0.2907295218068597,0.0585821968317031,0.6776538336555333,0.4371999227629408,0.1011341428756713,0.803119404740225,0.0,0.0,0.0,24206166.807509314,357.42759309562825,0.1131037084641551,21477909.218000773,579.4616941645007,0.4770928326064371,22959595.177906808,464.6430962977516,0.8488729732060497,0.0,0.0,0.0,3937.39,2600.0,5200.0,0.0,6431.95,22087.09,0.0,0.0,3948.6,0.0
103,Steel,1,3,0.5230068691074848,0.0591670533418655,0.0130398475970488,0.2528948229117176,0.0917022168636322,0.3228067564210443,0.0,0.0,0.0,0.0,0.0,0.0,0.0,0.0,0.0,0.0,0.0,0.0,0.0,0.0,0.0,2056947.2854647096,207.57458284699885,0.0611799810978087,1658402.3248540678,287.72179156446686,0.1896045276677425,1838847.394884455,1099.9999999999995,0.4415096352187283,0.0,0.0,0.0,2866.62,2600.0,5200.0,0.0,10335.83,57799.58,0.0,0.0,2867.03,0.0
104,Steel,5,2,1.6246599942445756,0.0995200865268707,0.0217358986028108,0.2433078558704812,0.0952890300750732,0.3048408874583243,0.224290976357845,0.0927119219303131,0.6385927027450448,0.3485443988851418,0.0773421981930732,0.7505147160739863,0.2242388436600127,0.0969578856229782,0.9438374811943612,0.3569909821389544,0.1187968373298645,1.3504786611457265,0.0,0.0,0.0,33312658.214062408,504.60944350916617,0.231109463318012,36610697.899323694,550.2171666521606,1.4410097026055655,0.0,0.0,0.0,0.0,0.0,0.0,3155.38,2600.0,5200.0,0.0,6173.65,9401.22,0.0,0.0,3173.93,0.0
105,Steel,1,2,1.238032725453377,0.0898587347269058,0.03762140548613,0.2924829512433907,0.0624088796973228,0.2658136533560866,0.0,0.0,0.0,0.0,0.0,0.0,0.0,0.0,0.0,0.0,0.0,0.0,0.0,0.0,0.0,11741660.1252108,485.1232721094474,0.1301657765229674,13125921.894641204,223.3029136618858,0.782859294193481,0.0,0.0,0.0,0.0,0.0,0.0,4876.12,2600.0,5200.0,0.0,5182.09,20275.95,0.0,0.0,4864.43,0.0
106,Steel,3,4,1.1519523203372954,0.1047935111522674,0.0159090296795596,0.1863797879100981,0.1427703899145126,0.3986073992409133,0.4236168263307179,0.099530639052391,0.8568683811496433,0.3471090210521682,0.0816686969995498,1.036747088303566,0.0,0.0,0.0,0.0,0.0,0.0,0.0,0.0,0.0,12628194.166645613,277.7015866796225,0.150325348083869,14809011.282322608,205.36989217779333,0.5092140365999396,13685779.03235148,660.56650640952,0.5576761270736765,12686207.393501917,856.7879375737666,1.02364560469591,3148.05,2600.0,5200.0,0.0,6487.12,20254.36,0.0,0.0,3100.07,0.0
108,Steel,3,3,0.7436673074960709,0.0912715137004852,0.0264704166981608,0.2269787275456095,0.1135249197483062,0.1390682363551573,0.3704056740346039,0.1007756304740905,0.2966226888488542,0.2712151814867576,0.0478783084452152,0.4663891579032291,0.0,0.0,0.0,0.0,0.0,0.0,0.0,0.0,0.0,10667688.24483258,415.3500299477324,0.1718877853176207,9302767.97216202,254.42492766217367,0.4475932254829456,8895658.944482103,301.6371475244597,0.6348072728985479,0.0,0.0,0.0,3312.38,2600.0,5200.0,0.0,7313.88,32177.93,0.0,0.0,3258.23,0.0
109,Steel,3,4,1.4160511136054994,0.1288594547510147,0.0209001899610304,0.2054207858534916,0.0643413349986076,0.1416151113605499,0.3802394639928241,0.1275360304117202,0.6151034359528591,0.2543119799572427,0.063165399134159,1.142561638708956,0.0,0.0,0.0,0.0,0.0,0.0,0.0,0.0,0.0,28091168.66793472,957.681959337213,0.1832064991380997,27871608.190804407,455.4891971112519,1.0689168019164552,27309668.41054932,450.3538267719968,1.1167723155064655,25476799.68111852,93.90328161282817,1.2477113878455908,4437.57,2600.0,5200.0,0.0,8678.32,14323.77,0.0,0.0,4508.56,0.0
110,Steel,5,3,1.446980792284012,0.0758238950967788,0.0281444364257394,0.3889046336878842,0.1237761908769607,0.3023579502801549,0.3972904395277788,0.1170981496572494,0.5232359068437811,0.2629055114148665,0.02,0.825011049173206,0.2444946146326933,0.0894708669185638,0.9588603710429442,0.1963898544208461,0.1316991150379181,1.0812496668884315,0.0,0.0,0.0,69135410.00027567,419.04812304934615,0.1541883752044211,59363821.27692128,674.5901749693235,0.2636903190689527,63970120.8605745,415.13626847120594,1.2222110265275732,0.0,0.0,0.0,3458.11,2600.0,5200.0,0.0,8559.56,15578.21,0.0,0.0,3327.28,0.0
111,Steel,4,2,0.4024170119315385,0.1322982447147369,0.035129049576592,0.2446603398877639,0.0688004240393638,0.0530703908579521,0.3574984336045887,0.0896154171228408,0.1528856930381187,0.2550571081994549,0.0804696702957153,0.2525132566695254,0.3726721450535445,0.0832500514388084,0.3410640185912806,0.0,0.0,0.0,0.0,0.0,0.0,20442720.24937072,597.638223522719,0.0701985232528992,16617806.9478053,406.3564821180456,0.3101722912210978,0.0,0.0,0.0,0.0,0.0,0.0,3428.02,2600.0,5200.0,0.0,6528.07,125282.85,0.0,0.0,3457.22,0.0
113,Steel,6,4,1.3022823750972747,0.1013225839138031,0.0311618382196215,0.4065433552239714,0.0725760203599929,0.1526156292598041,0.4656348653745142,0.1149457812309265,0.4125048952937996,0.3745124574944391,0.1153193259239196,0.5536802720094386,0.2896414457812822,0.0455102576315403,0.7242362720936488,0.2806010132202515,0.1096099919080734,0.8805944435860202,0.283256906121596,0.09367112159729,1.0474838284565111,32493149.757793374,520.7461736664616,0.1644848272199592,34128823.16501978,864.3138035440093,0.5784839782844344,38083812.7141294,603.8987136768008,0.8155606602041378,26166282.43025365,520.5054398561916,1.1694071558440062,4201.5,2600.0,5200.0,0.0,6579.34,12085.33,0.0,0.0,4273.64,0.0
114,Steel,5,2,0.926068651676178,0.1213301745653152,0.0238972203016446,0.4674044291224779,0.0562552794814109,0.1375140563520493,0.1850844975985797,0.1405591785907745,0.3345479891917948,0.4062287251654844,0.0390124605596065,0.4899521129884205,0.2337173943809259,0.1068478238582611,0.5702816060992857,0.249946485707507,0.1411091589927673,0.7662847657494279,0.0,0.0,0.0,13242174.232094986,341.8480870666433,0.1478693399245674,11605390.768019415,312.7166064597544,0.8334617855824915,0.0,0.0,0.0,0.0,0.0,0.0,2636.74,2600.0,5200.0,0.0,3858.41,27681.77,0.0,0.0,2647.77,0.0
115,Steel,2,3,0.5802565306425095,0.018,0.0108165585752054,0.174202717369944,0.111596114039421,0.1178049464933794,0.1975970894054148,0.0709824618697166,0.3755254349908705,0.0,0.0,0.0,0.0,0.0,0.0,0.0,0.0,0.0,0.0,0.0,0.0,16673592.817584185,643.7640026643382,0.0627042159855329,23250220.33464167,470.9606849530687,0.3543199523134385,20149497.004969317,628.7839302500277,0.4924714318327628,0.0,0.0,0.0,4942.42,2600.0,5200.0,0.0,7667.59,55785.51,0.0,0.0,4826.11,0.0
116,Steel,3,3,1.4601575583219528,0.0411986773014068,0.0148921311039076,0.3466383168348387,0.0856513941287994,0.4075680055308349,0.2182661541477926,0.0897915738821029,0.7978887186212862,0.2437002458857088,0.0526186659932136,1.1517425478642562,0.0,0.0,0.0,0.0,0.0,0.0,0.0,0.0,0.0,28811412.440046523,732.08564462146,0.1749974116680269,26492719.637586944,408.3806000422013,0.4696984231635809,27143428.642816883,281.3574589247799,1.187239389875245,0.0,0.0,0.0,4301.64,2600.0,5200.0,0.0,6916.31,9468.44,0.0,0.0,3941.04,0.0
117,Steel,1,3,0.9450682058930396,0.0293394939303398,0.0234715951442718,0.4226621649438081,0.0772006040811538,0.6829093568450344,0.0,0.0,0.0,0.0,0.0,0.0,0.0,0.0,0.0,0.0,0.0,0.0,0.0,0.0,0.0,8222257.334932699,678.7079810336828,0.1498653408488226,9381482.423652751,1042.2855453160932,0.3564904592469142,7853959.828644597,468.9673981713681,0.7457219686828104,0.0,0.0,0.0,2702.59,2600.0,5200.0,0.0,25645.4,27558.86,0.0,0.0,2712.71,0.0
118,Steel,5,3,1.3455422878265382,0.0953975690603256,0.0165293080249745,0.3232786456046954,0.0870080041885376,0.2336532499090136,0.2834603778429228,0.101157551407814,0.4165629883571456,0.2981732571525637,0.0873071312904358,0.5180657615087917,0.1850077017525156,0.0946991443634033,0.7218667999557995,0.2163428681530805,0.0404744690656662,1.0191816305004546,0.0,0.0,0.0,25266153.60184362,426.1211733372117,0.1408170793725788,28028509.897283103,375.325727066963,0.5796921496758132,26593530.200326677,415.58852515939697,1.1601036887832472,0.0,0.0,0.0,4727.81,2600.0,5200.0,0.0,7947.01,13714.45,0.0,0.0,4785.23,0.0
119,Steel,6,4,1.253909197449684,0.0660788103342056,0.0101739362759062,0.3475398117149038,0.0541562873125076,0.218481222752588,0.2477893437446507,0.0767437928915023,0.3542564901526855,0.3178888676907305,0.0568038496375084,0.4983739628024585,0.3459050858647405,0.1197321712970733,0.7617293824041137,0.3983132406932374,0.1232762664556503,0.9062807851417108,0.4673736670410428,0.1010779732465744,1.1285082777047155,17358610.551963083,512.9774109310857,0.1284246098604148,20615006.414811924,305.4020798692114,0.5776787658249615,17707619.3387556,617.2673559874127,0.7897212791158105,17653225.157757256,280.2619409331673,1.0976858742166675,3106.9,2600.0,5200.0,0.0,4928.96,7916.39,0.0,0.0,3071.83,0.0
120,Steel,5,2,0.8556125342845917,0.0476918414235115,0.0063045470849824,0.3466233700593401,0.0615771096944808,0.1379387810775423,0.284357405089142,0.1406728583574295,0.2953860222966412,0.264754203443609,0.02,0.3993037763037143,0.2828925463875363,0.1049412024021148,0.540807083257372,0.2163893197779208,0.0693316024541854,0.7191547006722232,0.0,0.0,0.0,63167033.87748301,833.6540899732016,0.103119288717391,63225710.00226538,416.1690683417289,0.7510637334775477,0.0,0.0,0.0,0.0,0.0,0.0,2954.25,2600.0,5200.0,0.0,9364.14,16832.94,0.0,0.0,2940.92,0.0
121,Steel,6,2,1.5066849499940873,0.1037570946216583,0.012037382860288,0.3452339186995068,0.0856044143438339,0.2724977454661392,0.2795239690350023,0.1494872593879699,0.4543969066938278,0.2951615877811542,0.0978186780214309,0.7902821807396399,0.3766946093141357,0.112921512722969,1.0939632429793884,0.5372610925899616,0.1128916418552398,1.2293428342411294,0.1969877286800905,0.0260418154671788,1.3026299321800707,86693106.43406402,303.0027394033165,0.170999695519691,88234067.50035885,468.0237629654492,1.3560164534879935,0.0,0.0,0.0,0.0,0.0,0.0,3205.74,2600.0,5200.0,0.0,7213.46,17192.71,0.0,0.0,3347.24,0.0
122,Steel,1,4,1.2282829970121385,0.0921973668336868,0.0228818733195517,0.5929345384760865,0.0936365938186645,0.6329150891372803,0.0,0.0,0.0,0.0,0.0,0.0,0.0,0.0,0.0,0.0,0.0,0.0,0.0,0.0,0.0,4653367.377690986,180.73653208806232,0.2445746299530142,4932169.556083804,353.8361265541866,0.4738298011772351,4129493.281780976,441.5754858163343,0.5375739316827546,7274605.846340954,548.1211572080671,0.9770598210261128,2607.18,2600.0,5200.0,0.0,5784.34,12011.55,0.0,0.0,2628.25,0.0
124,Steel,2,4,1.247801861166954,0.0878598715662956,0.0220864348685695,0.2861478662769763,0.0637676826119423,0.2427954084185633,0.2558561550369957,0.137082217335701,0.9927762297087204,0.0,0.0,0.0,0.0,0.0,0.0,0.0,0.0,0.0,0.0,0.0,0.0,17706736.59335491,44.99999999999999,0.1247801873644972,19840575.321142107,701.7737860814325,0.1882865572292584,20172760.60373257,501.5724732824272,0.3555958406057563,19928409.27752536,285.9422058205069,1.004269398232129,4984.47,2600.0,5200.0,0.0,9484.93,19979.58,0.0,0.0,4879.35,0.0
125,Steel,1,4,1.6018982410430909,0.0713937586545944,0.0228997176016048,0.5167865812407827,0.0841063457727432,0.9490377168266764,0.0,0.0,0.0,0.0,0.0,0.0,0.0,0.0,0.0,0.0,0.0,0.0,0.0,0.0,0.0,7730450.053411176,634.796918481036,0.1922815451067358,11833281.945465626,266.8235387750796,0.3123645712317137,10654559.942524629,127.86701637866082,0.6109566015080439,8439408.350193312,381.1797290918572,1.1808772964457064,2939.07,2600.0,5200.0,0.0,6734.31,9959.91,0.0,0.0,2815.95,0.0
126,Steel,3,3,1.775637546181679,0.0722019472122192,0.0281032877416602,0.4341073303965161,0.1054555624723434,0.5801931008804027,0.244124001548089,0.0666804912686348,1.1030728997337522,0.2139479300313623,0.1039382618665695,1.3704671080815756,0.0,0.0,0.0,0.0,0.0,0.0,0.0,0.0,0.0,43173740.557402514,567.5633948766094,0.2128975587824994,45098736.08274691,613.3765751502608,0.4238760529908194,47967459.39053014,529.2477140270375,1.589669421664406,0.0,0.0,0.0,3124.07,2600.0,5200.0,0.0,7286.64,16562.68,0.0,0.0,3199.23,0.0
127,Steel,5,3,0.8114035397768021,0.0821354078650474,0.027331211529414,0.5616533351385596,0.1122430294752121,0.1332655182358144,0.1856187001946209,0.1157368284463882,0.2762278266155918,0.3830710972875032,0.074608696103096,0.3829077621430254,0.4048607571840181,0.0906119960546493,0.5248317940713922,0.1942028082158785,0.07671241492033,0.6687247268778116,0.0,0.0,0.0,24525601.949010286,572.7501674890764,0.0871821623856082,29944330.280093785,916.5309335030148,0.3701887525749192,25448138.80231693,215.92954334257348,0.6946489513666024,0.0,0.0,0.0,3573.88,2600.0,5200.0,0.0,6424.5,26817.95,0.0,0.0,3640.31,0.0
128,Steel,2,3,1.754541951417923,0.1019905263185501,0.007444506984453,0.2544696100444198,0.087730011343956,0.9480713694169992,0.1200403177217529,0.0860681217908859,1.5685075708874414,0.0,0.0,0.0,0.0,0.0,0.0,0.0,0.0,0.0,0.0,0.0,0.0,5030842.502678594,288.0994534876167,0.212563495704165,6476489.205761421,255.008825656272,0.4932576180379115,7288218.249377193,628.5015142386931,1.4454167831670062,0.0,0.0,0.0,2853.49,2600.0,5200.0,0.0,4191.96,7999.74,0.0,0.0,3016.6,0.0
129,Steel,5,4,1.2974291235208513,0.096708451628685,0.018948819669207,0.2150970026055406,0.072618134021759,0.2429418604871639,0.3404513438589415,0.1041380751132965,0.5515098133287798,0.1288152639574026,0.0954534786939621,0.7199221531189056,0.2914600809549758,0.1331106626987457,0.9213270288499792,0.1970276847332048,0.1086929368972778,1.0508986603272816,0.0,0.0,0.0,10581410.563533794,99.97949768346707,0.1786756294643275,16476310.283509737,464.9940494552728,0.9318404899801408,15123968.748030636,344.5806285363833,0.9965225235602422,13995395.279560952,150.3397663739475,1.1424171341061753,3528.05,2600.0,5200.0,0.0,6015.97,13320.62,0.0,0.0,3447.18,0.0
130,Steel,4,3,1.277398943901062,0.0698192818760872,0.0123858108133056,0.3960599069410783,0.0810120725631713,0.23221630001807,0.2273477487636895,0.0552086639404296,0.4963510582281993,0.4582026791098428,0.1082209461927414,0.5928720685475227,0.251262673674518,0.1295778572559356,1.002018334109494,0.0,0.0,0.0,0.0,0.0,0.0,39124349.56175042,228.33699317160372,0.1705491018967308,42648933.95652776,874.4343964511761,0.9489081174082892,39124349.56175042,206.05515184955385,1.149659048233557,0.0,0.0,0.0,3154.76,2600.0,5200.0,0.0,8494.25,12221.69,0.0,0.0,3190.2,0.0
131,Steel,4,4,1.078815022110939,0.1112793328762054,0.0264852829217144,0.2116927362380621,0.1425522047281265,0.2394793391205525,0.4277005816757624,0.0393720558285713,0.3933835893098606,0.4413652246098923,0.1277061277627945,0.5786441232672966,0.2254792071191443,0.058523958325386,0.8421393551086379,0.0,0.0,0.0,0.0,0.0,0.0,16062254.081822712,582.7150978241688,0.1245291211876309,15898457.02158664,855.8201707591372,0.4328968655310534,16804894.274537023,1099.9999999999995,0.5170452858995633,19860504.86413022,532.5411265451195,0.945939186206779,4328.37,2600.0,5200.0,0.0,6956.17,19722.94,0.0,0.0,4255.14,0.0
132,Steel,6,2,1.40349879860878,0.1085865898132324,0.0205639140807215,0.4882760848473427,0.0605845019221305,0.2242159899367369,0.4407949117061442,0.0708544820547103,0.4896973717893034,0.2735152298802634,0.0512115427851676,0.6426468551346113,0.3564398515776115,0.0676976388692855,0.7475909339646416,0.3384239753365225,0.097200168967247,1.0502593160052855,0.3694713063524919,0.1052862399816513,1.1903449407896518,183700405.26990807,426.6606628386134,0.1744775622935937,229340354.5773267,191.83066842564472,1.238432752743048,0.0,0.0,0.0,0.0,0.0,0.0,4866.63,2600.0,5200.0,0.0,11572.61,16847.61,0.0,0.0,4808.51,0.0
133,Steel,5,3,0.8499164447188378,0.1108920351266861,0.0076423474979355,0.2863406400348345,0.082405070066452,0.0850016444718837,0.3368306175909651,0.1218278896808624,0.2120255456063116,0.3218882112902002,0.0661901751160621,0.393393584740847,0.2083628947965426,0.0925932985544204,0.5501385718394212,0.2436174172709818,0.1314851295948028,0.7649148002469541,0.0,0.0,0.0,13317340.03753281,453.8128359108544,0.1035725090604543,13235588.369850222,604.9347517665959,0.5065246483498342,15342503.167483866,554.4243886200908,0.7549138002469541,0.0,0.0,0.0,3166.01,2600.0,5200.0,0.0,4526.69,26281.09,0.0,0.0,3127.93,0.0
134,Steel,2,2,0.8290888026356698,0.0846382346153259,0.0384136240485066,0.1429389020966726,0.0391668379306793,0.2279889325496292,0.2495573854680261,0.07335369348526,0.5331873415994606,0.0,0.0,0.0,0.0,0.0,0.0,0.0,0.0,0.0,0.0,0.0,0.0,3467440.9515285995,414.6750233454733,0.09763912126839,3476512.890148059,336.66758296620185,0.6366773982327656,0.0,0.0,0.0,0.0,0.0,0.0,2992.65,2600.0,5200.0,0.0,5053.05,33803.32,0.0,0.0,2953.07,0.0
135,Steel,5,3,1.5400443971157074,0.0602439694404602,0.0481951755523681,0.1778866737999185,0.0604235750436782,0.2496430406385194,0.5832874974972538,0.0455039425194263,0.6384326652939933,0.268933198680754,0.0730584523081779,0.7182955227637419,0.4104034084933354,0.0352064470946788,0.9231879750580192,0.1910189377669235,0.0489388269186019,1.1889097123662866,0.0,0.0,0.0,51798719.69864585,492.3488036971386,0.1772012090080861,51415183.83220615,534.0492284341059,0.7568835137587354,54887036.66301121,385.9035160044128,1.313482453954136,0.0,0.0,0.0,4732.83,2600.0,5200.0,0.0,9080.79,18390.64,0.0,0.0,5003.41,0.0
136,Steel,3,2,0.7151349782943726,0.1416138817071914,0.0148477100717958,0.2953688543815335,0.1021697437763214,0.1549660027682764,0.3191934188524714,0.1010174489021301,0.350729075110219,0.3967026135279881,0.15,0.5426532610789523,0.0,0.0,0.0,0.0,0.0,0.0,0.0,0.0,0.0,29430694.567707587,366.12568564108767,0.0870740286499277,34699382.29098983,665.8497483705227,0.6402057509768735,0.0,0.0,0.0,0.0,0.0,0.0,4038.92,2600.0,5200.0,0.0,7399.68,69722.92,0.0,0.0,4040.17,0.0
137,Steel,2,4,1.2118034660816193,0.16,0.0536883655808712,0.3041527721226679,0.1001033616065979,0.4940410336073945,0.2034153411743101,0.0881516903638839,0.644818914280857,0.0,0.0,0.0,0.0,0.0,0.0,0.0,0.0,0.0,0.0,0.0,0.0,22793143.515587803,738.0065597891589,0.180113619194726,19505507.799610622,496.9413691688728,0.6226582452853159,31029432.33423704,606.5668496309976,0.9558052938601044,28647976.569531843,219.05552150378404,1.0906231182616537,5164.3,2600.0,5200.0,0.0,8775.13,27553.75,0.0,0.0,5035.58,0.0
138,Steel,5,3,1.4514950782060625,0.0876576445698738,0.0228501945446648,0.2750219000342026,0.0800512534379959,0.2332814643267339,0.2253156939963324,0.072933874130249,0.4700097337554763,0.3935215076307219,0.1115243774652481,0.6743282315546268,0.2914724686116827,0.1398423087596893,0.957722234056116,0.5165653071432103,0.1057990193367004,1.1838171761020642,0.0,0.0,0.0,59274424.87462318,721.2123747375516,0.1834211074559541,59807170.588948525,1099.9999999999995,0.7741256302959713,57445376.58728603,247.59235832980767,1.270632546532994,0.0,0.0,0.0,5113.93,2600.0,5200.0,0.0,7260.2,12008.27,0.0,0.0,5071.8,0.0
139,Steel,1,4,1.3285980850458146,0.0524264440536499,0.0259461029791112,0.5485818172047474,0.0698023378849029,0.1328698085045814,0.0,0.0,0.0,0.0,0.0,0.0,0.0,0.0,0.0,0.0,0.0,0.0,0.0,0.0,0.0,7776963.452322459,472.4121981391077,0.1428708085045814,6550153.430292195,153.486506167816,0.2185979841643418,6201115.232106607,632.0593943487802,0.6192316190518175,5848372.889811913,183.88855385524067,0.8605973053165039,2998.47,2600.0,5200.0,0.0,5019.84,14641.18,0.0,0.0,2983.81,0.0
140,Steel,4,2,1.0095640301704407,0.0654610882401466,0.0278492402877682,0.2625056076526323,0.1177614688873291,0.2592244366225401,0.3973082168670881,0.043108839392662,0.4762520904653249,0.3637179643715261,0.0686077937483787,0.5950339992745284,0.2884739479502297,0.074686139523983,0.8333549530309441,0.0,0.0,0.0,0.0,0.0,0.0,134810685.564397,336.558687356614,0.1314589297815576,109027844.42370892,542.8599916172656,0.7945226279729198,0.0,0.0,0.0,0.0,0.0,0.0,4990.46,2600.0,5200.0,0.0,12441.21,18216.88,0.0,0.0,4881.71,0.0
141,Steel,3,3,1.126022715866566,0.1124664145708084,0.0033159077021488,0.3857653912046894,0.089501559138298,0.4621603207578042,0.2490492847951541,0.0554989382624626,0.6946153942411453,0.2428390431303363,0.0806667056679725,0.9052197019819972,0.0,0.0,0.0,0.0,0.0,0.0,0.0,0.0,0.0,20908161.363208737,491.64016708802967,0.1777550191018438,24719410.90451999,242.91815642145164,0.4457251863585981,23846946.111311466,513.422483121016,0.8944593681574394,0.0,0.0,0.0,4967.38,2600.0,5200.0,0.0,6916.75,20533.53,0.0,0.0,5050.53,0.0
142,Steel,2,2,0.8606075912714005,0.0485546155273914,0.0241737107422316,0.277794389749578,0.1128573542833328,0.1783012306262188,0.385446955000979,0.0823202654719352,0.4722513496135486,0.0,0.0,0.0,0.0,0.0,0.0,0.0,0.0,0.0,0.0,0.0,0.0,48352779.46614402,263.59329675332464,0.1365739064618175,43400487.86832382,689.4897065642592,0.7562925138823338,0.0,0.0,0.0,0.0,0.0,0.0,3229.76,2600.0,5200.0,0.0,10130.88,44045.1,0.0,0.0,3322.9,0.0
143,Steel,4,4,0.6070053480565548,0.0998464783430099,0.0298726824199744,0.2859674383887254,0.0941512405872345,0.080923206323519,0.226023918050613,0.0650084239244461,0.2224734982154149,0.3122733909657958,0.0968355274200439,0.3298965129359337,0.2395786085758721,0.15,0.5171485480883622,0.0,0.0,0.0,0.0,0.0,0.0,5426235.679106817,518.088716956476,0.0677678849934619,5609792.62240465,1015.2086987831792,0.3424715677947503,5593761.586408467,502.2104538015199,0.4436479462985189,5392921.457645218,249.67776594644437,0.5069391682011681,2891.04,2600.0,5200.0,0.0,3461.77,37154.77,0.0,0.0,2835.9,0.0
144,Steel,2,4,1.7503326684236526,0.0726279332637786,0.0174174685705452,0.2615323925694313,0.15,0.8553361385507485,0.4905774911734353,0.15,1.3225363166038706,0.0,0.0,0.0,0.0,0.0,0.0,0.0,0.0,0.0,0.0,0.0,0.0,23819544.49618073,601.0936480129602,0.2550226746088703,18976175.912232947,461.2078476563424,0.879728360140704,20753235.10599843,113.65815701253877,0.959469803746874,17508342.727319047,406.101465824099,1.527714454095262,3275.52,2600.0,5200.0,0.0,7353.0,10950.82,0.0,0.0,3224.43,0.0
145,Steel,2,2,1.0737458646297455,0.023973892584443,0.0104361986227201,0.2702383790458301,0.1067768001556396,0.1214747168308404,0.088623169566365,0.0540294232964515,0.4288335965872767,0.0,0.0,0.0,0.0,0.0,0.0,0.0,0.0,0.0,0.0,0.0,0.0,163898238.40284982,801.311332677274,0.1583740912142032,118231687.7652824,349.4949502881672,0.8277425559790765,0.0,0.0,0.0,0.0,0.0,0.0,3699.26,2600.0,5200.0,0.0,8802.76,12414.74,0.0,0.0,4341.11,0.0
146,Steel,4,4,0.9955909594893456,0.1222363238334656,0.0034067702316374,0.3333372399811956,0.0869974118471145,0.2367633471485364,0.1347955075524359,0.02,0.3643591239356785,0.2769259416796736,0.0858956843614578,0.6449340233179628,0.2838655227157746,0.0731751346588134,0.8862363607742186,0.0,0.0,0.0,0.0,0.0,0.0,12266478.5130616,511.6427533361986,0.155125939515587,15938158.100622654,322.96307721366827,0.7868100130860674,9515850.133066509,972.1553389980264,0.8759425512279493,13174147.151857195,529.8756678703077,0.8762353607742186,3525.89,2600.0,5200.0,0.0,5844.54,29053.83,0.0,0.0,3525.64,0.0
147,Steel,2,2,1.0222150906920433,0.0974779434204101,0.0036625091875423,0.3077434308746446,0.0967738020420074,0.4001570159335011,0.191709587571202,0.1336567687988281,0.6942766665586405,0.0,0.0,0.0,0.0,0.0,0.0,0.0,0.0,0.0,0.0,0.0,0.0,15933781.371142829,335.91578065305595,0.1724848736676335,19063016.658510868,259.8711112571975,0.8691520857502809,0.0,0.0,0.0,0.0,0.0,0.0,4429.97,2600.0,5200.0,0.0,7677.51,22555.63,0.0,0.0,4397.12,0.0
148,Steel,5,2,1.0408182844519616,0.1017252604961395,0.0077008728710869,0.2291761043256902,0.0700504133105278,0.210736501687544,0.2673849005650341,0.045717995762825,0.3327504475481686,0.2899038662069335,0.0426204177737236,0.4883970231209762,0.5465894187865691,0.0851183366775512,0.7553147140591723,0.1945549033084193,0.0270613995194435,0.8609901319675031,0.0,0.0,0.0,16699334.995406125,211.8498021627347,0.1736470571596928,17891947.235104453,441.6417845759275,0.8486795813806886,0.0,0.0,0.0,0.0,0.0,0.0,3094.84,2600.0,5200.0,0.0,5621.51,31280.2,0.0,0.0,3056.95,0.0
149,Steel,1,4,1.8666342765092847,0.0518324228823185,0.0099980319805059,0.2520485747678896,0.0993724822998046,0.8642319222890349,0.0,0.0,0.0,0.0,0.0,0.0,0.0,0.0,0.0,0.0,0.0,0.0,0.0,0.0,0.0,27856970.248708088,307.93098734848,0.2901159055558762,22203905.364024032,538.1161112951615,1.0735491807160242,28136871.27161312,213.8846620773717,1.1318026916172514,27319560.649546217,370.974616085939,1.5896110288464742,4980.74,2600.0,5200.0,0.0,11792.06,12653.25,0.0,0.0,4924.45,0.0
150,Steel,3,3,1.81989561021328,0.06511472594738,0.0441392877795766,0.5201840943644889,0.070013560950756,0.8544310191831839,0.3031794942442835,0.0836936086416244,1.1425717211556194,0.2939757523868573,0.061850166618824,1.3005028086688566,0.0,0.0,0.0,0.0,0.0,0.0,0.0,0.0,0.0,32207854.36715925,172.24674690423987,0.2470937365557858,25289220.348516643,207.95906048943252,0.7539502628782411,29543427.54036265,134.745475459494,1.560929612033917,0.0,0.0,0.0,3069.55,2600.0,5200.0,0.0,7765.1,15858.54,0.0,0.0,3086.61,0.0
151,Steel,5,4,1.4462683469057085,0.1022132951021194,0.0217986801550979,0.323668348101308,0.0581958204507827,0.3732604794702834,0.2304539979903762,0.0708098772168159,0.4944204579044114,0.2356660628956573,0.0985233980417251,0.7432619161992814,0.2186298558691794,0.0641850844025612,0.9312098939292914,0.2694779003750845,0.077464188337326,1.1108663566673338,0.0,0.0,0.0,12423164.89352828,776.619307246968,0.1545055829761374,12640537.291651877,325.3292042129777,0.3560272540940262,10263807.636588328,347.8962936979241,0.7559442148748936,16075921.781081775,835.9805095838134,1.2653119109784692,4191.52,2600.0,5200.0,0.0,5797.44,12997.93,0.0,0.0,4205.03,0.0
152,Steel,2,3,0.7263063445687294,0.0677792547345161,0.017204768362413,0.3517159577240681,0.0823760864138603,0.5056367540189446,0.1666986413567953,0.1201124030351638,0.6463992898983406,0.0,0.0,0.0,0.0,0.0,0.0,0.0,0.0,0.0,0.0,0.0,0.0,8368040.033871661,359.1511916647373,0.1576969390880743,5543739.155519848,686.9360429413899,0.3795093001152785,5630191.579185244,399.7206909872044,0.6167777817200688,0.0,0.0,0.0,3200.6,2600.0,5200.0,0.0,9507.4,24701.43,0.0,0.0,3114.32,0.0
153,Steel,5,3,1.262586122751236,0.0720703892111778,0.0142027172263663,0.442539803953741,0.0561258932948112,0.3666826592804743,0.2203449577150741,0.069914843738079,0.4530339897104594,0.3102854565531357,0.0923642188310623,0.6180086955852733,0.2924916765092099,0.0491987906396389,0.8475216334673162,0.3128986660665654,0.0211867303960025,1.0103118020836477,0.0,0.0,0.0,20098097.248305306,563.7577303084654,0.1911145961853419,30711787.581746053,372.37377966154514,0.5741734772003395,22542084.49678373,785.4078829051094,1.108802958125549,0.0,0.0,0.0,4866.41,2600.0,5200.0,0.0,7854.16,14531.85,0.0,0.0,4977.25,0.0
154,Steel,5,2,1.5761612206697464,0.1107414207458496,0.0145740097796597,0.176267132258321,0.0790431600809097,0.1718862626064832,0.2827822317399067,0.1002392101287841,0.5821605225077728,0.1821285431336107,0.101875467300415,0.8800610818253284,0.2135273594653676,0.0610207173228263,1.2525976847687812,0.4547728230641256,0.0760181361436843,1.344309343580887,0.0,0.0,0.0,69085982.36430095,508.1801972868919,0.2182089708424137,64504444.07460872,511.7006587909207,1.3326558046485608,0.0,0.0,0.0,0.0,0.0,0.0,5130.12,2600.0,5200.0,0.0,7445.79,12554.0,0.0,0.0,5123.64,0.0
155,Steel,6,3,1.052039271593094,0.0873529244661331,0.0331700116276478,0.2908006203109126,0.1007657665014267,0.1917047297527336,0.3022863005403666,0.1009727239608764,0.3977380157921018,0.177832301329754,0.0954346030950546,0.5719021139934302,0.2486293644238615,0.0841001740097999,0.6691400128318709,0.3668122944616334,0.0940422642230987,0.8490778366282291,0.2857209147775784,0.053442203104496,0.9291069450263888,8363215.110867397,853.4243942146411,0.1408853426839393,9144916.748050006,220.9929267427495,0.5515863072039613,7446875.33545944,521.1189503148464,0.9468353433817454,0.0,0.0,0.0,2651.37,2600.0,5200.0,0.0,3375.34,15112.9,0.0,0.0,2631.12,0.0
157,Steel,5,2,0.7378202050924301,0.0806697805523872,0.0362683092080062,0.1211100190413244,0.0880201810598373,0.1241633751909948,0.2056871307697156,0.0365157654881477,0.2578220342773454,0.2523160265137144,0.0968544727563858,0.4173329658153903,0.3496973827312923,0.091320931315422,0.5272483753280638,0.3172251447010542,0.0687242087721824,0.6323442225559665,0.0,0.0,0.0,10531191.956184464,273.1479916108982,0.0931211826977751,12651353.949456818,649.5644734048302,0.6034654720514709,0.0,0.0,0.0,0.0,0.0,0.0,2937.19,2600.0,5200.0,0.0,7230.09,29759.57,0.0,0.0,2982.71,0.0
158,Steel,6,3,1.613690695166588,0.0833147239685058,0.0139052432775615,0.1713003782860277,0.1181188809871673,0.3624805183310102,0.510871966321511,0.0803167167305946,0.6661336592983085,0.4133906449057951,0.1064897221326828,0.821287097137089,0.2231442527213519,0.0985735857486724,0.9972246642188288,0.1409133799913697,0.0937160634994506,1.2618114446728246,0.154474276971568,0.0648945543169975,1.3709612265972653,83336250.6599808,573.1146371799591,0.1931813270148291,89870899.93150829,352.9412062799674,0.9255821208392482,70199976.10771197,441.1141943221783,1.4523216240362384,0.0,0.0,0.0,4432.03,2600.0,5200.0,0.0,12775.53,17209.7,0.0,0.0,4738.08,0.0
159,Steel,5,3,1.225083664059639,0.147563450217247,0.0146787019757014,0.1982908070845132,0.0390753811597824,0.2625934960676156,0.2371153055790535,0.109973137974739,0.5005312994148274,0.2360799582424843,0.0211446756962686,0.7307024062018007,0.2681404067037995,0.0745860856771469,1.0361513397360604,0.1965986959562398,0.0350031653791666,1.0941370951458769,0.0,0.0,0.0,14275203.394578332,349.74240461672247,0.1556726462221749,14316030.919969888,624.7915123918857,0.5794969652875275,15020495.07996892,590.4569266049696,1.0191603155507871,0.0,0.0,0.0,3732.54,2600.0,5200.0,0.0,4486.95,25096.48,0.0,0.0,3665.29,0.0
160,Steel,2,2,1.2535579919815063,0.1213977754116058,0.0112762805771582,0.1982461912881638,0.1349736595153808,0.4913890640103309,0.3443101470888812,0.1108735179901123,0.8969030245713003,0.0,0.0,0.0,0.0,0.0,0.0,0.0,0.0,0.0,0.0,0.0,0.0,11061314.90258054,450.9116250493453,0.2472520648600296,11462300.156114904,444.25908321817775,1.0057367893300624,0.0,0.0,0.0,0.0,0.0,0.0,2938.68,2600.0,5200.0,0.0,4003.7,20433.6,0.0,0.0,2890.04,0.0
161,Steel,3,4,1.1664361000061034,0.1118646680116653,0.0197604280124175,0.3934680870843029,0.1038101851940155,0.501621657935365,0.2343121090504745,0.0459680122137069,0.6780703960454124,0.2229254386830199,0.0715160927176475,0.7885750845810896,0.0,0.0,0.0,0.0,0.0,0.0,0.0,0.0,0.0,5325026.146787543,626.0346455571527,0.2061135139419904,5304340.265086986,366.2447060492032,0.28765447658547,6344785.028936758,169.01855206793303,0.6118903396116717,5210807.345909852,1099.9999999999995,1.0405084080781066,2998.96,2600.0,5200.0,0.0,4575.01,18088.88,0.0,0.0,2953.08,0.0
162,Steel,4,2,1.399505090713501,0.0753535838127136,0.019594629122094,0.2181124214470641,0.0549021834135055,0.4479853201017745,0.3520609550601304,0.1040006148815155,0.8043535445086917,0.325600992541978,0.1201602274179458,0.988575787078799,0.2928754451485117,0.0686971467733383,1.2234663621136377,0.0,0.0,0.0,0.0,0.0,0.0,76897898.69659124,610.7394536549081,0.2279856299327515,94533189.430304,306.51959072777373,1.2422572957553717,0.0,0.0,0.0,0.0,0.0,0.0,2988.68,2600.0,5200.0,0.0,12584.43,16955.99,0.0,0.0,2988.68,0.0
163,Steel,1,2,1.053779089450836,0.0946481704711914,0.0326462331551292,0.3489958222275117,0.0735569587349891,0.9483911805057524,0.0,0.0,0.0,0.0,0.0,0.0,0.0,0.0,0.0,0.0,0.0,0.0,0.0,0.0,0.0,8115485.740036087,477.5412795458202,0.3836880723857815,7715079.921654301,522.7266460301016,0.9028386000744364,0.0,0.0,0.0,0.0,0.0,0.0,2832.98,2600.0,5200.0,0.0,4215.45,25480.15,0.0,0.0,2833.45,0.0
164,Steel,4,2,1.496479481458664,0.1093967673778534,0.0441414230375842,0.2949369368969302,0.0813789030909538,0.4493188834570871,0.2633634597575107,0.099133825302124,0.7185204181113288,0.2138512815131721,0.1149284553527832,0.8301968094667811,0.2905901865348546,0.1004129648208618,1.134476522745998,0.0,0.0,0.0,0.0,0.0,0.0,49405308.350627966,401.5359177676947,0.2311672323942315,55643316.94445896,387.6461729284448,1.3468315318163182,0.0,0.0,0.0,0.0,0.0,0.0,4254.32,2600.0,5200.0,0.0,9748.59,15925.31,0.0,0.0,4293.74,0.0
165,Steel,6,2,1.008796174824238,0.0925933146476745,0.012735029579768,0.3389568494558544,0.108273845911026,0.145015304362817,0.2337343821979461,0.101071371436119,0.3246957201668929,0.2308991075284517,0.0360331727564334,0.4709122893190665,0.3718927114831227,0.1481758081912994,0.5787768979388987,0.2938768152045921,0.0654949548840522,0.7252872338687353,0.2121529258229144,0.048620533645153,0.8050254974226791,45722494.74874742,334.08148076285613,0.1582560485131368,47932548.45800054,1099.9999999999995,0.8355756964326001,0.0,0.0,0.0,0.0,0.0,0.0,4325.27,2600.0,5200.0,0.0,7258.17,18448.09,0.0,0.0,4414.16,0.0
166,Steel,6,4,1.062725841999054,0.1277442142963409,0.0135568141552181,0.2201248526263748,0.0869826275110244,0.1840961214424972,0.2941696398152404,0.1043319761753082,0.3025683670707018,0.3998427289222061,0.0922890883684158,0.4262734218401931,0.2180848937171225,0.1036563289165496,0.5786892315336887,0.2471996838120164,0.1282527297735214,0.7135454157241704,0.3814634090089361,0.0802263060212135,0.9152498702769618,10119893.2134203,868.8238052134948,0.1224212744714972,11720479.800107012,194.98829053307944,0.6086917022613743,9832514.333330126,211.70632448539152,0.7666385381457003,11020734.83870064,282.83894969376763,0.9404351870488238,2805.29,2600.0,5200.0,0.0,3849.9,22583.68,0.0,0.0,2814.6,0.0
167,Steel,4,4,0.9630031719803812,0.0793342089056968,0.0180239748848923,0.1776607580536475,0.0623666614294052,0.2617472522069728,0.2429551352405775,0.1344435620307922,0.4735497797610782,0.4329777440942201,0.0984196132421493,0.6816825553601946,0.328178939687654,0.0636575052142143,0.8666928547823429,0.0,0.0,0.0,0.0,0.0,0.0,7583845.504986708,237.68371302934432,0.1151901886248516,8112298.558960321,508.4777114713335,0.4296559833636535,7155137.048060426,618.6797236892985,0.7416740756247867,9543587.741999391,815.5629414939696,0.8566918547823429,3267.2,2600.0,5200.0,0.0,5901.37,16248.04,0.0,0.0,3220.74,0.0
168,Steel,3,3,1.007253682613373,0.0814246891140937,0.0282131067504076,0.4936412621479362,0.1011601394414901,0.2207402399191599,0.3332479863865005,0.0699110430479049,0.5910389624678074,0.157517118071004,0.1008425164222717,0.8081816989191484,0.0,0.0,0.0,0.0,0.0,0.0,0.0,0.0,0.0,37359503.13997353,817.0168969705229,0.1258049152913304,32296296.626490384,287.0452159962679,0.6751810067229443,41589780.05691756,821.6865575757047,0.8858443171162169,0.0,0.0,0.0,4861.02,2600.0,5200.0,0.0,11309.83,24130.45,0.0,0.0,4781.02,0.0
169,Steel,2,2,1.0206090837717057,0.0930123010873794,0.0161528835480463,0.2050675781306494,0.0690135571360588,0.4596204523123188,0.4127388005837454,0.15,0.8025837874259454,0.0,0.0,0.0,0.0,0.0,0.0,0.0,0.0,0.0,0.0,0.0,0.0,27591227.70224137,491.6819445735503,0.1688229532131929,16266931.653894002,841.4466584195482,0.7615132889984768,0.0,0.0,0.0,0.0,0.0,0.0,2708.21,2600.0,5200.0,0.0,10083.4,26556.25,0.0,0.0,2653.69,0.0
170,Steel,3,2,1.4212605327367782,0.128551209449768,0.0160127433824671,0.2356746299271821,0.1223259234428405,0.663310835106961,0.4200250058262641,0.1086544108390808,0.9936084620501452,0.2052998833527027,0.1186100107431411,1.175599616254777,0.0,0.0,0.0,0.0,0.0,0.0,0.0,0.0,0.0,27513422.979869768,437.7794152576812,0.2367325029335624,33713774.21507998,593.885652395455,1.27913447804184,0.0,0.0,0.0,0.0,0.0,0.0,3721.93,2600.0,5200.0,0.0,6788.43,16474.09,0.0,0.0,3737.44,0.0
171,Steel,4,2,1.3652823507785798,0.1020936330556869,0.0098134886175731,0.4917603895165762,0.1059676676988601,0.2048596134172422,0.3718925061411551,0.0691129097342491,0.3189243569096203,0.2720826269518118,0.0452183735370636,0.7742993804093203,0.3203865815440351,0.1050496053695678,1.0246467018112742,0.0,0.0,0.0,0.0,0.0,0.0,79744443.4865571,521.3707949281353,0.1365282364431403,94666866.27827965,534.1900652735031,1.1066045734827998,0.0,0.0,0.0,0.0,0.0,0.0,5172.67,2600.0,5200.0,0.0,8813.79,17973.08,0.0,0.0,5062.33,0.0
172,Steel,4,4,0.8180729702115059,0.0811970366835594,0.0208096919424969,0.3152535793437769,0.1141848295927047,0.2421300336361889,0.2677988441480309,0.0505674168467521,0.368716295805978,0.4090854172786452,0.1026868003606796,0.5560496150275234,0.252979655105894,0.0876541525125503,0.6823527789431418,0.0,0.0,0.0,0.0,0.0,0.0,9433386.7618265,304.29125204384536,0.1177702463183854,11131328.642013736,826.216979520797,0.4015275510392018,10849320.209285764,113.21736563880332,0.532981790945656,7485021.194318906,393.90593975786254,0.7362656723722824,3583.22,2600.0,5200.0,0.0,5162.12,32166.76,0.0,0.0,3617.56,0.0
173,Steel,6,3,0.7031530000269413,0.0649525710940361,0.0315746691206986,0.3689026416766586,0.0528689962625503,0.1330354666933594,0.3451018606523899,0.0761645111441612,0.2367881582456117,0.4122590782027245,0.039054165482521,0.2976694947517459,0.2351715766429135,0.0593166211247444,0.3552598817334462,0.3888733560060852,0.0667813277244567,0.433585404241068,0.4323828924611846,0.1238388228416443,0.5915437243814718,41863350.23071892,509.2146919017239,0.0875068005671769,43244309.2972821,564.4078120989798,0.2818265394264375,46205757.72105034,567.1100685564406,0.6074437503587619,0.0,0.0,0.0,4761.18,2600.0,5200.0,0.0,8197.82,23299.0,0.0,0.0,5013.58,0.0
174,Steel,6,4,1.3096186548471451,0.1144032080173492,0.0338884559678328,0.2478708359452848,0.0937170165777206,0.1866338526111237,0.3632736501602246,0.07227562636137,0.4597800458342319,0.2427215681043155,0.02979540720582,0.6327544813754883,0.3133452095095196,0.1140247744321823,0.8587231119785093,0.3406685314778302,0.1066218513250351,1.0019722886766418,0.1861395645729235,0.0875570237636566,1.1284930048610085,14562635.948899567,1095.5992115237643,0.1406852324747073,16273353.419881146,422.5996387889127,0.6646115142933376,16503960.093423191,351.77446399502145,0.7774227851432567,15123198.906819616,536.1125696220874,1.1610993771878175,3970.11,2600.0,5200.0,0.0,4532.14,15685.74,0.0,0.0,3908.78,0.0
175,Steel,1,2,1.541180384159088,0.099119559764862,0.011780841730275,0.3773147040754496,0.0691227117180824,0.775630367613914,0.0,0.0,0.0,0.0,0.0,0.0,0.0,0.0,0.0,0.0,0.0,0.0,0.0,0.0,0.0,20241899.851054925,704.8685775915145,0.3912375011976113,21419570.237102877,526.6248253239729,1.255121122605597,0.0,0.0,0.0,0.0,0.0,0.0,4571.0,2600.0,5200.0,0.0,6187.2,9907.57,0.0,0.0,4592.86,0.0
176,Steel,2,3,1.0709558486938475,0.0865408383011818,0.0144641558227714,0.2368693110556659,0.0955625945329666,0.4823068921000825,0.3851152982262579,0.0547424149513244,0.9050313816550448,0.0,0.0,0.0,0.0,0.0,0.0,0.0,0.0,0.0,0.0,0.0,0.0,10043151.435347565,1099.9999999999995,0.1713476293406375,8497244.374960732,655.4699052250681,0.5306408089455474,7370446.156246303,356.15284356579764,0.9186246813701598,0.0,0.0,0.0,3458.55,2600.0,5200.0,0.0,6088.46,17465.71,0.0,0.0,3427.33,0.0
177,Steel,4,3,0.9743578046560288,0.1010756254196167,0.0506166016625838,0.3952825867068861,0.063642383813858,0.1195191470360329,0.2546962803108264,0.0984621453285217,0.2279869669127379,0.4367697543319674,0.0529460445046424,0.5629878057921287,0.3909309856819038,0.1016816514730453,0.763363226488578,0.0,0.0,0.0,0.0,0.0,0.0,14527910.267636802,98.40023144563294,0.1429591594058375,13733443.67477811,523.6861801529884,0.5479541641869873,13107103.49825185,976.0541431109216,0.8713618525244884,0.0,0.0,0.0,3456.5,2600.0,5200.0,0.0,4222.6,27075.05,0.0,0.0,3475.58,0.0
178,Steel,3,2,1.236247146129608,0.0651299101114273,0.0078089354431687,0.4118955964913437,0.1047821313142776,0.2156884441760412,0.3795191213861104,0.0909499049186706,0.3902751001466325,0.2664803509606197,0.0430970750749111,1.0061478592167314,0.0,0.0,0.0,0.0,0.0,0.0,0.0,0.0,0.0,36001640.182721615,476.6483143405501,0.1582300719686569,36513826.86713136,1099.9999999999995,0.94562866613871,0.0,0.0,0.0,0.0,0.0,0.0,3666.43,2600.0,5200.0,0.0,9397.97,13824.7,0.0,0.0,3612.26,0.0
179,Steel,1,4,1.2294238358736038,0.0438974170088768,0.0056449361994472,0.2236877018368049,0.0973997730016708,0.1815500706028921,0.0,0.0,0.0,0.0,0.0,0.0,0.0,0.0,0.0,0.0,0.0,0.0,0.0,0.0,0.0,4649949.19823947,475.8073275743063,0.1619908756586826,5193843.58392251,302.5024183253485,0.5867940396568422,5268090.2202211805,501.6077360955546,0.7344081963945102,5117797.34628261,476.99815681731343,0.9814325523117912,3827.49,2600.0,5200.0,0.0,8695.61,14205.44,0.0,0.0,3811.62,0.0
180,Steel,6,3,1.4077165722846985,0.0640020542740821,0.0101494788989148,0.4039255991480261,0.0738159519433975,0.2458227233419072,0.4190861078933779,0.0718756899237632,0.3955616630297386,0.3706289549788807,0.065520172715187,0.4696338963615952,0.2701758869645889,0.0397892290353775,0.7220495240978588,0.1757562321822604,0.1121325886249542,0.8378852238466685,0.3289422158726229,0.0597254413366317,1.1546322514325795,64322727.9632905,418.5196944515325,0.1703738076224669,58479203.48029412,637.2427074198888,0.8168402241339621,86964644.90252112,670.084867682863,1.266944913648512,0.0,0.0,0.0,4210.69,2600.0,5200.0,0.0,10705.27,15036.75,0.0,0.0,4177.98,0.0
181,Steel,1,3,1.1611830696463583,0.07118085449934,0.0297534776025231,0.1750708881546493,0.0618860310316085,0.7533851896096022,0.0,0.0,0.0,0.0,0.0,0.0,0.0,0.0,0.0,0.0,0.0,0.0,0.0,0.0,0.0,7118411.66652288,612.2737008284745,0.483046577072824,5976126.497059515,687.9270911009932,0.8420513107564268,5823137.747629878,348.24743060042493,0.9829721709860711,0.0,0.0,0.0,3861.39,2600.0,5200.0,0.0,7272.15,15534.02,0.0,0.0,3888.53,0.0
182,Steel,4,3,0.6900876328349114,0.0828730459213256,0.0269918798769027,0.3367545752102726,0.1138513606786728,0.1203205824266359,0.4164257306895539,0.0957702416181564,0.2938456581832915,0.4989395310101232,0.1057343804836273,0.4808970939788639,0.2149031131679642,0.0666893750429153,0.5993472215738973,0.0,0.0,0.0,0.0,0.0,0.0,13553067.755773768,1062.182815021313,0.0902326365085899,13708698.81575074,807.9201826333557,0.3412282211140809,14978584.217913426,277.6987825785241,0.5864491327921946,0.0,0.0,0.0,3095.51,2600.0,5200.0,0.0,5092.29,31652.93,0.0,0.0,3122.88,0.0
183,Steel,6,3,1.289082342386246,0.0910786900520324,0.0154588901118783,0.3815405610691302,0.0692699429392814,0.2289242118534256,0.3642905540207081,0.057598573565483,0.3885114665716371,0.2812323792429933,0.1352233350276947,0.6605222698926668,0.293255403330911,0.0495069196820259,0.8293253892064392,0.2368489581108334,0.0273878007382154,0.9604680310982024,0.2783677602579866,0.0493215633928775,1.1601641081476215,23306839.76336457,331.4686345016736,0.1522196005097286,28349606.71262152,371.8307386510384,0.6837478369380894,28105430.32098424,475.652430178218,1.1242879524346718,0.0,0.0,0.0,4461.83,2600.0,5200.0,0.0,6387.91,11190.08,0.0,0.0,4468.41,0.0
184,Steel,3,2,1.0272859022021297,0.1042298858165741,0.0188085850108191,0.4587326327583607,0.05123180732131,0.4251110494757488,0.385178157066818,0.1000293314456939,0.7157938215016733,0.6309589624744781,0.0881370067596435,0.9245473119819164,0.0,0.0,0.0,0.0,0.0,0.0,0.0,0.0,0.0,116962530.25252847,707.9223910391414,0.2221249304983393,105897426.49763614,405.4324519843511,0.842237933120644,0.0,0.0,0.0,0.0,0.0,0.0,5123.66,2600.0,5200.0,0.0,12567.8,23733.11,0.0,0.0,5175.55,0.0
185,Steel,5,4,1.6566919177770616,0.1228347610235214,0.0248784808123271,0.3676557294096136,0.0997913563251495,0.2385142716992328,0.2205337640733079,0.1166279256343841,0.3740811067670561,0.3782155862815467,0.091098158955574,0.664203228313543,0.4748706154642286,0.0388120177388191,1.016086358346381,0.3978499478873181,0.091783949136734,1.3339535767344843,0.0,0.0,0.0,34357665.77647457,374.4873130180112,0.1790324558776154,39093392.918037,399.5633857773383,0.8818758690012293,39572763.33283646,532.1147595513231,1.084202650390553,49610926.67227857,336.0970742447233,1.468295509947833,4625.36,2600.0,5200.0,0.0,6754.01,11911.85,0.0,0.0,4555.94,0.0
186,Steel,2,2,1.061659324169159,0.0634723605513572,0.0269494241221962,0.4168696064803986,0.0767383572459221,0.5174238478247659,0.216736596522626,0.0750892955064773,0.912097075577782,0.0,0.0,0.0,0.0,0.0,0.0,0.0,0.0,0.0,0.0,0.0,0.0,31888083.18408512,232.35696327228644,0.3491191502479589,32164523.444421813,359.5223872371043,0.9554933906905836,0.0,0.0,0.0,0.0,0.0,0.0,5022.85,2600.0,5200.0,0.0,10004.42,13227.58,0.0,0.0,5087.11,0.0
187,Steel,4,2,0.9886934384703636,0.0675004552006721,0.0205209883768996,0.4683128195785273,0.0861532092094421,0.156661942393879,0.3994436990570367,0.0842981779575347,0.3553559501501441,0.4195864922006082,0.0902238684892654,0.5871031024651537,0.2585637653326186,0.1311621290445327,0.7478445679302153,0.0,0.0,0.0,0.0,0.0,0.0,90590748.83478244,739.5007367302861,0.1768900770001507,107522721.89858793,719.5662121220258,0.8898240936346338,0.0,0.0,0.0,0.0,0.0,0.0,3849.63,2600.0,5200.0,0.0,8449.57,19213.37,0.0,0.0,3852.93,0.0
188,Steel,6,2,1.2576756417751314,0.0717939934134483,0.0112664125679063,0.3838445639123303,0.0848119568824768,0.1257775641775131,0.452856628473658,0.0812533989548683,0.2813117918344482,0.2207069559314486,0.0870226567983627,0.4670343986370847,0.3279457070339024,0.0699392712116241,0.6742606618865501,0.1786241028392551,0.1057093060016632,0.8630728383026314,0.4930264570454178,0.0691334280371666,1.0004976367313652,106222099.6000476,383.226478842709,0.1476066521221029,87165471.46864356,149.12230518691683,1.0774976785772317,0.0,0.0,0.0,0.0,0.0,0.0,3727.54,2600.0,5200.0,0.0,7833.1,13175.03,0.0,0.0,3673.58,0.0
189,Steel,4,4,1.4045716017484666,0.0811688139438629,0.0227579115420359,0.4152936460845947,0.0261983764916658,0.2601921302032974,0.3750982040852299,0.1223831468820572,0.4649098689246265,0.3044023565928067,0.15,0.775126574794784,0.1555242077403618,0.1315945863723754,1.0897503566939222,0.0,0.0,0.0,0.0,0.0,0.0,27295511.411958013,169.28703572090458,0.1588403892375166,28532291.705692723,708.4573673066409,0.4333465431654465,31521429.72801997,709.2898457877836,0.856032581824969,23473046.081366047,699.8144456373493,1.2181142375661116,5085.49,2600.0,5200.0,0.0,8399.53,13285.37,0.0,0.0,5164.18,0.0
190,Steel,6,2,1.493367150425911,0.1264453842639923,0.0196818251559762,0.219976693501269,0.0968685829639434,0.216001265115875,0.2826717535565163,0.15,0.3502653697969727,0.2718233103055017,0.133186451792717,0.5659900863237227,0.1955108104138647,0.0979197585582733,0.7012027370585598,0.3128504313875778,0.0351411205530166,0.9794594014540428,0.2369302133094973,0.0928579753637313,1.1957853295262324,50751551.39901016,628.4136294623602,0.2054619726142829,46226945.32931078,253.62429862258628,1.2236200382425877,0.0,0.0,0.0,0.0,0.0,0.0,4312.66,2600.0,5200.0,0.0,6679.01,13840.72,0.0,0.0,4374.38,0.0
191,Steel,4,4,1.491896167397499,0.1164514789581298,0.0146829048046994,0.4013036628306909,0.1308356338739395,0.2169492206069362,0.1806280813379032,0.0626110020279884,0.6895484978456966,0.5568713755180978,0.0912948107719421,0.8826764416655095,0.2445557747811501,0.1326975148916244,1.1276517013553529,0.0,0.0,0.0,0.0,0.0,0.0,17995028.76434598,489.6765192717122,0.1593185129164118,13988297.848255992,323.8975452711764,0.4717114880806191,12362697.472714968,227.81512099435804,0.8162482141730967,12351995.176136348,782.5125336351231,1.314057535124746,3180.77,2600.0,5200.0,0.0,3975.72,11707.58,0.0,0.0,3098.09,0.0
192,Steel,6,4,1.1933679908514023,0.0962492533922195,0.0381590104763698,0.3210799018503661,0.1067422026395797,0.1732160908647268,0.4300102297332061,0.1093654769659042,0.3706250261518851,0.1970693054116191,0.1376239067316055,0.4979332241999509,0.2013886982011999,0.0643255123496055,0.6923552048839486,0.3620081649927184,0.0781061562895774,0.8127087173114749,0.3529860083941967,0.1275248569250106,1.0294431180067287,30726802.520807408,384.7437535114937,0.1238561791221944,32118772.34217846,367.0743172152536,0.4568330361778182,38908042.5964673,218.7368805765024,0.7141022285039147,38734295.324432254,685.782691460577,1.0690307504653274,5011.18,2600.0,5200.0,0.0,5899.77,14945.24,0.0,0.0,5093.57,0.0
193,Steel,1,4,1.5127991229295732,0.121558834195137,0.0088808726990142,0.1759874929204512,0.1160823386907577,0.5330855609740073,0.0,0.0,0.0,0.0,0.0,0.0,0.0,0.0,0.0,0.0,0.0,0.0,0.0,0.0,0.0,10810842.617566744,1054.0082262638368,0.1761167672727733,11464228.601509243,369.5895114421816,0.6022520539778993,10861438.723881382,142.98264079239863,0.9626418623669613,9302840.784736142,727.8859410419927,1.1116053768112613,3976.45,2600.0,5200.0,0.0,5019.18,14825.88,0.0,0.0,4132.56,0.0
194,Steel,3,2,1.1210719868540764,0.1193632667064666,0.0129433537727445,0.3245174237422251,0.0582307744026184,0.2277909548684855,0.3421142419146754,0.15,0.4236524907394085,0.2335811066464045,0.1049973875284195,0.8707217453901737,0.0,0.0,0.0,0.0,0.0,0.0,0.0,0.0,0.0,33864765.05544306,474.9724396928042,0.2021463202854572,40544954.38502889,527.4348323706115,0.9104863181068178,0.0,0.0,0.0,0.0,0.0,0.0,4554.92,2600.0,5200.0,0.0,7280.69,22753.73,0.0,0.0,4564.4,0.0
195,Steel,1,4,1.368298196792603,0.0935132430791855,0.0205468633870272,0.3007346528146273,0.1338424563407897,0.6301318001790943,0.0,0.0,0.0,0.0,0.0,0.0,0.0,0.0,0.0,0.0,0.0,0.0,0.0,0.0,0.0,6239511.302884427,480.9003345068894,0.1368298210475584,7737775.06113502,303.09465667225885,0.3914359888220275,5636667.721615049,633.8319323884762,0.7786609632082966,6890853.489090964,286.92503696459363,1.0901731281155826,3950.85,2600.0,5200.0,0.0,5362.68,11684.5,0.0,0.0,3896.19,0.0
196,Steel,1,3,0.7658955812454223,0.0984124042987823,0.0069510285469545,0.2238061145601216,0.0694059231877327,0.1177299855752391,0.0,0.0,0.0,0.0,0.0,0.0,0.0,0.0,0.0,0.0,0.0,0.0,0.0,0.0,0.0,3279386.581655963,189.07802947179323,0.0800313095088002,3364297.710930377,568.3378266275048,0.277559724771582,3079455.522539964,763.811101354543,0.5573605997633623,0.0,0.0,0.0,3329.9,2600.0,5200.0,0.0,3604.15,48079.61,0.0,0.0,3249.71,0.0
197,Steel,3,4,1.648107397556305,0.0599596980214119,0.0121116586062455,0.1444340320189537,0.1075922089815139,0.704896416110123,0.5477215382881794,0.1120005524158477,1.178451965674213,0.2384836685380618,0.1003929579257965,1.3618587387278356,0.0,0.0,0.0,0.0,0.0,0.0,0.0,0.0,0.0,64928151.01927799,362.3768063137279,0.2313082815611898,74001667.2328958,608.9158208397927,0.5849458703145021,54685571.09247848,674.9761120706481,0.5903100627700656,72105814.89141083,314.84968372105016,1.4308843218409002,2649.48,2600.0,5200.0,0.0,14335.72,17965.25,0.0,0.0,2741.41,0.0
198,Steel,2,3,1.3417407780885695,0.0766437976360321,0.0247943404536679,0.321799661389337,0.1097780591249466,0.6439266281515237,0.3233873109940773,0.0783108666539192,1.0321970977719968,0.0,0.0,0.0,0.0,0.0,0.0,0.0,0.0,0.0,0.0,0.0,0.0,15641736.361762138,354.4733482386171,0.2177174411047133,13703050.518043444,507.395023699949,0.5806664406611208,20672966.388952512,417.7164028105393,1.1609253634559045,0.0,0.0,0.0,4466.36,2600.0,5200.0,0.0,7852.68,11710.93,0.0,0.0,4479.58,0.0
199,Steel,4,2,1.390109544992447,0.0955136339664459,0.0268241801000651,0.2184649329221363,0.093634672164917,0.366503875250497,0.1938995514579822,0.1050501090288162,0.5885726250871279,0.2284290622242759,0.0817396277189254,0.7092626863462598,0.3617926704261814,0.0622377362847328,1.0587460273542293,0.0,0.0,0.0,0.0,0.0,0.0,39811322.745038375,448.7142324453015,0.1767096290749338,64005427.12500413,386.8592403571192,1.2510985891030928,0.0,0.0,0.0,0.0,0.0,0.0,4393.47,2600.0,5200.0,0.0,10510.93,17460.6,0.0,0.0,4443.85,0.0
