rank,material,n_disks,n_bearings,L,OD,ID,d0_OD,d0_W,d0_pos,d1_OD,d1_W,d1_pos,d2_OD,d2_W,d2_pos,d3_OD,d3_W,d3_pos,d4_OD,d4_W,d4_pos,d5_OD,d5_W,d5_pos,b0_K,b0_C,b0_pos,b1_K,b1_C,b1_pos,b2_K,b2_C,b2_pos,b3_K,b3_C,b3_pos,cs1_pred,cs1_lo,cs1_hi,cs1_dev_pct,cs2_pred,cs3_pred,joint_err,joint_err_truth,cs1_ross,cs1_relerr_truth_pct
0,Steel,1,3,0.5674561113119125,0.0626491951942443,0.0112066212805421,0.3336087171606414,0.15,0.246661458273963,0.0,0.0,0.0,0.0,0.0,0.0,0.0,0.0,0.0,0.0,0.0,0.0,0.0,0.0,0.0,4465298.17230802,81.24437506924666,0.1188640648840495,5902046.8100870345,337.8778689693534,0.3726524667459949,5726579.039739383,580.7598965179087,0.4768537590569001,0.0,0.0,0.0,3002.89,1800.0,7500.0,0.0,22787.26,42781.39,0.0,0.0,3000.78,0.0
1,Steel,2,3,1.136647866666317,0.1058724416494369,0.0178031903969396,0.3003466098321642,0.0305582369118928,0.3984835303241917,0.2350273398881884,0.1256871128082275,0.8247031972918766,0.0,0.0,0.0,0.0,0.0,0.0,0.0,0.0,0.0,0.0,0.0,0.0,2469817.91952064,597.7454914454403,0.1481575729732159,3256298.9745759154,617.7916132842098,0.6407384012470061,1893903.815737504,460.6241485442653,0.8834941871617531,0.0,0.0,0.0,1939.02,1800.0,7500.0,0.0,2702.45,22016.2,0.0,0.0,1968.22,0.0
2,Steel,1,4,1.6265707284212112,0.1167763642072677,0.0148745095466836,0.3227754203980199,0.09895731985569,0.5133037796004989,0.0,0.0,0.0,0.0,0.0,0.0,0.0,0.0,0.0,0.0,0.0,0.0,0.0,0.0,0.0,10257033.300677525,359.031329928836,0.196511630896234,11014980.361894492,685.2545235610604,0.6221458302672506,9254996.122533644,399.36589022351495,0.987504113576264,10747676.602491371,687.117591070338,1.3555061716865833,4066.79,1800.0,7500.0,0.0,4837.72,12768.72,0.0,0.0,4081.27,0.0
3,Steel,2,3,0.7547105416655541,0.0763800510764122,0.0180798340762005,0.3078312469133581,0.0796992266178131,0.1509720349614483,0.2705104530689108,0.1315013319253921,0.5307743595395684,0.0,0.0,0.0,0.0,0.0,0.0,0.0,0.0,0.0,0.0,0.0,0.0,4155428.135499056,1099.9999999999995,0.1209508964833171,5391488.358055439,485.56249389690896,0.3752385201786988,4357149.359729541,454.7005296808265,0.6645730602057585,0.0,0.0,0.0,3000.85,1800.0,7500.0,0.0,3645.68,54002.75,0.0,0.0,3041.74,0.0
4,Steel,4,3,1.1234073102474214,0.0871051068902015,0.0166038904027497,0.3478350367683322,0.1122702580690384,0.1858315345247355,0.1448522852978317,0.0647358357906341,0.3725347301114592,0.2741627466424284,0.0515584458410739,0.6424747799614315,0.2303563995313505,0.0846274626255035,0.9293752447566336,0.0,0.0,0.0,0.0,0.0,0.0,25990250.5895848,550.7453319314739,0.1422422261357105,26983497.3162154,592.1149386843146,0.4783418255828798,34302924.333806336,782.5044831054021,0.9485668364830192,0.0,0.0,0.0,5629.86,1800.0,7500.0,0.0,7702.46,17761.34,0.0,0.0,5604.14,0.0
5,Steel,2,3,1.894733911752701,0.085823877453804,0.01847097932054,0.3935791794976383,0.1339921206235885,0.8972848454348087,0.2581349042239173,0.1029827350378036,1.329571019309105,0.0,0.0,0.0,0.0,0.0,0.0,0.0,0.0,0.0,0.0,0.0,0.0,69416931.07965893,404.5035099548045,0.4774322197229107,55112213.777378544,772.8627921982836,0.9700066305073838,63562671.35111954,1099.9999999999995,1.6153657706747948,0.0,0.0,0.0,5992.52,1800.0,7500.0,0.0,7893.34,11482.77,0.0,0.0,5970.17,0.0
6,Steel,4,4,0.9132425397634506,0.0900224426984787,0.0093632527396489,0.3688979328364317,0.0577465718984603,0.2185638817828159,0.3137516427387496,0.02,0.3903661525027549,0.3499334016673658,0.1118478816747665,0.5891456286352522,0.2503170603943038,0.0819682618975639,0.8219082857871056,0.0,0.0,0.0,0.0,0.0,0.0,25936039.97801329,376.0203467269765,0.1249974019116879,28923080.2368424,370.3014517694608,0.4414614129369789,23299133.83162126,466.5129348816848,0.5361667681146975,32801390.397831988,212.2979677656353,0.7881369378286671,6577.95,1800.0,7500.0,0.0,7758.35,20845.46,0.0,0.0,6694.38,0.0
7,Steel,5,4,1.4419886022806168,0.0765651049017906,0.0171864000529212,0.2457823280019114,0.02,0.3483887150894724,0.5833337797178253,0.1294063806533813,0.4759957925909677,0.2333094454036372,0.0520972508192062,0.629346849711579,0.4878232137789415,0.1088582301139831,0.926048059697214,0.2868844886538731,0.0918864399194717,1.0761941130328605,0.0,0.0,0.0,21135200.45928435,228.8305002356714,0.1977288724165873,20702650.410381444,735.4090988655632,0.857707367140063,25046140.234808262,1099.9999999999995,1.011178475048934,18858010.458105758,285.60665591890097,1.2687110820924827,2747.11,1800.0,7500.0,0.0,5847.17,15499.09,0.0,0.0,2703.52,0.0
8,Steel,4,2,1.507771646976471,0.1041220731735229,0.0108101957507368,0.3778396019473668,0.0894715410470962,0.2456625400905096,0.2257162901449106,0.0524081945419311,0.5221975501769568,0.2622752600623426,0.0752660179138183,0.7338089080105317,0.2167386596730542,0.1176059079170227,1.043421429686426,0.0,0.0,0.0,0.0,0.0,0.0,13715262.95753247,142.8827008292557,0.1729929486501143,15100501.94095312,474.9836608295527,1.281137468026242,0.0,0.0,0.0,0.0,0.0,0.0,2853.48,1800.0,7500.0,0.0,4696.65,11254.71,0.0,0.0,2852.3,0.0
9,Steel,6,3,1.0655990555882453,0.0448771299123764,0.0234835231090046,0.1775642048942989,0.0954334098100662,0.195177246317819,0.2400710688366735,0.0561246573925018,0.2786848699928737,0.2173519674838613,0.135288353562355,0.4711146727410652,0.1588502294435977,0.0533690136671066,0.632381526652715,0.2721132341080068,0.1136042189598083,0.7905045433592444,0.2743975173303071,0.0766022026538848,0.920779721453152,10247301.992247969,291.3465617563244,0.1176236138402431,9405521.640168907,348.4874285759058,0.6123895744428235,8740526.29902752,544.200492725773,0.9590391489638216,0.0,0.0,0.0,3194.77,1800.0,7500.0,0.0,4092.62,9371.26,0.0,0.0,3257.64,0.0
10,Steel,2,2,1.4625359416007997,0.0862845060825348,0.0165792201846232,0.21316256921594,0.1116043043136596,0.2969071186237765,0.3138079784668933,0.0864334219694137,1.0465858481523478,0.0,0.0,0.0,0.0,0.0,0.0,0.0,0.0,0.0,0.0,0.0,0.0,117975380.15918602,352.8423736127417,0.1682899502348445,105221382.73181704,203.30798148553384,1.3162823459781838,0.0,0.0,0.0,0.0,0.0,0.0,5249.7,1800.0,7500.0,0.0,13707.36,24992.93,0.0,0.0,5133.33,0.0
11,Steel,5,4,1.704877418279648,0.1105922029018402,0.06,0.2693674586222255,0.1023167735338211,0.2556120538349407,0.3555907201378475,0.1070785850286483,0.5546067772877366,0.2099094280342936,0.0941251665353775,0.9493468339803828,0.2771199066912517,0.0559907305240631,1.30026656834219,0.2446041874176562,0.15,1.4476994335557662,0.0,0.0,0.0,23372406.71548691,192.56657486001887,0.1855557009994949,18920947.888203997,251.54747549439665,0.6425206927722271,16582827.50882806,700.7238062287072,0.9593945669462656,13455451.702097714,176.74649825376414,1.5258618930986771,4088.31,1800.0,7500.0,0.0,4900.14,10280.23,0.0,0.0,4048.82,0.0
12,Steel,2,2,1.0561648055911066,0.0699259561300277,0.0178377714290907,0.2401122134681944,0.0448160117864608,0.2520527160504153,0.2101599230884164,0.02,0.5610969002893595,0.0,0.0,0.0,0.0,0.0,0.0,0.0,0.0,0.0,0.0,0.0,0.0,5810741.416134426,441.5393958789118,0.1462348833345208,6262012.770124171,111.55412856659083,0.8759660662528376,0.0,0.0,0.0,0.0,0.0,0.0,4320.02,1800.0,7500.0,0.0,6550.63,17328.0,0.0,0.0,4295.62,0.0
13,Steel,2,4,1.588677698373795,0.0799872125983238,0.02779727857127,0.2927160859303329,0.0667453470826149,0.6062009327021194,0.5849342360013049,0.1058929091691971,1.1647695659996136,0.0,0.0,0.0,0.0,0.0,0.0,0.0,0.0,0.0,0.0,0.0,0.0,20093639.49559177,400.0011157569329,0.2071100887917381,16661556.043016812,955.5142607414228,0.7635925081836084,14747317.06335341,802.0557733570073,1.0433953672022602,21037831.69984776,851.091264404753,1.3677859737130764,3798.48,1800.0,7500.0,0.0,7985.7,13951.04,0.0,0.0,3820.23,0.0
14,Steel,2,3,1.1399105489253998,0.0754460895657539,0.020931572054504,0.4816585292850184,0.1112503868341446,0.1740807125743395,0.2465191674010605,0.1058482384681701,0.5280961466583615,0.0,0.0,0.0,0.0,0.0,0.0,0.0,0.0,0.0,0.0,0.0,0.0,28560004.90791149,374.1981819398107,0.132777118327881,20890012.89135986,900.969547233107,0.6077329892156642,27759046.24443996,142.56211271813058,0.8453327419568092,0.0,0.0,0.0,4105.36,1800.0,7500.0,0.0,10123.57,13331.12,0.0,0.0,4130.42,0.0
15,Steel,3,4,1.5524115711450577,0.0437657257020473,0.0154188543791407,0.2557036748572881,0.0533396425843238,0.3064312878064411,0.2298822108095943,0.1061996376514434,0.6593936990970305,0.177633152394909,0.1165608304738998,1.1405070522878566,0.0,0.0,0.0,0.0,0.0,0.0,0.0,0.0,0.0,24549567.446433257,262.9765153832172,0.1552411586669173,30583665.562980555,560.3563446101072,0.4305237591933967,32107143.82934555,1045.2606898290296,0.7495105143395397,22099724.41718588,857.9073219761805,1.3405917641344507,6419.81,1800.0,7500.0,0.0,8586.13,12000.33,0.0,0.0,6071.05,0.0
16,Steel,2,3,1.1740312904119492,0.0957642403841018,0.0151850100879307,0.4507588623245313,0.1094660305976867,0.2730830589998325,0.4669368577346985,0.09747314453125,0.8060519830707558,0.0,0.0,0.0,0.0,0.0,0.0,0.0,0.0,0.0,0.0,0.0,0.0,29411376.75684033,395.8709058128747,0.1645890472933363,44262721.89788587,666.1618921992871,0.5427833424296948,30594482.65832486,641.9244297493974,0.9840831755860452,0.0,0.0,0.0,5122.44,1800.0,7500.0,0.0,6189.18,28262.73,0.0,0.0,5229.02,0.0
17,Steel,3,3,1.0724519178271297,0.0741417453289032,0.019162631325049,0.3209883613192228,0.0855118805170059,0.317420378017194,0.2580723805545973,0.1112047243118286,0.654608162405328,0.3060866820246915,0.0500924041867256,0.9651967260444166,0.0,0.0,0.0,0.0,0.0,0.0,0.0,0.0,0.0,13728292.041745491,696.4397858754958,0.1463360871467408,13599477.774085518,983.9442743018316,0.5640275494590696,11898416.668799212,282.7322204659124,0.9551957260444166,0.0,0.0,0.0,4492.68,1800.0,7500.0,0.0,5735.21,13896.49,0.0,0.0,4534.77,0.0
18,Steel,1,4,1.8624533325433728,0.0626506679058074,0.0178581670739536,0.3447893752986897,0.0942252087593078,0.2237717549912772,0.0,0.0,0.0,0.0,0.0,0.0,0.0,0.0,0.0,0.0,0.0,0.0,0.0,0.0,0.0,5331161.097209054,124.20801018403516,0.2100910778182753,4972647.499843079,319.98787104779325,0.6020624482243149,5881083.103949322,617.8889604611627,0.8906749095057904,6017846.706670046,513.907691361691,1.2319559008569136,2587.24,1800.0,7500.0,0.0,3397.67,9504.12,0.0,0.0,2706.63,0.0
19,Steel,6,3,0.9511106491088868,0.108354781627655,0.0064863922811283,0.2587828608117141,0.0755339452624321,0.1636969599919135,0.3428678337319168,0.15,0.2927085341807466,0.2936832772889797,0.0570884326100349,0.4410827110146361,0.284933335198281,0.0731237652897834,0.6230517218620496,0.1520313045151398,0.02,0.7515490357485464,0.246338867976845,0.0839518463611602,0.8559895841979981,6931567.352679016,587.0875904847766,0.1084782344687746,6833270.6948261885,762.950825649577,0.6858090633857838,8278939.958269332,429.18108387663744,0.845988584197998,0.0,0.0,0.0,2218.55,1800.0,7500.0,0.0,4112.95,24697.57,0.0,0.0,2233.85,0.0
20,Steel,3,3,0.8794103711843491,0.0490229568481445,0.0056386188441036,0.2106160105855099,0.0989219862222671,0.3016746883678864,0.4584662094369351,0.15,0.5971963347323421,0.251437546108148,0.1136366158723831,0.7914593340659143,0.0,0.0,0.0,0.0,0.0,0.0,0.0,0.0,0.0,17791387.065587685,518.5283447247608,0.129906357971457,14793045.418918,588.096020191425,0.5087529405548551,15433264.84056587,501.9510329563371,0.7814583340659143,0.0,0.0,0.0,3070.39,1800.0,7500.0,0.0,7700.48,11197.12,0.0,0.0,3140.37,0.0
21,Steel,4,4,0.8442003965377808,0.0575374895334243,0.0135748983659382,0.3136860662937138,0.0792978993058204,0.102271920470426,0.2213536706218498,0.0964284312725067,0.3508711427799243,0.2874128712256324,0.074686050415039,0.5098131382180672,0.28885430885255,0.0992595928907394,0.6701779123421439,0.0,0.0,0.0,0.0,0.0,0.0,16720092.504397944,779.7229260953122,0.1257151513277509,13644225.849448403,575.3229916326517,0.4255972607741177,13745006.32258758,590.9748515977412,0.5234856543538149,15240093.550311385,1099.9999999999995,0.7426735397507988,5156.12,1800.0,7500.0,0.0,5874.73,13370.53,0.0,0.0,5161.84,0.0
22,Steel,5,4,1.337642425298691,0.0752899059653282,0.0157607904601193,0.2376056871362208,0.0568340343236923,0.2976349920942266,0.2526432903320124,0.15,0.4617142008990911,0.2802730091827808,0.1052904319763183,0.5990827038384395,0.3351201310856975,0.1177099174261093,0.9191386495736492,0.294938925847115,0.0798913726210594,1.0665448328706468,0.0,0.0,0.0,72632113.90791252,494.23944986373255,0.1507494198436293,59282420.36174653,559.1782142932551,0.7438566934328145,52816349.04159068,89.65613457745181,0.7369200372979736,57607587.50507511,189.42849971506448,1.1761295908997302,6676.66,1800.0,7500.0,0.0,8300.58,19829.53,0.0,0.0,6911.77,0.0
23,Steel,1,4,1.659736654162407,0.0867708733081817,0.0122610044565585,0.2735775693716823,0.1071771705150604,0.7335343906939362,0.0,0.0,0.0,0.0,0.0,0.0,0.0,0.0,0.0,0.0,0.0,0.0,0.0,0.0,0.0,18859817.81255372,726.5465826375956,0.3437446480903642,16863468.295092266,1099.9999999999995,1.1454362234042796,17634884.15359168,726.7953695422455,1.1639064732709534,21168837.717874754,293.82518594269726,1.3552564970944974,5211.94,1800.0,7500.0,0.0,8165.97,9152.31,0.0,0.0,5167.93,0.0
24,Steel,1,3,0.8872321084141731,0.0248750174939632,0.0078738987861756,0.3292790321684357,0.079002541899681,0.4750509039597905,0.0,0.0,0.0,0.0,0.0,0.0,0.0,0.0,0.0,0.0,0.0,0.0,0.0,0.0,0.0,22852695.78203855,540.6038021539156,0.1820799405364228,19626440.802419133,234.85590760581752,0.37164042857903,18659726.06212152,461.1418623578508,0.6959194702001619,0.0,0.0,0.0,4005.96,1800.0,7500.0,0.0,16604.46,19562.92,0.0,0.0,3727.41,0.0
25,Steel,1,2,1.0652586013078689,0.08955928337574,0.0226288601930967,0.4848688026059403,0.1163815510272979,0.7391560142446766,0.0,0.0,0.0,0.0,0.0,0.0,0.0,0.0,0.0,0.0,0.0,0.0,0.0,0.0,0.0,54333107.483009286,649.1554671238251,0.2927325432123424,51415216.352256685,539.7718226451748,0.7927634993667395,0.0,0.0,0.0,0.0,0.0,0.0,5317.99,1800.0,7500.0,0.0,12651.74,32143.93,0.0,0.0,5329.35,0.0
26,Steel,2,3,1.5600487738847733,0.1380470166206359,0.0110984399819381,0.1695278566505348,0.1223172372579574,0.791645010030166,0.5399539969891226,0.0687571790814399,1.142685383469055,0.0,0.0,0.0,0.0,0.0,0.0,0.0,0.0,0.0,0.0,0.0,0.0,22149245.69353484,447.9122914061,0.2170375246345944,20366368.31502831,340.2939389994002,0.6920806456491334,19452943.78332792,414.0964854165716,1.355330530604157,0.0,0.0,0.0,3658.64,1800.0,7500.0,0.0,6051.71,17217.94,0.0,0.0,3590.79,0.0
27,Steel,3,3,0.6384008288383485,0.0872545701861381,0.0163619320051475,0.2297747966247631,0.0688797464966774,0.1537199001690176,0.3128108073678968,0.075303346812725,0.323304355991669,0.1917450713890035,0.0831985503435134,0.4624697923314045,0.0,0.0,0.0,0.0,0.0,0.0,0.0,0.0,0.0,12974552.528396009,810.0036269706468,0.0731851498506711,13060924.09600159,958.7607108304755,0.3558758458711468,13525217.34662109,329.942438703046,0.5317296429793517,0.0,0.0,0.0,5549.99,1800.0,7500.0,0.0,9063.77,44462.81,0.0,0.0,5532.75,0.0
28,Steel,4,4,0.965384477376938,0.0998561271429062,0.0214977560338897,0.3090531866612273,0.061062850356102,0.1639349757448193,0.1930146605644365,0.065600471496582,0.3250658381706878,0.3436158822114803,0.0704780083894729,0.4827660855263038,0.2232307037853228,0.1153156143426895,0.7453809887002412,0.0,0.0,0.0,0.0,0.0,0.0,2241980.3157479474,1099.9999999999995,0.0965384487030782,3454055.4176742625,668.6676287327247,0.4557550655113729,3598086.480373263,651.4614369319069,0.5964334065751555,2952111.626549864,881.8240639826421,0.8492826595297378,2173.2,1800.0,7500.0,0.0,3020.7,21618.37,0.0,0.0,2166.5,0.0
29,Steel,6,2,1.4792759269475937,0.0952015968561172,0.0102231657992374,0.305256853583017,0.0326776960492134,0.2923181668178306,0.3777469303442122,0.1029085111618042,0.5319535057813728,0.2115709666105964,0.0641404059529304,0.663073585597576,0.2952222308808524,0.0808705791831016,0.8028203656953875,0.2123115031139701,0.0888830268383026,1.059409264804244,0.216658437777883,0.0959378671646118,1.2659310259176126,88963929.94199443,210.48286100997976,0.1789704877525552,98809234.30455568,1068.3821530766188,1.3313483327735582,0.0,0.0,0.0,0.0,0.0,0.0,3490.05,1800.0,7500.0,0.0,11593.74,17378.9,0.0,0.0,3483.91,0.0
30,Steel,3,3,1.4684337675571442,0.0834362649917602,0.0132018949808329,0.5025407077061959,0.095916628241539,0.3592831562017562,0.3599552234823721,0.0280317489430308,0.5633259378149894,0.2659520614130157,0.0825650206208229,0.980461897496429,0.0,0.0,0.0,0.0,0.0,0.0,0.0,0.0,0.0,103175977.82440484,417.5349122339793,0.3259315552333081,120311647.63272904,251.3963177379683,1.175611107827983,83908764.92676803,689.0969150519737,1.2709466301649566,0.0,0.0,0.0,6344.11,1800.0,7500.0,0.0,11954.94,21304.85,0.0,0.0,6490.09,0.0
31,Steel,2,3,1.0265181571245194,0.0799604075551033,0.0053216674267122,0.6062954937579975,0.089326998591423,0.2189853135526245,0.6118148467582528,0.15,0.7943807638025244,0.0,0.0,0.0,0.0,0.0,0.0,0.0,0.0,0.0,0.0,0.0,0.0,34119656.757916525,725.2703467167005,0.1395944308957891,28555357.33692473,910.750527365419,0.3386268200015331,24238568.08455528,319.2807368150667,0.899682947111478,0.0,0.0,0.0,3018.92,1800.0,7500.0,0.0,5033.44,57673.3,0.0,0.0,2867.54,0.0
32,Steel,6,3,1.2410568416118624,0.1079874247312545,0.0290948106183111,0.2814383759208376,0.075974995791912,0.1558567686647122,0.2273321275937561,0.0820042154192924,0.3066952021741856,0.3485540810966974,0.0976990628242492,0.5642825471326072,0.2456233726242568,0.0564540892839431,0.7576488416014603,0.1373539158639291,0.074829651415348,0.8775404104402574,0.3602875441881342,0.0340014239400625,0.9732562663632884,14978618.47494626,611.2313821092816,0.1698132405471516,19352449.09559883,630.0765403636389,0.7171147576803258,18467816.012806877,878.9379262147017,1.1082683883412836,0.0,0.0,0.0,3751.0,1800.0,7500.0,0.0,5766.96,14702.35,0.0,0.0,3714.52,0.0
33,Steel,3,3,1.3172645688056943,0.1258570190668106,0.0079846616176137,0.4041605961147677,0.1083373767137527,0.4300113953593956,0.2956735731727909,0.1134576541185379,0.8804793036056819,0.3460900114567922,0.0774216058850288,1.0513527575534818,0.0,0.0,0.0,0.0,0.0,0.0,0.0,0.0,0.0,20845086.035345007,803.739189986412,0.1588561411171712,21144706.086450998,389.4484860097174,0.5776407069910652,12878620.011527536,529.6035707391304,1.0735827034766454,0.0,0.0,0.0,3182.01,1800.0,7500.0,0.0,5047.03,20144.37,0.0,0.0,3140.68,0.0
34,Steel,4,2,1.739891776442528,0.1177563267946243,0.0107057988319045,0.1827362000135589,0.0856453037261962,0.4972575315280793,0.1401641608268169,0.1308676278591156,0.6759398067661591,0.1804230077434435,0.1172750580310821,0.8462895511383148,0.2866017844656312,0.1099902546405792,1.2018842114456327,0.0,0.0,0.0,0.0,0.0,0.0,17564060.541770875,349.0210468133719,0.3293473997403412,17429232.826496407,637.9245337711868,1.520183194662175,0.0,0.0,0.0,0.0,0.0,0.0,3222.71,1800.0,7500.0,0.0,5012.63,10289.17,0.0,0.0,3230.2,0.0
35,Steel,1,2,1.1103819429874422,0.0631248937249183,0.0111252370222198,0.529395837525395,0.091410094499588,0.4855142932785906,0.0,0.0,0.0,0.0,0.0,0.0,0.0,0.0,0.0,0.0,0.0,0.0,0.0,0.0,0.0,16646218.02823503,388.9994026147471,0.1836074101804217,17554710.48107855,809.3635968824935,0.872738851044857,0.0,0.0,0.0,0.0,0.0,0.0,2732.6,1800.0,7500.0,0.0,12266.96,15787.81,0.0,0.0,2765.31,0.0
36,Steel,5,4,1.5649333417415618,0.0986499509811401,0.0053451665561415,0.1871216705326474,0.0912498378753662,0.5382568642634703,0.3220786849962833,0.1097808176279068,0.7382116795197978,0.2176863852104327,0.0813001346588134,0.8529770576833359,0.4266241973648699,0.1040145623683929,1.019640802574905,0.3753119121550406,0.0800997596979141,1.2131110838504608,0.0,0.0,0.0,18217687.475673508,551.4187531409473,0.1827026409695441,18571416.321199343,361.2333752988361,0.559119817481349,22526575.22851245,1099.9999999999995,0.8841528101430037,21205119.13658405,601.3338457748486,1.3750806723926845,3801.08,1800.0,7500.0,0.0,7110.26,11448.07,0.0,0.0,3798.83,0.0
37,Steel,2,2,1.1972015887498857,0.0705568818449974,0.0115172301619165,0.4120688345628433,0.0710871687531471,0.7434276282196023,0.5628207695376076,0.0757168006896972,1.055843077606294,0.0,0.0,0.0,0.0,0.0,0.0,0.0,0.0,0.0,0.0,0.0,0.0,161777809.19175336,166.9803659913467,0.4926427296947824,155682543.21825603,369.3739655344606,1.0375706910113844,0.0,0.0,0.0,0.0,0.0,0.0,6773.63,1800.0,7500.0,0.0,9209.9,13206.18,0.0,0.0,6814.55,0.0
38,Steel,2,2,0.5080740205943585,0.1089106625318527,0.015987036995063,0.3639663794562263,0.0908819419145584,0.1498895603633394,0.3985674690574494,0.0892391139268875,0.3686855942579098,0.0,0.0,0.0,0.0,0.0,0.0,0.0,0.0,0.0,0.0,0.0,0.0,9285114.616023082,657.3241250738108,0.1726469356383248,8073579.708861093,306.75707158085464,0.4572666180268486,0.0,0.0,0.0,0.0,0.0,0.0,2738.39,1800.0,7500.0,0.0,5141.96,175351.73,0.0,0.0,2690.33,0.0
39,Steel,5,3,1.2448350846767426,0.085150628209114,0.0223023929776234,0.2485436542863993,0.0981440031528473,0.353097525970771,0.2017347354656608,0.0402253378927707,0.4270481379317992,0.2809401998202733,0.0888273453712463,0.5330168117651919,0.3408466909595392,0.0644864121079445,0.8112587716383008,0.2166430056045729,0.0470280309021472,1.0569458383960797,0.0,0.0,0.0,4261448.51536554,1042.13721905741,0.1469564171524299,5012180.227943466,537.8494148211652,0.6025244913884983,4992442.257439765,570.134861056496,1.1203515749642332,0.0,0.0,0.0,2432.88,1800.0,7500.0,0.0,3750.09,12332.92,0.0,0.0,2464.98,0.0
40,Steel,4,4,1.6862226188182832,0.0742433454990387,0.0170400632083804,0.3688036214461203,0.1034802031517029,0.3682817571371596,0.2730780946863383,0.0547669276595115,0.6219807202176586,0.4752638890426694,0.0886236500740051,0.7779559908812894,0.2762909606845463,0.0430577044188976,1.1427174732384344,0.0,0.0,0.0,0.0,0.0,0.0,59170268.24671542,369.84943180312695,0.1833512233171651,45923977.00811302,599.6783529285635,0.4376476499215251,43830477.78767435,307.5379338121766,0.7119180454158875,47389466.840671085,653.1679149504582,1.410508590694087,5546.02,1800.0,7500.0,0.0,9787.5,13394.19,0.0,0.0,5341.27,0.0
41,Steel,4,2,1.0965858533978463,0.052619872868061,0.011840672752158,0.293727783494896,0.0555760872364044,0.2603921558726511,0.2478870102972571,0.02,0.360515660329872,0.1816793281895709,0.02,0.4600899353431802,0.2512613941784455,0.0392746675014495,0.729158084390046,0.0,0.0,0.0,0.0,0.0,0.0,6064069.215705456,392.3711465973267,0.1477465950655904,6582460.09346285,504.2186960398173,0.968116159688542,0.0,0.0,0.0,0.0,0.0,0.0,3040.75,1800.0,7500.0,0.0,6479.43,15569.76,0.0,0.0,3017.26,0.0
42,Steel,5,3,1.328607127070427,0.0833016811609268,0.0206199744026527,0.2969514183597295,0.0780103409290313,0.2302996899745641,0.27224541148691,0.0797937789559364,0.4648224313770879,0.3312867294145278,0.0777554854750633,0.5962023319212385,0.2202153031975216,0.1133564573526382,0.7691722353269843,0.3542995082480397,0.0487664185464382,0.9417650435700772,0.0,0.0,0.0,39570676.00682423,594.6176008243771,0.1392018598781906,42680406.72264801,400.8769456132093,0.5214732774543518,53524728.35091098,633.286220736644,1.1128424879630887,0.0,0.0,0.0,5884.32,1800.0,7500.0,0.0,9314.42,14787.47,0.0,0.0,5749.14,0.0
43,Steel,3,4,0.8142403647303581,0.1079282369613647,0.0069126808300127,0.4569276638483262,0.0956485342979431,0.3895534448156786,0.1469547258266027,0.053927052617073,0.4680805359372901,0.2792054864550396,0.0714214086532592,0.7328063282573223,0.0,0.0,0.0,0.0,0.0,0.0,0.0,0.0,0.0,6919910.452961107,331.5746829280565,0.1672468740557991,5164513.129779555,233.35296974901289,0.4261982314830035,4541961.953318353,782.5864831158221,0.6005851687996744,6389785.521768015,338.90740112978216,0.7023483382254888,2996.91,1800.0,7500.0,0.0,4248.83,28823.48,0.0,0.0,3061.06,0.0
44,Steel,3,3,1.7716592758893968,0.1002210718393326,0.0314269578781932,0.2167399431391614,0.0557573735713958,0.5491014496672312,0.322215691283476,0.0856282722949981,0.7620266092364405,0.3714892225633537,0.0883145970106124,1.2813458833711615,0.0,0.0,0.0,0.0,0.0,0.0,0.0,0.0,0.0,34768994.493768305,346.92345296652854,0.2027358592975553,28702208.51901808,734.8859723627037,0.4150331011393919,36651633.93033671,289.02014493414777,1.4065206843465894,0.0,0.0,0.0,4488.3,1800.0,7500.0,0.0,7305.55,12711.66,0.0,0.0,4463.48,0.0
45,Steel,3,3,1.5022574454545976,0.0936852287054062,0.011753714493635,0.3556602632451283,0.0748721176385879,0.3487457909942604,0.2270210373964907,0.15,0.9559511521940334,0.1669537043916864,0.047148725092411,1.2622701109837633,0.0,0.0,0.0,0.0,0.0,0.0,0.0,0.0,0.0,9552350.256802157,906.9774376745428,0.1660408386266029,13760731.986129103,296.7355596132009,0.4984098456314982,12423739.733185552,478.0995034193825,1.3405587968701675,0.0,0.0,0.0,3867.01,1800.0,7500.0,0.0,5107.65,11974.1,0.0,0.0,3880.66,0.0
46,Steel,4,3,1.3116850882768631,0.0688910503983497,0.01059620686178,0.576620686240577,0.088605061173439,0.1387115728567926,0.2033096409329094,0.132274642586708,0.2727621708434783,0.2462733822442851,0.068338483273983,0.4919911419564388,0.2049284539122077,0.0612234362959861,0.9247449239798248,0.0,0.0,0.0,0.0,0.0,0.0,43037961.79316121,693.641237202404,0.1748783723879368,62041642.287819564,177.31138508641536,0.7058357983206044,49494216.69299146,586.6800307469655,1.0035049548170665,0.0,0.0,0.0,4376.76,1800.0,7500.0,0.0,12232.06,13858.73,0.0,0.0,4190.2,0.0
47,Steel,2,2,0.9406411975622178,0.1124957164525985,0.0163811857775735,0.2527158348476223,0.0594135522842407,0.3512526045462132,0.3107896251334673,0.0922745674848556,0.6918300753753672,0.0,0.0,0.0,0.0,0.0,0.0,0.0,0.0,0.0,0.0,0.0,0.0,4420232.219800493,468.3028531436236,0.2378152944372634,4338524.184667981,649.1445836038171,0.8061184390713113,0.0,0.0,0.0,0.0,0.0,0.0,2312.55,1800.0,7500.0,0.0,2947.91,35459.99,0.0,0.0,2300.77,0.0
48,Steel,2,2,1.6532944321632386,0.0615403364896774,0.0123211145083121,0.3438789500823926,0.0739023450016975,0.3879194116227965,0.1628951921941719,0.0652610322833061,0.9823466302693284,0.0,0.0,0.0,0.0,0.0,0.0,0.0,0.0,0.0,0.0,0.0,0.0,98128942.44218314,490.8342573947804,0.2604302618057849,93512997.74230815,652.2131488899248,1.191952463086447,0.0,0.0,0.0,0.0,0.0,0.0,4603.57,1800.0,7500.0,0.0,8441.81,13342.54,0.0,0.0,4709.41,0.0
49,Steel,2,2,1.4393506467342376,0.0865057302117347,0.025224467587655,0.3113115322019056,0.0906633925437927,0.4815379438544715,0.3080560277867698,0.0376609084010124,0.7981632977089161,0.0,0.0,0.0,0.0,0.0,0.0,0.0,0.0,0.0,0.0,0.0,0.0,56384604.55316536,231.96617779672707,0.1773785257278799,48003843.09209919,414.5973696089184,1.1923985566828763,0.0,0.0,0.0,0.0,0.0,0.0,4744.93,1800.0,7500.0,0.0,13227.38,16774.79,0.0,0.0,4786.53,0.0
50,Steel,2,3,1.1935951441526411,0.0826020035147667,0.0186414125036463,0.4146879884096939,0.0829428812861442,0.2311474698592224,0.233521831080441,0.0894428014755249,0.7505718050084741,0.0,0.0,0.0,0.0,0.0,0.0,0.0,0.0,0.0,0.0,0.0,0.0,11782515.70806935,325.0206808818303,0.1268628477065711,12115705.666496577,994.3715717160306,0.3959793976179383,8371879.48154033,511.5546404375491,1.072887734604792,0.0,0.0,0.0,4034.56,1800.0,7500.0,0.0,5698.45,17460.85,0.0,0.0,4095.61,0.0
51,Steel,3,2,1.2665847927331926,0.0425912699699401,0.0081034447407907,0.3001374601172563,0.0727936398983001,0.3409043412339804,0.2543507115340465,0.075151447057724,0.6949113586791198,0.341080257402434,0.056852898299694,0.979622272882475,0.0,0.0,0.0,0.0,0.0,0.0,0.0,0.0,0.0,47479986.42215709,762.5177825115879,0.1985339184159506,56399943.18264171,528.5926075983263,1.088074028066913,0.0,0.0,0.0,0.0,0.0,0.0,2030.13,1800.0,7500.0,0.0,6872.1,11231.86,0.0,0.0,2135.19,0.0
52,Steel,1,4,1.0329316541552545,0.0795597749948501,0.0182317167591533,0.4281219704191617,0.0641656160354614,0.7832200266408745,0.0,0.0,0.0,0.0,0.0,0.0,0.0,0.0,0.0,0.0,0.0,0.0,0.0,0.0,0.0,25149920.616174284,894.7223622159794,0.3319944976787886,26733701.851486556,501.9024542799231,0.5960708966886072,22511648.19528333,699.66979865296,0.6816293924029798,27349089.9829421,421.51490111095495,0.8467202739214008,7124.5,1800.0,7500.0,0.0,9417.84,35252.03,0.0,0.0,7221.71,0.0
53,Steel,5,3,1.2940154284238816,0.1041768174171447,0.0197310364864398,0.2573821310113426,0.122196746468544,0.153678507663986,0.2966680141105376,0.0838958510756492,0.2805970315104366,0.2589874513672952,0.15,0.5263063593232169,0.4059998947742989,0.1202514052391052,0.7649509270768635,0.2255728252956692,0.0593502268195152,1.024291247621652,0.0,0.0,0.0,31211903.11766738,688.8973876072749,0.1672171112385629,38193547.216334425,216.59194894777352,0.6951836975001601,28719917.234335165,384.08519017289217,1.1044273875150767,0.0,0.0,0.0,4522.08,1800.0,7500.0,0.0,6221.91,13623.06,0.0,0.0,4575.53,0.0
54,Steel,5,2,1.3438653230667117,0.1025741094350815,0.0178699678354831,0.2837875881806438,0.0745088204741478,0.1573554234782734,0.2520092028884405,0.0674156013131141,0.2911460928872233,0.2389647382153488,0.0904492288827896,0.5214122562662995,0.296138368160562,0.15,0.7830977298930095,0.2053814714056907,0.0648997923731803,0.9877216904928864,0.0,0.0,0.0,35024135.3336195,596.1518944370176,0.1343865336505365,31412812.15366703,463.1284457942793,1.1711893152806332,0.0,0.0,0.0,0.0,0.0,0.0,3759.02,1800.0,7500.0,0.0,7450.33,14177.62,0.0,0.0,3764.73,0.0
55,Steel,2,2,1.2383088380098344,0.0502109780311584,0.0108917022175773,0.2273782833402539,0.0903576016426086,0.1238408838009834,0.2297802530402842,0.1369938367605209,0.7046160427202826,0.0,0.0,0.0,0.0,0.0,0.0,0.0,0.0,0.0,0.0,0.0,0.0,73737909.90402417,516.0242489653943,0.1990350688201198,64610422.752189465,208.00042836009,1.0500518540203188,0.0,0.0,0.0,0.0,0.0,0.0,2986.89,1800.0,7500.0,0.0,8782.72,22735.02,0.0,0.0,3020.01,0.0
56,Steel,1,4,1.7733877360820771,0.1026680921316147,0.0264824896186783,0.3271291134737892,0.0298619125038385,0.6588963549676528,0.0,0.0,0.0,0.0,0.0,0.0,0.0,0.0,0.0,0.0,0.0,0.0,0.0,0.0,0.0,4376606.879130029,781.6764666222249,0.1822523331755775,4535579.348765152,266.9638812206678,0.362560609911052,4228076.837231113,218.0483476260952,0.7720544464185352,3398150.200823209,712.5423939797405,1.3487998343150402,2603.35,1800.0,7500.0,0.0,4089.32,9335.13,0.0,0.0,2505.23,0.0
57,Steel,1,4,1.4985039025545122,0.029970081048098,0.0239760648384784,0.2761866210866298,0.0895686775445938,0.9289895779544968,0.0,0.0,0.0,0.0,0.0,0.0,0.0,0.0,0.0,0.0,0.0,0.0,0.0,0.0,0.0,4915162.2911714455,385.49964773460505,0.2699974499170184,4763835.161884238,342.97798551896994,0.5336580053903114,4302695.47584399,720.5848411912734,0.684425348589489,4193915.886949097,909.1552263210076,1.2029395964497431,1968.55,1800.0,7500.0,0.0,9819.57,11861.85,0.0,0.0,1930.13,0.0
58,Steel,1,4,1.4857249855995178,0.1283744248151779,0.0235797020959424,0.3215676465045427,0.1472089141607284,0.9302118345936432,0.0,0.0,0.0,0.0,0.0,0.0,0.0,0.0,0.0,0.0,0.0,0.0,0.0,0.0,0.0,17262705.716058787,287.01087399454923,0.3352633390339474,15376744.1749282,762.0658199579059,0.8864562390901781,12563566.28394398,713.7697148124074,0.9565054638439662,13077927.680223064,772.8143497241477,1.2878422769542377,4502.59,1800.0,7500.0,0.0,4907.99,14952.59,0.0,0.0,4663.59,0.0
59,Steel,3,4,1.2481375187635422,0.1224494353532791,0.0206357274634442,0.2939751718505257,0.15,0.502764646269257,0.350231312679168,0.0751785671710968,0.7597702999126389,0.4042087474723184,0.0947107595205307,0.9289552297566414,0.0,0.0,0.0,0.0,0.0,0.0,0.0,0.0,0.0,14961470.9411644,251.96625637041535,0.2092503452798764,11807635.794173464,541.7519841597991,0.7900029006513906,14549581.937432831,639.9412295074966,0.9937854310417154,15087372.10262194,448.9343357230935,1.1233237656390505,3656.52,1800.0,7500.0,0.0,5762.43,19217.13,0.0,0.0,3647.0,0.0
60,Steel,3,3,1.2229930818080903,0.0778764529824257,0.0248054915600789,0.2609017778874197,0.0852883565425872,0.3439084358620064,0.5371221840593327,0.0952840089797973,0.6703502288114301,0.3020718621518793,0.0315398765355348,0.8166238793147798,0.0,0.0,0.0,0.0,0.0,0.0,0.0,0.0,0.0,22140356.22664349,368.9947778432395,0.1628829390222722,20374178.214001693,359.8867669729953,0.5128946766890783,24702437.79680432,551.3319832529863,1.0343470450664325,0.0,0.0,0.0,3919.38,1800.0,7500.0,0.0,10381.5,15368.8,0.0,0.0,3799.7,0.0
61,Steel,1,3,0.9518007099628448,0.0407025787532329,0.0136340307338392,0.1804872656390777,0.1224729996919632,0.2827615502377307,0.0,0.0,0.0,0.0,0.0,0.0,0.0,0.0,0.0,0.0,0.0,0.0,0.0,0.0,0.0,4360726.571702894,326.3543847210658,0.0951800719480852,5376704.878879973,381.076764241034,0.0951800719480852,5376103.004678999,887.336853180576,0.6496480275287752,0.0,0.0,0.0,4504.38,1800.0,7500.0,0.0,7551.51,21731.03,0.0,0.0,4368.9,0.0
62,Steel,6,4,1.703954139351845,0.0400252795517444,0.0161878402233292,0.2256026128134077,0.0850570297241211,0.2651372053462472,0.2966699200280955,0.0801705199480056,0.5667428609152113,0.2545825408536447,0.0892077010869979,0.8238340875202106,0.1638128371292867,0.1116289836168289,1.004584982118015,0.2394133891303815,0.1136067605018615,1.235499499512475,0.1779485461175203,0.0721948045492172,1.4366446639368782,23995458.6450473,339.6148439327249,0.1758302098306479,29297367.402276367,385.6802192269903,0.4944731768288071,23506446.16959192,165.92127430189572,0.7763654008109029,23552706.09938543,499.97525485467486,1.4747534177998016,2911.12,1800.0,7500.0,0.0,6182.94,7946.97,0.0,0.0,2864.93,0.0
63,Steel,5,3,2.1,0.0549674047231674,0.0087875713373791,0.1613487418038139,0.15,0.5048695965198537,0.4711860762433513,0.1003224301338195,0.7888278477541555,0.3821944368845323,0.0615844359993934,1.0182276175877694,0.2959434983157792,0.0710668209195137,1.2962099208495863,0.3668379722826748,0.0570955768227577,1.671593668964975,0.0,0.0,0.0,226119221.6942558,384.3262346380099,0.2809658696244503,282743657.39896387,313.7150714309728,0.948506492619538,219238260.3722486,496.55655952070725,1.7159303517658084,0.0,0.0,0.0,3895.04,1800.0,7500.0,0.0,6596.83,10472.85,0.0,0.0,4325.04,0.0
64,Steel,1,3,1.13359976708889,0.1037023419141769,0.0262685167524593,0.2932616032363583,0.1199710685014724,0.3184145325360338,0.0,0.0,0.0,0.0,0.0,0.0,0.0,0.0,0.0,0.0,0.0,0.0,0.0,0.0,0.0,10014868.214129431,560.8996926840392,0.1515931533845849,13798416.844087243,951.988017786266,0.2413925032089684,13376895.53664819,501.4313512848425,0.7599434665202751,0.0,0.0,0.0,4514.5,1800.0,7500.0,0.0,5354.79,24627.3,0.0,0.0,4628.4,0.0
65,Steel,5,3,1.46731553375721,0.1060831748247146,0.0423993149053375,0.3230245948434008,0.02,0.368296021885558,0.3596309164416942,0.0885909044742584,0.5282502862958398,0.4002229224757104,0.056374662220478,0.7493617373213706,0.2850921244015643,0.0470977237820625,0.9080036850788124,0.1881015462098472,0.0984674841165542,1.1736292312507248,0.0,0.0,0.0,15007632.4404754,288.9419092229206,0.1725972708497158,19011613.72426193,686.9627420363881,0.6119269953092158,21309904.3375892,390.27027747291226,1.2657616285555922,0.0,0.0,0.0,4082.59,1800.0,7500.0,0.0,6406.13,12969.25,0.0,0.0,4058.99,0.0
66,Steel,2,3,1.4269599854946138,0.1254746134281158,0.0332037248342468,0.1903239432311251,0.1287434643507004,0.73429707453665,0.4306307037765528,0.0993433475494384,1.0730749512790372,0.0,0.0,0.0,0.0,0.0,0.0,0.0,0.0,0.0,0.0,0.0,0.0,11672292.212361028,363.593122022693,0.2755052196859954,9334938.696874706,676.0694260716729,0.8271017515404298,8318873.750958246,694.2816810892971,1.2842639855181923,0.0,0.0,0.0,2899.3,1800.0,7500.0,0.0,4358.86,17538.59,0.0,0.0,2854.45,0.0
67,Steel,1,3,1.114520213007927,0.0556264177560806,0.0091587843208965,0.1624215498958809,0.0433942204713821,0.5057172165791608,0.0,0.0,0.0,0.0,0.0,0.0,0.0,0.0,0.0,0.0,0.0,0.0,0.0,0.0,0.0,3753383.305038993,116.2184313974226,0.2820730806612642,3241308.5815002043,265.54550782780336,0.8356107330804811,4562966.256562556,180.5479665942074,0.9476854033791664,0.0,0.0,0.0,4751.66,1800.0,7500.0,0.0,7708.84,11590.59,0.0,0.0,4777.04,0.0
68,Steel,6,3,1.3642135173082353,0.0896761692762374,0.0248412600324893,0.2140610068581107,0.0939741152524948,0.2662185751638107,0.2735335078063861,0.0613586068153381,0.4813514308751389,0.3144939724911239,0.0634983140230178,0.5830460774085332,0.2538144842590942,0.0932084447145462,0.8040853461501309,0.2614385347846562,0.0532677626609802,0.9948017708064631,0.2639582432622886,0.0270255893468856,1.1947723179629093,12934380.37788448,810.3751658501889,0.1942394304926755,9596470.59063254,398.8581778240717,0.6887672531824954,11443342.906833062,336.83022237010766,1.172934198203906,0.0,0.0,0.0,3494.6,1800.0,7500.0,0.0,4897.07,10557.96,0.0,0.0,3541.16,0.0
69,Steel,2,3,1.0384025752544404,0.0934318038225174,0.06,0.2355385816553969,0.0658915516734123,0.4364522031650223,0.3212844025875697,0.08096205919981,0.6897634172509388,0.0,0.0,0.0,0.0,0.0,0.0,0.0,0.0,0.0,0.0,0.0,0.0,2817143.923616648,330.9399727816642,0.1579267926441841,3519248.284575777,567.9862420257626,0.5210940097053237,3610905.5647563273,541.3613536786845,0.9345623166905938,0.0,0.0,0.0,2856.87,1800.0,7500.0,0.0,4720.63,25070.92,0.0,0.0,2879.13,0.0
70,Steel,3,3,2.1,0.0778083231449127,0.0098385952585257,0.2070758061355983,0.0846598052978515,0.4781931324635891,0.3468482532651337,0.0609677168726921,0.6810193851089485,0.2323040429100686,0.101556139588356,1.212320749451247,0.0,0.0,0.0,0.0,0.0,0.0,0.0,0.0,0.0,14960322.063334376,1083.5093223659926,0.2280098364732438,12135947.229809197,623.5191291695284,0.7885456855182237,13553910.50853514,280.1202647398407,1.7398628766118458,0.0,0.0,0.0,3622.52,1800.0,7500.0,0.0,5837.33,7216.65,0.0,0.0,3629.44,0.0
71,Steel,4,4,1.8152139365673063,0.0723274620175361,0.0091347822007756,0.4094255121479809,0.0362941728532314,0.5824787146553727,0.3796950188431109,0.1169183588027954,1.029821397388646,0.3238240127858188,0.112843120098114,1.2941076622328114,0.3939217735183772,0.0868180626630783,1.419340819612045,0.0,0.0,0.0,0.0,0.0,0.0,43180158.89881038,759.2611484512514,0.2161003307471477,35696086.30431619,1099.9999999999995,0.4638501526490942,34196774.54117615,668.7647106678945,0.4864047874509205,36721357.82835246,276.385827106098,1.6301781204592185,2213.82,1800.0,7500.0,0.0,8055.73,13464.03,0.0,0.0,2171.94,0.0
72,Steel,3,3,1.4277055114507675,0.0946746877431869,0.0188442222747763,0.2464984724788587,0.0826330921053886,0.2948490530102323,0.3985506512329001,0.1006089967489242,0.6423594044838319,0.2356493906948262,0.1080167549848556,1.0804668434700233,0.0,0.0,0.0,0.0,0.0,0.0,0.0,0.0,0.0,10993475.237103157,502.9188036470856,0.189617554980009,8221683.477842612,430.1889084673237,0.6615277707966689,10081199.80471844,1084.4700636648292,1.275935958856428,0.0,0.0,0.0,3124.66,1800.0,7500.0,0.0,5004.33,10422.53,0.0,0.0,3142.15,0.0
73,Steel,6,4,0.8010443016886711,0.0634713702797889,0.0507770962238311,0.3591219111241895,0.052613633275032,0.1094068208256399,0.1838099741724976,0.0820721513032913,0.2091791132469254,0.3051461292049929,0.15,0.3336578007927721,0.1810433345947495,0.0324072397500276,0.4571839934497321,0.2090504038911348,0.0584232807159423,0.5354662697675773,0.2400300158822182,0.1399332928657531,0.6785329647065567,23926028.0939407,669.1946140588213,0.0817811322216096,29882286.34690309,339.7060882320868,0.1789666231988541,23470973.37121409,638.6439560345734,0.3841159215402154,24943222.939466745,272.82334924609614,0.7011595236910731,5575.62,1800.0,7500.0,0.0,7753.07,12036.13,0.0,0.0,5798.03,0.0
74,Steel,1,4,1.8617958009243007,0.1064157452583313,0.0288910104804809,0.2227410380947164,0.1397331309318542,0.5425347371849691,0.0,0.0,0.0,0.0,0.0,0.0,0.0,0.0,0.0,0.0,0.0,0.0,0.0,0.0,0.0,6662384.691753125,548.2933865227959,0.2299677504393319,7156412.95846408,479.1618541200052,0.6915092396509968,6914273.139780455,661.033328411644,0.920335161267593,6763501.376393279,280.74205809272297,1.359781972617848,3168.04,1800.0,7500.0,0.0,3954.87,9428.01,0.0,0.0,3076.21,0.0
75,Steel,2,2,1.3619635969400403,0.0634207690954208,0.0174220134491535,0.2391680571162924,0.0769417077302932,0.6967216828142626,0.3130225766676376,0.0420878000557422,1.0919667233756296,0.0,0.0,0.0,0.0,0.0,0.0,0.0,0.0,0.0,0.0,0.0,0.0,4287202.452698289,383.6749647211914,0.2603532743709822,4816243.773881062,427.8751175028616,1.1272039965482643,0.0,0.0,0.0,0.0,0.0,0.0,2847.84,1800.0,7500.0,0.0,4597.71,7752.96,0.0,0.0,2831.98,0.0
76,Steel,3,3,1.987707537412644,0.0667954072356224,0.0219056185196845,0.3269609196485621,0.0952387028932571,0.508562477466424,0.3211108921565431,0.0900921267271041,1.101737425453456,0.1837055285518642,0.0914110088348388,1.4519885858007482,0.0,0.0,0.0,0.0,0.0,0.0,0.0,0.0,0.0,96441947.40435009,659.5520426461763,0.2275607947089529,79920651.76968893,1099.9999999999995,1.0324990512094052,108132972.92189042,797.0179938550958,1.7427902426320097,0.0,0.0,0.0,5465.17,1800.0,7500.0,0.0,7546.92,16201.85,0.0,0.0,5471.33,0.0
77,Steel,2,3,1.0263553455471994,0.075348903298378,0.0293712588090947,0.2535064560989145,0.1083475816249847,0.2009951789533873,0.1815150847935666,0.1081469005346298,0.8023880169126139,0.0,0.0,0.0,0.0,0.0,0.0,0.0,0.0,0.0,0.0,0.0,0.0,6353509.101900506,619.2773831569247,0.1064162352160887,5220875.842018773,370.27041106867074,0.3034326033630592,6611619.890909074,609.8162666898006,0.7540413708069404,0.0,0.0,0.0,3846.45,1800.0,7500.0,0.0,4582.62,24613.4,0.0,0.0,3780.77,0.0
78,Steel,5,4,1.3678544759750366,0.123446342587471,0.0129722596229405,0.3161582252870356,0.0832877832651138,0.2581527649402864,0.1465031212607985,0.0740537372231483,0.3506337227394148,0.5832163326723079,0.0220311222691088,0.4802464184448134,0.2510826554550454,0.1109587681293487,0.6173256079011241,0.2958739068009535,0.0765552654862403,0.9407813042936362,0.0,0.0,0.0,10716859.811294556,334.32853157523755,0.1812855185970286,9173746.580027752,1016.530216482243,0.835836676183453,10300221.788459923,108.51009565985149,0.9978879056357928,11651001.51446462,241.52959484632268,1.2101196463225836,2736.06,1800.0,7500.0,0.0,5183.17,16535.07,0.0,0.0,2800.36,0.0
79,Steel,6,3,1.3736136943101884,0.1018283587694168,0.0075057243117107,0.5483829710603134,0.0688030353188514,0.2282029591491083,0.2401849316005913,0.0496548153460025,0.3810295788798207,0.3355982976569078,0.0631680530309677,0.4629050915897397,0.1719509187095931,0.0423253490030765,0.7207809570713279,0.3431239007453419,0.0876499837636947,0.9289377499452792,0.1999343393104904,0.0629192104935646,1.1545561166052305,18936443.1906292,302.5078935004884,0.1661747027312256,21201774.57515648,367.4569919854629,0.8549115440806501,21787196.89513604,403.2348361981861,1.2094886913400158,0.0,0.0,0.0,3185.42,1800.0,7500.0,0.0,5903.52,14903.81,0.0,0.0,3195.88,0.0
80,Steel,6,4,1.548018690943718,0.0874041477441787,0.0166321581552105,0.2927141801656557,0.1322201466560363,0.168814306357886,0.2414104577529485,0.0538390284776687,0.4033486621092302,0.3377379937061947,0.0841791439056396,0.6374393070857854,0.3325126251316669,0.0840265041589737,1.0778236064837747,0.1577552005950321,0.0861459410190582,1.2212978899294584,0.3510332147917955,0.0817898580431938,1.3156496658039796,33921114.3187138,147.06540081306437,0.1548018706423904,38577454.58815052,437.3504186377069,0.6813497898662296,32081778.36342589,146.5893601417258,0.9521146164749218,33795035.819626644,392.4766397041247,1.3932168203013275,5555.98,1800.0,7500.0,0.0,6026.89,9548.48,0.0,0.0,5829.31,0.0
81,Steel,5,4,1.1727638632059096,0.1064287203550338,0.0174566569850345,0.2535630533032836,0.0287464990466833,0.1322517901262834,0.3714704588869569,0.15,0.2840710049644644,0.1916021047981828,0.0808820432424545,0.5045556896748972,0.3250987572324153,0.15,0.7288086943419475,0.3014576952023149,0.0515259675681591,0.996848200350972,0.0,0.0,0.0,15613334.643664263,472.98506185468415,0.1593164507375837,19195400.35782787,430.5583778514789,0.6528453158660716,15686270.279316522,621.6965413408558,0.7092323093409977,20769125.412415843,1079.6950197264252,1.0169370068417032,3636.85,1800.0,7500.0,0.0,5353.57,17376.54,0.0,0.0,3519.53,0.0
82,Steel,5,4,1.3816319853067398,0.049081537336111,0.0148786268501731,0.1748560932836591,0.0493668016791343,0.3081296619561537,0.1338863876426462,0.1024180555343628,0.5282711041941992,0.2714447536440994,0.0920817744731903,0.7400313985500991,0.2295615185039124,0.0895570081472396,0.852912064511312,0.2707003528573749,0.0391918349266052,1.1045637000257411,0.0,0.0,0.0,7653012.377821041,415.898226942065,0.166157541421387,8511901.691060914,458.71472230141217,0.7246934182526352,6800490.974508188,44.99999999999999,0.7732953331655155,8868695.04629591,905.9081048047212,1.1899183317633202,4370.6,1800.0,7500.0,0.0,6183.61,8580.5,0.0,0.0,4199.84,0.0
83,Steel,6,2,1.272122922539711,0.09956338763237,0.0520653297584662,0.2440947494334088,0.0488752360641956,0.3175858364578638,0.2313582851703425,0.0853842067718505,0.4672421260720518,0.4306108682038892,0.064871916770935,0.6785168584926837,0.2954812717060919,0.0359597973525524,0.8066858782579014,0.3976242285083032,0.0275592003390192,0.9256088450546166,0.3072066469401739,0.0875560241937637,1.0268201172916551,14608938.370672086,178.02247090104507,0.185806621561747,14417652.458844831,187.48929081715383,1.0893374661770432,0.0,0.0,0.0,0.0,0.0,0.0,2815.04,1800.0,7500.0,0.0,5727.65,14108.5,0.0,0.0,2802.44,0.0
84,Steel,4,3,1.5400888353586195,0.0856564496159553,0.0067747260603496,0.382464695256535,0.1268478846549987,0.2965871599444785,0.2200691574900421,0.0691267448663711,0.4508038865130865,0.3429341714391947,0.1015603005886078,0.7485721747224405,0.1771642877111693,0.065113281905651,1.0722054861453545,0.0,0.0,0.0,0.0,0.0,0.0,70901602.39523402,733.6352012673784,0.172403791647847,87198532.5043716,549.9557886467081,0.2662994067729835,105089861.53392117,546.6489236706633,1.225803294249272,0.0,0.0,0.0,4652.64,1800.0,7500.0,0.0,11952.02,14833.86,0.0,0.0,4537.97,0.0
85,Steel,4,2,1.2383083969354631,0.122422909617424,0.0045618636947414,0.185439934357339,0.1093509870767593,0.3261897523114285,0.2525672050824268,0.1192184621095657,0.6079003981398264,0.371252026868122,0.0743240821361541,0.7877372651929574,0.200278021767289,0.1114030808210373,0.9634776864905948,0.0,0.0,0.0,0.0,0.0,0.0,19291314.710662667,417.5654601462927,0.1662092447464881,16671975.91812913,894.871529703427,1.058970181987121,0.0,0.0,0.0,0.0,0.0,0.0,3285.1,1800.0,7500.0,0.0,5719.3,18330.99,0.0,0.0,3240.98,0.0
86,Steel,4,2,1.3395781904459,0.1091492418050766,0.0211655406752535,0.1987212262528883,0.0756726065278053,0.2508311744040555,0.267170547306536,0.120036551952362,0.4639955108022761,0.385502757663749,0.0653078493475914,0.7410303583176584,0.3335813914390439,0.1084714740514755,1.0678363198511047,0.0,0.0,0.0,0.0,0.0,0.0,61415373.5540297,360.5999398354979,0.196312780276773,86935067.36599165,504.5574353015291,1.1274450659325723,0.0,0.0,0.0,0.0,0.0,0.0,5471.54,1800.0,7500.0,0.0,9710.29,15992.93,0.0,0.0,5436.25,0.0
87,Steel,5,2,1.6900341629981996,0.1070529046058654,0.0200453929067476,0.3964999525675587,0.0755883404612541,0.2577333676882767,0.2357633467268464,0.107255625128746,0.4754906278496089,0.2759398198477139,0.0797450751066208,0.836726383871033,0.1983122346952104,0.0809275740385055,0.9720226696941756,0.1715981150425396,0.1158296102285385,1.2506004074874542,0.0,0.0,0.0,55601396.14839746,260.858891664829,0.1939677072006915,49836558.87148133,636.8054253052536,1.3229457361850967,0.0,0.0,0.0,0.0,0.0,0.0,4386.57,1800.0,7500.0,0.0,7357.45,10397.65,0.0,0.0,4462.78,0.0
88,Steel,4,2,1.0168155133724213,0.0752030794620514,0.0117656140359823,0.2853110861330191,0.1124873739480972,0.1370709547162917,0.2174830192740481,0.0294003533571958,0.3080446574915362,0.479679654135323,0.1203996980190277,0.4743618704699739,0.2574502777687764,0.15,0.7464672269394272,0.0,0.0,0.0,0.0,0.0,0.0,54870372.41533841,588.4841577207566,0.124203796925802,50460748.34022577,625.2007716216899,0.8182824173782384,0.0,0.0,0.0,0.0,0.0,0.0,3731.29,1800.0,7500.0,0.0,9513.32,12812.48,0.0,0.0,3710.96,0.0
89,Steel,2,4,1.1614584654569626,0.1218686114549637,0.0165681009860551,0.4959764928673604,0.0870180541276931,0.2662929461281039,0.2692320720527164,0.1055848479270935,0.659282511843005,0.0,0.0,0.0,0.0,0.0,0.0,0.0,0.0,0.0,0.0,0.0,0.0,12284669.339420691,650.1925876568976,0.1230483327631635,14276100.722963355,498.08344873294845,0.4363099138669202,15202203.07745337,523.8895568731164,0.5227623422354187,14717614.027156029,387.96306445649776,0.9682913200227614,3846.59,1800.0,7500.0,0.0,5500.63,25516.41,0.0,0.0,3900.87,0.0
90,Steel,2,3,1.7021330535411836,0.1067558569908142,0.0181926061407078,0.3403597673047948,0.0818594017624855,0.6727400890607501,0.273625599930345,0.0342326684296131,1.288096510978324,0.0,0.0,0.0,0.0,0.0,0.0,0.0,0.0,0.0,0.0,0.0,0.0,9277392.637068316,731.4296979809176,0.2284259190562129,8121152.61806382,454.04322549587846,0.8306334383284213,10305201.05208756,282.43907068635485,1.338702570829302,0.0,0.0,0.0,3601.95,1800.0,7500.0,0.0,4016.37,9770.24,0.0,0.0,3604.6,0.0
91,Steel,6,4,1.1154490053653716,0.0583215687870979,0.0113892477424696,0.2327411467066758,0.0708526417613029,0.1807215807470621,0.2544263835708351,0.0616688066720962,0.2786117194629529,0.2842187305183693,0.0364077673852443,0.4227113030533759,0.2616360362706828,0.0567687678337097,0.548270914853553,0.2826985128452352,0.0921139079332351,0.6815998030393019,0.2918516491093353,0.0881229507923126,0.9106052926264974,11678283.750298863,196.5401022409494,0.1223783651310534,11330342.896125352,1085.7803724959408,0.5690362985975361,10011840.240834612,1099.9999999999995,0.7368890225411581,9561200.787559994,502.6388105033509,0.9743178375637688,4201.1,1800.0,7500.0,0.0,4922.87,9279.82,0.0,0.0,4169.25,0.0
92,Steel,5,3,1.2319430321455005,0.0797898015379905,0.0229423423226093,0.1564118570612973,0.0707050192356109,0.1526637414290218,0.4334771232281206,0.0954500150680542,0.3612218536320256,0.3309645448032013,0.0381868429481983,0.5905635132825247,0.2852996014297882,0.0661876025795936,0.6782923299725123,0.4127834763111296,0.1011372113227844,0.958220864414174,0.0,0.0,0.0,17600280.850561626,368.7893450633935,0.1630895018136031,22125558.07236953,188.64798758246005,0.4601921432568044,18200868.602192804,217.3253148683565,1.0347637380037122,0.0,0.0,0.0,3614.23,1800.0,7500.0,0.0,5065.61,14764.09,0.0,0.0,3662.13,0.0
93,Steel,1,4,1.000836326181889,0.0812910024523735,0.0159557781514369,0.2283803320237288,0.0970550143718719,0.4429008563410089,0.0,0.0,0.0,0.0,0.0,0.0,0.0,0.0,0.0,0.0,0.0,0.0,0.0,0.0,0.0,6823390.6366821965,572.4514731242565,0.1411842345806947,7168867.910125333,871.715925528876,0.4750197417694334,7137737.05398575,440.8039390316723,0.5355680676404639,7333356.974617703,812.0050318175066,0.8293339098648382,5916.4,1800.0,7500.0,0.0,6973.21,19154.11,0.0,0.0,5914.22,0.0
94,Steel,5,3,1.7008967220783235,0.108734597325325,0.0166818120248527,0.3788776309087637,0.1282472515106201,0.2603506962420247,0.2356584420476764,0.0227406140975654,0.5344694399782343,0.2188397586779601,0.0689238438010215,0.6460387078481764,0.3777513867997257,0.0774986734986305,0.92112547025684,0.2536043428770245,0.0930973219871521,1.2595085304704012,0.0,0.0,0.0,31861703.752395693,632.84779533514,0.287155320869792,26110611.247562107,912.1444107817068,1.1328107922596096,31297051.795074534,799.0905271857976,1.4636531645862445,0.0,0.0,0.0,3809.46,1800.0,7500.0,0.0,6025.24,9945.41,0.0,0.0,3879.17,0.0
95,Steel,5,2,0.836867094039917,0.1172266415357589,0.0227295585450695,0.3244290234159563,0.0975134915113449,0.162234112604656,0.3213049408249,0.1116519039869308,0.3043957020644556,0.2883256668428615,0.0756494304537773,0.4474112077166672,0.3237869808875989,0.0993803083896637,0.5849304167318096,0.2268368893541601,0.0693150088191032,0.7276642226123821,0.0,0.0,0.0,24586065.692007083,639.0815265675099,0.1145723023124198,29434110.974474613,834.9093000016238,0.7531803837990582,0.0,0.0,0.0,0.0,0.0,0.0,3693.0,1800.0,7500.0,0.0,6622.54,36101.81,0.0,0.0,3694.2,0.0
96,Steel,3,3,0.9606870904564858,0.1538378024101257,0.0166323691909656,0.2869105355195723,0.0964440834522247,0.0960787090456485,0.287555927936721,0.1281194770336151,0.4837418092285458,0.2793289364702615,0.1103566861152649,0.8374132672386572,0.0,0.0,0.0,0.0,0.0,0.0,0.0,0.0,0.0,20974565.63977949,152.57129997302437,0.135449691953395,28985334.89738516,407.8182250560941,0.5779249600516959,27050405.54265459,538.5516989873659,0.8646183804501502,0.0,0.0,0.0,4267.41,1800.0,7500.0,0.0,5543.33,31026.62,0.0,0.0,4245.87,0.0
97,Steel,6,4,1.582071948051453,0.1021246192455291,0.0507098122485059,0.2170760170677767,0.0989328187704086,0.2148246599524234,0.311690576540393,0.1342173880338668,0.4346190627782332,0.3306326654470405,0.0734327912330627,0.5891418793916676,0.5610059387412257,0.1066569989919662,0.8975960193549727,0.3499727920616754,0.0913569855690002,1.0717303633993351,0.1980023927870919,0.1033019775152206,1.2648480408942024,90333330.6228367,410.5512688313024,0.1658502404887344,86742536.1116135,276.2793748426291,0.3973018057348978,82219901.26745816,551.2633963831871,0.7744071158629157,87241788.71387294,684.8363529551588,1.3816617071763837,5607.37,1800.0,7500.0,0.0,11076.8,16814.4,0.0,0.0,5460.63,0.0
98,Steel,1,4,0.9359393998980522,0.0712424163818359,0.0053737999701001,0.4419284092222987,0.1050346893072128,0.5049264459447945,0.0,0.0,0.0,0.0,0.0,0.0,0.0,0.0,0.0,0.0,0.0,0.0,0.0,0.0,0.0,7034876.183813783,859.2389919374723,0.1255270215815949,7036353.03329661,227.3783373710953,0.2204211238565383,5871698.285714146,308.73548310840414,0.2243805670495053,7074786.389126588,249.10261002770616,0.724956034004199,2953.55,1800.0,7500.0,0.0,12818.23,17160.59,0.0,0.0,3013.75,0.0
99,Steel,6,3,1.1772677838802337,0.1247408899068832,0.0129660887264224,0.1866485997122949,0.1166071128845215,0.2360674016087563,0.3708004844063203,0.1092981570959091,0.3633352451102642,0.3114135206304059,0.0568073830008506,0.5226743439749495,0.2571575208989118,0.0300445877760648,0.6487370150411451,0.2100021607410761,0.1030052989721298,0.8047408585987493,0.2509025846210069,0.115288478732109,0.9770671991666796,16763843.181158992,418.5928192702543,0.1251887687170829,21065642.530834988,1000.9965689077208,0.3935594191518359,18734049.839104164,281.2860669849954,0.9984472485099114,0.0,0.0,0.0,3739.81,1800.0,7500.0,0.0,5063.57,21797.11,0.0,0.0,3730.47,0.0
100,Steel,5,4,1.2380111128091813,0.0588049948215484,0.0263666701523962,0.4085272089570763,0.1014563453197479,0.2696344722915794,0.24578873246955,0.0854838073253631,0.5264752954091705,0.2409463027186812,0.0950922852754592,0.641042086618263,0.2842526578647641,0.1243072026968002,0.7856143673142315,0.2738507220558084,0.0226093144901096,1.1142000015282636,0.0,0.0,0.0,35115810.78614069,420.0981784953427,0.1527888996028084,49802842.42841809,132.12524608611523,0.5496578031466546,38222609.805308856,275.307569017615,0.7596992283578426,41370399.74217043,620.6418470079794,1.1041990015282637,6043.53,1800.0,7500.0,0.0,7964.78,14115.63,0.0,0.0,5919.76,0.0
101,Steel,5,2,1.100759243965149,0.1136494251489639,0.0120911121771535,0.146359008199542,0.0804370990395546,0.1901141889469339,0.2270963908066695,0.0828171330690384,0.4100637439384197,0.3579249928788778,0.1055763554573059,0.5467583718130209,0.2468117012237452,0.1139239031076431,0.6717006676018306,0.3132517432464842,0.0424332793056964,0.8991508382308955,0.0,0.0,0.0,11575924.363062115,488.841323499604,0.1465121513082525,12905446.762327956,945.6949461505412,0.9906833184678748,0.0,0.0,0.0,0.0,0.0,0.0,2717.42,1800.0,7500.0,0.0,5407.04,18413.29,0.0,0.0,2729.77,0.0
102,Steel,1,2,0.9080182895064354,0.0795565121769905,0.0162711109805465,0.2394752577164283,0.0494576017558574,0.3097794093819438,0.0,0.0,0.0,0.0,0.0,0.0,0.0,0.0,0.0,0.0,0.0,0.0,0.0,0.0,0.0,13213150.635675052,455.28791196921856,0.130126748512062,11118162.43681934,511.2401310264626,0.6818307672656487,0.0,0.0,0.0,0.0,0.0,0.0,6359.45,1800.0,7500.0,0.0,8086.69,26495.44,0.0,0.0,6410.62,0.0
103,Steel,6,4,1.399385890364647,0.1089197019338607,0.0066862436529426,0.333207239483576,0.0555743709206581,0.216022501632543,0.2196795990323347,0.137588170170784,0.4134058356740835,0.2286396085565527,0.1095254778861999,0.6921768477741073,0.3175849950960249,0.0641014149785041,0.9386901956602384,0.4247920187349315,0.0725866204500198,1.1239014950110622,0.3860171087298142,0.0226550716906785,1.2288150544549838,18565931.043630928,549.6115964435519,0.1484733753529924,10845326.734636856,322.1038945985372,0.6815897651196448,14800220.975884683,215.76367294034023,0.850755866099691,14321078.944109092,262.83626605375616,1.2594472999287964,3784.05,1800.0,7500.0,0.0,4527.77,13276.87,0.0,0.0,3689.52,0.0
104,Steel,3,4,1.288062247633934,0.1095004919767379,0.0192117175743757,0.2926951169193227,0.1011461377143859,0.1288162247633934,0.2960648466408924,0.0900346398353576,0.3401058581189002,0.2437945676126006,0.0862338721752166,0.907077447100766,0.0,0.0,0.0,0.0,0.0,0.0,0.0,0.0,0.0,36567572.70042204,188.07326486892805,0.1469734784165006,57000859.16703053,539.6826698285689,0.5864715804934763,50641911.96388249,635.088697146417,0.8333606394846602,37856811.63124967,764.0835664591659,1.121036951863207,6295.46,1800.0,7500.0,0.0,10926.42,19141.34,0.0,0.0,6205.25,0.0
105,Steel,5,4,1.3700178354978565,0.1125034693479538,0.0168282881584557,0.2892481167356034,0.0619866892695426,0.2207680931052906,0.3771860249767331,0.0369376595318317,0.4347658736455389,0.2051126122368616,0.0660052701830864,0.6413996845687192,0.3355217425996109,0.103445473909378,0.7994589411445505,0.3069797888228882,0.1193129020929336,1.00485351709097,0.0,0.0,0.0,40606856.7834853,231.8964938485884,0.1564494855961552,37924416.69301427,314.314709878014,0.4612410469938333,27859947.102074523,196.20471382281508,0.5430497689111675,29141324.27156041,212.86147513652693,1.2057703025923083,4991.01,1800.0,7500.0,0.0,8587.79,15768.4,0.0,0.0,4961.1,0.0
107,Steel,2,2,1.1129351019859317,0.0821378539204597,0.0075453930253536,0.3406272886755114,0.0636198160052299,0.1984456489580523,0.1841206327491468,0.0683419585227966,0.7192516473898813,0.0,0.0,0.0,0.0,0.0,0.0,0.0,0.0,0.0,0.0,0.0,0.0,12748549.105980225,434.48731274817135,0.1112935113115282,12758521.795659754,593.1967584787019,0.9113139624826704,0.0,0.0,0.0,0.0,0.0,0.0,4344.33,1800.0,7500.0,0.0,6633.71,19079.96,0.0,0.0,4310.69,0.0
108,Steel,5,4,1.2505527317523957,0.0785729820728302,0.0228751240751074,0.4166315785295507,0.0609438201785087,0.2324492273140924,0.3068819025569488,0.1070452892780304,0.4035585194411351,0.3708353510237496,0.0743703258037567,0.5885154191039081,0.3239025862655476,0.1096121770143509,0.791063157848054,0.2220751725354675,0.1241145104169845,1.011434974866623,0.0,0.0,0.0,36273155.4907821,100.09663612097847,0.1412632598555581,35671218.79959021,618.1072528026448,0.6452283861095268,38197735.24234121,178.7789626568179,0.7428307791637571,40731305.467681415,729.3811664547492,1.0832784422253008,5622.12,1800.0,7500.0,0.0,8194.57,13497.01,0.0,0.0,5408.1,0.0
109,Steel,4,2,1.065859454870224,0.1012486182451248,0.0321085652724499,0.4309121010321125,0.0881880235671997,0.2210909556482566,0.2459304192688159,0.0816095286607742,0.4911524533306342,0.1796081459727635,0.1091591084003448,0.7365808414831511,0.2433059374650793,0.0842222493886947,0.9249471000942248,0.0,0.0,0.0,0.0,0.0,0.0,22309951.20895287,475.7354467355683,0.1379217698501736,19504942.103959456,573.9094363297886,0.9447488087647596,0.0,0.0,0.0,0.0,0.0,0.0,3773.28,1800.0,7500.0,0.0,5755.63,22395.19,0.0,0.0,3752.09,0.0
110,Steel,2,3,1.512998378276825,0.0820660846233368,0.0046266815440197,0.2535728488547936,0.0897493129968643,0.5510110456546415,0.373922454211531,0.1310323321819305,1.2945279691516038,0.0,0.0,0.0,0.0,0.0,0.0,0.0,0.0,0.0,0.0,0.0,0.0,24325352.68598776,246.95857390376452,0.188126488387925,21762252.037332505,919.273911635677,0.585846031135997,24340985.3540412,1099.9999999999995,1.2238883379156866,0.0,0.0,0.0,3565.52,1800.0,7500.0,0.0,7702.48,12950.49,0.0,0.0,3707.62,0.0
111,Steel,2,4,1.440292340517044,0.1223687663078308,0.0221907194364383,0.1708551108555439,0.1142496931552887,0.4074246932464607,0.2675523777758911,0.1180069679021835,0.7805915634358538,0.0,0.0,0.0,0.0,0.0,0.0,0.0,0.0,0.0,0.0,0.0,0.0,5506256.251991645,686.779141290306,0.1614968297282976,3822458.0843722494,614.3471699573627,0.4889680519158657,5045351.789935634,173.30612577361367,0.6576612357474043,4923666.185043256,636.1538824940064,1.1251120929938834,2629.9,1800.0,7500.0,0.0,3433.76,14218.59,0.0,0.0,2607.19,0.0
112,Steel,3,3,0.5220465674996376,0.1125696905851364,0.024168305333138,0.3400367555104977,0.1029040867090225,0.0705657531869682,0.3387438065429326,0.1272730815410614,0.2839066912224544,0.3155073699652455,0.1040174293518066,0.4321863069095575,0.0,0.0,0.0,0.0,0.0,0.0,0.0,0.0,0.0,3272889.8564497246,783.088212040124,0.0845184186507444,3704985.636057851,237.2957230818841,0.1632584049502237,3692023.904474026,910.1730737041888,0.4502541630817733,0.0,0.0,0.0,1887.39,1800.0,7500.0,0.0,2399.34,60046.47,0.0,0.0,1882.18,0.0
113,Steel,2,4,1.5068624824285508,0.0619743293523788,0.049579463481903,0.2830684697078305,0.0817197719216346,0.3244450763219694,0.328147425808133,0.0928440976142883,1.0110201130798526,0.0,0.0,0.0,0.0,0.0,0.0,0.0,0.0,0.0,0.0,0.0,0.0,32721824.70476277,557.3234352468004,0.2138304693831772,27790355.60785023,427.5997535625446,0.8383628769653625,27870292.956909757,385.31013131395537,0.9743234490638384,23681027.204921942,447.91049934407954,1.3225533528620823,7018.17,1800.0,7500.0,0.0,7825.47,24230.79,0.0,0.0,7383.82,0.0
114,Steel,4,4,1.6549687504768371,0.0607814202904701,0.0392555715419755,0.3854079973069543,0.1058321291208267,0.6117134293655156,0.178041732190265,0.0847461944818496,0.9217376426733564,0.3595858230696888,0.0738710561394691,1.202917823467493,0.3333364307276633,0.15,1.4894618754291538,0.0,0.0,0.0,0.0,0.0,0.0,49565957.98809258,481.8944444605911,0.2537526739019612,49544476.675295845,979.0549063572288,1.0715408348336593,45565013.33318383,147.27313993369202,1.183752328210336,59552288.90837064,1099.9999999999995,1.4794608754291538,3573.63,1800.0,7500.0,0.0,6853.93,11762.78,0.0,0.0,3241.71,0.0
115,Steel,4,2,0.8777541920542717,0.111168134689331,0.0444027362565919,0.1965054951005073,0.1348846745491027,0.2729398928263936,0.3268176282683174,0.02,0.4639951098653239,0.2457801512479425,0.0820788460969925,0.6155719394995005,0.4250286961206862,0.0314095256477594,0.7899687728488446,0.0,0.0,0.0,0.0,0.0,0.0,14811405.256940834,540.8923711837894,0.1678710389260271,14041759.386059314,340.7752748192239,0.7556888588570901,0.0,0.0,0.0,0.0,0.0,0.0,3802.14,1800.0,7500.0,0.0,5448.47,34491.55,0.0,0.0,3793.82,0.0
116,Steel,4,4,1.6877774059772492,0.0633818903565406,0.0252168073978787,0.2615887616727027,0.0971677023172378,0.331954740791165,0.3468757331338923,0.052164369225502,0.4726659250248889,0.2212281375001552,0.0767746555805206,0.9377794395905434,0.4917039120599458,0.0947561120986938,1.3149701313152575,0.0,0.0,0.0,0.0,0.0,0.0,35411516.50333658,490.7088711787117,0.2204740896340427,61750259.68681203,624.3336313861076,0.7715699271628407,36053558.610506736,301.5294141759938,0.8147841724736486,39126092.15041184,478.4352795926568,1.4952879231443603,4353.74,1800.0,7500.0,0.0,6800.64,14497.34,0.0,0.0,4129.73,0.0
117,Steel,1,3,0.9561376288533212,0.0270638128370046,0.0112639201175952,0.2152105806849208,0.036335009932518,0.6220007503142669,0.0,0.0,0.0,0.0,0.0,0.0,0.0,0.0,0.0,0.0,0.0,0.0,0.0,0.0,0.0,4267646.878405041,676.2109976538396,0.3565502993117652,3666918.026657193,509.34238072642415,0.6474314364209641,3461381.849547513,993.7918400429464,0.8605238650118514,0.0,0.0,0.0,5447.18,1800.0,7500.0,0.0,6836.21,22490.48,0.0,0.0,5319.16,0.0
118,Steel,2,4,0.9551393672823908,0.0725925712585449,0.0343760977889223,0.1777521852586885,0.0737658533453941,0.3857545983581,0.3527194084565903,0.0705734944343566,0.5811874827983624,0.0,0.0,0.0,0.0,0.0,0.0,0.0,0.0,0.0,0.0,0.0,0.0,1780387.013818418,423.8429075310863,0.1347043760549248,1912119.2530291777,1099.9999999999995,0.3025438849353699,2042587.4886726511,252.22417367398413,0.4355957981710803,1451001.3305570246,372.36562109603466,0.8291939752685148,2364.03,1800.0,7500.0,0.0,5135.13,20691.55,0.0,0.0,2282.11,0.0
119,Steel,4,2,1.2830044478178024,0.1101670124530792,0.0258538613934474,0.2081226834533344,0.0620844689011573,0.3140582365167231,0.4259069184830945,0.0830397775769233,0.462055628871487,0.1869185239485534,0.15,0.8135138408341888,0.3744478449360423,0.0601127940416336,1.0423782439829217,0.0,0.0,0.0,0.0,0.0,0.0,22654058.45050167,919.2816178496142,0.1565640940823917,19216789.619236343,972.2288723267636,1.154704001753018,0.0,0.0,0.0,0.0,0.0,0.0,3325.0,1800.0,7500.0,0.0,5994.0,18298.5,0.0,0.0,3317.03,0.0
120,Steel,6,2,1.2266020625829697,0.1455859117507934,0.0118656574354027,0.1584751482934462,0.1288515186309814,0.1782337797075751,0.2248068106286108,0.0924530255794525,0.3214681524199873,0.1651727937401678,0.02,0.4467809038748845,0.1815410704024999,0.1153287249803543,0.5657022401664431,0.2681431169452054,0.0761611056327819,0.8158276923099976,0.2482036211149274,0.15,0.99049607410655,10548456.324129958,420.0904149490098,0.1514468520808539,10411927.892070364,634.4630859726801,1.0385188666144671,0.0,0.0,0.0,0.0,0.0,0.0,2389.47,1800.0,7500.0,0.0,3323.15,23369.4,0.0,0.0,2382.72,0.0
121,Steel,6,2,1.420948913693428,0.1386221274137497,0.0176371756408705,0.2259345768080174,0.0718167424201965,0.1959683010344066,0.3051798830343376,0.0205864780209958,0.335368490255299,0.2731754192780108,0.0750011047720909,0.5227733762346525,0.3340070008158107,0.0417236156761646,0.7156193902502751,0.3037947204187917,0.0873497176170349,0.98802822362622,0.2634609040007239,0.0904983085393905,1.2545309803105102,15323261.305983605,565.5729311564388,0.1566487446290093,19344333.885356504,511.7370236466435,1.2139770797963665,0.0,0.0,0.0,0.0,0.0,0.0,2904.88,1800.0,7500.0,0.0,4128.9,15266.51,0.0,0.0,2933.14,0.0
122,Steel,1,2,1.386841294169426,0.1007490727901458,0.0085076020273456,0.2146220433154343,0.0526790624856948,0.9114709574058268,0.0,0.0,0.0,0.0,0.0,0.0,0.0,0.0,0.0,0.0,0.0,0.0,0.0,0.0,0.0,9555271.757409357,292.9083282425639,0.377090775625718,11094038.334450835,621.918311635736,1.0166421568540622,0.0,0.0,0.0,0.0,0.0,0.0,3664.85,1800.0,7500.0,0.0,4339.69,14131.54,0.0,0.0,3625.98,0.0
123,Steel,4,2,1.2116972774267198,0.1350280764102935,0.0278766391976877,0.2824377614124948,0.1109163135290146,0.3642722686310525,0.3905066482615384,0.050044517815113,0.5685902029309711,0.2799550540474398,0.1286765396595001,0.6731135746508321,0.2245564570580302,0.1212248080968856,0.8995291950286887,0.0,0.0,0.0,0.0,0.0,0.0,14421567.4369983,347.7776040274737,0.1878813881447034,9952080.800447367,797.3126338836472,1.090527548472351,0.0,0.0,0.0,0.0,0.0,0.0,2516.28,1800.0,7500.0,0.0,4522.69,20790.37,0.0,0.0,2511.47,0.0
124,Steel,2,3,1.296889027953148,0.1060278804302215,0.0116444342976282,0.3242668163298686,0.0854087311029434,0.7974723502474588,0.2130478152068626,0.0423407977819442,1.0891197053236126,0.0,0.0,0.0,0.0,0.0,0.0,0.0,0.0,0.0,0.0,0.0,0.0,33747531.522442326,605.4558018549994,0.186673529499034,41210664.07820266,608.7216495175854,0.4150941659945925,44382230.56585747,600.0693329927217,1.0728855731863036,0.0,0.0,0.0,6821.7,1800.0,7500.0,0.0,11560.23,16825.68,0.0,0.0,7019.9,0.0
125,Steel,1,3,1.063657556474209,0.0818915936946869,0.0116125919416787,0.1883775337821487,0.05597685277462,0.8091161493459094,0.0,0.0,0.0,0.0,0.0,0.0,0.0,0.0,0.0,0.0,0.0,0.0,0.0,0.0,0.0,6131949.812888123,426.0382917142617,0.2156430853890176,5238380.349772329,733.698800519912,0.6144397092437321,5594852.960730218,148.8242185537361,0.941033802159566,0.0,0.0,0.0,5199.76,1800.0,7500.0,0.0,5535.8,21395.81,0.0,0.0,5210.53,0.0
126,Steel,6,2,1.4754289865493777,0.1166782596111297,0.0199670657226801,0.3747364112321873,0.1329028141498565,0.3100622840272179,0.2947839901955661,0.0495624093711376,0.6321699663848448,0.168358373668662,0.0469726438820362,0.925761843340374,0.3904983610450768,0.0402750490605831,1.062476863831423,0.3434390540574531,0.102151511311531,1.1973558228990595,0.2473934746822318,0.0619427120685577,1.3278760878944398,101403674.678539,514.5920474982878,0.1936467594897548,112441438.74796984,335.01358688326127,1.31787508789444,0.0,0.0,0.0,0.0,0.0,0.0,5347.46,1800.0,7500.0,0.0,8803.44,17207.82,0.0,0.0,5338.52,0.0
127,Steel,2,3,1.1799231618642807,0.061143461883068,0.0126100038670406,0.232707957290988,0.0895550012588501,0.3524026874636641,0.247846530039091,0.0849984619021415,0.4693631739903928,0.0,0.0,0.0,0.0,0.0,0.0,0.0,0.0,0.0,0.0,0.0,0.0,3297774.4637677404,522.9102228543129,0.1891934037992764,3592065.020833807,411.59155984647913,0.7161282978463117,4068004.6572329137,284.1369218245675,1.0483697321223775,0.0,0.0,0.0,2680.74,1800.0,7500.0,0.0,7062.12,11732.47,0.0,0.0,2640.1,0.0
128,Steel,6,2,0.9506354466080666,0.1158166048526764,0.014890218043571,0.2605849209169816,0.0235657411254942,0.0950735446608066,0.2920675502830758,0.108046098947525,0.1738111834737659,0.3268600658249825,0.0858670145273208,0.2865973540408988,0.2477313282338695,0.0451587131619453,0.3815181888414629,0.246538330203712,0.0809109532833099,0.5311676572544128,0.2038524897300138,0.1103905862569809,0.7451435836977123,9687678.416075312,647.155721782004,0.1273652992251771,11395622.11891282,809.7670854809155,0.8366907866277985,0.0,0.0,0.0,0.0,0.0,0.0,2406.94,1800.0,7500.0,0.0,4536.43,28835.94,0.0,0.0,2416.02,0.0
129,Steel,4,4,1.0240207940340045,0.0834711107015609,0.0186319833148029,0.3102917762526797,0.1254217153787613,0.3374880290820364,0.2252084561413871,0.0871213817596435,0.5952712997197199,0.2388923274000109,0.0812792056798935,0.806053884307428,0.2409023936718566,0.0876022601127624,0.921608714630604,0.0,0.0,0.0,0.0,0.0,0.0,9359364.57347236,292.530883195497,0.1164763874536221,10193752.597569082,689.4060341123308,0.2373078658832185,11337325.652336497,603.9217251277836,0.413496994969514,11136620.474079452,249.4264442461373,0.911607714630604,3701.5,1800.0,7500.0,0.0,5921.73,19271.19,0.0,0.0,3712.63,0.0
130,Steel,5,3,1.3552787840366365,0.0926779701709747,0.0151865154165616,0.3687960071765688,0.15,0.1417979518693281,0.2266087979024101,0.1190963673591613,0.3201914694204608,0.1805969567184651,0.15,0.578571007567358,0.2289828835592529,0.1311120498180389,0.7952058974505148,0.4279742399368693,0.1113462603092193,1.056928810599784,0.0,0.0,0.0,63926024.66291496,830.4041463163794,0.1517989518693281,76769505.12952827,280.62253985651927,0.4591360728336937,63112623.20664357,911.6972051245392,1.1441930562498217,0.0,0.0,0.0,6019.62,1800.0,7500.0,0.0,6663.3,13070.7,0.0,0.0,5821.31,0.0
131,Steel,4,3,1.2801645904779435,0.1242047890424728,0.0129350218021468,0.2371658847545121,0.1025928872823715,0.3639041223627552,0.2136557778252557,0.0902159184217453,0.6986648661340313,0.2022490241104497,0.15,0.8283460433761101,0.197046812093107,0.0309640874713659,0.9439338647880088,0.0,0.0,0.0,0.0,0.0,0.0,7290897.165858007,313.6408469401527,0.1648000293761662,6555059.437848502,533.4775113161852,0.5754607320252878,7497211.5912939105,783.8708287201611,1.0911693882439502,0.0,0.0,0.0,2921.89,1800.0,7500.0,0.0,3707.75,18920.02,0.0,0.0,2902.42,0.0
132,Steel,1,4,1.283834880590439,0.1108735077381134,0.0290250300053836,0.2304476785627115,0.0668696656823158,0.7848654005029516,0.0,0.0,0.0,0.0,0.0,0.0,0.0,0.0,0.0,0.0,0.0,0.0,0.0,0.0,0.0,7622379.833688603,491.0364762430688,0.2274557901147692,6049367.8745488655,359.5805453602837,0.3914143295623065,6623516.837192627,255.0960981684484,0.7164691772902138,6234086.24198962,700.4528491138374,1.010842876369617,3795.05,1800.0,7500.0,0.0,5163.68,17899.94,0.0,0.0,3749.89,0.0
133,Steel,1,4,1.0552010029554366,0.0774489265084266,0.0277198804316795,0.3402313830314073,0.1154144477844238,0.5473995421703803,0.0,0.0,0.0,0.0,0.0,0.0,0.0,0.0,0.0,0.0,0.0,0.0,0.0,0.0,0.0,9781114.657658463,1035.8618060345004,0.1205180508639331,8641829.107614236,538.8735647849218,0.3718524117495625,8771736.33585369,335.20525017369147,0.487735238017941,10532336.401836785,280.69253340035425,0.8644952505478556,4921.5,1800.0,7500.0,0.0,10019.5,16203.33,0.0,0.0,4927.72,0.0
135,Steel,1,4,1.4109686136245727,0.0535704404711723,0.015888188772114,0.2686452709246247,0.0849616172909736,1.0454694203568582,0.0,0.0,0.0,0.0,0.0,0.0,0.0,0.0,0.0,0.0,0.0,0.0,0.0,0.0,0.0,15532488.122998144,367.77896008573873,0.3055522259793835,21667498.121458173,524.2982454113228,0.6209600562957883,17781779.3884216,400.0061455428233,0.7539526766423597,18405363.473871414,431.8866043139079,1.21937169334598,6860.26,1800.0,7500.0,0.0,9683.34,17400.62,0.0,0.0,6631.03,0.0
136,Steel,5,4,1.2145773828029631,0.1240359604358673,0.0171464041436392,0.3149372125083577,0.0733285608887672,0.1928399313892082,0.301721650262082,0.081569452881813,0.339010579207363,0.4059229633393885,0.109347755908966,0.6145182849092806,0.2632515633946541,0.0455965538322925,0.7779362561324988,0.2921375622518886,0.1101790958642959,1.0362262406480878,0.0,0.0,0.0,8797053.590552662,566.1723564706731,0.1359845294352216,7899988.931682075,242.3666986982703,0.5480820958847619,9631931.000096954,297.6535656270944,0.6977347703957913,9447653.854577309,399.7412533583285,1.0724667124705591,2874.02,1800.0,7500.0,0.0,3398.49,15153.27,0.0,0.0,2860.26,0.0
137,Steel,1,2,1.4616159707307816,0.067113077044487,0.0284867566462491,0.3870491569025093,0.1283693385124206,0.8787755046467077,0.0,0.0,0.0,0.0,0.0,0.0,0.0,0.0,0.0,0.0,0.0,0.0,0.0,0.0,0.0,40916097.78700674,347.13813312981614,0.45205460177056,33122050.37105304,865.9310515091709,1.2572253612460655,0.0,0.0,0.0,0.0,0.0,0.0,3147.81,1800.0,7500.0,0.0,7973.75,18342.9,0.0,0.0,3172.32,0.0
138,Steel,5,3,1.5279656857252122,0.1003249149322509,0.0153531741665365,0.2526953903094004,0.1182043635845184,0.2518478825075075,0.5339878301179702,0.1241386550664901,0.4166219889196719,0.3827094376189958,0.0639671432971954,0.6532766550541504,0.286493548871395,0.0791017743945121,0.8589162398900181,0.2005288981802626,0.1043346494436264,1.1766852931597835,0.0,0.0,0.0,37654384.59473347,370.1159517363427,0.1766486907678955,37366814.00177768,486.5849673236812,0.5004946176917724,33244673.515838485,417.73916431814615,1.3750224738565209,0.0,0.0,0.0,3815.24,1800.0,7500.0,0.0,7347.32,13938.86,0.0,0.0,3930.37,0.0
139,Steel,6,4,1.3301067799329758,0.0787312139272689,0.0079735377096051,0.3489272757056355,0.0983678060770034,0.2240357623097522,0.2984387803068279,0.1085561817884445,0.3429098489067277,0.3121797781097941,0.1240255409479141,0.5307962955757546,0.2655498261538605,0.1033925664424896,0.7073470162877747,0.2012355113821395,0.0476434656977653,0.825985182211918,0.2121550630165508,0.0971001344919204,1.067704329446943,16891275.213105816,248.7160707513707,0.1475230766107839,18967567.38736161,759.8971724816672,0.914847380425509,14912261.313587427,804.9464441510216,1.028279778240813,17621072.2156716,604.465856116528,1.175331376886981,2874.27,1800.0,7500.0,0.0,6805.45,10152.02,0.0,0.0,2790.15,0.0
140,Steel,4,2,1.309444209933281,0.0910252069234848,0.0343142438450158,0.2408096302732902,0.0997811049222946,0.2440748613108974,0.3814241541340692,0.0996825194358825,0.4407030523518879,0.1787563136362959,0.0648724320530891,0.6101969161614912,0.2341586296763499,0.1167030173540115,0.8358086992482954,0.0,0.0,0.0,0.0,0.0,0.0,85716282.05563022,674.2494174487357,0.1935318315506739,97026445.71180087,358.9357155268074,1.1641975460970777,0.0,0.0,0.0,0.0,0.0,0.0,4629.04,1800.0,7500.0,0.0,12541.87,22447.03,0.0,0.0,4671.72,0.0
141,Steel,3,2,1.053039848804474,0.0967203433513641,0.0194603221871613,0.2141129873096628,0.15,0.1120474815615927,0.2362569007332457,0.0556491333246231,0.4878370710664679,0.3060232043226205,0.0512944470345974,0.7246025582359994,0.0,0.0,0.0,0.0,0.0,0.0,0.0,0.0,0.0,38774973.7504209,450.8947015122515,0.2029171178718598,41030262.2044653,816.604506222555,0.8987866598385486,0.0,0.0,0.0,0.0,0.0,0.0,6068.38,1800.0,7500.0,0.0,8751.63,21823.81,0.0,0.0,6165.39,0.0
142,Steel,2,2,1.3310882806777955,0.0785479840636253,0.0182104756844785,0.1671013813315895,0.1232918798923492,0.3266581310105445,0.3248992597257274,0.0978354692459106,0.7661283907088952,0.0,0.0,0.0,0.0,0.0,0.0,0.0,0.0,0.0,0.0,0.0,0.0,27909499.667161457,331.9935233390148,0.1573552566818059,26717807.083404,151.18687754776363,0.9322352093744996,0.0,0.0,0.0,0.0,0.0,0.0,5048.82,1800.0,7500.0,0.0,7533.46,12579.36,0.0,0.0,5099.28,0.0
143,Steel,1,3,1.124589279294014,0.1087116771936416,0.0500084303983383,0.3607000100747017,0.0550049105286598,1.0121203513646126,0.0,0.0,0.0,0.0,0.0,0.0,0.0,0.0,0.0,0.0,0.0,0.0,0.0,0.0,0.0,10477112.136222651,946.4905697395296,0.2813737464668961,8849258.159097575,515.5154343418778,0.4454563121164466,7396567.5447979,270.6008612095111,0.922764284769253,0.0,0.0,0.0,2864.86,1800.0,7500.0,0.0,6229.04,25507.8,0.0,0.0,2842.26,0.0
144,Steel,3,3,1.112403166294098,0.0422586360573768,0.0323165794958206,0.2690275967998274,0.0392737066745758,0.2229294264947022,0.3209113578674682,0.1075827246904373,0.526974171573388,0.4273797467000843,0.0651917752623558,0.6887290751770145,0.0,0.0,0.0,0.0,0.0,0.0,0.0,0.0,0.0,13529580.536355982,280.7928754431006,0.1547723834587404,17065688.515098643,505.8825736773507,0.5916731047509514,13529580.536355982,284.7364909720213,0.9435382655564388,0.0,0.0,0.0,3825.5,1800.0,7500.0,0.0,7034.64,11469.38,0.0,0.0,3565.09,0.0
145,Steel,5,3,1.2716556042432785,0.1001575759649276,0.032193442811988,0.2883860981093419,0.0536564752459526,0.1885282181061182,0.3065856272844398,0.0616691127419471,0.2612821423033404,0.2840671906952047,0.1055853128433227,0.4054838553904146,0.1731569471053667,0.1097847074270248,0.671260677056256,0.3272308580331138,0.0531251728534698,0.940183872135414,0.0,0.0,0.0,15029801.2795666,654.1735562883298,0.1600161074983883,15060619.440430297,615.35470537013,0.7676034706997297,14871851.07231464,713.5011895552254,1.110570360270314,0.0,0.0,0.0,3606.56,1800.0,7500.0,0.0,6073.2,16278.94,0.0,0.0,3582.32,0.0
146,Steel,1,3,1.016472412645817,0.0484421583414077,0.0233260565035429,0.2680741909214723,0.0743440464138984,0.533995052528246,0.0,0.0,0.0,0.0,0.0,0.0,0.0,0.0,0.0,0.0,0.0,0.0,0.0,0.0,0.0,1686673.862081947,907.0679882216228,0.132707036679356,1757626.3894184658,1099.9999999999995,0.3761301000538251,1514456.0794737116,726.5876951322858,0.7506621933842619,0.0,0.0,0.0,2742.84,1800.0,7500.0,0.0,6135.21,10823.39,0.0,0.0,2720.02,0.0
147,Steel,6,3,1.351922979950905,0.1018577537536621,0.0217781530938506,0.3129702593094746,0.1034352070093155,0.184648587446148,0.2858886637741258,0.0900373828411102,0.3284044976116953,0.2800014596630388,0.1353576493263244,0.5483819615012582,0.2714157510842389,0.1094162458181381,0.7391238638420575,0.2538545678948279,0.0681377866864204,0.8854490249197163,0.406643135804241,0.0999693882465362,1.0300086219554194,31913529.85077092,465.5851488393884,0.1517566311306507,26868224.191283908,503.18965348524375,0.6383804780215223,23326987.05094648,198.68792939016708,1.1482661549718882,0.0,0.0,0.0,3917.86,1800.0,7500.0,0.0,5280.24,12256.06,0.0,0.0,3939.07,0.0
148,Steel,1,4,1.1806389153003694,0.1131982252597808,0.0119449913141073,0.3648276220331495,0.1010228264331817,0.6313552872260085,0.0,0.0,0.0,0.0,0.0,0.0,0.0,0.0,0.0,0.0,0.0,0.0,0.0,0.0,0.0,5627922.677135725,399.8424051584905,0.2036990294821641,4959788.296647175,418.5951320410841,0.4504604619857307,5641538.364146597,543.8409410212994,0.5461910427006604,5723700.738518018,475.3915117857373,0.8856276228543205,2965.09,1800.0,7500.0,0.0,4095.18,17538.17,0.0,0.0,2897.06,0.0
149,Steel,5,4,1.0991020172834398,0.0628017097115516,0.0045653705484972,0.1356729212009116,0.0514511606097221,0.194701284484869,0.1884189177495875,0.1054601031541824,0.3441925529390983,0.3362268556578358,0.02,0.5276796466901156,0.2107594728810366,0.02,0.5636744995187595,0.2053388452466229,0.02,0.9424817588365398,0.0,0.0,0.0,13522283.923007669,303.4541058589769,0.1204034237532702,14232758.290515069,161.57123162448494,0.6254421479463182,14862044.270482276,705.6134851526556,0.7015195286588106,12635041.19082777,196.20974163348524,0.9566325036700752,6298.2,1800.0,7500.0,0.0,10762.57,14470.28,0.0,0.0,6192.66,0.0
150,Steel,6,2,1.03140300065279,0.0800456089973449,0.0124442528882696,0.286972498472715,0.0389611338078975,0.1272818921359084,0.1078750064005578,0.0812886551022529,0.2285085016265183,0.3187556735203793,0.0544050097465515,0.33025152695323,0.195661023708034,0.1237033540010452,0.536300992044073,0.3959961122178804,0.088006357550621,0.7097001813686308,0.20772247987792,0.0580110046267509,0.8393583350214382,7274249.304071309,674.7273231983883,0.1145565911982403,6404218.286928873,638.4473599163053,0.9054593423431274,0.0,0.0,0.0,0.0,0.0,0.0,2143.56,1800.0,7500.0,0.0,4139.63,17594.66,0.0,0.0,2168.38,0.0
151,Steel,3,3,1.5881168723106385,0.0317623406224465,0.0087738884490247,0.250563022817335,0.0593851846456527,0.1588216872310638,0.1580208895924448,0.0517394745349884,0.8752926751093408,0.1274592943514817,0.0536085695028305,1.1801342526640617,0.0,0.0,0.0,0.0,0.0,0.0,0.0,0.0,0.0,13685311.213771816,501.98689621625016,0.1897630042468434,15824048.408361876,174.42202563364933,0.6497335335688885,15198156.325802265,129.12863407268893,1.2789145558744253,0.0,0.0,0.0,4163.4,1800.0,7500.0,0.0,6373.57,8929.87,0.0,0.0,4709.58,0.0
152,Steel,1,4,1.3010183662176134,0.0803848616480827,0.014884515748118,0.3336314131352863,0.0804697981476783,0.9499767076240724,0.0,0.0,0.0,0.0,0.0,0.0,0.0,0.0,0.0,0.0,0.0,0.0,0.0,0.0,0.0,8223893.107050406,258.3221477056668,0.4334139093824315,8515237.555319153,581.5574314104964,0.6867362149695216,9343962.227644458,721.3699963153866,0.9240659122701872,10348703.243394488,255.96559097898157,1.1046639705945138,4507.87,1800.0,7500.0,0.0,5503.36,16404.35,0.0,0.0,4444.96,0.0
153,Steel,1,3,1.1305400341749192,0.0665237258076667,0.0284106829123184,0.3223560485956344,0.0462980814278125,0.7437051346323739,0.0,0.0,0.0,0.0,0.0,0.0,0.0,0.0,0.0,0.0,0.0,0.0,0.0,0.0,0.0,5690915.346609705,361.22828248082914,0.3366416780995915,6138943.144528769,323.99530725292465,0.4748053198676288,6716767.951003084,638.5776467425211,0.9024868335797662,0.0,0.0,0.0,4687.29,1800.0,7500.0,0.0,6271.11,15268.54,0.0,0.0,4727.86,0.0
154,Steel,6,2,0.8057839214801789,0.1050994627475738,0.0151959602414496,0.2798753196459518,0.084179171025753,0.0993036851585948,0.3634404722188295,0.1097573083639145,0.246147009849858,0.2951381714163362,0.1096461701393127,0.4206670622111296,0.2414647147073883,0.053790243268013,0.5278526869435872,0.3180449090365335,0.087907035946846,0.6143625253544766,0.2695794898125536,0.1027237844467163,0.7169699563099223,6670026.710835913,194.46756009153756,0.111103828671278,6458064.758848503,1063.2405094297571,0.7069689563099223,0.0,0.0,0.0,0.0,0.0,0.0,1810.07,1800.0,7500.0,0.0,2750.3,27379.11,0.0,0.0,1810.07,0.0
155,Steel,4,4,0.5911774218082428,0.0841076733469963,0.0263286008741962,0.3324382483774986,0.0776658573746681,0.0790209503583363,0.2766256739721838,0.0989913827180862,0.2067829445532762,0.272739808990641,0.02,0.3381953196845282,0.2871194968715535,0.0848336994647979,0.5033268397770512,0.0,0.0,0.0,0.0,0.0,0.0,2229069.360052242,378.51872995892967,0.0654829097282351,2540431.83128411,1099.9999999999995,0.2786979525753639,2426737.713047847,641.3553768361998,0.3272487384786552,3278946.7659376534,338.38872988379933,0.5150323050547896,2022.0,1800.0,7500.0,0.0,2754.55,45373.54,0.0,0.0,1967.8,0.0
156,Steel,4,2,0.3761958297342062,0.1353357038497925,0.0335434654601155,0.254563809906264,0.0680389842391014,0.0458215466396576,0.3623751598399163,0.0921438717842102,0.1401541088316799,0.2395456952813269,0.0824421781301498,0.2379774867138386,0.4081110254671272,0.0811138233542442,0.324796849504245,0.0,0.0,0.0,0.0,0.0,0.0,17880323.92013084,594.2496458371731,0.0653328155175188,14551014.658254843,406.9472327044602,0.2896167822040212,0.0,0.0,0.0,0.0,0.0,0.0,3068.16,1800.0,7500.0,0.0,6184.55,137667.95,0.0,0.0,3106.67,0.0
157,Steel,5,3,1.4730654895305637,0.0739436825513839,0.0264769458898884,0.3948873709541586,0.1256935131549835,0.3028295137588461,0.3815276232185728,0.1168901693820953,0.5380087732945803,0.2563786612913178,0.02,0.8308776194351102,0.2602422122103743,0.0914449089765548,0.9781907427720996,0.1898384135992668,0.1268460327386856,1.097745641390305,0.0,0.0,0.0,59392809.51331192,419.6584437642283,0.1608829456683563,51309377.87498369,710.9911959616671,0.2927610641838397,54546278.11893531,408.2908231019268,1.243918653490834,0.0,0.0,0.0,3405.77,1800.0,7500.0,0.0,7891.36,13953.84,0.0,0.0,3324.18,0.0
158,Steel,4,3,0.724744500219822,0.0553996709585189,0.0443197367668151,0.3337132454007738,0.0751838362216949,0.1493386664414327,0.2415898887224462,0.1304844439029693,0.3370920174741082,0.2180035249943559,0.0718938139081001,0.4873011457420824,0.3211744070871737,0.0454970695078373,0.5549905712076044,0.0,0.0,0.0,0.0,0.0,0.0,35331718.585586414,353.6375835125538,0.0869421658671409,29617590.3909081,154.06297252970126,0.3044078010778255,32405166.758225948,352.30794705371824,0.6160185185454776,0.0,0.0,0.0,6444.84,1800.0,7500.0,0.0,9500.51,18340.59,0.0,0.0,6613.42,0.0
159,Steel,3,4,1.3844588309526444,0.1300377509593963,0.0224381753285668,0.2217074687057177,0.0633180543780326,0.1384558830952644,0.385729933727875,0.1281506884098052,0.6027751178109781,0.2629378832535456,0.0596164417266845,1.1241974378365382,0.0,0.0,0.0,0.0,0.0,0.0,0.0,0.0,0.0,23244080.675221127,891.0733937319827,0.1834751355248804,23059920.813141745,451.1285087109238,1.0587978476913211,22624532.160045385,447.4055090876692,1.0914912388972846,21334974.86929871,86.3691676084597,1.2236862167874965,4012.18,1800.0,7500.0,0.0,7978.01,14503.49,0.0,0.0,4094.78,0.0
160,Steel,3,3,0.7608851969242096,0.0911656054258346,0.025836132677744,0.2239932279890432,0.1159957480430603,0.1400724228346403,0.3737424689918486,0.1008381307125091,0.2981559867812783,0.2667828970813022,0.0462055514752864,0.471380648740708,0.0,0.0,0.0,0.0,0.0,0.0,0.0,0.0,0.0,8543868.800620569,437.7272062544823,0.1866788924341278,7489201.574569681,244.03446290020185,0.4829221959265767,7069092.063825775,274.5468654973492,0.647045243352065,0.0,0.0,0.0,2833.87,1800.0,7500.0,0.0,6610.13,30639.76,0.0,0.0,2778.08,0.0
161,Steel,3,4,1.226977747678757,0.0686848199963569,0.0301748937889275,0.3349739388411805,0.1024615561962127,0.3225744306520132,0.4043423006444328,0.0603432840108871,0.4884634512374387,0.1666012350261206,0.104513332247734,0.8828951510914642,0.0,0.0,0.0,0.0,0.0,0.0,0.0,0.0,0.0,22040782.083047047,592.563528325572,0.1419731154315482,37308435.73534421,373.8916076415966,0.5052470938552089,25798343.160536747,1099.9999999999995,0.77388440580493,20089157.703646857,337.9266669601821,1.0795685167185476,6077.88,1800.0,7500.0,0.0,12113.27,18314.04,0.0,0.0,6039.93,0.0
162,Steel,3,4,0.6975291088223458,0.0404088553190231,0.0102637903363796,0.1539180132661598,0.0966792690753936,0.1098908058464717,0.1729584008969565,0.1181129997968673,0.4071188802959116,0.1910468828771896,0.02,0.6277661979401112,0.0,0.0,0.0,0.0,0.0,0.0,0.0,0.0,0.0,3917815.640865977,502.8331511483992,0.0861087901235552,4404088.921034408,673.9874134119548,0.3117460457833728,4182686.715132086,435.7663016824896,0.3209771766499702,5025644.999118706,255.75763682901737,0.5998356521548118,5403.41,1800.0,7500.0,0.0,6083.01,11607.05,0.0,0.0,5633.94,0.0
163,Steel,3,4,1.1337315380573272,0.1061625319719314,0.0155217233959538,0.1921724170903328,0.1457755929231643,0.384795267021301,0.4342477975068158,0.1004868322610855,0.8291651869855037,0.3604660079671231,0.0810290729999542,1.0203483842515946,0.0,0.0,0.0,0.0,0.0,0.0,0.0,0.0,0.0,9358328.311227508,287.43223010986844,0.1456596302848595,11237966.633750914,186.3153642632958,0.5122139022514661,10224165.015263308,624.7106924685236,0.5618102262282982,9430767.781329598,860.7512963440981,1.0103473842515946,2718.58,1800.0,7500.0,0.0,5441.72,20368.86,0.0,0.0,2676.21,0.0
164,Steel,3,4,1.3864574491977693,0.1326825716495514,0.0097139244997592,0.2498378329397017,0.0789967614412307,0.3583385439035741,0.3287888022641538,0.1176675713062286,0.7403366129104176,0.4440847096569757,0.078997183740139,1.035057781605072,0.0,0.0,0.0,0.0,0.0,0.0,0.0,0.0,0.0,40505683.20353314,669.9093514640349,0.1956406779428853,38727642.59262224,918.5459658425726,0.8282373932324297,41708101.11693807,608.913384615253,0.9243557540548896,39271424.7394564,1001.6329807923156,1.2310403972174226,6347.61,1800.0,7500.0,0.0,7751.65,18300.9,0.0,0.0,6283.68,0.0
165,Steel,4,3,1.2168768137693404,0.1005315769910812,0.0205228924735217,0.1297173310101969,0.0465582756698131,0.3134103558384509,0.3260940171994044,0.1144254624843597,0.4489004196777493,0.2616441998000102,0.1015105777978897,0.7978624031771488,0.2151658773044857,0.1355676597356796,1.088784875440945,0.0,0.0,0.0,0.0,0.0,0.0,26452338.47230144,283.55514576267734,0.1697329196883256,26700526.558500588,200.2291827063317,1.02352152307904,27984627.96209877,95.0621464117818,1.0787838754409451,0.0,0.0,0.0,4678.86,1800.0,7500.0,0.0,8117.22,16423.2,0.0,0.0,4616.42,0.0
166,Steel,1,2,1.2213256001472472,0.0916322349309921,0.0371115287965098,0.3027613600252821,0.063185553252697,0.2496690001433799,0.0,0.0,0.0,0.0,0.0,0.0,0.0,0.0,0.0,0.0,0.0,0.0,0.0,0.0,0.0,9689799.375622846,517.34815831973,0.1345283335779106,10834674.720174408,225.6390453021639,0.763881060584488,0.0,0.0,0.0,0.0,0.0,0.0,4311.98,1800.0,7500.0,0.0,4585.83,20761.92,0.0,0.0,4287.32,0.0
167,Steel,5,2,1.648135405778885,0.0983088320493698,0.0215439379218925,0.2464447524719736,0.0954304420948028,0.3207297053624764,0.2262859033180312,0.094500725865364,0.6576544317576847,0.3373779067863751,0.0763077014684677,0.7601497829127615,0.222030583019842,0.0968068963289261,0.9610031537008162,0.3607910263246269,0.1209829044342041,1.3627859638177129,0.0,0.0,0.0,26694717.31976763,536.0904056101402,0.2408501888864058,29601023.26616424,568.5601689195919,1.4681135473775673,0.0,0.0,0.0,0.0,0.0,0.0,2920.28,1800.0,7500.0,0.0,5551.9,8821.32,0.0,0.0,2945.29,0.0
168,Steel,1,3,0.5050185605883599,0.0613217361569404,0.0134572204867542,0.2621886622945273,0.0914801728725433,0.3085838957560818,0.0,0.0,0.0,0.0,0.0,0.0,0.0,0.0,0.0,0.0,0.0,0.0,0.0,0.0,0.0,2013644.8102387784,198.51085108180163,0.061029504832407,1628325.5153971591,276.0531289692909,0.1799109051101572,1814461.719022016,1099.9999999999995,0.4293987437337947,0.0,0.0,0.0,2787.98,1800.0,7500.0,0.0,10905.94,63294.17,0.0,0.0,2793.65,0.0
169,Steel,6,4,1.327300664782524,0.1006013276576996,0.030620388214144,0.3983519525907421,0.0762355503439903,0.1592126261588666,0.4702819725792014,0.1165297430753708,0.4244225638258276,0.3967753394411384,0.1138588923215866,0.5661529198146157,0.294532159746659,0.0494595001637935,0.732502257353269,0.2922728516770436,0.1083338356018066,0.9007367616985597,0.2976882458201017,0.0960000187158584,1.0743735833489187,24640773.047399104,547.7008900850678,0.1466678734892388,26294295.951838583,910.248855541251,0.5910299563969532,29222493.997911178,653.4238175186471,0.8220514464618764,19927737.36425719,524.6969562209679,1.1945705969769709,3681.88,1800.0,7500.0,0.0,5683.08,10994.97,0.0,0.0,3704.67,0.0
170,Steel,5,3,1.0365926265716552,0.0958244861364364,0.012813579616849,0.161163045556861,0.1053407901525497,0.1633620162414685,0.3138704100499933,0.0890156984329223,0.3374547172176149,0.3258729804172221,0.0811776137351989,0.5195789679438373,0.2982695608382249,0.0604964235424995,0.7072088829687178,0.432366542249304,0.1000265961885452,0.8351606017142864,0.0,0.0,0.0,21542515.89015297,366.60227885215534,0.1178675520670463,19080397.35998224,561.3444184347004,0.4980100817132123,20320390.417003684,463.9153796658204,0.8910177467555512,0.0,0.0,0.0,3726.09,1800.0,7500.0,0.0,6041.45,20013.05,0.0,0.0,3728.38,0.0
171,Steel,1,3,0.9562851682305336,0.0609548786282539,0.0487639029026031,0.2725051352455155,0.084377039372921,0.2897502542283851,0.0,0.0,0.0,0.0,0.0,0.0,0.0,0.0,0.0,0.0,0.0,0.0,0.0,0.0,0.0,13447609.590871628,191.1725895049197,0.1525148654062364,15873898.658755708,704.6506555511689,0.5485468595999062,15117629.586024728,453.4804301194157,0.7784164974647457,0.0,0.0,0.0,6393.72,1800.0,7500.0,0.0,20986.25,36282.6,0.0,0.0,6393.96,0.0
172,Steel,2,3,0.4882370866835117,0.018,0.0088324036448887,0.17602953183587,0.1132641327381134,0.0885384362345287,0.2026390756005361,0.0685320007801055,0.3151818877446075,0.0,0.0,0.0,0.0,0.0,0.0,0.0,0.0,0.0,0.0,0.0,0.0,16438986.040158706,672.3177361031403,0.0536010695670099,22874758.808764603,455.0386846659617,0.2917103788281913,19945232.393719357,618.3435286833144,0.4115799838925527,0.0,0.0,0.0,6596.31,1800.0,7500.0,0.0,8710.55,62024.29,0.0,0.0,6755.76,0.0
173,Steel,2,3,1.7499985545873642,0.1015411123037338,0.0073983366137656,0.2631782723959601,0.0891134625673294,0.9547605438786584,0.1268205831042916,0.0882465720176696,1.556503908514462,0.0,0.0,0.0,0.0,0.0,0.0,0.0,0.0,0.0,0.0,0.0,0.0,3803300.394398613,293.6368745862381,0.222649426912968,4867146.426671628,260.2967569295211,0.5070776982918571,5386707.73785142,605.884831484734,1.433168948219247,0.0,0.0,0.0,2427.07,1800.0,7500.0,0.0,3618.65,7826.74,0.0,0.0,2573.86,0.0
174,Steel,5,3,0.875918109714985,0.0815920492410659,0.0264558525380673,0.5423867341397104,0.1112765926122665,0.150033838659916,0.1862547310704736,0.1186471652984619,0.2972042095831591,0.3810914956381204,0.0741426137089729,0.4074620168953319,0.4160447543929345,0.0929293090105056,0.5591030092088332,0.1980464447840025,0.0779817485809326,0.7130930368538925,0.0,0.0,0.0,19996644.83194921,602.7393825488002,0.0946521230466115,24632977.259524345,943.557436011419,0.4243732700680808,20612640.202788547,224.93277135279487,0.7517180590258168,0.0,0.0,0.0,3249.7,1800.0,7500.0,0.0,5748.67,23242.68,0.0,0.0,3309.54,0.0
175,Steel,3,3,1.7807154148817064,0.0705891037583351,0.0272103423403618,0.4282647247070396,0.1081009978055954,0.5876083825344272,0.2431278031427428,0.0664165699481964,1.0937444314696143,0.2175385389643745,0.1042495000362396,1.359956422376244,0.0,0.0,0.0,0.0,0.0,0.0,0.0,0.0,0.0,34651107.34936301,605.1136500156331,0.2079913884108485,36517057.90552875,571.423925571051,0.4090277638342938,38342672.07319272,531.526277418005,1.5881480495022409,0.0,0.0,0.0,2825.14,1800.0,7500.0,0.0,6762.9,15559.64,0.0,0.0,2841.91,0.0
176,Steel,1,4,1.579694777727127,0.0718401849269867,0.0228425488951745,0.531322298153096,0.084998612999916,0.9453163040967684,0.0,0.0,0.0,0.0,0.0,0.0,0.0,0.0,0.0,0.0,0.0,0.0,0.0,0.0,0.0,5983403.494963771,639.6795167190139,0.1892509426261671,8815761.873901127,274.67515172384213,0.298730762371888,7957913.941595932,136.0418711052679,0.6112830223148725,6321636.936954672,362.3152967189919,1.1747534305013292,2527.98,1800.0,7500.0,0.0,6840.39,9017.19,0.0,0.0,2418.71,0.0
177,Steel,2,4,1.1975993275642396,0.0864376426935196,0.0264581814257997,0.2892831977302221,0.0642142307758331,0.2166105814593595,0.2460578464878166,0.1367629128694534,0.9371931089087676,0.0,0.0,0.0,0.0,0.0,0.0,0.0,0.0,0.0,0.0,0.0,0.0,15558358.082440918,44.99999999999999,0.1197599339540232,17141359.694570936,717.2008828010772,0.1561936947591073,17746099.47961575,475.3940478032143,0.3415246556252838,17383744.601431802,278.8444130784718,0.9624443599415984,4922.68,1800.0,7500.0,0.0,9041.58,21163.38,0.0,0.0,4826.83,0.0
178,Steel,1,4,1.8497557938098907,0.0791551347970962,0.0127096152232084,0.5029081920329501,0.1253322267532348,1.6647702144289018,0.0,0.0,0.0,0.0,0.0,0.0,0.0,0.0,0.0,0.0,0.0,0.0,0.0,0.0,0.0,28448932.16212789,305.97545216043585,0.3043376724828259,24202453.106439315,419.9405346006688,0.1849755812307448,25548296.34768904,1099.9999999999995,0.9187233241951496,26043463.16300513,314.6468188085132,1.4314267699787808,2177.47,1800.0,7500.0,0.0,10911.48,16087.05,0.0,0.0,2031.98,0.0
179,Steel,6,3,1.3671102732419969,0.0996593339443207,0.06,0.2166795416018744,0.0728672438859939,0.1978992176668805,0.2098158113388901,0.0350886654108762,0.3529412773262061,0.2922169738881981,0.0916855496168136,0.542227784836627,0.2810942686384328,0.0930789268016815,0.7572500622538989,0.2183605591457318,0.0538440921902656,0.9510959978800356,0.3127450148659205,0.0745740520954132,1.140013707929004,26894530.150453325,667.0102406376308,0.1481702569148578,28248516.270316955,283.5784306565904,0.6315244839340495,24326908.635933906,263.3849162872781,1.2229892807030205,0.0,0.0,0.0,4908.64,1800.0,7500.0,0.0,7356.07,13164.12,0.0,0.0,5087.51,0.0
180,Steel,1,4,1.2371901631355289,0.0923727380037307,0.0235655884259679,0.5978645764103538,0.0950183945894241,0.6429916615347951,0.0,0.0,0.0,0.0,0.0,0.0,0.0,0.0,0.0,0.0,0.0,0.0,0.0,0.0,0.0,3540498.288350863,180.75665988634924,0.2505955080414459,3759151.568082253,362.89601499776296,0.4782518021997454,3182253.838814851,445.34337879241895,0.5632619930811342,5592027.347967782,544.522829724314,0.9928512445235026,2264.55,1800.0,7500.0,0.0,5148.71,11834.78,0.0,0.0,2285.43,0.0
181,Steel,6,2,1.5519998282194138,0.1023460084199905,0.0131061766301209,0.3478765202166161,0.0857972228527069,0.2883939734701484,0.2733303573076993,0.1487983232736587,0.4708780729848383,0.2888137723108887,0.0984739542007446,0.8170521682351699,0.3677438095369412,0.1162234330177307,1.1287458178443364,0.510272082414256,0.1143334245681762,1.2622781603865902,0.1974417712603379,0.0265828346088528,1.346527804293243,68974997.35910745,316.3591015200349,0.1884774929575163,70792878.9453987,464.68355353525175,1.3967998438454725,0.0,0.0,0.0,0.0,0.0,0.0,3035.35,1800.0,7500.0,0.0,6634.46,15259.12,0.0,0.0,3136.47,0.0
182,Steel,5,2,0.8711830660700798,0.0463352095782756,0.0064148428613739,0.337486391170793,0.0617373353242874,0.142666476181532,0.2799691064485611,0.1402632284164428,0.3002821037395538,0.2637369629867693,0.02,0.4078448898143451,0.2740244076305948,0.1078101229667663,0.550349422548255,0.2181700146945472,0.071248153746128,0.72893251817903,0.0,0.0,0.0,52480432.26794776,809.2592099928597,0.1060205107458355,54008297.54241996,418.4890767301265,0.7599981672749416,0.0,0.0,0.0,0.0,0.0,0.0,2784.59,1800.0,7500.0,0.0,8696.97,15686.15,0.0,0.0,2773.56,0.0
183,Steel,6,4,1.2677018135786058,0.0636171221733093,0.0123729994617812,0.3411806043254875,0.0528711658716201,0.2354426117205276,0.2471170250445696,0.0763964268565177,0.3688914917506543,0.2976694029843222,0.0549077469110488,0.5217420500258858,0.3482210112830679,0.1218956899642944,0.7815307274970342,0.4005442060912061,0.1227444177865982,0.9362755017795306,0.4795609232705799,0.1028651887178421,1.140921632220745,12510055.265646618,488.7438216380212,0.1412755263648382,14768302.56930547,318.65602137943955,0.5849358774566074,12528205.490480904,625.1493166895849,0.8010024779307703,12416762.272189012,289.87324548836654,1.1122706566279976,2532.28,1800.0,7500.0,0.0,4416.5,7292.43,0.0,0.0,2501.97,0.0
184,Steel,5,3,1.3827198952436448,0.094847316622734,0.0167317866234992,0.3201478347599352,0.0866996717453003,0.2478067725862228,0.2794081114932641,0.1006465697288513,0.4329457533473684,0.2916446878051407,0.0882901346683502,0.5338610869125687,0.1868833149401164,0.09424500644207,0.7360563743492181,0.2182763475905484,0.0399534200131893,1.0417949905026225,0.0,0.0,0.0,22346879.14424317,425.85845914658574,0.1483953727622994,25232142.69305412,369.6099321721684,0.5974478187935885,23683155.466963846,420.4268601225649,1.1826851395299558,0.0,0.0,0.0,4488.96,1800.0,7500.0,0.0,7440.26,12935.66,0.0,0.0,4564.74,0.0
185,Steel,6,2,1.457404261827469,0.1084270883798599,0.022141237142932,0.4708881397071487,0.0620980831980705,0.2412512946450381,0.4269333088760155,0.069488755762577,0.5182831889019593,0.2757538804599192,0.0524292804300785,0.674329922130586,0.3509814189181022,0.0655978563427925,0.7711002721811943,0.3198286143828849,0.0984980368614196,1.086088083410162,0.350593532171797,0.1063332235813141,1.2352459521743788,140462144.40276137,440.3614073091933,0.186773362949686,178007544.0133762,213.61665829204324,1.279991908179535,0.0,0.0,0.0,0.0,0.0,0.0,4590.63,1800.0,7500.0,0.0,10566.13,15063.25,0.0,0.0,4552.24,0.0
186,Steel,1,3,0.9654731333255768,0.0264001013040542,0.0211200810432434,0.4347516444887132,0.0784386527538299,0.6977845643034825,0.0,0.0,0.0,0.0,0.0,0.0,0.0,0.0,0.0,0.0,0.0,0.0,0.0,0.0,0.0,6824523.392848031,691.5918048916196,0.1523072690744549,7911855.178912214,1099.9999999999995,0.3455462344285026,6659372.732812683,490.7388824125936,0.7602811068469912,0.0,0.0,0.0,2237.9,1800.0,7500.0,0.0,23018.11,24961.08,0.0,0.0,2297.19,0.0
187,Steel,5,4,1.574192926287651,0.0766524477005004,0.0069440534622418,0.2578236147425604,0.0985478371381759,0.4151346752070056,0.2856403325494755,0.0895120120048523,0.5974908076276298,0.4752972061549124,0.0688927602767944,0.8902058171913318,0.2966526719368025,0.1105389410257339,1.0125007850104544,0.2157378923000259,0.0935622149705887,1.2581995327426454,0.0,0.0,0.0,37505363.83718163,238.05564632823692,0.1930480731641028,42141739.67419245,213.99063677555483,0.6294854400608721,41526361.1390549,436.7132031606935,0.9700002890977252,65204616.70176181,319.57108636621206,1.395393124645619,5987.36,1800.0,7500.0,0.0,8799.09,14813.55,0.0,0.0,5733.65,0.0
188,Steel,5,2,0.9438864573836327,0.1219087301492691,0.0244133883384227,0.4658113096153874,0.057278079688549,0.1454158331097113,0.1932135630675457,0.1404948264360427,0.3449751156460527,0.3904485921376803,0.0392858700454235,0.5004851575808602,0.2383887367016468,0.1079324811697006,0.5838030818472493,0.2651367954509656,0.1415584927797317,0.7781485409536959,0.0,0.0,0.0,10451118.517368063,364.1695746029247,0.1557405819166221,9144212.747130398,313.6573995117956,0.8494978107013831,0.0,0.0,0.0,0.0,0.0,0.0,2308.42,1800.0,7500.0,0.0,3312.09,27402.46,0.0,0.0,2316.23,0.0
189,Steel,3,4,0.9612058490514755,0.1122128711938858,0.0219208065748208,0.2605923513762751,0.1197101420164108,0.327371640515593,0.2806672289275524,0.0869023674726486,0.6262025578910104,0.1868458596202873,0.15,0.7682088009304349,0.0,0.0,0.0,0.0,0.0,0.0,0.0,0.0,0.0,20282133.34505635,465.4116771214015,0.1279214437301551,22137335.28199916,1038.7250042043331,0.3677498152763795,17014632.590253167,205.6845785052353,0.5030062118427003,20003809.831676707,425.3408097637811,0.835666798321285,5520.85,1800.0,7500.0,0.0,7729.19,30631.02,0.0,0.0,5588.5,0.0
190,Steel,3,2,1.6573873817920686,0.0544119470119476,0.0191519208788792,0.3373516459404576,0.089926740527153,0.372907916518295,0.1572986415545806,0.0440387009084224,1.0369273080042682,0.3019474072696787,0.0359354957938194,1.3410971755206282,0.0,0.0,0.0,0.0,0.0,0.0,0.0,0.0,0.0,23167995.93946748,664.1801104501579,0.2290436393541775,30280831.80606704,402.74246161205576,1.4916486419554744,0.0,0.0,0.0,0.0,0.0,0.0,2627.28,1800.0,7500.0,0.0,6019.4,13338.71,0.0,0.0,2614.1,0.0
191,Steel,5,4,1.3988892406225204,0.0941461535692215,0.0108250195523635,0.2594971617818143,0.1405328178405761,0.531196734570223,0.2008852413543191,0.03197259247303,0.6220993578154302,0.3056828667978192,0.1090198814868927,0.7359152569542172,0.400623428936275,0.114523606300354,0.9357892272272844,0.2198238384730893,0.0628506818413734,1.1799020800534332,0.0,0.0,0.0,6736169.4539777925,247.34035547173096,0.1699898431686334,7868730.208243004,350.85213642761187,0.6049776191579983,5574193.416886559,114.60994630763412,0.8534767302153469,8590725.32083856,372.49192153263647,1.2590003151613791,2631.92,1800.0,7500.0,0.0,4394.14,11123.51,0.0,0.0,2672.55,0.0
192,Steel,3,2,1.389354646205902,0.1141283357143402,0.0074586005146709,0.3741131782969179,0.0676300284266471,0.37264722064803,0.304037745195219,0.055218985080719,0.6151040557245993,0.1785513950173393,0.074667283296585,0.830589834907094,0.0,0.0,0.0,0.0,0.0,0.0,0.0,0.0,0.0,26200598.251914904,230.23236242290332,0.2267855109801952,25844877.57705371,416.04301836384593,1.0394188792786352,0.0,0.0,0.0,0.0,0.0,0.0,4500.98,1800.0,7500.0,0.0,5977.11,15320.18,0.0,0.0,4521.54,0.0
193,Steel,6,2,1.3424509078264235,0.0620898821949958,0.0065733871026638,0.2723913492963842,0.066153857409954,0.2425898307799533,0.240912926105781,0.0698646134138107,0.4465459388138623,0.1969657058424418,0.088632127046585,0.633188477723092,0.2065868690172486,0.0523957270383834,0.9179861601313012,0.3044056485891578,0.0886514675617218,1.0456265970670495,0.2675715713935249,0.0559009435772895,1.2081958170437812,39449082.88282689,443.0410026845244,0.1612677700797525,38017282.14202184,285.519661324644,1.1688477822635968,0.0,0.0,0.0,0.0,0.0,0.0,3071.07,1800.0,7500.0,0.0,6834.63,11610.77,0.0,0.0,3015.96,0.0
194,Steel,2,4,0.3801353268325329,0.0696787225604057,0.006180762476827,0.2280164300818112,0.0972411745786667,0.1441264575817501,0.2182294211768702,0.07300785779953,0.2924507953166743,0.0,0.0,0.0,0.0,0.0,0.0,0.0,0.0,0.0,0.0,0.0,0.0,1816658.2641567965,499.1285794777566,0.0622937714500407,1711000.5710589036,343.426278928213,0.2113378096715505,1478149.4423133945,396.2178458486508,0.3107409666528791,2051746.1803229928,584.5118205721225,0.3421217937691443,3046.85,1800.0,7500.0,0.0,5326.83,129712.92,0.0,0.0,3019.5,0.0
195,Steel,5,2,1.4526814579963685,0.1067360854148864,0.0428743333430578,0.2120797695754301,0.1092621105909347,0.1452781457996368,0.4321926482504322,0.059315210878849,0.3000196815739402,0.3461615689163296,0.0767736676335334,0.4807561427801116,0.1579841043210068,0.1085040724277496,0.6659485887301828,0.2795891738784617,0.0839046767354011,1.038901209265669,0.0,0.0,0.0,14067113.929410022,505.0561079252963,0.2276875639296575,14475866.323933505,269.7058032829998,1.111404705433046,0.0,0.0,0.0,0.0,0.0,0.0,2719.76,1800.0,7500.0,0.0,4032.13,12287.41,0.0,0.0,2728.09,0.0
196,Steel,1,2,1.2521573603153229,0.096501171708107,0.0522642257326949,0.3361158556159402,0.026667957380414,0.8575194368984764,0.0,0.0,0.0,0.0,0.0,0.0,0.0,0.0,0.0,0.0,0.0,0.0,0.0,0.0,0.0,8432839.613155033,567.0633945736213,0.2796989693400486,6296533.957215698,446.4650242147167,1.005802117254055,0.0,0.0,0.0,0.0,0.0,0.0,3971.06,1800.0,7500.0,0.0,5316.62,19175.83,0.0,0.0,3970.09,0.0
197,Steel,1,4,1.4625868856906892,0.1034431531429291,0.0332096762304311,0.2397490470713291,0.0703677070140838,0.8069378399728588,0.0,0.0,0.0,0.0,0.0,0.0,0.0,0.0,0.0,0.0,0.0,0.0,0.0,0.0,0.0,10331037.748837229,159.6198112912927,0.2051682788989356,10807286.95933797,380.5773658457372,0.7745223230915175,9772513.846053226,1099.9999999999995,0.9692650354736858,10907129.655938772,287.8812980919385,1.3043711091038752,5615.26,1800.0,7500.0,0.0,6599.18,13588.24,0.0,0.0,5501.66,0.0
198,Steel,3,2,1.0963526353240014,0.0773489260077476,0.0341498977260818,0.3473659397554985,0.079684701859951,0.2695699505594739,0.4662895263371578,0.0877041387557983,0.7133412116457274,0.2535206391898451,0.1114291083812713,0.8655494734839111,0.0,0.0,0.0,0.0,0.0,0.0,0.0,0.0,0.0,14791037.913271016,607.4620858833063,0.152192521246166,16689203.287173284,301.7882688692519,0.9672949113822352,0.0,0.0,0.0,0.0,0.0,0.0,2838.99,1800.0,7500.0,0.0,5962.25,21418.93,0.0,0.0,2841.6,0.0
199,Steel,2,2,1.492110639810562,0.0405051888525486,0.0128703550457524,0.2545280344378979,0.0697182616591453,0.2072148788469994,0.1714613994012563,0.0522508610785007,0.9598212429215912,0.0,0.0,0.0,0.0,0.0,0.0,0.0,0.0,0.0,0.0,0.0,0.0,51529212.85538125,545.3422871729165,0.1672551984398077,44253094.73836253,354.79813492965263,1.1486423717247347,0.0,0.0,0.0,0.0,0.0,0.0,3760.67,1800.0,7500.0,0.0,9369.68,11191.73,0.0,0.0,3725.68,0.0
