rank,material,n_disks,n_bearings,L,OD,ID,d0_OD,d0_W,d0_pos,d1_OD,d1_W,d1_pos,d2_OD,d2_W,d2_pos,d3_OD,d3_W,d3_pos,d4_OD,d4_W,d4_pos,d5_OD,d5_W,d5_pos,b0_K,b0_C,b0_pos,b1_K,b1_C,b1_pos,b2_K,b2_C,b2_pos,b3_K,b3_C,b3_pos,cs1_pred,cs1_lo,cs1_hi,cs1_dev_pct,cs2_pred,cs3_pred,joint_err,joint_err_truth,cs1_ross,cs1_relerr_truth_pct
0,Steel,1,3,0.5727382801473141,0.0589285883307457,0.0116922457160586,0.2859332321358121,0.15,0.2565829164880687,0.0,0.0,0.0,0.0,0.0,0.0,0.0,0.0,0.0,0.0,0.0,0.0,0.0,0.0,0.0,5756918.143077906,86.68977162173285,0.1225054671921955,7649940.618826888,347.3834554656428,0.3793544855785444,7439113.918951686,557.5444427971697,0.4781372654826257,0.0,0.0,0.0,3933.72,3681.0,1000000000000.0,0.0,18615.33,37671.74,0.0,0.0,3919.8,0.0
1,Steel,2,4,0.9642905026674272,0.1021886229515075,0.0165685345738555,0.2425130863194453,0.046559881567955,0.3636138115686613,0.2592230261035934,0.1334399783611297,0.7903805615681664,0.0,0.0,0.0,0.0,0.0,0.0,0.0,0.0,0.0,0.0,0.0,0.0,8542947.379534978,529.386780339325,0.1139871810354302,8981638.889037374,181.91796815834877,0.4175514727447232,11338861.5163068,206.20603523652863,0.6964817876473441,11323439.762378374,397.009670651025,0.8678614514363938,5186.86,3681.0,1000000000000.0,0.0,6183.93,29962.49,0.0,0.0,5098.74,0.0
2,Steel,2,2,1.4852660477161408,0.0409552799761295,0.0122873632675694,0.2503011120637741,0.0690723380446434,0.2150654746334174,0.1697878664508341,0.0519012731313705,0.9757703498217852,0.0,0.0,0.0,0.0,0.0,0.0,0.0,0.0,0.0,0.0,0.0,0.0,63067760.77155273,529.5436393416248,0.1720339715214933,53681176.375700094,361.4125643046156,1.137638874174276,0.0,0.0,0.0,0.0,0.0,0.0,4060.22,3681.0,1000000000000.0,0.0,9648.02,11905.22,0.0,0.0,4003.26,0.0
3,Steel,2,3,1.6291171610355375,0.0885940267443657,0.0223339321841499,0.43485702856617,0.1263094806671142,0.7086662282027991,0.4080996866143063,0.0663784235715866,1.121007162658675,0.0,0.0,0.0,0.0,0.0,0.0,0.0,0.0,0.0,0.0,0.0,0.0,166280258.60790616,638.8217475764387,0.3054685733622593,191279508.66706344,375.1434279131795,0.8491250354620208,164483046.8957614,627.0160718006317,1.4662054433028668,0.0,0.0,0.0,8575.31,3681.0,1000000000000.0,0.0,12713.85,17635.15,0.0,0.0,8939.67,0.0
4,Steel,1,4,1.4746855556964875,0.1047794950008392,0.0313343340703017,0.2286016795398356,0.0709972229599952,0.8230400120858925,0.0,0.0,0.0,0.0,0.0,0.0,0.0,0.0,0.0,0.0,0.0,0.0,0.0,0.0,0.0,11919596.59698806,162.3042383616998,0.2124541546495305,12450446.266469946,385.0568785150857,0.7664776488536384,11216333.822501086,1099.9999999999995,0.9715590752807782,12668847.127986228,282.6916620711801,1.3072349776020955,5986.67,3681.0,1000000000000.0,0.0,6846.91,13705.27,0.0,0.0,5845.05,0.0
5,Steel,1,2,1.2611460149288178,0.0945269764661789,0.0523288809872378,0.3336851895045361,0.0260038758814334,0.8714640601246112,0.0,0.0,0.0,0.0,0.0,0.0,0.0,0.0,0.0,0.0,0.0,0.0,0.0,0.0,0.0,10165244.411041385,553.8589272256338,0.2864340230122362,7418881.074799525,451.6446709453882,1.0104659847663846,0.0,0.0,0.0,0.0,0.0,0.0,4380.4,3681.0,1000000000000.0,0.0,5946.47,18807.75,0.0,0.0,4386.07,0.0
6,Steel,3,3,1.3991364628076557,0.0750082964301109,0.0121282766953976,0.3392376492738617,0.0886900478601455,0.3948327017873234,0.253551875125329,0.0976367020606994,0.741528176107867,0.3397277881849367,0.0575712171196937,1.1152165468046382,0.0,0.0,0.0,0.0,0.0,0.0,0.0,0.0,0.0,116166209.00913768,228.32737923978135,0.3596590973061249,126089471.27915923,311.1646266766378,0.8050283935216207,129254814.09718324,166.22088862695682,1.1819486679531828,0.0,0.0,0.0,10375.43,3681.0,1000000000000.0,0.0,13442.82,16210.47,0.0,0.0,11109.25,0.0
7,Steel,2,4,0.381170280277729,0.0683205100893974,0.0058126399751749,0.2133801592334054,0.0963367420434951,0.1441298316024495,0.2108098444729866,0.0748620715737342,0.2946642000794434,0.0,0.0,0.0,0.0,0.0,0.0,0.0,0.0,0.0,0.0,0.0,0.0,2834101.3663887936,499.2274872529446,0.0642503203377397,2685806.5244310354,352.8942741201244,0.2078042885577125,2315487.202365455,394.6884821186016,0.3085278021317487,3208012.0380457826,587.4111561785667,0.3430532518687859,4025.2,3681.0,1000000000000.0,0.0,6477.9,125132.49,0.0,0.0,3982.86,0.0
9,Steel,3,2,1.3715403139591218,0.1132978448867798,0.0073983542148959,0.3696240144293335,0.0672182947397232,0.3698521668694709,0.3032535883316081,0.0548635372519493,0.6092434241926638,0.1825932329523485,0.0755572724342346,0.8346110665364104,0.0,0.0,0.0,0.0,0.0,0.0,0.0,0.0,0.0,33706553.44607483,234.44881417472672,0.2229948391080577,33252290.95198757,410.5493133755085,1.0288206493319056,0.0,0.0,0.0,0.0,0.0,0.0,5100.9,3681.0,1000000000000.0,0.0,6819.25,15726.02,0.0,0.0,5127.25,0.0
10,Steel,6,3,1.7468069404363633,0.1162746266126632,0.0063485266021962,0.3059276691194087,0.118717383146286,0.2625628993401215,0.2381101474132355,0.0615947842597961,0.523104857945606,0.3086658035445188,0.1004630595445633,0.9099299642637624,0.3038651027858697,0.0938281548023224,1.098063082589935,0.300421995280892,0.0906377989053726,1.2635330509843845,0.2186646191487831,0.0757231739163398,1.4056585842883424,40514060.6595754,741.6152729199657,0.1920854971795264,40712721.07495997,492.1417312854508,0.661168892759654,40890424.172151566,561.7987016606079,1.4581304877929582,0.0,0.0,0.0,4538.91,3681.0,1000000000000.0,0.0,6388.07,9925.62,0.0,0.0,4588.37,0.0
11,Steel,2,3,1.0221302941441537,0.0413204701244831,0.017567896314876,0.2262847673587833,0.0939320635795593,0.6137750913276458,0.2448671778953876,0.0788244944810867,0.8282363131570467,0.0,0.0,0.0,0.0,0.0,0.0,0.0,0.0,0.0,0.0,0.0,0.0,13868934.557685897,463.8715425920211,0.2238016882925504,12782409.573338453,460.6754022581126,0.5297341229365938,11090725.975629857,268.3255632182376,0.8941692668473675,0.0,0.0,0.0,5150.28,3681.0,1000000000000.0,0.0,10309.15,14233.47,0.0,0.0,5165.21,0.0
12,Steel,4,2,0.6531890600919723,0.0338037555962801,0.0171413194480853,0.2590049201943082,0.0379700699448585,0.119241756453913,0.180378257154367,0.1350137740373611,0.2182500976593957,0.205644841243831,0.1412412339448928,0.4071963276367829,0.2159346413293255,0.052970018684864,0.5485545416287179,0.0,0.0,0.0,0.0,0.0,0.0,70999542.07374735,1099.9999999999995,0.096381828182462,80173097.80156955,272.2370397104225,0.5142839728640689,0.0,0.0,0.0,0.0,0.0,0.0,4761.49,3681.0,1000000000000.0,0.0,12394.47,17390.67,0.0,0.0,4522.8,0.0
13,Steel,5,3,1.358654546737671,0.081802316904068,0.0195673617110007,0.3552474975145863,0.0835492405295372,0.1773893388790988,0.2299262402665809,0.0923264056444168,0.3854012921235911,0.1891461248437106,0.1089522439241409,0.5590528506451624,0.261266734131812,0.0809976330399513,0.8510648793985716,0.315247822493211,0.0636812043190002,1.1330957477781582,0.0,0.0,0.0,32804067.440854777,448.8099906143008,0.1520827344186273,29881747.661569636,384.4787863581618,0.6618097413192027,33478007.34935905,881.9287376394286,1.1730105905717054,0.0,0.0,0.0,5568.21,3681.0,1000000000000.0,0.0,6822.81,11586.13,0.0,0.0,5596.04,0.0
14,Steel,1,3,1.074778860807419,0.0819817337989807,0.0058030738291857,0.2650322438683122,0.1249656867980957,0.2251924884538406,0.0,0.0,0.0,0.0,0.0,0.0,0.0,0.0,0.0,0.0,0.0,0.0,0.0,0.0,0.0,14289760.6514041,405.29065830913805,0.1706921130605131,14116772.850710563,453.8550306606747,0.6493380452149891,12234002.048252247,561.6809764330704,0.8299901400859704,0.0,0.0,0.0,4690.33,3681.0,1000000000000.0,0.0,8533.26,23015.96,0.0,0.0,4649.32,0.0
15,Steel,6,3,1.320638456940651,0.1018849396705627,0.0268118663589889,0.383155198483275,0.0550382953882217,0.1484500233403675,0.2730181908275488,0.142639701962471,0.3020504990103155,0.2185021883725425,0.1186427563428878,0.592079717112332,0.1300005636322458,0.0639936900138855,0.7502854861150129,0.168089132461904,0.0855873596668243,0.8699731088216608,0.310394780136893,0.0972396093606949,1.043212633779139,31957320.67425876,447.4968103404738,0.1999658576838161,34089822.89124066,452.6703159144477,1.074808521642315,33010340.748545382,358.5110933768224,1.1681584134298624,0.0,0.0,0.0,4089.02,3681.0,1000000000000.0,0.0,7505.27,14066.99,0.0,0.0,4176.08,0.0
16,Steel,3,4,1.1572806641459463,0.149231016755104,0.0412850061279784,0.2633859250966823,0.0552874866127967,0.3420967268813552,0.3377203521294527,0.0893089830875396,0.6258965294172494,0.1955237179435538,0.0983279472589492,0.8773765678758456,0.0,0.0,0.0,0.0,0.0,0.0,0.0,0.0,0.0,34794312.58981642,720.0973657211405,0.1908192643334016,35719411.10025012,1099.9999999999995,0.526070950500733,26982783.861286186,517.6098170674935,0.5289673509443895,33254714.57211322,333.6180532600204,0.9845356089580144,6165.11,3681.0,1000000000000.0,0.0,7585.73,27636.56,0.0,0.0,6471.96,0.0
17,Steel,4,4,1.5376203626394271,0.093484770655632,0.0158777722630573,0.2690215772014137,0.0490248422324657,0.2847507484590509,0.3000705327687481,0.0775091651082039,0.7648278659340486,0.2130840461149621,0.1273768973350525,0.940870588541598,0.1953225910447278,0.0821884655952453,1.2264961997752826,0.0,0.0,0.0,0.0,0.0,0.0,105146272.66945392,419.3902055101048,0.1777393078035914,147677120.662456,441.8862841520593,0.7526720749990033,121448795.25045304,505.727327740577,0.8420254089421013,111460695.96390726,314.2588436459522,1.357349073543297,13472.06,3681.0,1000000000000.0,0.0,15490.85,20423.91,0.0,0.0,13990.41,0.0
18,Steel,1,2,1.3141341537237168,0.0479878331720829,0.0180456423855125,0.4481933063715311,0.1142253625392913,0.4547730691726943,0.0,0.0,0.0,0.0,0.0,0.0,0.0,0.0,0.0,0.0,0.0,0.0,0.0,0.0,0.0,627564697.7113011,710.7230389663551,0.3948748054072501,561391164.2673447,519.8403558106152,1.037837232448891,0.0,0.0,0.0,0.0,0.0,0.0,7262.18,3681.0,1000000000000.0,0.0,13037.8,17176.53,0.0,0.0,8393.0,0.0
19,Steel,4,4,0.8256319373846054,0.0481435364484787,0.0230284873580227,0.3740004399627842,0.0606510043144226,0.1420642623956144,0.3369882339136105,0.146820763349533,0.2698120001927837,0.2988748114611987,0.0835701927542686,0.4824761434089887,0.4087205833674672,0.1122730630636215,0.5942971823877082,0.0,0.0,0.0,0.0,0.0,0.0,85685005.743011,582.6468250464269,0.0948868056793297,86327866.31445506,887.6953239260499,0.3395129402774651,85359843.24510895,261.37507808316013,0.4680168478478794,78696002.9012349,306.05520954589133,0.7430687428205129,7395.23,3681.0,1000000000000.0,0.0,8289.35,21496.93,0.0,0.0,7133.94,0.0
20,Steel,6,4,0.8391987234354019,0.0837250984311104,0.0143091784241182,0.2929610419762761,0.0503668849170208,0.1416483094426505,0.4115928834648837,0.0308693365752697,0.2122856742527689,0.3737067172673752,0.0742844209074974,0.2741238646669196,0.263666975302029,0.0610842442512512,0.3626691107988325,0.3711896532804315,0.1180463695526123,0.5127272798626915,0.3871441073924404,0.0577144771814346,0.7021210794815291,24847949.650259417,413.9610468224487,0.0886435764790591,23380162.957040668,413.4156395247614,0.3493870152229166,19847853.863604706,238.49517358251325,0.4467889547212461,19847853.863604706,889.4827335314022,0.7217674878653679,4659.91,3681.0,1000000000000.0,0.0,6601.73,26183.81,0.0,0.0,4719.4,0.0
21,Steel,3,4,0.7922630622982979,0.1068373385667801,0.0099746618918591,0.2325629130814048,0.0503000047802925,0.1944324347758609,0.3133779794679509,0.081769696176052,0.3056193912037603,0.2047549104133964,0.148994882106781,0.6103198058823046,0.0,0.0,0.0,0.0,0.0,0.0,0.0,0.0,0.0,14079424.991342252,233.18933089597977,0.1235912115302446,10659625.340585783,349.1174788275042,0.4694164304329463,12378949.317044286,933.335568665243,0.4899079750691734,9987021.895228066,501.07399444769055,0.6770539986778488,5137.1,3681.0,1000000000000.0,0.0,6043.1,42387.53,0.0,0.0,5099.56,0.0
22,Steel,3,3,1.38862863779068,0.0902033576965332,0.020767471868248,0.2530813632726543,0.15,0.3904096848900161,0.443888844220288,0.1055618810653686,0.7590503934027549,0.419330337867689,0.0435212549567222,0.9156866040518112,0.0,0.0,0.0,0.0,0.0,0.0,0.0,0.0,0.0,73303974.93061207,543.0035658008597,0.1908314299704798,93227428.71130349,464.63902421076375,0.6834178652191135,88584018.16153526,1099.9999999999995,1.1595575963303184,0.0,0.0,0.0,7108.71,3681.0,1000000000000.0,0.0,12630.14,18291.58,0.0,0.0,7201.26,0.0
23,Steel,6,3,1.2213220715522768,0.0753559536933898,0.0284992971869803,0.4734319404206597,0.1092010360956192,0.1434994449413714,0.4156368622556795,0.023527081888169,0.322905139750081,0.380585346741483,0.1111086416244507,0.523207768064985,0.2610250513611404,0.0935429519414901,0.6822075436666807,0.2831256883402009,0.0571198144555091,0.8864777601043896,0.3192024444192191,0.0770356866717338,1.0593237819742198,56230274.571780376,621.5525277930295,0.130576930595057,50391856.62356314,556.6764223830096,0.5719662007676789,53238856.9050345,377.52232489691465,1.095137013996152,0.0,0.0,0.0,5139.76,3681.0,1000000000000.0,0.0,6981.23,10546.24,0.0,0.0,5317.07,0.0
24,Steel,6,3,1.0347293078899384,0.1153973814249038,0.0119850232678766,0.3213794509925131,0.066207171678543,0.2229693551188984,0.1778363331880383,0.0552830621600151,0.3367074866941163,0.266840518303034,0.0730552637577056,0.426504978012223,0.4594303666224963,0.125552744269371,0.5492501200380542,0.207633662812618,0.0681110733747482,0.656358500228779,0.3250813794875989,0.1025393831729889,0.8403163055927997,24137051.45863877,468.2165841161586,0.1507709313442964,20450137.77364012,255.760609197164,0.6178083514820351,22892821.59019609,285.3065577229233,0.8953193104999688,0.0,0.0,0.0,3726.52,3681.0,1000000000000.0,0.0,6140.77,18814.08,0.0,0.0,3761.23,0.0
25,Steel,4,2,1.591194248199463,0.0952940137386322,0.0124117686060798,0.1708327758621963,0.0562578791379928,0.3793364603769131,0.2360544668145869,0.0905905091762542,0.8077225468466322,0.3181069455245661,0.0807896798849105,1.1210905747884126,0.269835900668353,0.112195902466774,1.3472087506131465,0.0,0.0,0.0,0.0,0.0,0.0,37557510.73481005,322.78997517440735,0.2016133155643837,49633806.63525942,180.31953596549437,1.4067058785708135,0.0,0.0,0.0,0.0,0.0,0.0,3907.89,3681.0,1000000000000.0,0.0,8598.13,12553.71,0.0,0.0,3938.35,0.0
27,Steel,3,4,0.9643274977803232,0.1114480768442154,0.0228158273557929,0.2553938660587483,0.1198278898000717,0.3192217689868257,0.2778863701206393,0.086471289396286,0.627337206651064,0.1897020311955142,0.15,0.7661502425574955,0.0,0.0,0.0,0.0,0.0,0.0,0.0,0.0,0.0,23754611.59378399,461.5979775534197,0.124825086513983,26607392.63428588,1015.1029046324948,0.3801471394587202,20296406.017865658,202.94403062264607,0.5169299371863287,23635497.57359617,427.2842687691853,0.8408060647305007,6128.95,3681.0,1000000000000.0,0.0,8334.92,30969.21,0.0,0.0,6195.13,0.0
28,Steel,5,3,0.9899340704083444,0.0966605461835861,0.0133874054916166,0.1607030468048768,0.1060609608888626,0.1506062969464369,0.3103014264532978,0.0895413559675216,0.3191827948473614,0.3169581827983018,0.0835021212697029,0.5008360638493331,0.2906855511105207,0.0585829639434814,0.6779945916785229,0.4371597467526257,0.1011304157972335,0.803496503562688,0.0,0.0,0.0,24418328.566851083,357.37659187888227,0.1131585960984078,21666610.95912984,579.506738833904,0.4772704223173899,23161016.774413493,464.67470044698575,0.8492432624296691,0.0,0.0,0.0,3953.74,3681.0,1000000000000.0,0.0,6458.78,22077.54,0.0,0.0,3966.04,0.0
29,Steel,1,3,0.5101121425628663,0.054827763736248,0.01359633798623,0.2082187450566103,0.0906557291746139,0.3098401054004279,0.0,0.0,0.0,0.0,0.0,0.0,0.0,0.0,0.0,0.0,0.0,0.0,0.0,0.0,0.0,2777737.715842101,207.33784995449827,0.060171176167795,2241257.689321168,287.7812740368746,0.186816947115773,2486781.303893258,1099.9999999999995,0.4326798001489937,0.0,0.0,0.0,4049.41,3681.0,1000000000000.0,0.0,11549.48,50406.08,0.0,0.0,4009.06,0.0
30,Steel,2,2,1.6021884679794312,0.130819261431694,0.0146939007164364,0.3598951423950512,0.1443178248405456,0.8402704201271602,0.2382236736089329,0.0650464075803756,1.3733967022591715,0.0,0.0,0.0,0.0,0.0,0.0,0.0,0.0,0.0,0.0,0.0,0.0,67762650.3320231,267.7520823660505,0.4661588330351962,79787247.1160899,347.4097313711525,1.2536675943745106,0.0,0.0,0.0,0.0,0.0,0.0,6173.14,3681.0,1000000000000.0,0.0,6868.07,11291.39,0.0,0.0,6279.57,0.0
31,Steel,6,3,1.1035176128149031,0.06852099776268,0.0066156210491667,0.2637022343920129,0.0280721424147486,0.2432367109463976,0.3032121354116304,0.1112702542543411,0.3187909697616343,0.2732678764526199,0.0676883831620216,0.5494718275129574,0.2870156165680651,0.0649191406369209,0.6225199067855839,0.2759797887440152,0.060615314245224,0.7686174092272661,0.3480931143617986,0.0468693472445011,0.9149680350601184,42201422.41179799,533.4853375290612,0.1228155027818753,38768692.05333772,395.5143227714384,0.3708433661879886,54118342.943768695,478.4441213903462,0.967226867966927,0.0,0.0,0.0,5170.57,3681.0,1000000000000.0,0.0,10001.62,16609.75,0.0,0.0,5193.97,0.0
32,Steel,2,3,1.5550697058439256,0.0720489587187767,0.0043044850876551,0.2953501108588886,0.0908187985420227,0.67880456012641,0.3781492931085445,0.0364247000217437,0.9594731047365286,0.0,0.0,0.0,0.0,0.0,0.0,0.0,0.0,0.0,0.0,0.0,0.0,43874445.479754604,445.5623379314516,0.3938761554062177,37648140.23318101,833.3206175439877,1.0431939448417684,35987689.5189187,586.8353061434451,1.3434846142227954,0.0,0.0,0.0,5832.77,3681.0,1000000000000.0,0.0,8825.35,14629.71,0.0,0.0,5945.36,0.0
33,Steel,5,2,0.5524154752492905,0.0920021817684173,0.0085220319643523,0.3337290015615756,0.0635321870446205,0.069997225933073,0.3115911886412023,0.0754971355199813,0.1678250367495255,0.2044010271605305,0.1032209193706512,0.2620702348042299,0.3608065044100446,0.0923861396312713,0.3757687152431898,0.2296523222424243,0.1016750109195709,0.4847888421237556,0.0,0.0,0.0,26643906.078836564,475.02528994302736,0.0837065290423382,26877614.847830717,629.2779241581209,0.4545317610334053,0.0,0.0,0.0,0.0,0.0,0.0,4394.96,3681.0,1000000000000.0,0.0,6378.28,55105.01,0.0,0.0,4384.56,0.0
34,Steel,5,4,0.9789707258343696,0.1082258431911468,0.0095477528223365,0.3400837196048213,0.0542432111501693,0.1296875682695216,0.2281662202055618,0.0325646371394395,0.3062681739624772,0.3883052056692608,0.0881993985176086,0.4936525410097349,0.2540118237614807,0.067646033167839,0.6761751780626901,0.2204351041941858,0.0903047096729278,0.766260523300556,0.0,0.0,0.0,11160156.642550556,1077.8216549141628,0.1177614114500981,10842024.059019145,633.4024211829359,0.5244330606271304,8441806.535530452,780.6584805844118,0.5768503986058592,9720933.259246891,751.6025211398359,0.8581770867311548,3707.06,3681.0,1000000000000.0,0.0,4560.07,21193.79,0.0,0.0,3740.28,0.0
35,Steel,3,4,0.8965004041790963,0.114460711479187,0.0373612862893567,0.1808658196419405,0.0307362252473831,0.4282822664136557,0.288320628687539,0.0446934869885444,0.5553410222873574,0.2510238163522593,0.0775537079572677,0.6356731112625765,0.0,0.0,0.0,0.0,0.0,0.0,0.0,0.0,0.0,7726188.829078719,428.6655208724813,0.1502446820581049,9009871.393426158,723.5322084636572,0.385997229632561,6877987.411117541,723.4135313351272,0.5771032932354093,8464985.322515652,294.9477588256224,0.8051433170942486,4620.77,3681.0,1000000000000.0,0.0,6144.89,39388.41,0.0,0.0,4744.17,0.0
36,Steel,1,4,1.077660509943962,0.0651383824348449,0.0123136225046003,0.1601744331121349,0.0882652926445007,0.684314789690858,0.0,0.0,0.0,0.0,0.0,0.0,0.0,0.0,0.0,0.0,0.0,0.0,0.0,0.0,0.0,3514840.4944574456,589.2422287470542,0.3548908144594216,2954904.8612473407,275.4845455469992,0.7580386702877628,3430170.320131388,416.98281015235193,0.7801143779021358,3469604.760164881,685.3097505554094,0.9586739202193832,3814.42,3681.0,1000000000000.0,0.0,6383.92,15106.91,0.0,0.0,3829.75,0.0
37,Steel,3,3,1.29150847196579,0.0502816449105739,0.00990773057113,0.3981902220714253,0.113726127743721,0.4374417932668651,0.4451200363336837,0.1202142429351806,0.6170815589879919,0.2641930960029941,0.0896971726417541,0.8972024988208271,0.0,0.0,0.0,0.0,0.0,0.0,0.0,0.0,0.0,85833090.70542595,91.1535785778656,0.1740932025149431,88431001.40555318,894.4348374801804,0.7067734091742481,82541239.67018384,288.22308967978194,1.102283341024513,0.0,0.0,0.0,3824.75,3681.0,1000000000000.0,0.0,9379.73,14277.16,0.0,0.0,3871.61,0.0
38,Steel,2,3,1.0043692767620087,0.0669468299150466,0.0166673193097203,0.2454466538265181,0.0846524208784103,0.3876060082843598,0.1961378583266697,0.0945861232280731,0.903922349085808,0.0,0.0,0.0,0.0,0.0,0.0,0.0,0.0,0.0,0.0,0.0,0.0,19001531.048933133,516.911402316132,0.1310301895248926,16012846.796690172,240.3458818781509,0.4372407815383056,19130828.63893831,1099.9999999999995,0.8207000821804153,0.0,0.0,0.0,6516.36,3681.0,1000000000000.0,0.0,8036.33,20501.06,0.0,0.0,6484.14,0.0
39,Steel,2,3,1.244546401500702,0.0463738978803157,0.0094834905809835,0.2108785707708049,0.02,0.2888834938346215,0.2639594973664255,0.0860163068771362,0.7513971027849311,0.0,0.0,0.0,0.0,0.0,0.0,0.0,0.0,0.0,0.0,0.0,0.0,6551681.463753332,722.3365416857836,0.13524029546796,8386858.58652196,272.9143786616291,0.4399963255407441,6457570.718014368,306.02214968609127,0.9876470706981038,0.0,0.0,0.0,4044.69,3681.0,1000000000000.0,0.0,9228.54,10595.17,0.0,0.0,3969.43,0.0
40,Steel,2,4,0.8034035533666611,0.0715034333467483,0.0325203187795031,0.1989390007017719,0.1299397867918014,0.2949763252589936,0.2204290649213981,0.086886265873909,0.5669791182812255,0.0,0.0,0.0,0.0,0.0,0.0,0.0,0.0,0.0,0.0,0.0,0.0,3828719.507171536,596.8270501058197,0.1386676213450375,4304349.64615972,371.3892342253463,0.4696618628365798,3375026.445045084,469.3068642461526,0.5514859765625744,3314781.1073977263,423.393687099198,0.6975318529992838,4002.82,3681.0,1000000000000.0,0.0,5505.89,30192.22,0.0,0.0,3964.05,0.0
41,Steel,3,2,0.8647991761565209,0.0904740065336227,0.0054870292146022,0.2940892452177234,0.0523494601249694,0.1636173643231356,0.2169427999211302,0.0924285322427749,0.4189877193659097,0.3244442972628412,0.039214199334383,0.6097183229483515,0.0,0.0,0.0,0.0,0.0,0.0,0.0,0.0,0.0,25048552.85420963,358.5582943402349,0.1044208546469474,20832796.33845044,428.051560914776,0.6939101187170262,0.0,0.0,0.0,0.0,0.0,0.0,5573.9,3681.0,1000000000000.0,0.0,8407.09,29897.32,0.0,0.0,5576.27,0.0
42,Steel,1,4,1.1244549721479418,0.1243812266588211,0.0075200589690164,0.3307449706705096,0.0977409905195236,0.291933844765072,0.0,0.0,0.0,0.0,0.0,0.0,0.0,0.0,0.0,0.0,0.0,0.0,0.0,0.0,0.0,17280422.259273984,372.9170453704164,0.1552727843551053,23145498.922896583,418.5762314953536,0.4575982415168206,26225152.93763636,591.5120506840875,0.530972838835797,19638586.579501823,373.0116226865189,0.81628712096898,5194.72,3681.0,1000000000000.0,0.0,6898.85,30328.12,0.0,0.0,5061.22,0.0
43,Steel,5,2,1.3012974560260773,0.1031921489238739,0.0348537816297382,0.2267601919096753,0.0392700009047985,0.3115121331140728,0.2019949319272862,0.070231017768383,0.4313163265486434,0.2727462482420734,0.07881137996912,0.5965260035999026,0.3303944409261033,0.1379385387897491,0.8018460167260438,0.2409309760216779,0.0756100171804428,0.9757319893239144,0.0,0.0,0.0,33140787.821446072,455.0733636598063,0.1658458901637594,30672954.460546654,599.4371033614411,1.126596782999534,0.0,0.0,0.0,0.0,0.0,0.0,3746.32,3681.0,1000000000000.0,0.0,8857.1,16751.09,0.0,0.0,3788.06,0.0
44,Steel,4,2,0.6209402933716774,0.0767167561054229,0.0155407895102113,0.3906062533628174,0.0588645520806312,0.143032764298377,0.4060318543881718,0.094023962020874,0.2586044350736369,0.5342040078045989,0.0826456952095031,0.3777527173539461,0.2026376685265153,0.0767491006851196,0.5248547427187515,0.0,0.0,0.0,0.0,0.0,0.0,26906587.329160195,447.313885572823,0.1019403693490416,35797390.031753875,103.2990381992904,0.5588462634135694,0.0,0.0,0.0,0.0,0.0,0.0,3754.04,3681.0,1000000000000.0,0.0,15625.1,39857.12,0.0,0.0,3690.29,0.0
45,Steel,5,2,0.8153318032622338,0.0633270572423935,0.0153159383497502,0.2880908960437722,0.0879439502954483,0.1120560350398385,0.3469053665358595,0.1181090945005416,0.2395956957136388,0.2814309842117883,0.1163036155700683,0.3649327657595743,0.3696947228435255,0.0724408963322639,0.522048882027878,0.2041853195220745,0.1147879034280777,0.6661709591248041,0.0,0.0,0.0,45053063.09917801,656.7890941161083,0.1252703235661346,34207022.21725408,892.1449322447511,0.7177322399409624,0.0,0.0,0.0,0.0,0.0,0.0,3723.09,3681.0,1000000000000.0,0.0,8031.19,17846.12,0.0,0.0,3746.32,0.0
46,Steel,1,4,1.4371525526046751,0.0763639358878135,0.0455176990886184,0.2650221505419939,0.144511741399765,0.981733428998975,0.0,0.0,0.0,0.0,0.0,0.0,0.0,0.0,0.0,0.0,0.0,0.0,0.0,0.0,0.0,19554514.533968534,97.1732278870346,0.4201813694918873,19686482.618212,316.3445760887865,0.8239721563114999,20938052.090387262,522.4638937550593,1.006023400365622,29826404.994409382,242.5164007312232,1.2162439390600746,7806.96,3681.0,1000000000000.0,0.0,8585.11,16672.13,0.0,0.0,7683.93,0.0
47,Steel,1,3,1.1324404031038284,0.0691679794192314,0.0258571215212055,0.2972208558940274,0.0512303932011127,1.0087946531280936,0.0,0.0,0.0,0.0,0.0,0.0,0.0,0.0,0.0,0.0,0.0,0.0,0.0,0.0,0.0,15049419.077324403,304.983258267407,0.1999034870229749,12843655.336875368,332.5917889832096,0.4246993764214775,12618451.840045072,1099.9999999999995,0.8203272832891851,0.0,0.0,0.0,3683.61,3681.0,1000000000000.0,0.0,12053.7,19056.94,0.0,0.0,3769.85,0.0
48,Steel,1,2,1.2382878869771958,0.089817972779274,0.0376280591825129,0.291695345411258,0.0623025146126747,0.2658950512424121,0.0,0.0,0.0,0.0,0.0,0.0,0.0,0.0,0.0,0.0,0.0,0.0,0.0,0.0,0.0,11890929.870321345,485.0965617566124,0.1302128379200589,13291762.149270894,223.2783672531532,0.7829061311114764,0.0,0.0,0.0,0.0,0.0,0.0,4907.98,3681.0,1000000000000.0,0.0,5220.86,20265.17,0.0,0.0,4891.71,0.0
49,Steel,3,4,0.9093395829200744,0.1004798628091812,0.0067956789107974,0.4707419031749438,0.0709404256939888,0.2713028157520136,0.2166948347535101,0.1428689289093017,0.470027177585997,0.3234325660820616,0.0403811778128147,0.6361802819324661,0.0,0.0,0.0,0.0,0.0,0.0,0.0,0.0,0.0,9827758.26642912,303.79493848945543,0.1379228054077665,11718839.109506918,728.2249469577316,0.3624026107224929,9615051.936668308,697.0729859195412,0.5481565036543072,8676752.50801928,1090.2968794762344,0.7981192340393712,3918.15,3681.0,1000000000000.0,0.0,6255.16,37179.52,0.0,0.0,3905.85,0.0
50,Steel,5,4,1.5981654286384583,0.0910779198408126,0.06,0.4156625052441391,0.0733939978480339,0.3981707235505283,0.3619498831139824,0.02,0.7608401698347398,0.3794568938736371,0.0570568221807479,0.8378462749103514,0.3414923151962515,0.1099775701761245,1.197327206361089,0.4029773810632884,0.0839609974622726,1.3415351544003125,0.0,0.0,0.0,19263515.71741674,221.59817334935053,0.1913740447510843,26182880.259927515,415.5234458421294,0.7375030975156325,24630338.045988303,570.7933839378861,0.9845258962621182,27063524.980340347,1012.8283900769982,1.4293762921633226,4738.68,3681.0,1000000000000.0,0.0,5408.36,11699.27,0.0,0.0,4727.86,0.0
51,Steel,4,3,1.041633279621601,0.069444870352745,0.0013394310523385,0.4048414352975396,0.072365049123764,0.1041733279621601,0.4531277120029185,0.0552529743313789,0.2004733359475433,0.4649957317870915,0.0934942209720611,0.5310170432637484,0.5125815194937458,0.0397887796163558,0.7995917111726578,0.0,0.0,0.0,0.0,0.0,0.0,166685403.36806932,645.468271639545,0.1496620863724265,127527575.82822536,367.2275071917619,0.7256113973510576,192510814.607028,315.0552004457553,0.9358197188334064,0.0,0.0,0.0,7152.71,3681.0,1000000000000.0,0.0,11871.03,20396.43,0.0,0.0,6859.22,0.0
52,Steel,5,4,1.123706689476967,0.0701747385859489,0.0394458024715386,0.3299875977521107,0.0896780955791473,0.1927431873717542,0.3484599305849538,0.0871739017963409,0.3111415952570084,0.3214121539037771,0.1184363180398941,0.4593722231142659,0.4272061480157236,0.0987836194038391,0.7704927558079978,0.2656582641172386,0.0740757006406784,0.913455705189166,0.0,0.0,0.0,53253255.89842642,509.56921404332746,0.1679848202682423,44398565.90186484,143.07544052494043,0.7204677489077573,57945327.89131008,679.3669944970342,0.8520599650701943,51022707.4652599,629.4631819696612,0.9801273878881148,4989.23,3681.0,1000000000000.0,0.0,9324.75,15665.18,0.0,0.0,4917.3,0.0
53,Steel,2,2,1.6805779695510863,0.1171678092479706,0.0440578750772523,0.3003916520876182,0.061353422999382,0.3615961107296085,0.3177884546928455,0.0524670955538749,0.9402596833586012,0.0,0.0,0.0,0.0,0.0,0.0,0.0,0.0,0.0,0.0,0.0,0.0,32918077.611425366,443.1749790323836,0.1680577986356866,35757702.471330725,324.12662875401907,1.3355863607874237,0.0,0.0,0.0,0.0,0.0,0.0,5084.59,3681.0,1000000000000.0,0.0,7533.59,12378.99,0.0,0.0,5024.72,0.0
54,Steel,3,4,1.7921066015958786,0.0818459650278091,0.0145642700663979,0.2164518788176705,0.0547673422098159,0.6955140780661251,0.1493302273579361,0.120699770450592,0.9863526814698272,0.2783111707563418,0.130815417766571,1.5724083137646678,0.0,0.0,0.0,0.0,0.0,0.0,0.0,0.0,0.0,18483842.109079026,163.1469013158884,0.2856390016158238,22010536.27975572,364.3675051408114,0.946061785740024,22553068.64666295,1023.5249292552136,1.176425995700328,22318256.901682124,335.9834342284299,1.612895939644184,6015.8,3681.0,1000000000000.0,0.0,7035.57,9167.72,0.0,0.0,5745.21,0.0
55,Steel,3,3,1.278844565153122,0.0550428938865661,0.009400952204954,0.3307670026086515,0.15,0.4058843378439434,0.4149498861525372,0.0503217396140098,0.7105971380219854,0.4316016975563913,0.0740340557694435,0.9156561096424358,0.0,0.0,0.0,0.0,0.0,0.0,0.0,0.0,0.0,50206198.564395405,269.5309985884009,0.1894203792696965,42332626.29588982,516.0475497148914,0.7456693095045615,42497096.991078936,849.5794221629942,1.0982555137756118,0.0,0.0,0.0,4268.76,3681.0,1000000000000.0,0.0,6515.94,18489.6,0.0,0.0,4429.32,0.0
56,Steel,2,3,1.5575108319520952,0.1143935253620147,0.0154103708457609,0.2679663219398792,0.1069694846868515,0.553832722475804,0.2554507906737245,0.0554558327794075,0.8312659995220597,0.0,0.0,0.0,0.0,0.0,0.0,0.0,0.0,0.0,0.0,0.0,0.0,13325592.298843164,309.75304392224183,0.3235449165021187,12146525.327050343,462.7021119992301,0.9197327660049536,13889684.846031686,609.1881593631981,1.3143211115572346,0.0,0.0,0.0,3845.76,3681.0,1000000000000.0,0.0,5329.4,11849.34,0.0,0.0,3826.59,0.0
57,Steel,3,2,0.8915706813335419,0.0877204421758651,0.0228796777823033,0.2596239705216022,0.1039601594209671,0.2647523152841462,0.2062851851218297,0.097973518371582,0.4396290152713699,0.3382581950833484,0.02,0.635271948027161,0.0,0.0,0.0,0.0,0.0,0.0,0.0,0.0,0.0,13701302.068578942,112.25580557565075,0.113226894370415,13649652.770978196,620.0737036273839,0.706097651624213,0.0,0.0,0.0,0.0,0.0,0.0,4316.04,3681.0,1000000000000.0,0.0,7408.72,28913.21,0.0,0.0,4361.31,0.0
58,Steel,3,2,1.787570482492447,0.1046547969579696,0.0227828307279902,0.2902687021741532,0.1410739725828171,0.2887369859166128,0.2230597828107699,0.0981866979598999,0.6913900403857891,0.3538363106159368,0.02,1.3745246363638364,0.0,0.0,0.0,0.0,0.0,0.0,0.0,0.0,0.0,208209892.5853682,195.23286734601064,0.2393732513794227,162668425.837188,336.0265808976479,1.416592431854114,0.0,0.0,0.0,0.0,0.0,0.0,6512.95,3681.0,1000000000000.0,0.0,13259.51,14856.16,0.0,0.0,6384.71,0.0
59,Steel,2,2,1.0914518028497695,0.0923092082738876,0.034198109869304,0.3376171987197898,0.0684573313593864,0.4544302412447096,0.2643908194121257,0.0713001894950866,0.8444476822057692,0.0,0.0,0.0,0.0,0.0,0.0,0.0,0.0,0.0,0.0,0.0,0.0,31106041.42749013,460.1703106867652,0.1709500587796458,24675353.28327264,203.8193938807744,0.8642205064197606,0.0,0.0,0.0,0.0,0.0,0.0,5602.07,3681.0,1000000000000.0,0.0,9226.57,20660.94,0.0,0.0,5620.11,0.0
60,Steel,2,2,1.1436719208955766,0.1033918960094452,0.0120061891709001,0.1873659386511658,0.1189266574382782,0.1679824282806398,0.2823494508755195,0.0319736763089895,0.7498223990788725,0.0,0.0,0.0,0.0,0.0,0.0,0.0,0.0,0.0,0.0,0.0,0.0,12190873.498609183,820.5490843509117,0.1570384339713115,10383750.49728674,317.5196094205967,0.9015230418713224,0.0,0.0,0.0,0.0,0.0,0.0,4179.86,3681.0,1000000000000.0,0.0,4895.15,20886.08,0.0,0.0,4197.61,0.0
62,Steel,3,4,1.1701723858714104,0.096009920835495,0.0242541100281104,0.3740451750973624,0.0830326411128044,0.1400614613533815,0.2058299743690238,0.0514615572988987,0.5219422893730185,0.2060111323495113,0.0784776127338409,0.8567093854648646,0.0,0.0,0.0,0.0,0.0,0.0,0.0,0.0,0.0,16651986.137751782,273.07712194219334,0.1620070486898511,14720539.77643945,369.6422555647918,0.7401341076303161,12329019.499917995,1099.9999999999995,0.9316218601211758,13038702.18697419,227.09991559737165,1.0531551461140969,3924.84,3681.0,1000000000000.0,0.0,8463.53,18811.9,0.0,0.0,3977.02,0.0
63,Steel,3,2,1.1681170895695687,0.0815882828235626,0.0218020340545255,0.370724173166671,0.0439435151219367,0.132991903715383,0.3013471518482609,0.02,0.4009801770587023,0.2757613559838203,0.0998724609613418,0.8536004955839995,0.0,0.0,0.0,0.0,0.0,0.0,0.0,0.0,0.0,21005380.056366038,691.1702937431081,0.1578028144850846,23682203.88213177,166.72853209994707,0.931427377529478,0.0,0.0,0.0,0.0,0.0,0.0,5146.77,3681.0,1000000000000.0,0.0,6246.78,17363.47,0.0,0.0,5222.18,0.0
64,Steel,2,3,0.7512631595134736,0.0660252848863601,0.0184316770015949,0.3175000090868389,0.0777326464653015,0.2617924557969464,0.2893174160437587,0.0810254466533661,0.6066975183040113,0.0,0.0,0.0,0.0,0.0,0.0,0.0,0.0,0.0,0.0,0.0,0.0,5711069.880874729,612.4086805292284,0.1150481286775761,5491229.714519921,214.18746091963263,0.3060682903459295,6557760.275627843,758.9762319944717,0.6503885066006007,0.0,0.0,0.0,3683.04,3681.0,1000000000000.0,0.0,5215.34,36637.54,0.0,0.0,3712.94,0.0
65,Steel,5,3,1.5974054574966432,0.0732854651212692,0.0228572808309017,0.544863659218745,0.0667186802625656,0.3108823123842249,0.2155650007452809,0.1254132539033889,0.5716814108168844,0.3377791053767699,0.0742820924520492,0.8615885996816764,0.2868981312613488,0.1009596908092498,1.08145067739195,0.412363204390838,0.1044269430637359,1.3448338750293702,0.0,0.0,0.0,279436091.6458508,668.3427233893699,0.2042776849971613,234840829.17756215,675.7626820262412,0.6127943435104831,290872768.2473336,944.376989948356,1.4273988385719658,0.0,0.0,0.0,5861.94,3681.0,1000000000000.0,0.0,11701.9,14108.1,0.0,0.0,5779.62,0.0
66,Steel,4,3,1.1914354234933855,0.1030406373739242,0.0200719575111369,0.1335091651128959,0.0476819220185279,0.3002280208554523,0.2982211838161574,0.1112264901399612,0.4287836964817224,0.280032728660836,0.0990831339359283,0.7716315612753706,0.2156339121245283,0.132576287984848,1.0443308706999872,0.0,0.0,0.0,0.0,0.0,0.0,36169363.31923011,277.64915996451055,0.1791912417118184,36795655.68326824,198.6022083133996,1.0025911386940551,38685278.43685925,96.67623577040416,1.0722918799526115,0.0,0.0,0.0,5487.27,3681.0,1000000000000.0,0.0,9870.62,18099.48,0.0,0.0,5424.96,0.0
67,Steel,3,4,0.7345020025968552,0.040869807690382,0.0113835048942514,0.1548954093803639,0.1003563070297241,0.1209398006691953,0.1678600041409793,0.1152487903833389,0.4281982430884087,0.1975678372895067,0.02,0.6610418023371697,0.0,0.0,0.0,0.0,0.0,0.0,0.0,0.0,0.0,5247267.486321501,511.8441833809801,0.0921373187371365,5828621.188080032,647.6277491975887,0.3180960627468491,5596373.006920588,414.93178705409,0.3249486091946747,6710812.373209378,253.5964674731996,0.6263249872487826,6141.4,3681.0,1000000000000.0,0.0,6810.26,11699.56,0.0,0.0,6498.21,0.0
68,Steel,5,2,1.346405139565468,0.0969275724887848,0.0426057263216165,0.3587423800807971,0.0916779947280883,0.1938149648307258,0.285069153457213,0.0545806396007537,0.5396924790003873,0.2953178873908026,0.0894111794233322,0.7054170767805507,0.4627775518924994,0.0360164105892181,0.772750911495531,0.1950279104272839,0.1046756732463836,0.9938947908278408,0.0,0.0,0.0,48339251.40824722,1044.3683104356137,0.1749699134880802,46651872.94270595,417.4165601806608,1.211764624262516,0.0,0.0,0.0,0.0,0.0,0.0,3819.75,3681.0,1000000000000.0,0.0,7846.28,17648.53,0.0,0.0,3830.45,0.0
69,Steel,2,2,1.390578517317772,0.0836025078892707,0.0192864698716597,0.2167388672628298,0.1118665093183517,0.2563901710983374,0.1868741292679163,0.1141891300678253,0.6898415747193767,0.0,0.0,0.0,0.0,0.0,0.0,0.0,0.0,0.0,0.0,0.0,0.0,159111409.8758195,289.7567403908044,0.2017091795139525,153621963.72452694,257.4028639688943,1.171397530579758,0.0,0.0,0.0,0.0,0.0,0.0,6773.78,3681.0,1000000000000.0,0.0,18913.13,24613.47,0.0,0.0,6811.98,0.0
70,Steel,5,3,1.2777303010225296,0.0832942625880241,0.0154740744846594,0.1919687628493739,0.0958362132310867,0.1425863906806084,0.1838951344571643,0.1446793437004089,0.3149142141256675,0.4694702092237942,0.1192032516002655,0.4702538821392017,0.2309821295777621,0.0455198872089386,0.6710571047315932,0.3703054012322973,0.0965851700305938,0.9004170566347016,0.0,0.0,0.0,73125303.69577973,413.8615273072468,0.1308589399184432,119924972.23497272,360.06741459698736,0.617464101374757,94730432.15136193,772.1071999182063,1.0526479948390564,0.0,0.0,0.0,6952.67,3681.0,1000000000000.0,0.0,11033.56,17010.45,0.0,0.0,6850.08,0.0
71,Steel,2,2,1.4505006760358812,0.1132538920640945,0.0127546066579854,0.2649608332494509,0.0626867794990539,0.7634764258351892,0.2835594797244021,0.0448690199851989,1.0160154063981195,0.0,0.0,0.0,0.0,0.0,0.0,0.0,0.0,0.0,0.0,0.0,0.0,29590652.06155996,945.7990925952108,0.4037096048153453,36609822.68642395,410.7270632427005,1.297079532315425,0.0,0.0,0.0,0.0,0.0,0.0,5420.13,3681.0,1000000000000.0,0.0,7144.1,15319.3,0.0,0.0,5461.68,0.0
72,Steel,2,3,1.417786079645157,0.0846386578083038,0.0220926535713988,0.3214642830123571,0.0595907899737358,0.4224292829079016,0.4529590983414239,0.0826461988687515,1.1401678376704965,0.0,0.0,0.0,0.0,0.0,0.0,0.0,0.0,0.0,0.0,0.0,0.0,12148002.397546664,794.9147905479357,0.2046408225301108,12915728.590310352,569.9701047494507,0.901459839033173,14349988.529266804,173.5338543330023,1.2533097369599782,0.0,0.0,0.0,4031.63,3681.0,1000000000000.0,0.0,5092.6,15470.09,0.0,0.0,4059.87,0.0
73,Steel,5,4,1.202907657623291,0.0922737954854965,0.0386007238692752,0.2841503020510115,0.0745365837216377,0.1537736797117229,0.2994392162349368,0.075926307439804,0.3543514744646677,0.2866912640795108,0.075862183868885,0.5310925245214994,0.5018316801647786,0.0734693065285682,0.737146505904993,0.3194932043106106,0.0919634842872619,0.9985659439991535,0.0,0.0,0.0,27316012.248465117,247.1618222535893,0.1755418672300995,21493862.851843383,101.14933005046022,0.8413206016925869,22364337.123476945,694.4750938813116,0.8555445077621266,22936339.64895557,435.832973767794,1.05225303993194,4415.22,3681.0,1000000000000.0,0.0,6671.99,11895.58,0.0,0.0,4465.78,0.0
74,Steel,6,4,1.1234511971473693,0.1033317687511444,0.0122617142732046,0.2318883257746686,0.1026449733972549,0.1754054466019199,0.4252782057736757,0.1017314285039901,0.3728694619897173,0.5165251599954718,0.1134128671884536,0.4880292899465163,0.2946966475757002,0.065175549685955,0.6823607927487896,0.2123679851026387,0.0673990580439567,0.7850886212341945,0.2170868029617821,0.0852975928783416,0.9851132107550546,23279718.89730092,317.10887918011133,0.1240550542772232,28809901.02781736,880.8983357484395,0.5675922012853094,30746525.11379544,870.1293168714972,0.7095330294948291,26223512.874599338,198.8282473430603,1.0071182792607636,3898.48,3681.0,1000000000000.0,0.0,8081.02,15361.26,0.0,0.0,3932.32,0.0
75,Steel,2,3,1.490220084786415,0.1006795675754547,0.0161088786557923,0.1699375281163138,0.056295273900032,0.3441149840766755,0.331340870704752,0.15,0.9248254446868196,0.0,0.0,0.0,0.0,0.0,0.0,0.0,0.0,0.0,0.0,0.0,0.0,22349284.251841318,455.84895548393206,0.1969225062335955,18884900.20511855,325.57592358164163,0.647281410573844,23581147.030222863,315.9600455692,1.2160456341435255,0.0,0.0,0.0,4785.26,3681.0,1000000000000.0,0.0,7770.76,12401.1,0.0,0.0,4779.93,0.0
76,Steel,6,3,1.4156281232833865,0.0972456866502761,0.0117491201670651,0.3406777384652596,0.1042659658193588,0.2075845405303102,0.222932261109435,0.0612519395351409,0.3947512301426004,0.2830144038850252,0.0889359730482101,0.4988619638972332,0.2461031861091961,0.0572894546389579,0.7227380585949589,0.2234321480979218,0.1039422756433487,0.8841015186066402,0.1879581634737594,0.0648552843928337,1.0640949888577624,24377624.94019617,82.39961583168186,0.1415628137439667,31461287.506841037,487.0447200657171,0.4206712190620138,20598280.95323907,641.4971344355724,1.2006643800867207,0.0,0.0,0.0,4471.05,3681.0,1000000000000.0,0.0,6067.1,11698.32,0.0,0.0,4605.9,0.0
77,Steel,6,3,1.5537149459123611,0.0522122301161289,0.0138123972681571,0.2022680479711066,0.1291208678483963,0.2428765452040648,0.2389281077430522,0.0703945094347,0.480858326481784,0.2784769781245153,0.1175360852479934,0.6100329825095789,0.1886435713968437,0.0640532302856445,0.8626568798857301,0.2740198100074324,0.15,0.9952695137560048,0.1978308502298676,0.0540108653903007,1.2068820472965676,95004996.65595289,223.40333954545136,0.3028609988630084,164179884.28227332,664.6201088294689,0.9544573988641496,92374556.23193936,694.961642110171,1.3417574896931843,0.0,0.0,0.0,4294.95,3681.0,1000000000000.0,0.0,7621.62,10574.34,0.0,0.0,4457.48,0.0
78,Steel,1,4,1.165510119497776,0.0751183858513832,0.0164237332704224,0.2474525662324316,0.1032369977235794,0.5804638831903203,0.0,0.0,0.0,0.0,0.0,0.0,0.0,0.0,0.0,0.0,0.0,0.0,0.0,0.0,0.0,6089437.492547282,421.48904298111154,0.2173273907551017,6074714.645466711,632.5176390091935,0.7311008198738435,8006315.217812202,467.4972541788607,0.8502595542986223,6959436.578740724,209.9851717285368,1.0021029286573204,4557.27,3681.0,1000000000000.0,0.0,8238.1,13049.92,0.0,0.0,4574.09,0.0
79,Steel,2,4,1.3582237273454667,0.1265220668315887,0.0115911639062787,0.3511890023803652,0.0902012813091278,0.3063170229321286,0.2244472055689623,0.1414681595563888,0.6650515565063271,0.0,0.0,0.0,0.0,0.0,0.0,0.0,0.0,0.0,0.0,0.0,0.0,16385718.284522606,396.3458180056677,0.1878049262124681,20496848.72244233,214.6403060032793,0.5736735548911429,21247357.69829806,1099.9999999999995,0.6257164372047905,19486369.595762588,515.8952781940318,1.061332445528643,4694.14,3681.0,1000000000000.0,0.0,5678.47,17427.57,0.0,0.0,4617.24,0.0
80,Steel,6,4,1.7145469814538956,0.0891173937320709,0.0134426399604089,0.2358474995653443,0.0693759167194366,0.1919471123787015,0.3546847615294691,0.0956448227167129,0.3556711043315765,0.2660904985280471,0.1473415315151214,0.698787291629547,0.2996447052439426,0.0477751822769641,0.8891784481684063,0.2727409376630845,0.0905149215459823,1.0573249458695788,0.2697503304959551,0.0971645718812942,1.3260093477961006,82257062.57185069,1099.9999999999995,0.1815968683917034,93345421.31713824,316.10117850699385,0.7544904283325621,83425473.6367601,624.1413215560121,1.1682559170101872,89171430.24074776,646.9606962565608,1.525795629393149,7868.1,3681.0,1000000000000.0,0.0,10319.19,15085.88,0.0,0.0,7770.48,0.0
82,Steel,3,3,1.2435686498880387,0.0859273904561996,0.0349928653823885,0.2587087487626801,0.1415612125396728,0.1600324571462238,0.1692056139933037,0.103519457578659,0.3099515190186451,0.2535509709931945,0.0944146311283111,0.7401775037431328,0.0,0.0,0.0,0.0,0.0,0.0,0.0,0.0,0.0,49070042.84257226,368.0653751953232,0.1874038818091238,54330270.47306622,360.10082444953,0.4863884795999061,50923610.28986056,728.2388212653424,0.9399900831981772,0.0,0.0,0.0,8004.15,3681.0,1000000000000.0,0.0,10195.62,14479.4,0.0,0.0,7648.58,0.0
83,Steel,2,3,1.4156057387590408,0.137203186750412,0.0293007222219435,0.2061490363421155,0.0928656464815139,0.7250428946236751,0.3156757870726661,0.0747434365749359,1.0901545767522451,0.0,0.0,0.0,0.0,0.0,0.0,0.0,0.0,0.0,0.0,0.0,0.0,48234925.03993813,146.75982163990926,0.4344996077662485,65789843.17313448,277.7889512547467,0.8580259989458724,51368199.1763057,586.0728504754835,1.1996835204091354,0.0,0.0,0.0,6159.89,3681.0,1000000000000.0,0.0,8508.65,19290.74,0.0,0.0,6149.8,0.0
84,Steel,2,3,0.8317930847406387,0.0479173927009105,0.0055385544002589,0.2757138273154773,0.0672454458475113,0.0831893084740638,0.1838639331160081,0.0846206012368202,0.3287320704737898,0.0,0.0,0.0,0.0,0.0,0.0,0.0,0.0,0.0,0.0,0.0,0.0,9188894.916127132,340.6252020523357,0.1364153742192115,7774314.008104805,447.27860487042045,0.3481036600973277,7554354.039095877,239.3017449322269,0.6378879521364906,0.0,0.0,0.0,4457.85,3681.0,1000000000000.0,0.0,9423.05,13023.18,0.0,0.0,4446.13,0.0
85,Steel,6,4,1.53067167699337,0.1252982096672058,0.0345647688588412,0.2563258014794661,0.0733757925033569,0.1662057125754452,0.3176022906065972,0.02,0.2965810778285271,0.291952320822263,0.0857112056016922,0.499744928226522,0.1990049628471564,0.0760269618034362,0.627841484269969,0.2440528658954334,0.1332710200548172,0.8887647704641596,0.3787325540394686,0.0267392057925462,1.3023608743766,23553446.718246803,914.192296227194,0.1825177346663107,23318235.28283658,534.4599366617882,0.8145185019315675,17977705.163950942,434.71352308909417,1.0884857416169993,20177439.226157717,724.9389314170837,1.3586748762672207,4380.88,3681.0,1000000000000.0,0.0,5950.3,12565.35,0.0,0.0,4452.15,0.0
86,Steel,4,3,1.254210451245308,0.1173739042282104,0.0092502373825239,0.2024928137900601,0.1058251863718032,0.1319410672605825,0.3020228337230182,0.0854655283689499,0.3805112110631173,0.2695490995068609,0.0287602150440216,0.6857574232651814,0.2793888852773261,0.0634884384274482,0.9462267025980956,0.0,0.0,0.0,0.0,0.0,0.0,26343967.00627245,287.1708070827737,0.162310271555193,28829426.729117304,428.94148941913176,0.4791932131203227,29721541.6131015,346.4356111066326,1.0075069197560007,0.0,0.0,0.0,5803.36,3681.0,1000000000000.0,0.0,6271.96,18446.57,0.0,0.0,5875.19,0.0
87,Steel,1,2,1.2182472318410875,0.0864737749099731,0.0242051896181322,0.2219367011325658,0.0245872572436928,0.4246375217586777,0.0,0.0,0.0,0.0,0.0,0.0,0.0,0.0,0.0,0.0,0.0,0.0,0.0,0.0,0.0,39466276.4528658,460.66513350589554,0.1283585401275558,31039050.728767723,408.8199668615868,0.7972442504641637,0.0,0.0,0.0,0.0,0.0,0.0,7361.27,3681.0,1000000000000.0,0.0,10771.11,21152.02,0.0,0.0,7304.6,0.0
88,Steel,3,3,0.7117574788630009,0.0828284540772438,0.0052107967194666,0.3122843702300878,0.15,0.2042918093064524,0.1836644759882132,0.0846083080768585,0.3811284347577321,0.3419678462132974,0.0714991503953933,0.4779055807137942,0.0,0.0,0.0,0.0,0.0,0.0,0.0,0.0,0.0,29311257.91490948,119.31067315575922,0.114327124191482,30124331.115053304,488.5549263964413,0.2490294815078644,28950856.566405524,442.42246822826274,0.5897990680844303,0.0,0.0,0.0,6375.35,3681.0,1000000000000.0,0.0,10125.94,54332.3,0.0,0.0,6387.5,0.0
89,Steel,6,4,1.3765388995409011,0.1106302310228347,0.0170722277459411,0.2295386070481814,0.1306042450666427,0.2135446565193635,0.2078660691501286,0.0536355346441268,0.5873757041881202,0.2638029606358821,0.1467323362827301,0.7790000706813481,0.3011157398085993,0.0254250546917319,0.8789878530260694,0.3255886406553262,0.0560569578409194,1.0282352688626877,0.6462531221187267,0.038799523115158,1.205357352586394,53408059.47159014,228.0699113649291,0.1503447354740786,48486523.60028356,455.7444018166241,0.3661968872187525,53026085.81996573,462.4300599291982,0.9293839382913304,53213019.65330543,293.3540469722796,1.2388850082102725,6170.7,3681.0,1000000000000.0,0.0,9389.33,14222.97,0.0,0.0,6301.91,0.0
90,Steel,3,3,1.0726091608405115,0.089758844256401,0.0213074591767142,0.200005572942274,0.1287235194444656,0.2340837495622639,0.3839401398558898,0.0554825344681739,0.4877348210012663,0.2329522592406151,0.0663027817010879,0.7275475790970246,0.0,0.0,0.0,0.0,0.0,0.0,0.0,0.0,0.0,17021585.308817245,600.047954507396,0.1221537020428239,15535088.07351984,389.553638635882,0.3270436924414255,15909828.6067724,312.8915790802675,0.8275899266261668,0.0,0.0,0.0,4970.32,3681.0,1000000000000.0,0.0,7539.7,17453.22,0.0,0.0,4976.14,0.0
91,Steel,2,3,1.138433611392975,0.0864625602960586,0.0331091725347245,0.1946288376346411,0.0402652722597122,0.1468948925029586,0.2642494114157107,0.0819076988101005,0.6941500121539214,0.0,0.0,0.0,0.0,0.0,0.0,0.0,0.0,0.0,0.0,0.0,0.0,9667609.90339264,814.8641799570332,0.1289039134881867,9607446.279255444,708.0056130046485,0.5114094961117743,10550587.13000126,494.872157228692,0.923066112675939,0.0,0.0,0.0,5361.04,3681.0,1000000000000.0,0.0,6665.22,17000.04,0.0,0.0,5321.2,0.0
92,Steel,5,3,1.114142432808876,0.044920232117176,0.0086962638883912,0.3143551694080916,0.0358109553903341,0.2746804713377961,0.2079993841561375,0.0802502918243408,0.4173547383245571,0.2452394897908298,0.069695097208023,0.5024645749446879,0.2862404430719519,0.0560961154103279,0.599174860483544,0.2711272909445164,0.0879830807447433,0.8482199979409976,0.0,0.0,0.0,39138709.51139935,158.54468467226556,0.1252237127069368,44729870.184107736,231.71118433749703,0.4031336724016155,34588981.30593203,186.03387380398053,0.935454445659448,0.0,0.0,0.0,4679.23,3681.0,1000000000000.0,0.0,9907.26,13916.46,0.0,0.0,5043.03,0.0
93,Steel,5,3,1.0254729211330416,0.0944820249080658,0.0083701936410573,0.2491015471596748,0.1273053699731826,0.1920041695081253,0.3440232752943754,0.1070386642217636,0.3489021264163944,0.2902446420345587,0.0434911845624446,0.5363160341733109,0.2668956913405582,0.15,0.6676490257483353,0.18965224785488,0.1238577449321746,0.8501379602295516,0.0,0.0,0.0,17814496.79716143,168.41938078919108,0.1133799054108997,14985499.705215368,561.9984628893059,0.5876457619403428,15745624.312726028,285.7116940802906,0.8897392297049737,0.0,0.0,0.0,3716.44,3681.0,1000000000000.0,0.0,5626.33,18362.13,0.0,0.0,3714.67,0.0
94,Steel,4,3,1.3584351122379303,0.1119193699359893,0.0188631955838792,0.5817634226170367,0.0768710675835609,0.274723334032122,0.275038240297382,0.1258948141336441,0.5089943746254004,0.2923922981306375,0.0986168307065963,0.9104343445566856,0.2752522111112033,0.0792787757515907,1.0968602414531978,0.0,0.0,0.0,0.0,0.0,0.0,21361330.90024416,753.0213524957728,0.1618247099222689,26899655.78463227,822.5527247971615,0.5193339225631641,20752007.67128386,626.4579671303723,1.2052454160260506,0.0,0.0,0.0,3741.17,3681.0,1000000000000.0,0.0,5148.09,18868.03,0.0,0.0,3816.33,0.0
95,Steel,5,3,1.0606191605329514,0.096175330042839,0.0078866659593741,0.4009412728939219,0.0665172126889228,0.1704883059956367,0.2148919019108486,0.0638188815116882,0.2521492818688378,0.3379789374547142,0.0887988770008087,0.5178231382802534,0.2331021681030619,0.0995756119489669,0.7332959533464912,0.3726893968938337,0.0561607000231742,0.8383650666780312,0.0,0.0,0.0,19018445.541499343,457.7161047116281,0.11786409028461,23563953.0558906,134.45066293512693,0.4859542343336434,20847324.595239688,198.49258467903192,0.954557243419037,0.0,0.0,0.0,4408.35,3681.0,1000000000000.0,0.0,5650.76,18618.84,0.0,0.0,4400.16,0.0
96,Steel,6,2,1.5445800751447678,0.1195549477338791,0.0198464731204975,0.2617914632845919,0.0943493646383285,0.3316441485077956,0.2534964195472747,0.1058384519815445,0.519379156574684,0.3844656186732684,0.0764476218819618,0.7525526920439644,0.3713037717358727,0.1125978845357894,0.9458647120610012,0.2404359020327113,0.1002816104888916,1.1725023014252074,0.5450011662522333,0.0645213931798935,1.3463251434290078,124976835.72414364,306.4110475955524,0.2272598122534539,159863452.60360935,226.6458483995877,1.331907622779553,0.0,0.0,0.0,0.0,0.0,0.0,4599.85,3681.0,1000000000000.0,0.0,9977.03,14508.01,0.0,0.0,4684.88,0.0
97,Steel,1,2,0.9232645213603974,0.0682789906263351,0.0097576156998227,0.223255292384921,0.0890109175443649,0.3111685311115774,0.0,0.0,0.0,0.0,0.0,0.0,0.0,0.0,0.0,0.0,0.0,0.0,0.0,0.0,0.0,16649347.93494338,500.64096218272215,0.1378612816210584,18793960.179806188,471.92615569992506,0.6581107518793314,0.0,0.0,0.0,0.0,0.0,0.0,7137.37,3681.0,1000000000000.0,0.0,9817.69,22990.05,0.0,0.0,7115.58,0.0
98,Steel,1,3,0.2552713616518304,0.0575649251341819,0.0281330782812394,0.2913137745667002,0.1005591189861297,0.0793681487649531,0.0,0.0,0.0,0.0,0.0,0.0,0.0,0.0,0.0,0.0,0.0,0.0,0.0,0.0,0.0,4539713.138112553,162.25645501516362,0.0295263797883283,4249331.979999446,332.54882992050005,0.1022876524096171,6146027.458152422,313.67407247964627,0.1977229376049755,0.0,0.0,0.0,4509.26,3681.0,1000000000000.0,0.0,83854.72,333613.32,0.0,0.0,4538.12,0.0
99,Steel,3,3,1.3069639384746552,0.0832315453886985,0.0313283957733229,0.2297127517785026,0.0514305202662944,0.2180979339780771,0.255335523422219,0.1020187002420425,0.5099542762742464,0.2993357275713649,0.1005322390794754,0.9460266646807842,0.0,0.0,0.0,0.0,0.0,0.0,0.0,0.0,0.0,20846656.88916584,431.1880092709228,0.1396027713566565,22570509.63875209,194.20590357813535,0.4256218838340847,22311447.05115225,855.7086509668518,1.122694683828903,0.0,0.0,0.0,5219.98,3681.0,1000000000000.0,0.0,8463.7,14706.25,0.0,0.0,5121.89,0.0
100,Steel,5,3,1.042837853729725,0.0417687753736972,0.0141932594120535,0.1669880217887281,0.0771078997850418,0.1989815850548123,0.321150689121099,0.0485416179895401,0.3142351171498726,0.3808800349010439,0.0701465889811515,0.4946555071276976,0.2351071543717371,0.0541210156679153,0.591472947103328,0.1253349402593739,0.115702719092369,0.8213600849984921,0.0,0.0,0.0,77899755.89216432,533.0029696140705,0.1182349472902882,67804679.22723797,602.3630736048973,0.3427114180369792,72000468.3547124,119.22323584276585,0.9026565163145474,0.0,0.0,0.0,4140.66,3681.0,1000000000000.0,0.0,13289.93,18262.83,0.0,0.0,4331.16,0.0
101,Steel,3,4,1.2302425801753998,0.0697440974116325,0.0305671584848838,0.3192545724143429,0.100204883813858,0.3155310170773029,0.4125785465921386,0.0606097507476806,0.5068118164360917,0.1671161786711344,0.1035922634601593,0.9058146268469374,0.0,0.0,0.0,0.0,0.0,0.0,0.0,0.0,0.0,23809466.690915413,585.9905636646863,0.1449911305935831,40535620.13711167,403.6006097320909,0.4722648296402825,28373194.81056865,1099.9999999999995,0.7805935517805569,21826872.38152165,322.9932903847099,1.09123190303457,6627.98,3681.0,1000000000000.0,0.0,12100.79,17090.92,0.0,0.0,6676.24,0.0
102,Steel,3,4,1.4168142825365069,0.1287973130941391,0.0209008197935383,0.205206603284959,0.064318399131298,0.1416914282536507,0.380125839454326,0.1275282740592956,0.6156294613294317,0.254399300626645,0.0631673556566238,1.1433568784461865,0.0,0.0,0.0,0.0,0.0,0.0,0.0,0.0,0.0,28415102.421771053,957.6432790200842,0.1832928546855787,28191215.177107997,455.47132077938113,1.0692158714298998,27621793.26044283,450.2895659438591,1.1170398597132332,25768989.569071792,93.87245687470104,1.2483376384520328,4461.83,3681.0,1000000000000.0,0.0,8722.3,14320.33,0.0,0.0,4532.86,0.0
103,Steel,4,3,0.7312589481472969,0.05663716340065,0.04530973072052,0.3296791104420747,0.0752135521173477,0.1485985911934369,0.2383271826560646,0.1299495655298233,0.3404988776672921,0.2183621065570128,0.0713852730393409,0.4922870118563047,0.3172524321784972,0.0437959720194339,0.5559724672749068,0.0,0.0,0.0,0.0,0.0,0.0,43117217.2758763,323.42606090619734,0.0854624759817899,36194252.42681645,149.28570020834167,0.3071354928489236,39492617.19411314,344.3921998978946,0.6244408970626358,0.0,0.0,0.0,7064.86,3681.0,1000000000000.0,0.0,10469.01,19602.92,0.0,0.0,7250.81,0.0
104,Steel,6,4,1.3024645388126377,0.1013076959848404,0.0311629008534258,0.4064602000321106,0.0725726225972175,0.1526418906294403,0.4655248546058801,0.1149418449401855,0.4125822327549559,0.3744957895955051,0.1153192019462585,0.553767045352629,0.2896318748108091,0.0455116562545299,0.7243462847647693,0.2806094875046379,0.109613556265831,0.8807225946383281,0.2832917836394747,0.0936786067485809,1.0476303612808044,32638743.255699955,520.7388319708386,0.1645001875643027,34281705.2200983,864.3478907957287,0.5784723230314373,38253273.72649276,603.9158571244948,0.8155868670093075,26282794.664657246,520.5255711338314,1.169566947870087,4211.69,3681.0,1000000000000.0,0.0,6591.63,12092.67,0.0,0.0,4283.89,0.0
105,Steel,1,3,0.9610837817192078,0.0600985053181648,0.0480788042545318,0.2696362642824905,0.0860970473289489,0.2893997332842506,0.0,0.0,0.0,0.0,0.0,0.0,0.0,0.0,0.0,0.0,0.0,0.0,0.0,0.0,0.0,15097450.651708229,197.57790357571892,0.1534152962303013,17857189.430379234,699.9957965337429,0.5532339794504932,17029812.7180639,441.9990267725539,0.785194171605349,0.0,0.0,0.0,6624.14,3681.0,1000000000000.0,0.0,22465.6,36396.59,0.0,0.0,6629.55,0.0
106,Steel,2,3,0.5526684314012528,0.018,0.0096382733292015,0.1691738175065147,0.1113354122638702,0.1078559297167443,0.1944572501947386,0.0708537420630455,0.3587049848130904,0.0,0.0,0.0,0.0,0.0,0.0,0.0,0.0,0.0,0.0,0.0,0.0,17140766.47930756,644.2244735297791,0.064063249693975,23899842.296442475,470.938074128563,0.3363454560347836,20712555.53678006,628.9601751644916,0.4681818903143559,0.0,0.0,0.0,5848.05,3681.0,1000000000000.0,0.0,8296.05,55407.04,0.0,0.0,6006.34,0.0
107,Steel,2,2,1.1677135616540908,0.1166914801597595,0.0065748885703499,0.2195177074761042,0.098285407423973,0.408919306398885,0.3578550051306265,0.0865579110383987,0.826662621314977,0.0,0.0,0.0,0.0,0.0,0.0,0.0,0.0,0.0,0.0,0.0,0.0,91142749.76587242,161.69219103439588,0.2043039240865954,86128848.83299786,386.8928511155218,0.9568494289769816,0.0,0.0,0.0,0.0,0.0,0.0,8376.96,3681.0,1000000000000.0,0.0,12544.36,25313.79,0.0,0.0,8168.37,0.0
108,Steel,5,4,1.5437404900789262,0.0763246551156044,0.0068621043532038,0.2566267446975393,0.0973010635375976,0.3998971017307536,0.2879862305241221,0.0896369117498397,0.5853971165088708,0.474656347755569,0.0695154187083244,0.8771347913378179,0.2939563531411052,0.1096062105894088,0.9945861914118104,0.2102578255731971,0.0967640388011932,1.238705770752037,0.0,0.0,0.0,42225490.07571166,234.9006119714951,0.1827047206540759,47018387.99563595,212.67054927398556,0.6104714347752254,47156234.38890355,480.6682220282366,0.939229024733454,73548699.5295687,342.87874185090845,1.372702419392961,6336.43,3681.0,1000000000000.0,0.0,9212.41,15829.7,0.0,0.0,6079.1,0.0
109,Steel,1,3,0.908368557691574,0.0305076504349708,0.0244061203479766,0.3372127066101726,0.0741595637798309,0.6541991608443938,0.0,0.0,0.0,0.0,0.0,0.0,0.0,0.0,0.0,0.0,0.0,0.0,0.0,0.0,0.0,10784579.502076937,678.8115644523298,0.1476300629179852,12324840.74599623,1046.0635465163195,0.3617655215292911,10328411.81609275,468.9576593529075,0.7101345069115044,0.0,0.0,0.0,3975.1,3681.0,1000000000000.0,0.0,27604.98,30546.95,0.0,0.0,4067.55,0.0
110,Steel,6,2,1.3946964979171754,0.1092064490318298,0.0205668170412712,0.4899490457995712,0.0606055587530136,0.2221930392067675,0.4399602065133749,0.07079370200634,0.4857550205650884,0.273756245166689,0.0512311661243438,0.63818517419225,0.3541762021061333,0.0675501480698585,0.7428660317918017,0.3375914292468527,0.0971525073051452,1.0439105239691029,0.3703706602864173,0.1052973592281341,1.1836640168333643,184198198.8643755,426.4486362236474,0.1740763531603057,229933919.31209123,191.93209673523336,1.230271392814036,0.0,0.0,0.0,0.0,0.0,0.0,4970.9,3681.0,1000000000000.0,0.0,11597.45,16935.26,0.0,0.0,4910.15,0.0
111,Steel,5,3,1.345856112241745,0.0952393033504486,0.0165581972525999,0.322491071568365,0.0869806051254272,0.2334011953872719,0.2824804613386779,0.1011412096023559,0.4166045280379942,0.2969172946887954,0.0872546964883804,0.5179312090498578,0.1847229827953707,0.0946852046251297,0.7219934435755312,0.2163634461924011,0.0404701434075832,1.0194965658309083,0.0,0.0,0.0,26110307.63501368,426.0891877251633,0.1408111786080366,28968101.949962787,375.4239193380378,0.5797768013769308,27480691.75068796,415.641340320132,1.1598710598633306,0.0,0.0,0.0,4812.13,3681.0,1000000000000.0,0.0,8067.75,13785.43,0.0,0.0,4872.52,0.0
112,Steel,6,4,1.258975487947464,0.0622087317109108,0.0101021502605641,0.3259308427818969,0.0541633075475692,0.2202747424189683,0.2334191190694532,0.0767173740267753,0.3564088009620926,0.3016585746777349,0.0567846137285232,0.500679832450663,0.3238060112623,0.1196681135892868,0.7639941430742445,0.3595035410129856,0.1231145918369293,0.9086404245419784,0.4058385610966782,0.1006227970123291,1.1330679391527176,21955445.527428877,512.787942236047,0.1296894475388109,26070169.749329936,305.3044022971537,0.5836763994803157,22405510.275299046,617.5043696356292,0.7978538820176837,22340360.00097372,280.240369926843,1.1035864320336886,3990.1,3681.0,1000000000000.0,0.0,5585.59,8344.47,0.0,0.0,3890.78,0.0
113,Steel,5,2,0.7835086733102798,0.0516488544642925,0.0062995893940394,0.3720866646879898,0.061698867380619,0.1208091067274717,0.2812840448331483,0.1402993369102478,0.2681902415030091,0.277436070326976,0.02,0.370089461554221,0.2912503136579892,0.1047943896055221,0.5000307964535796,0.2294930862979411,0.0694168990850448,0.6635136186768915,0.0,0.0,0.0,63306786.14547812,831.9793431809065,0.09843237846083,63321362.47943598,415.8338913747763,0.6816938619184106,0.0,0.0,0.0,0.0,0.0,0.0,3969.05,3681.0,1000000000000.0,0.0,10214.02,18262.19,0.0,0.0,3903.99,0.0
114,Steel,6,3,1.3855102419853211,0.0999049212932586,0.06,0.2137243178506921,0.0729309645295143,0.20164967574321,0.2047969792304008,0.0346180026233196,0.358158863540152,0.2865909671111598,0.0926814776659012,0.5574402849755875,0.2706525670823587,0.0913554590940475,0.7686023210952758,0.2226766864348947,0.05304058521986,0.9614463504708072,0.2941393665774904,0.0765324187278747,1.1471764270887808,33388792.118610147,668.3782502309418,0.14963205730238,34604032.694931984,267.3252972899671,0.6458918496468833,30170506.58255577,260.10347007154326,1.235684721234663,0.0,0.0,0.0,5487.21,3681.0,1000000000000.0,0.0,8255.24,13906.96,0.0,0.0,5710.04,0.0
115,Steel,3,4,1.3600155919790269,0.132491119146347,0.0097271678681185,0.2419564859033144,0.079621957540512,0.3478955541636959,0.3225092089889509,0.1164062458276748,0.7251433947506829,0.4415092496326723,0.0821346747875213,1.0175625491091718,0.0,0.0,0.0,0.0,0.0,0.0,0.0,0.0,0.0,52590195.616109535,635.6951834869932,0.1909955444916884,50274870.46634203,902.1499201189688,0.8090486001249794,53873450.94503016,601.9384873309538,0.90075425691602,51346811.07149869,1036.189068780978,1.203114035517482,7299.62,3681.0,1000000000000.0,0.0,8809.25,19537.75,0.0,0.0,7237.2,0.0
116,Steel,2,4,1.2481032252311706,0.0863541086316108,0.0225000588779531,0.2822662569014567,0.063641260266304,0.242215274758451,0.2459675165213096,0.1370261716842651,0.9904949532893972,0.0,0.0,0.0,0.0,0.0,0.0,0.0,0.0,0.0,0.0,0.0,0.0,20714361.46361048,44.99999999999999,0.1248103237712203,23200051.58798618,701.9211414480336,0.186671902191352,23607550.47257341,501.1153324326765,0.3572814717562722,23312829.382425196,285.9120811610669,1.005388265111398,5599.94,3681.0,1000000000000.0,0.0,10335.3,19785.17,0.0,0.0,5469.61,0.0
118,Steel,4,4,1.079546543955803,0.1111992901563644,0.0264862070868244,0.2117797754810742,0.1425765198469162,0.2396111882809262,0.4277425955627714,0.0393743784725666,0.3935037944847613,0.4406379289501243,0.1276804798841476,0.578827291253325,0.225291854053313,0.0584992364048957,0.8425671140930934,0.0,0.0,0.0,0.0,0.0,0.0,16339475.748605968,582.7215369704766,0.1246351996065371,16173843.530972157,855.889144219522,0.4335774311288405,17096844.43667707,1099.9999999999995,0.5177453013712874,20205432.65509916,532.6155019053225,0.9465882179223944,4368.81,3681.0,1000000000000.0,0.0,7014.26,19714.06,0.0,0.0,4294.01,0.0
119,Steel,3,3,1.45432865023613,0.0419185349047184,0.0149628975347875,0.3440791354273361,0.085415968298912,0.3937612012144326,0.2175309113089877,0.0896725708246231,0.7889781568781371,0.2456444907780578,0.0524719539284706,1.1492724235120877,0.0,0.0,0.0,0.0,0.0,0.0,0.0,0.0,0.0,29076732.341738045,731.6740234047337,0.1756973414502042,26732281.862664018,408.3683848616797,0.4974241263565204,27402386.25219647,281.26398846175846,1.1807733983064792,0.0,0.0,0.0,4733.95,3681.0,1000000000000.0,0.0,6912.89,9429.73,0.0,0.0,4386.27,0.0
120,Steel,3,2,1.1472510740160944,0.0941778761148452,0.0246221867515069,0.193195370026308,0.1076369726657867,0.2965314782568221,0.4194204380875548,0.0788027790188789,0.4434247133903397,0.172101149684748,0.0654115605354309,0.7990773916863987,0.0,0.0,0.0,0.0,0.0,0.0,0.0,0.0,0.0,34057004.30679813,110.04753296914976,0.1348075430991291,40911040.66495154,1099.9999999999995,0.8360934787543108,0.0,0.0,0.0,0.0,0.0,0.0,5332.71,3681.0,1000000000000.0,0.0,9896.54,20239.37,0.0,0.0,5311.53,0.0
121,Steel,6,4,1.456482857465744,0.0896571171283722,0.0041133640977298,0.3067925262629956,0.1125453412532806,0.1977603486456551,0.3068915353258614,0.1398266333341598,0.3693582787229679,0.3092404281081993,0.0923811030387878,0.5392486423899682,0.2506857477271339,0.0631635162234306,0.6932880465333092,0.4163387520663028,0.1115593081712722,0.9165664904888328,0.4377484622999843,0.0718290200829506,1.1641786480816032,30583865.86310183,123.22943201958,0.1540097126465099,24456794.45782048,313.20392422276166,0.6125651179395453,27494414.964995086,361.8086371315744,0.6832043665878594,29774893.427982494,330.2314104868605,1.282962152754782,4263.87,3681.0,1000000000000.0,0.0,5084.35,10708.21,0.0,0.0,4255.61,0.0
122,Steel,4,3,1.1319866478443146,0.0827189571261406,0.0203272765037583,0.2691326684483088,0.0505957554280757,0.235773218351056,0.2889468184527065,0.0266040788590908,0.2905568289735961,0.3311831498446517,0.0926156765222549,0.5354254120322506,0.3274454120989772,0.0781386771798133,0.8807976642496974,0.0,0.0,0.0,0.0,0.0,0.0,10227986.569231115,174.02797002891012,0.1370616704453425,14593124.848046022,280.8536543721522,0.3905290411160292,12053086.010945393,215.6948495862659,0.9209921165424084,0.0,0.0,0.0,3829.83,3681.0,1000000000000.0,0.0,5500.55,14293.62,0.0,0.0,3784.22,0.0
123,Steel,4,4,1.3820378839969636,0.1062731376886367,0.0226408686914846,0.5933032634746451,0.0921947103738784,0.2098821202759639,0.2281163039775912,0.15,0.5595049481853782,0.5590421022502005,0.0922531348466873,0.7047613796845158,0.4765723031572946,0.0212348681129515,1.1190278182600812,0.0,0.0,0.0,0.0,0.0,0.0,39923185.63461386,317.7272321284061,0.1482225361833432,35506176.39611623,455.6393512777594,0.3457903769343228,43688121.82186698,372.6590871019072,0.5451460685535928,43580750.542474605,463.7172619748596,1.1792867900319992,4982.63,3681.0,1000000000000.0,0.0,6330.35,11653.17,0.0,0.0,4931.0,0.0
124,Steel,2,4,1.4778363704681396,0.0611131401062011,0.0427371243642246,0.4372625240807374,0.0494399116933345,0.7452990943416015,0.3237817671737905,0.0762922662496566,1.1959544005419618,0.0,0.0,0.0,0.0,0.0,0.0,0.0,0.0,0.0,0.0,0.0,0.0,64849882.50394256,682.4976705930845,0.2319467215003783,63440577.92563585,406.53202940944624,0.755542728655669,67833656.57659589,188.19839531022689,0.9667298849706982,66434184.77394932,323.60795053718863,1.3040960443909666,10289.85,3681.0,1000000000000.0,0.0,12043.75,23649.41,0.0,0.0,10942.98,0.0
125,Steel,2,2,0.990138067305088,0.0592392839193344,0.0139759853516696,0.3308699319574648,0.1119855433702469,0.5735533741318345,0.1856911622537733,0.0727754694223404,0.8911142605745794,0.0,0.0,0.0,0.0,0.0,0.0,0.0,0.0,0.0,0.0,0.0,0.0,10081251.729324244,242.5406592213766,0.3628031681456579,11212880.857990287,524.302740460105,0.8811132605745794,0.0,0.0,0.0,0.0,0.0,0.0,3725.85,3681.0,1000000000000.0,0.0,6297.63,10295.17,0.0,0.0,3738.49,0.0
126,Steel,2,2,1.042523257434368,0.0758739249706268,0.0153176510119069,0.2281155928884087,0.1120666247606277,0.3830403256835056,0.3785619911164326,0.1133083152770996,0.7902338049372981,0.0,0.0,0.0,0.0,0.0,0.0,0.0,0.0,0.0,0.0,0.0,0.0,154366976.93531397,518.0029481060403,0.2076420431426905,160950241.06864876,368.8353694906608,0.8191854807539587,0.0,0.0,0.0,0.0,0.0,0.0,9764.91,3681.0,1000000000000.0,0.0,15747.7,26018.16,0.0,0.0,10169.78,0.0
127,Steel,2,3,1.4440819412469863,0.0701208068728447,0.0197495243991822,0.2611626267261454,0.0531848913431167,0.5699467729836095,0.387559450318049,0.0821392503380775,0.985962550681472,0.0,0.0,0.0,0.0,0.0,0.0,0.0,0.0,0.0,0.0,0.0,0.0,17732932.30195263,491.1980679882101,0.2658380492074247,22253056.84291997,237.281392042554,0.819503501480197,21690200.744970843,357.3309761292014,1.243116543869795,0.0,0.0,0.0,5466.93,3681.0,1000000000000.0,0.0,8590.06,12271.36,0.0,0.0,5521.9,0.0
128,Steel,1,3,1.5442639350891114,0.1002557144165039,0.0218332292676319,0.3881631932760226,0.1368884092569351,0.9272242464072136,0.0,0.0,0.0,0.0,0.0,0.0,0.0,0.0,0.0,0.0,0.0,0.0,0.0,0.0,0.0,36513902.59150891,381.1990471766457,0.1573599996654417,43119138.17618546,524.5599214082147,0.201396650605702,36567149.67866256,722.596690117862,1.1975095518165704,0.0,0.0,0.0,4387.16,3681.0,1000000000000.0,0.0,9739.58,17264.06,0.0,0.0,4326.25,0.0
129,Steel,4,4,0.7476281002163887,0.0922464995384216,0.0068632308968141,0.3601767084006084,0.02,0.1162265331094571,0.3163110406711691,0.0458165076375007,0.1836917675835387,0.406092573299948,0.0485399016737937,0.3216762778979861,0.2545452492940834,0.1240716063976287,0.4782881551505262,0.0,0.0,0.0,0.0,0.0,0.0,16987607.424734987,361.5227514809336,0.0747628107692669,16809256.650163755,429.57857747424106,0.1634124200123506,17495613.22232489,1099.9999999999995,0.2925419970588185,19810286.56703902,780.527013084237,0.6326302104653345,5785.96,3681.0,1000000000000.0,0.0,9738.97,40256.61,0.0,0.0,5760.88,0.0
130,Steel,6,4,1.504815235733986,0.0715378727912902,0.0360777773450957,0.1744795063529995,0.0450634324550628,0.1504915235733986,0.2045489377234439,0.0726897272467613,0.3049813532630687,0.2568655219632574,0.0780336332321167,0.389352470741714,0.2783528089174961,0.068103991150856,0.7312455195365248,0.1954823042397666,0.1034984356164932,0.9904942414240894,0.2528760125927808,0.1212463182210922,1.2916825738504425,13122951.106622256,271.020844500339,0.1647156915719393,10724223.488415718,1099.9999999999995,0.7940862579649255,12553740.389990622,721.2597812675377,1.0900382187755469,9104895.622235112,299.15799083958086,1.3543337106557722,4024.53,3681.0,1000000000000.0,0.0,4988.37,8257.56,0.0,0.0,4161.84,0.0
131,Steel,5,3,0.8097652792930603,0.0812996567487716,0.0276714514882405,0.5394539395201424,0.1120508950948715,0.1330387190796441,0.1832181721453562,0.1157282197475433,0.2756718995498343,0.3776865634071718,0.0745684188604354,0.382323334084705,0.400309489007578,0.0905843257904052,0.5239508085708431,0.1920621547750025,0.0767090094089508,0.6675128915507117,0.0,0.0,0.0,26356448.868216917,572.6637504721701,0.0860723696325963,32172477.94673595,916.5215041850116,0.3686637282055517,27337516.771384258,215.93857354116287,0.693027361714935,0.0,0.0,0.0,3847.12,3681.0,1000000000000.0,0.0,6606.41,26724.31,0.0,0.0,3901.06,0.0
133,Steel,6,2,0.7540073588490487,0.0766498577594757,0.0172688766609121,0.3831807491329728,0.1247624796628952,0.1170887658178,0.3047849944643722,0.0850334972143173,0.2353340280367355,0.1767841310776874,0.1093613934516906,0.3483258407074389,0.1946795934809452,0.0543197402358055,0.4450061656304609,0.2114320009127625,0.0631674563884735,0.5237715776472166,0.309630297794175,0.0820243889093399,0.6341597685652182,37521983.81410428,284.6628857772115,0.1273355844891797,28439657.217255533,361.2434235017009,0.6786066222101365,0.0,0.0,0.0,0.0,0.0,0.0,4197.41,3681.0,1000000000000.0,0.0,6553.48,26309.06,0.0,0.0,4289.24,0.0
134,Steel,5,2,1.2618568062782287,0.0717185888886451,0.0573748711109161,0.1441718662499501,0.0827292755246162,0.3224650901235359,0.3761473696783142,0.067270663678646,0.5487518048749589,0.2568925831174234,0.02,0.7088872901861856,0.2562796059203811,0.0769838097691536,0.9263918475287546,0.2023208475645421,0.0772061985731124,1.060147738271728,0.0,0.0,0.0,35025602.29703128,1099.9999999999995,0.2548699539385757,32210334.48725768,513.5813633018264,1.0445829884961322,0.0,0.0,0.0,0.0,0.0,0.0,3914.52,3681.0,1000000000000.0,0.0,8631.8,15601.0,0.0,0.0,3876.89,0.0
135,Steel,1,4,1.368922758102417,0.0934136319160461,0.0205594462793253,0.3001071194690276,0.1338175213336944,0.6305249397585176,0.0,0.0,0.0,0.0,0.0,0.0,0.0,0.0,0.0,0.0,0.0,0.0,0.0,0.0,0.0,6322359.952950347,480.8763303110795,0.1368922771791644,7840542.637520561,303.08010509649137,0.391706219215105,5711351.823837516,633.7949815318019,0.7790147161582746,6982137.388349545,286.9291915415907,1.0906724864425892,3980.92,3681.0,1000000000000.0,0.0,5399.99,11680.14,0.0,0.0,3926.45,0.0
136,Steel,3,4,1.6229952692985534,0.0619992808103561,0.011895816197749,0.149171027030562,0.1076066756248474,0.6936978045261027,0.4782156416856445,0.1107538563013076,1.1700052404670689,0.2460110960710161,0.1003364396095276,1.3496494481704835,0.0,0.0,0.0,0.0,0.0,0.0,0.0,0.0,0.0,74780741.93437743,361.60885858648953,0.2263605368083648,85337371.77880672,610.2673376287402,0.5825794547305034,63047246.44363231,675.5314926536124,0.6057682858008493,83119333.32625592,314.9878001845532,1.3611505465613052,3830.27,3681.0,1000000000000.0,0.0,14427.75,17829.24,0.0,0.0,4099.9,0.0
137,Steel,2,3,1.3416904956102371,0.0766456554532051,0.0247944191035253,0.3217192131627627,0.1097691404819488,0.6439273827658178,0.3233287338291855,0.0783038929104805,1.03220105203201,0.0,0.0,0.0,0.0,0.0,0.0,0.0,0.0,0.0,0.0,0.0,0.0,15690193.69657417,354.4759820910401,0.2177151122216902,13745570.177623471,507.39550704585486,0.5806414453011592,20736985.743841875,417.7105136713747,1.160881863199862,0.0,0.0,0.0,4472.54,3681.0,1000000000000.0,0.0,7863.11,11721.45,0.0,0.0,4486.13,0.0
138,Steel,3,3,1.6699965953826903,0.0990801858901977,0.0442105771718174,0.2891348163114949,0.0268253436312079,0.4517349295150368,0.2168788627248739,0.0862050396203994,0.8884138843141711,0.3905732777113325,0.0989144080877304,1.4082056825573788,0.0,0.0,0.0,0.0,0.0,0.0,0.0,0.0,0.0,36577831.07276548,667.2706765447012,0.2389541676952846,39219211.07976604,293.1881566364722,1.2915971454855542,50374682.701674655,247.77502621223667,1.502996934174425,0.0,0.0,0.0,5911.76,3681.0,1000000000000.0,0.0,8639.97,12944.66,0.0,0.0,5940.94,0.0
139,Steel,3,3,1.00714815557003,0.0814331614375114,0.0282126816554634,0.4935826993031717,0.1011567145586013,0.2207157178539454,0.3332143169263827,0.0699065643548965,0.590982302071448,0.1575123738451993,0.1008403158187866,0.8081052694905043,0.0,0.0,0.0,0.0,0.0,0.0,0.0,0.0,0.0,37426907.55058432,817.0277931338347,0.1257918931682576,32354502.674702216,287.0451066203136,0.6751064001126525,41664550.8202432,821.6874968648647,0.8857527953224986,0.0,0.0,0.0,4865.74,3681.0,1000000000000.0,0.0,11319.2,24143.05,0.0,0.0,4785.57,0.0
140,Steel,6,2,1.008722846210003,0.0925910801887512,0.0127373020903849,0.3389121807205477,0.1082728850841522,0.1449929353568664,0.2336993467703925,0.1010707825422287,0.3246637469379714,0.230873215312678,0.0360307677835226,0.4708757581107224,0.3718324005938992,0.1481716781854629,0.5787430781611932,0.2938468078955759,0.0654920569062233,0.725247167065809,0.2121546125822644,0.0486219225823879,0.8049791732162395,45926109.26180579,334.07645250136983,0.1582495370673932,48145665.18286359,1099.9999999999995,0.8355053131789176,0.0,0.0,0.0,0.0,0.0,0.0,4333.18,3681.0,1000000000000.0,0.0,7272.02,18461.08,0.0,0.0,4422.64,0.0
141,Steel,3,2,0.71428232640028,0.1415150407552719,0.0148506422232788,0.2948163147305416,0.1021591591835022,0.1547261740250508,0.3181457593874593,0.1009851682186126,0.3502943818071675,0.3948764207081647,0.15,0.5421533678498569,0.0,0.0,0.0,0.0,0.0,0.0,0.0,0.0,0.0,30334018.44527474,366.1254066234528,0.0870531436996013,35765899.83709333,665.9508618752604,0.6393134816491013,0.0,0.0,0.0,0.0,0.0,0.0,4114.55,3681.0,1000000000000.0,0.0,7520.89,69808.27,0.0,0.0,4113.9,0.0
142,Steel,2,4,1.2128984332084656,0.16,0.0540820975945589,0.303586753557845,0.1000506168603897,0.4955675123686934,0.2035957907661102,0.088170194029808,0.6458632580924825,0.0,0.0,0.0,0.0,0.0,0.0,0.0,0.0,0.0,0.0,0.0,0.0,23730107.753737453,738.3038593691946,0.1800000298496101,20303670.244576097,496.9047303271059,0.622165561936909,32295430.659917563,606.397457347467,0.955733062786692,29818741.45206179,219.00901327506512,1.0916085886747209,5274.48,3681.0,1000000000000.0,0.0,8940.67,27536.47,0.0,0.0,5147.45,0.0
143,Steel,5,3,1.4508182495832445,0.0871631054878235,0.0227732751499821,0.27452504144692,0.0800668397545814,0.2335758598312376,0.224418730759481,0.0729088306427001,0.4694124851532445,0.3892064443918006,0.1114652788639068,0.673203831922639,0.2871905784369305,0.1398683053255081,0.9572214273057064,0.5048757167246761,0.1056415212154388,1.184054109031817,0.0,0.0,0.0,63714424.08221048,721.4910873698702,0.1840819824637766,64307868.652217865,1099.9999999999995,0.7777672435455134,61788060.52763657,247.67737580537863,1.268045642965257,0.0,0.0,0.0,5369.02,3681.0,1000000000000.0,0.0,7469.41,12271.53,0.0,0.0,5346.34,0.0
144,Steel,1,4,1.32368021607399,0.0474160169363021,0.0269110896423925,0.4270730925492773,0.0677214851975441,0.132378021607399,0.0,0.0,0.0,0.0,0.0,0.0,0.0,0.0,0.0,0.0,0.0,0.0,0.0,0.0,0.0,10820934.88104847,471.94665598767983,0.142379021607399,9097129.144989338,153.4821052617054,0.2008669308682671,8609255.19402897,630.4760482793758,0.6134847618257443,8119782.768565467,183.92108629606457,0.8622021269436921,4364.59,3681.0,1000000000000.0,0.0,5459.65,17186.97,0.0,0.0,4540.49,0.0
145,Steel,4,2,0.98015473484993,0.0687206390500068,0.0278589593977958,0.2693405148937264,0.1178750789165496,0.2490731339149855,0.3965886669334511,0.0423968105018138,0.4609651808340325,0.3676290006250478,0.068443294763565,0.5790314567107733,0.2977136134793138,0.0748207792639732,0.8109175348811579,0.0,0.0,0.0,0.0,0.0,0.0,128529842.67060864,336.6574486726291,0.1285626933673103,103964204.35390532,541.9519481981193,0.7668910932030752,0.0,0.0,0.0,0.0,0.0,0.0,5592.96,3681.0,1000000000000.0,0.0,12034.02,18943.84,0.0,0.0,5517.92,0.0
146,Steel,3,3,1.1264448791742323,0.1124266936779022,0.0033154317815101,0.3857925244997314,0.0895062935352325,0.4623453136185753,0.2489721540110692,0.0554774513840675,0.6948901061524746,0.2426358114464129,0.0806405618786811,0.905602262671048,0.0,0.0,0.0,0.0,0.0,0.0,0.0,0.0,0.0,21071721.27940065,491.647473208293,0.1778646803950367,24912965.09047126,242.92463583102992,0.4460907249568551,24034071.45938693,513.4043872043726,0.894790791592043,0.0,0.0,0.0,4989.61,3681.0,1000000000000.0,0.0,6944.82,20518.06,0.0,0.0,5072.37,0.0
147,Steel,2,2,0.8370625451207161,0.0500382814407348,0.0234738970289634,0.2870300645654174,0.1128780198097229,0.171514220592736,0.3794597207359323,0.0819041383266449,0.4623085173671113,0.0,0.0,0.0,0.0,0.0,0.0,0.0,0.0,0.0,0.0,0.0,0.0,49553763.06981493,263.57672470165045,0.1372653759132516,44474784.14679583,690.2298023387269,0.7307753493991651,0.0,0.0,0.0,0.0,0.0,0.0,3728.87,3681.0,1000000000000.0,0.0,9989.15,43098.22,0.0,0.0,3806.96,0.0
148,Steel,2,2,1.0513268813490868,0.027162705630064,0.0104910474376692,0.3049029768672503,0.1065454268455505,0.1144198927677919,0.0983123523354392,0.0535274377465248,0.4170050391106826,0.0,0.0,0.0,0.0,0.0,0.0,0.0,0.0,0.0,0.0,0.0,0.0,175769151.84991512,801.700878825629,0.1538647369446215,126680735.28085276,349.0606139687031,0.8085969752904373,0.0,0.0,0.0,0.0,0.0,0.0,4874.17,3681.0,1000000000000.0,0.0,10025.77,14204.48,0.0,0.0,5363.02,0.0
149,Steel,4,4,0.9961981534957888,0.12142336165905,0.0034042937279552,0.3222530015213706,0.0867023682594299,0.2386247937744089,0.1341443454653927,0.02,0.3647740263238659,0.2768131945482101,0.0858705633878707,0.6462316693587155,0.2842444826991099,0.0732237765192985,0.8867809880869576,0.0,0.0,0.0,0.0,0.0,0.0,14256915.897070454,511.59372404301206,0.15482958329159,18501191.152798723,322.9583393556326,0.7854775479848639,11045265.738996023,971.4278996524044,0.8757212686073589,15291519.498768248,530.2334621100613,0.8767799880869576,3899.4,3681.0,1000000000000.0,0.0,6301.58,28740.99,0.0,0.0,3883.16,0.0
150,Steel,2,2,1.0224574610590935,0.0973202278614044,0.0036608656395517,0.3061768425437259,0.0967027086019516,0.4004482879060236,0.1912495064604945,0.1336454170942306,0.6946277327952431,0.0,0.0,0.0,0.0,0.0,0.0,0.0,0.0,0.0,0.0,0.0,0.0,16384593.531076072,335.88685442730167,0.1725298614891441,19601377.64947069,259.88462804744154,0.8691848611309125,0.0,0.0,0.0,0.0,0.0,0.0,4501.91,3681.0,1000000000000.0,0.0,7795.65,22547.66,0.0,0.0,4467.34,0.0
151,Steel,1,4,1.8616091161966324,0.051344206303358,0.0102774736438,0.2292961317667816,0.0978850835561752,0.9235274191095448,0.0,0.0,0.0,0.0,0.0,0.0,0.0,0.0,0.0,0.0,0.0,0.0,0.0,0.0,0.0,35724581.06983722,307.4023226160041,0.2869655800591842,28548872.171344675,537.0277108022976,1.0219020068989129,36138210.09722871,212.851357037516,1.1016707473636176,35048485.36451555,371.47096784046073,1.5888987760118756,7073.54,3681.0,1000000000000.0,0.0,12204.68,13973.16,0.0,0.0,7188.02,0.0
152,Steel,5,4,1.4466466784477234,0.1021719068288803,0.0218011523093216,0.3237744101536014,0.0582094192504882,0.3733449272043473,0.2304302733758904,0.0708171066641807,0.4944882417412853,0.2355909726352413,0.0985213756561279,0.7434019297720729,0.2185092590105752,0.064174236357212,0.931408827610062,0.2693743792906569,0.0774475637078285,1.1111342301185272,0.0,0.0,0.0,12540588.68132899,776.6900362415721,0.1545534301893165,12760032.397852857,325.30682952707485,0.356334297941704,10361148.9923055,347.87196928805724,0.756314165198254,16229359.14827717,836.0297258933047,1.265642069781323,4212.33,3681.0,1000000000000.0,0.0,5824.08,13004.21,0.0,0.0,4224.5,0.0
153,Steel,2,3,0.7228512987494469,0.0650939810276031,0.0175222874723743,0.3267361064590448,0.0819673824310302,0.5012994842145592,0.1552519159554543,0.1200700104236602,0.6438229873424727,0.0,0.0,0.0,0.0,0.0,0.0,0.0,0.0,0.0,0.0,0.0,0.0,10039700.088299591,358.9434430696649,0.1572357424996489,6651547.438764114,686.850979215917,0.3800968760176392,6761758.211828583,399.6280972682104,0.6170340128439602,0.0,0.0,0.0,3773.53,3681.0,1000000000000.0,0.0,10503.66,23575.94,0.0,0.0,3688.12,0.0
154,Steel,5,3,1.2624747514724732,0.0720786457061767,0.0142033704984808,0.4425231100363189,0.0561253780126571,0.3666405525766927,0.2203336917788649,0.0699105083942413,0.4529936473752964,0.3102691157979687,0.0923614990711212,0.6179589237530545,0.2924856714439536,0.0491960786283016,0.8474556994292374,0.3128952199710941,0.0211877105943858,1.010233575410258,0.0,0.0,0.0,20137919.172929365,563.760630315295,0.191094478972985,30772566.00166224,372.37668841073526,0.5741235707734003,22586704.296895776,785.3954631925732,1.1087088357254018,0.0,0.0,0.0,4870.95,3681.0,1000000000000.0,0.0,7860.87,14541.02,0.0,0.0,4982.06,0.0
155,Steel,5,2,1.5766403377056122,0.1107124066352844,0.0145773271585365,0.1762878289938117,0.0790548256039619,0.1718302122769192,0.2827311737546714,0.1002479118108749,0.5822233319678751,0.1820356258131993,0.1018777221441269,0.880207349690727,0.2133652366940216,0.0610054564476013,1.2529770927206962,0.4545185751666671,0.0759955993294715,1.344724728116636,0.0,0.0,0.0,69855394.814442,508.1374052114581,0.2182841416266972,65229820.55258793,511.72464175682194,1.3329739552376012,0.0,0.0,0.0,0.0,0.0,0.0,5152.09,3681.0,1000000000000.0,0.0,7478.59,12581.12,0.0,0.0,5144.71,0.0
156,Steel,2,2,1.034399163722992,0.102612941622734,0.0109154808456484,0.2735424805262387,0.1109695076942444,0.1079048908519964,0.2712571259654989,0.0787336227297783,0.4609239504728815,0.0,0.0,0.0,0.0,0.0,0.0,0.0,0.0,0.0,0.0,0.0,0.0,48913222.55132459,469.00528320523415,0.1711303332211027,47776752.53789762,164.73632083342648,0.8214113793093576,0.0,0.0,0.0,0.0,0.0,0.0,6553.82,3681.0,1000000000000.0,0.0,10197.02,19783.62,0.0,0.0,6600.57,0.0
157,Steel,6,3,1.6131739765405655,0.0832752908468246,0.0139443452916564,0.1712450345740289,0.1181411659717559,0.3621797398366287,0.5077441662579355,0.0802667382359504,0.665897651231077,0.4112191580462274,0.1064139097929001,0.8214306870074519,0.2225759021583288,0.0985159128904342,0.9976896090663993,0.1409818014400689,0.0936797070503235,1.261818713868748,0.15479212628459,0.0649233791232109,1.3708924563750855,87109711.16234665,573.2098588273491,0.192913967096906,93961904.63163675,353.15927387668245,0.920416951830761,73362087.29187237,441.3030755071542,1.451856577273335,0.0,0.0,0.0,4546.72,3681.0,1000000000000.0,0.0,12865.4,17543.6,0.0,0.0,4872.35,0.0
158,Steel,5,3,1.2255663096904756,0.1475028997659683,0.0146810186218144,0.1983188649578375,0.0390886196494102,0.262682822251114,0.2369898130532939,0.1099780195951461,0.5007102510997581,0.2360004327381906,0.0211288617644459,0.7309554215012305,0.2678725955989569,0.0745774847269058,1.0366238442964044,0.1964722718886131,0.0349870143830776,1.0946000071130777,0.0,0.0,0.0,14453105.79628119,349.7196834727985,0.1557544494382373,14495331.812314592,624.8651997537872,0.5799602391823973,15209003.142079424,590.5524418437659,1.0196693160453332,0.0,0.0,0.0,3758.94,3681.0,1000000000000.0,0.0,4515.85,25070.68,0.0,0.0,3690.79,0.0
159,Steel,5,4,1.2402873873710631,0.1009122729301452,0.0203433705892479,0.2465915277145704,0.085696769952774,0.1240387387371063,0.2541696077534504,0.0528584310412406,0.2345913747191041,0.2683082343804805,0.1072167581319809,0.5892093595850616,0.2585890137628502,0.0432870553433895,0.7070804424303202,0.1793139300499814,0.0715648701786995,0.9171990659722016,0.0,0.0,0.0,26486989.47380884,233.1461515203004,0.1437042759406853,20324252.85264129,379.2738831459721,0.4425337281828819,19463513.952021398,333.0953555833559,0.7687637591210723,16158019.956304124,282.46516994714665,1.0224523239283885,5873.71,3681.0,1000000000000.0,0.0,6643.66,13667.21,0.0,0.0,5977.65,0.0
160,Steel,1,3,1.1394332513213157,0.1033150610923767,0.0210012049735816,0.1746779587215994,0.0770972764492035,0.8352350871112137,0.0,0.0,0.0,0.0,0.0,0.0,0.0,0.0,0.0,0.0,0.0,0.0,0.0,0.0,0.0,17686099.611394696,929.144907735482,0.2740458323868338,14732085.203863673,244.1079337810365,0.6861683174709793,17074246.86250514,187.21403407501967,0.977976369334276,0.0,0.0,0.0,6599.3,3681.0,1000000000000.0,0.0,7377.99,23238.94,0.0,0.0,6611.72,0.0
161,Steel,4,3,0.6944953992962837,0.0805602201223373,0.0153637582268025,0.359194996549103,0.028634560778737,0.1157558462605809,0.2799425806707316,0.0676726379990577,0.3590471674801759,0.2888762319010485,0.0313088645040988,0.426749515717049,0.2226346119583979,0.0681738603115081,0.5529831941624946,0.0,0.0,0.0,0.0,0.0,0.0,26705930.040269025,374.615118187911,0.1036446159612477,22635236.937652268,651.2457577568981,0.2734852995895076,24845255.77303085,1099.9999999999995,0.6011971520686955,0.0,0.0,0.0,7220.07,3681.0,1000000000000.0,0.0,10589.17,35400.76,0.0,0.0,7211.45,0.0
162,Steel,4,2,1.224913078546524,0.092683327794075,0.0109692640767608,0.4160277878513624,0.0415042120218277,0.1225013078546524,0.437933960702108,0.0755813357234001,0.2215522385149905,0.2303466135453201,0.103054409623146,0.4784640983339739,0.3421583810739677,0.0689865028858184,0.8521310734149725,0.0,0.0,0.0,0.0,0.0,0.0,212061994.36971256,360.4273338678653,0.1573275896559913,180420126.4697033,87.51177306381055,0.9927251841803338,0.0,0.0,0.0,0.0,0.0,0.0,8023.08,3681.0,1000000000000.0,0.0,13824.7,21369.09,0.0,0.0,8100.45,0.0
163,Steel,1,2,1.054520204663277,0.0914414595365524,0.0336989598818541,0.3038783947786279,0.0720469069480896,0.949058184196949,0.0,0.0,0.0,0.0,0.0,0.0,0.0,0.0,0.0,0.0,0.0,0.0,0.0,0.0,0.0,12304620.25788685,478.1179945879766,0.3802478457535416,11744576.55454372,522.8557307651713,0.915993273883389,0.0,0.0,0.0,0.0,0.0,0.0,4046.28,3681.0,1000000000000.0,0.0,5406.9,24177.04,0.0,0.0,4020.53,0.0
164,Steel,3,2,1.1214634403586388,0.1190952332019806,0.0129958285793933,0.3228170057602593,0.0581769719719886,0.2276648121103717,0.337514509863461,0.15,0.4236208858464241,0.2327879417104013,0.1050054538249969,0.8711956654311572,0.0,0.0,0.0,0.0,0.0,0.0,0.0,0.0,0.0,36373109.15566024,474.6903695214722,0.2025836860326492,43523954.136719,527.5605567507185,0.9100013402464197,0.0,0.0,0.0,0.0,0.0,0.0,4747.77,3681.0,1000000000000.0,0.0,7533.53,22773.69,0.0,0.0,4758.4,0.0
165,Steel,1,4,1.5136275708675384,0.1214538400173187,0.0088771549219288,0.1757382439875451,0.1160770773887634,0.5337755310824955,0.0,0.0,0.0,0.0,0.0,0.0,0.0,0.0,0.0,0.0,0.0,0.0,0.0,0.0,0.0,11026093.08776686,1054.2146793002423,0.1761941477717342,11691894.328161638,369.5678244540563,0.60217513362916,11076863.407136878,142.95801694137245,0.9627324323986708,9486743.263492292,728.0884378675812,1.1119394580822926,4013.29,3681.0,1000000000000.0,0.0,5074.3,14812.91,0.0,0.0,4170.7,0.0
166,Steel,6,4,1.2024005323648457,0.0949955695867538,0.0384467818895505,0.3176529789860821,0.1068527597188949,0.1746130857822805,0.4213007322521994,0.1093267649412155,0.3739499752427687,0.1947834730725453,0.1376509803533554,0.5014954456539271,0.1996336846161558,0.0642592540383339,0.6972435056243942,0.3558126282391717,0.0779671773314476,0.8185188899516025,0.3445369426577282,0.1274283868074417,1.0370004495665073,37644863.01393394,384.2369873689246,0.1250052340809167,39354438.62982327,366.81005744324,0.4620464743200377,47678371.29290546,218.80550733688747,0.7204510535248271,47466784.2738398,686.9047644392962,1.076873062928127,5596.84,3681.0,1000000000000.0,0.0,6624.82,15171.79,0.0,0.0,5691.48,0.0
167,Steel,6,2,1.493839541077614,0.1263565306663513,0.0197130035948651,0.2198895688363347,0.0968615084886551,0.2160515327987836,0.2821648858571142,0.15,0.3503648566461109,0.2715028874091693,0.133177672624588,0.5660952224696193,0.195487934009963,0.0979122191667556,0.7013092802470748,0.3130070174132621,0.0351352112740278,0.9797524595796356,0.2369963336710864,0.092872302532196,1.1961776193198184,52127566.3011479,628.3953117039757,0.2055388561980999,47473353.68623685,253.6519395227108,1.2237792112815002,0.0,0.0,0.0,0.0,0.0,0.0,4363.39,3681.0,1000000000000.0,0.0,6765.78,13853.7,0.0,0.0,4425.12,0.0
168,Steel,6,2,1.232479378581047,0.0911409163475036,0.0167704430060279,0.2644437500177982,0.0753747463226318,0.1232579378581047,0.2340514550066826,0.0819227737188339,0.3587256384901395,0.3547403036101882,0.0809534737467765,0.5378480284395591,0.1930129859821659,0.1352197241783142,0.6717334327803774,0.130801545748573,0.0788242736458778,0.8592145484245707,0.3484888447107054,0.0933534598350525,1.0335233030181534,55028509.78170114,538.9497486691853,0.1474407041866884,43083811.89903365,619.8562520460938,1.109231439490463,0.0,0.0,0.0,0.0,0.0,0.0,3971.06,3681.0,1000000000000.0,0.0,8161.1,12125.01,0.0,0.0,3988.7,0.0
169,Steel,2,4,1.2292295426130295,0.1214291170835495,0.0158537157351345,0.4099841102718772,0.125745940208435,0.7050672338433804,0.4297144124460552,0.1135521018505096,0.9261371745381056,0.0,0.0,0.0,0.0,0.0,0.0,0.0,0.0,0.0,0.0,0.0,0.0,62119855.1015148,250.12664689883027,0.333639979052012,55868399.354869165,311.02747551969475,0.7971905825987825,78910732.50199468,512.5691485501635,0.9745490175092524,60696010.44934144,233.6394137965998,1.1063065871224969,7318.97,3681.0,1000000000000.0,0.0,10235.9,22014.39,0.0,0.0,7423.76,0.0
170,Steel,6,4,1.8866232156753544,0.1187489428520202,0.0188907850126814,0.2782696315906359,0.0966758906841278,0.3101075340420469,0.2741216136265455,0.0998645031452179,0.453669737503487,0.3642864261978398,0.0910707134008407,0.6957843976754872,0.3601261382731491,0.0728140264749527,1.0103223817998483,0.156225216555574,0.099817236661911,1.2358954759743166,0.3745336936261693,0.0514430013298988,1.5801345085540943,98596405.54650392,146.53873492688484,0.2030935132858008,107127074.95037882,299.0927948421185,0.7260336407750367,76948605.48728631,283.2161377970249,1.3239526812666715,107788141.5374468,491.74386795958304,1.6758919735716855,7677.42,3681.0,1000000000000.0,0.0,11164.29,13654.39,0.0,0.0,7804.2,0.0
171,Steel,2,2,1.0215367183089257,0.0896131981611251,0.0160636305358794,0.1960955033179235,0.0689463728666305,0.4595576992918474,0.3400477368062317,0.15,0.7906454621992999,0.0,0.0,0.0,0.0,0.0,0.0,0.0,0.0,0.0,0.0,0.0,0.0,39101015.62161029,491.4349843958129,0.1685234327721914,23098562.39950147,842.0287951869658,0.7767742235716115,0.0,0.0,0.0,0.0,0.0,0.0,3898.11,3681.0,1000000000000.0,0.0,11919.38,24708.9,0.0,0.0,3871.08,0.0
172,Steel,3,2,1.4206243932247162,0.1285166430473327,0.0160169090132088,0.2353717923572538,0.1223185390233993,0.6629558983258743,0.4190061433411118,0.1086367052793502,0.9931719393478684,0.2051107057007378,0.118604524731636,1.1751548379668275,0.0,0.0,0.0,0.0,0.0,0.0,0.0,0.0,0.0,27770997.542050365,437.7917595104097,0.2368067729658274,34030672.690461285,593.8818053973423,1.27856195248162,0.0,0.0,0.0,0.0,0.0,0.0,3741.62,3681.0,1000000000000.0,0.0,6820.43,16493.22,0.0,0.0,3757.81,0.0
173,Steel,4,2,1.3561259776353836,0.1021152243614196,0.0098255741871806,0.4819401884306579,0.1058371424674987,0.2016792085970157,0.3662299354861524,0.0688879716396331,0.3150506598433502,0.2697627629164238,0.0451071152091026,0.7692543475065381,0.3191466077417491,0.1050468081235885,1.0194550246251106,0.0,0.0,0.0,0.0,0.0,0.0,84982647.20223096,521.0560081719178,0.135689617922315,100830979.76453637,534.242990447326,1.0944772511437462,0.0,0.0,0.0,0.0,0.0,0.0,5422.74,3681.0,1000000000000.0,0.0,9041.16,18059.34,0.0,0.0,5304.58,0.0
174,Steel,6,3,0.7031761012971401,0.0649132226109504,0.0315728412991366,0.3688195408790489,0.0528698834776878,0.1330355308924071,0.3449369896908398,0.0761578977108001,0.2367930798929397,0.4120326898777025,0.0390464749932289,0.297667266242675,0.2350482553839642,0.0593128901720046,0.3552686249922858,0.3887028482325754,0.0667790806293487,0.4335976809006617,0.4320571011674259,0.1238369166851043,0.591565652676223,42211162.19607808,509.2642693985956,0.0875264909929426,43605524.1199917,564.4429759091433,0.2818769897929084,46590966.10246197,567.1631216597506,0.6074394247044748,0.0,0.0,0.0,4783.47,3681.0,1000000000000.0,0.0,8227.77,23294.19,0.0,0.0,5036.66,0.0
175,Steel,6,4,1.3142576545476914,0.1137000474929809,0.0339210970266201,0.2438158364761979,0.0936385232210159,0.1872308057490447,0.3586934021786872,0.0721911704540252,0.4621975440607218,0.2419520770501425,0.0297718282043933,0.6358171560342833,0.3107268201117569,0.1139983284473419,0.8628687168196548,0.3387883467433755,0.1066059976816177,1.006174911592028,0.1862410265647813,0.0876431107521057,1.132687306982057,16565506.906431297,1095.7499278877465,0.1413253494649138,18507975.384725336,422.740561568566,0.665945066454824,18765929.36381912,351.81742658829563,0.7785877958673584,17197060.388723,536.2535419264392,1.1648798030506309,4252.41,3681.0,1000000000000.0,0.0,4847.36,15703.56,0.0,0.0,4187.72,0.0
176,Steel,1,2,1.5409749537706376,0.0991266016960144,0.0117812808338486,0.3772572975670562,0.0691160750389099,0.7755049371167769,0.0,0.0,0.0,0.0,0.0,0.0,0.0,0.0,0.0,0.0,0.0,0.0,0.0,0.0,0.0,20279899.004370183,704.8602515436256,0.3911581744078848,21459763.447796386,526.6305443249582,1.2549577988960476,0.0,0.0,0.0,0.0,0.0,0.0,4575.2,3681.0,1000000000000.0,0.0,6192.68,9912.44,0.0,0.0,4597.17,0.0
177,Steel,2,3,1.0718052476644515,0.0852963208556175,0.0144398132433038,0.2327398469045341,0.0954703164100647,0.4822700979099059,0.3654418319569542,0.0541627767682075,0.9017641714622896,0.0,0.0,0.0,0.0,0.0,0.0,0.0,0.0,0.0,0.0,0.0,0.0,11665952.289456766,1099.9999999999995,0.1718669691119009,9870696.961781591,655.3319268741922,0.5328442515622279,8560026.745745825,356.02285825230047,0.9217010005387885,0.0,0.0,0.0,3907.65,3681.0,1000000000000.0,0.0,6609.86,17310.94,0.0,0.0,3881.38,0.0
178,Steel,1,2,1.371552002429962,0.0489488705694675,0.0192401066498256,0.2843593085720584,0.02,0.6894537423125099,0.0,0.0,0.0,0.0,0.0,0.0,0.0,0.0,0.0,0.0,0.0,0.0,0.0,0.0,0.0,96854037.19079196,489.88302108999807,0.2764570175819568,91409415.9946668,554.830470245346,1.047089968694614,0.0,0.0,0.0,0.0,0.0,0.0,5351.92,3681.0,1000000000000.0,0.0,13114.69,17218.72,0.0,0.0,5426.31,0.0
179,Steel,3,2,1.2350308835506438,0.0644247478842735,0.0078493974089082,0.401622241175052,0.1046332883834838,0.2139850773631664,0.3665185237584683,0.0906254398822784,0.3896179316849864,0.2648375931039515,0.0431593079864978,1.005115910586604,0.0,0.0,0.0,0.0,0.0,0.0,0.0,0.0,0.0,40191893.9210874,476.34727931156544,0.1589447192856433,40712018.25231738,1099.9999999999995,0.9436178163490608,0.0,0.0,0.0,0.0,0.0,0.0,3891.19,3681.0,1000000000000.0,0.0,9770.87,13814.54,0.0,0.0,3824.81,0.0
180,Steel,1,4,1.235736271739006,0.0424637725055217,0.0056393298643079,0.2082807408021312,0.0968669557571411,0.1939513701512235,0.0,0.0,0.0,0.0,0.0,0.0,0.0,0.0,0.0,0.0,0.0,0.0,0.0,0.0,0.0,5248533.556493045,475.3983952932219,0.1609144386584522,5862891.851784192,302.23356512091704,0.5860685762730409,5945731.381508823,501.1305128259445,0.7363165519290702,5775944.704017102,476.7304147874877,0.9860679138091352,4440.08,3681.0,1000000000000.0,0.0,8960.28,15139.82,0.0,0.0,4400.41,0.0
181,Steel,6,3,1.4072378963232042,0.0639847329854965,0.010148649911511,0.4040415699103239,0.0738343548774719,0.2455466223275365,0.4175729615910635,0.0718164518475532,0.3952218109095134,0.3696340062885414,0.0654610973596572,0.4694186542368054,0.2701660744943497,0.039789120554924,0.7217927352404004,0.1757410360746309,0.1121151310205459,0.8377615366747014,0.3293481451195408,0.0597730952501297,1.154415534439755,65952693.93670787,418.4391682675894,0.1702305510585348,59963671.73385616,637.4963787408419,0.814292502341966,89154062.71724851,670.2371891942104,1.2665141052836455,0.0,0.0,0.0,4259.18,3681.0,1000000000000.0,0.0,10764.54,15107.08,0.0,0.0,4226.68,0.0
182,Steel,4,2,1.4962682068347932,0.1094114437103271,0.0441418080951029,0.2949115790958351,0.0813780778646469,0.449236987931898,0.2633368549705804,0.0991293776035309,0.7184136774649041,0.2138336283038436,0.1149246740341186,0.8300808181910655,0.2905660053223473,0.1004097646474838,1.134332182766252,0.0,0.0,0.0,0.0,0.0,0.0,49482692.30082781,401.5385953049431,0.231132348675175,55730503.92708053,387.6434403205198,1.3466413846550456,0.0,0.0,0.0,0.0,0.0,0.0,4257.16,3681.0,1000000000000.0,0.0,9755.67,15934.44,0.0,0.0,4296.68,0.0
183,Steel,1,3,1.1546947553753857,0.0687435295581817,0.0308901106210519,0.1725188512062857,0.0619978395104408,0.7468923675519763,0.0,0.0,0.0,0.0,0.0,0.0,0.0,0.0,0.0,0.0,0.0,0.0,0.0,0.0,0.0,8417297.509741696,611.9399376167044,0.4661514367053379,7051430.536452144,688.3576405719971,0.8323142449416266,6873242.55456966,348.1507745987456,0.977997028880554,0.0,0.0,0.0,4486.23,3681.0,1000000000000.0,0.0,8135.19,15563.57,0.0,0.0,4531.29,0.0
184,Steel,2,2,1.3705997228622435,0.1094121123552322,0.0122985741367491,0.3231015640480046,0.052824902832508,0.719573622096698,0.1654023881336339,0.0886048132181167,0.9470136754151456,0.0,0.0,0.0,0.0,0.0,0.0,0.0,0.0,0.0,0.0,0.0,0.0,58266733.16411767,769.1697277711907,0.3722845884901675,80557303.23746578,405.5750679698023,1.0813805980392988,0.0,0.0,0.0,0.0,0.0,0.0,8350.26,3681.0,1000000000000.0,0.0,9539.52,15079.52,0.0,0.0,8320.66,0.0
185,Steel,1,4,1.3244304835796357,0.0966952480077743,0.0199136174428529,0.2695200675706557,0.0627901265025139,0.2810300268429209,0.0,0.0,0.0,0.0,0.0,0.0,0.0,0.0,0.0,0.0,0.0,0.0,0.0,0.0,0.0,38484264.16339038,342.5302120330088,0.1664342828583828,32692598.326026544,422.696347021403,0.3614644979468726,35929200.26092069,81.9874690364545,0.7459098541570308,41781051.54560409,288.2177632265253,1.051429917425401,10524.22,3681.0,1000000000000.0,0.0,11653.66,19642.05,0.0,0.0,10525.11,0.0
186,Steel,3,2,1.0112045511603356,0.1024659159183502,0.0188422647302278,0.4518695457728698,0.0512679506838321,0.4152412694499586,0.3573911180520424,0.0994595223665237,0.7032928594910566,0.5539673454451739,0.0868491345643997,0.910074096044302,0.0,0.0,0.0,0.0,0.0,0.0,0.0,0.0,0.0,163483132.1794366,709.4756796942872,0.2273129578525115,148165730.13281164,405.9548749261402,0.8290584013971853,0.0,0.0,0.0,0.0,0.0,0.0,6696.24,3681.0,1000000000000.0,0.0,13833.91,24404.09,0.0,0.0,6814.61,0.0
187,Steel,6,3,0.5654657080769538,0.0721996323466301,0.0077918994950751,0.3467043451913211,0.002,0.1340705812114008,0.2289088286620428,0.002,0.1658406616242164,0.3642366211923006,0.002,0.1980261959159187,0.3329209459513955,0.002,0.274185779919834,0.3605933859780676,0.002,0.3511491596992966,0.1787164739194005,0.002,0.3954234480444013,42803840.08491955,279.6430223903154,0.0655344663411579,34132736.196261555,258.46146556505585,0.4125546210330113,30979636.056337565,269.22358052420634,0.5058690826654366,0.0,0.0,0.0,15184.65,3681.0,1000000000000.0,0.0,26240.62,67435.37,0.0,0.0,18439.54,0.0
188,Steel,2,3,1.229049915075302,0.0880412901639938,0.0357709267092996,0.2330832023563842,0.1060194438695907,0.49468714621792,0.3553607241988332,0.1102798509597778,0.9104988236821472,0.0,0.0,0.0,0.0,0.0,0.0,0.0,0.0,0.0,0.0,0.0,0.0,21590218.98929824,172.87791222358365,0.235854341499224,22676462.557958145,295.78797972950184,0.8065580838027759,21354166.900698364,534.4615658731492,1.106144922338722,0.0,0.0,0.0,5570.2,3681.0,1000000000000.0,0.0,8175.53,17647.32,0.0,0.0,5584.39,0.0
189,Steel,4,2,1.3860597103834154,0.095640236377716,0.0268873475222253,0.2181650721441756,0.0936175167560577,0.3650859384866055,0.193277938701669,0.1050123733282089,0.5865799800113,0.2277745483797587,0.081703240275383,0.7074516600469098,0.3621010922561654,0.0622314792871475,1.056331194786185,0.0,0.0,0.0,0.0,0.0,0.0,40451058.13941066,448.7032044684016,0.1767982114497878,65033949.18691718,386.94201948009874,1.247453737959014,0.0,0.0,0.0,0.0,0.0,0.0,4437.48,3681.0,1000000000000.0,0.0,10587.81,17582.18,0.0,0.0,4488.66,0.0
190,Steel,4,4,0.8403358682990074,0.16,0.0392212185174551,0.1680168,0.0711383754014969,0.1454452056518634,0.3328724283728833,0.070500231385231,0.3207425256484816,0.1680168,0.1247055661678314,0.5137074069997364,0.2071152958472727,0.0889114022254943,0.709895576712302,0.0,0.0,0.0,0.0,0.0,0.0,20797039.051897585,112.90331890833409,0.1041890681087796,21030124.43651029,218.08555226277616,0.36132082927293,22893250.495094296,672.7269809836254,0.4649535603052191,22507513.20027901,402.6256177383872,0.72843794538305,5783.26,3681.0,1000000000000.0,0.0,6430.7,53352.77,0.0,0.0,5887.94,0.0
191,Steel,5,4,1.6571205317974091,0.1228029199838638,0.0248819336545994,0.3672943941093561,0.0997824531793594,0.2386825873994242,0.2204401838222189,0.1166294288635254,0.3742514578936327,0.3782407730705204,0.0910943311452865,0.6644834388870631,0.4750652241661434,0.0388148808479309,1.0164328853343272,0.3980159658601304,0.0917961454391479,1.334360002242971,0.0,0.0,0.0,34735412.88502291,374.5333349808916,0.1790756595678704,39522013.609832205,399.5713028559255,0.8818496521509643,40006567.51957442,532.1038107588968,1.084187272663494,50155214.34056433,336.1080881648874,1.4686215710434702,4652.67,3681.0,1000000000000.0,0.0,6788.04,11933.61,0.0,0.0,4582.91,0.0
192,Steel,2,2,1.0425255730748175,0.0669074772000312,0.027085775871917,0.4139987578285583,0.0761509975790977,0.5041232236126929,0.2236238403695872,0.0752421987056732,0.8946000114911292,0.0,0.0,0.0,0.0,0.0,0.0,0.0,0.0,0.0,0.0,0.0,0.0,31085506.86130381,232.5427892408765,0.3457385581110609,31359925.352668617,359.6933948384548,0.9382730147248104,0.0,0.0,0.0,0.0,0.0,0.0,5331.18,3681.0,1000000000000.0,0.0,9896.99,13393.1,0.0,0.0,5383.32,0.0
193,Steel,4,2,0.9704039037227632,0.0686558651328086,0.0202288774172591,0.475404652375943,0.0861766874790191,0.1528403020713343,0.4014484364410377,0.0842383122444152,0.3477632480570923,0.413375977913798,0.0899692493677139,0.5771431217360288,0.2618570031511272,0.1311729228496551,0.735926952760281,0.0,0.0,0.0,0.0,0.0,0.0,91158696.1169792,739.1995752014525,0.1760626917181992,108198177.41375697,719.2315111084891,0.8733635123800829,0.0,0.0,0.0,0.0,0.0,0.0,4134.89,3681.0,1000000000000.0,0.0,8417.6,19931.17,0.0,0.0,4105.18,0.0
194,Steel,5,4,1.2813488751649855,0.0806489382982254,0.0231412753045846,0.2728774225010933,0.0997927820682525,0.2150963397204475,0.3195276042060543,0.0953076887130737,0.3187993416172923,0.3033934392301731,0.084040932059288,0.607679106977073,0.3879914528396534,0.0981592911481857,0.8123951596098672,0.1863138975359682,0.0972105056047439,1.0471020109948297,0.0,0.0,0.0,27608692.52367406,467.390206948672,0.1456755110981751,35497193.10281045,640.5739509866839,0.4840145106366041,31879991.104081776,316.1115973862441,0.6875446811797882,26696806.814290807,573.8194553366307,1.1451013285397331,5619.72,3681.0,1000000000000.0,0.0,6585.84,14488.1,0.0,0.0,5701.25,0.0
195,Steel,6,2,1.2517222404479982,0.0720897418260574,0.0112949855383201,0.3862375102294346,0.0848126000165939,0.1251822240447998,0.4542143392335174,0.0812254264950752,0.2795904539950088,0.2209560762745181,0.0870041531324386,0.4647979646902149,0.3268897050625477,0.069878611266613,0.6712524005484669,0.1789239508315661,0.1057069504261016,0.8592935818749301,0.4951404249600152,0.069139247238636,0.9966407740682114,106990198.04939196,383.2350213988263,0.1499960966676228,87794709.3684642,149.11949253922245,1.0700893905299589,0.0,0.0,0.0,0.0,0.0,0.0,3845.91,3681.0,1000000000000.0,0.0,7845.52,13161.26,0.0,0.0,3785.61,0.0
196,Steel,4,4,1.405537223815918,0.081060861647129,0.0227613408258012,0.4150207755953148,0.0261836202442646,0.2603403476266112,0.3741969104580506,0.1223667508363723,0.4652862111179343,0.3034471360512738,0.15,0.7758708326893241,0.1554454346186506,0.1315998166799545,1.0905728575632885,0.0,0.0,0.0,0.0,0.0,0.0,27911987.43778032,169.21090435115036,0.1589127981487817,29179097.76546024,708.4901671430133,0.4330247748452881,32230155.39017791,709.2164716962244,0.855978290204902,23998723.352413356,700.0286047293761,1.2187649181100473,5142.53,3681.0,1000000000000.0,0.0,8483.97,13359.45,0.0,0.0,5224.62,0.0
197,Steel,4,4,1.1347699925303458,0.0829669439792633,0.0232446594356249,0.2757087334372278,0.0728625327348709,0.2710001909029145,0.1735617490824986,0.1125369495153427,0.4575657196473315,0.268889682189843,0.0973909938335418,0.7298277262930691,0.1791012613992995,0.1200031554698944,0.9414864355036612,0.0,0.0,0.0,0.0,0.0,0.0,19567627.20323619,406.2251229288855,0.1390150949993119,19065899.171431314,1099.9999999999995,0.5578801607823556,20991580.646611005,159.71902706965392,0.6087612992678757,19242648.974991657,319.89399989366274,0.9653058287793084,6396.17,3681.0,1000000000000.0,0.0,7278.34,16933.8,0.0,0.0,6434.92,0.0
198,Steel,1,4,0.8450870111584664,0.0574637820124626,0.0181893891776142,0.2599887731594858,0.0753538754582405,0.5939199757502387,0.0,0.0,0.0,0.0,0.0,0.0,0.0,0.0,0.0,0.0,0.0,0.0,0.0,0.0,0.0,13409611.868626237,230.70759203361675,0.3069794247476265,14130057.079729248,154.6139560092587,0.6901319188169257,16206715.718198787,720.3112818180008,0.6046957998672194,17069504.21142348,107.57995715068547,0.7161993712793577,8604.98,3681.0,1000000000000.0,0.0,10739.27,33077.69,0.0,0.0,8595.22,0.0
199,Steel,6,3,1.291419154405594,0.0907787393331527,0.0154515730868751,0.3798341365714601,0.0692126420140266,0.2292416351492534,0.3623928222500133,0.0575361546874046,0.389154698767573,0.2800539275631814,0.1352380961179733,0.6617841079769117,0.2930300488754826,0.0494917672872543,0.8308808066546991,0.2368097937204483,0.027395523674786,0.9623228597006248,0.2783268574435453,0.0493852588534355,1.1622672389650346,24371836.05233096,331.39374521522416,0.1524424048814634,29638912.142132904,371.9552986287305,0.6833884168363943,29375730.423017345,475.614370661953,1.1259936929254,0.0,0.0,0.0,4571.01,3681.0,1000000000000.0,0.0,6514.89,11247.59,0.0,0.0,4583.94,0.0
